source_file,record_index,field,jp_text,english_reference,proposed_english,match_type,confidence,notes
assets/data/strings.bin.mid,0,line_0,ゾンビが死んだ！,Zombies Killed,Zombies Killed,index_aligned_verified,high,index-aligned offset +0 (verified pass 3)
assets/data/strings.bin.mid,1,line_1,ゾンビが負けた！,Your zombies lost!,Your zombies lost!,index_aligned_verified,high,index-aligned offset +0 (verified pass 3)
assets/data/strings.bin.mid,2,line_2,ゾンビが逃げた！,Your zombies ran away!,Your zombies ran away!,index_aligned_verified,high,index-aligned offset +0 (verified pass 3)
assets/data/strings.bin.mid,3,line_3,ゾンビが勝った！,Your zombies won!,Your zombies won!,index_aligned_verified,high,index-aligned offset +0 (verified pass 3)
assets/data/strings.bin.mid,4,line_4,詳細情報,FULL INFO,FULL INFO,index_aligned_verified,high,index-aligned offset +0 (verified pass 3)
assets/data/strings.bin.mid,5,line_5,情報,LESS INFO,LESS INFO,index_aligned_verified,high,index-aligned offset +0 (verified pass 3)
assets/data/strings.bin.mid,6,line_6,獲得,Earnings...,Earnings...,index_aligned_verified,high,index-aligned offset +0 (verified pass 3)
assets/data/strings.bin.mid,7,line_7,調理時間,Ready In,Ready In,index_aligned_verified,high,index-aligned offset +0 (verified pass 3)
assets/data/strings.bin.mid,8,line_8,調理数,Servings,Servings,index_aligned_verified,high,index-aligned offset +0 (verified pass 3)
assets/data/strings.bin.mid,9,line_9,値段,Serving Price,Serving Price,index_aligned_verified,high,index-aligned offset +0 (verified pass 3)
assets/data/strings.bin.mid,10,line_10,総売上,Total Earnings,Total Earnings,index_aligned_verified,high,index-aligned offset +0 (verified pass 3)
assets/data/strings.bin.mid,11,line_11,ゾンビカフェにようこそ。\早速料理をはじめてもらおうじゃないか。シェフをタップして次にコンロをタップだ。,"Grragh! Ahem - Welcome to Zombie Café! Use zombies to cook and serve food while you run your café. Touch your chef, then the stove to begin. ","Grragh! Ahem - Welcome to Zombie Café!\Use zombies to cook and serve food while you run your café. Touch your chef, then the stove to begin.",index_aligned_verified,medium,index-aligned offset +0 (verified pass 3); EN reference breaks placeholder contract (\ 1->0) — crafted EN required; proposed carried from TM
assets/data/strings.bin.mid,12,line_12,よし！料理完成だ！\シェフを選んで料理をタップだ。\完成した料理をお客に出すには、カウンターをタップするのだ。,"The food is ready! With your chef selected, touch the food to move it to the serving counter, then touch the serving counter to serve the dish.","The food is ready!\With your chef selected, touch the food to move it to the serving counter,\then touch the serving counter to serve the dish.",index_aligned_verified,medium,index-aligned offset +0 (verified pass 3); EN reference breaks placeholder contract (\ 2->0) — crafted EN required; proposed carried from TM
assets/data/strings.bin.mid,13,line_13,客もどうやらご満悦の様子だ。\客が金を払って出ていくぞ。\こうして満足させると店の評価も上がり人気店になるというわけだ。,"When customers leave happy, you get money.  With each happy customer your café's star rating increases and it gets more popular.","When customers leave happy, you get money.\With each happy customer your café's star rating increases\and it gets more popular.",index_aligned_verified,medium,index-aligned offset +0 (verified pass 3); EN reference breaks placeholder contract (\ 2->0) — crafted EN required; proposed carried from TM
assets/data/strings.bin.mid,14,line_14,ふむ、人手が足りないようだな。客を選んで「感染」をタップ。客をゾンビ化して調達するのだ、いいアイデアだろう？,Time to get some help: Touch the customer and touch the infect button to convert them to a zombie that can help serve and cook.,Time to get some help: Touch the customer and touch the infect button to convert them to a zombie that can help serve and cook.,index_aligned_verified,high,index-aligned offset +0 (verified pass 3)
assets/data/strings.bin.mid,15,line_15,満席だと客は帰ってしまう。\席が必要ならショップで購入だ。設置の時は移動用のスペースを空けておくのも大事だぞ。,"Uh oh, customers are leaving because there's no place to sit. Be sure to have clear paths to every table and chair, or get more from the store.","Uh oh, customers are leaving because there's no place to sit.\Be sure to have clear paths to every table and chair, or get more from the store.",index_aligned_verified,medium,index-aligned offset +0 (verified pass 3); EN reference breaks placeholder contract (\ 1->0) — crafted EN required; proposed carried from TM
assets/data/strings.bin.mid,16,line_16,ゾンビに給料を払う必要はないぞ。\さあ、テーブルとイスを増やしてもっと客を呼ぶのだ。左上のバッグをタップすると商品が選べる。,It worked! Zombies make good free labor. Now we just need more tables and chairs to serve more customers. Touch the shopping bag to open the store.,It worked! Zombies make good free labor.\Now we just need more tables and chairs to serve more customers. Touch the shopping bag to open the store.,index_aligned_verified,medium,index-aligned offset +0 (verified pass 3); EN reference breaks placeholder contract (\ 1->0) — crafted EN required; proposed carried from TM
assets/data/strings.bin.mid,17,line_17,客には座る場所が必要だ。\テーブルやイスはいつでも購入する事が出来るぞ。,"Customers always need a place to sit, so don't forget you can visit the store at any time for chairs, tables, and lots of other stuff.","Customers always need a place to sit,\so don't forget you can visit the store at any time for chairs, tables, and lots of other stuff.",index_aligned_verified,medium,index-aligned offset +0 (verified pass 3); EN reference breaks placeholder contract (\ 1->0) — crafted EN required; proposed carried from TM
assets/data/strings.bin.mid,18,line_18,さあ開店といこう！\料理を作ったり店に新しいアイテムを設置すると経験値が貯まっていくぞ。,It's time to open your café! (You can close it later if you need to). Keep cooking and serving to unlock new stuff and earn cash.,It's time to open your café!\(You can close it later if you need to). Keep cooking and serving to unlock new stuff and earn cash.,index_aligned_verified,medium,index-aligned offset +0 (verified pass 3); EN reference breaks placeholder contract (\ 1->0) — crafted EN required; proposed carried from TM
assets/data/strings.bin.mid,19,line_19,ゾンビの動きが止まった時はサボッている。タップして指示を与えて、仕事をさせるんだ。,Zombies like this one are prone to daydreaming. You can touch them and tell them what to do so they'll get back to work.,Zombies like this one are prone to daydreaming. You can touch them and tell them what to do so they'll get back to work.,index_aligned_verified,high,index-aligned offset +0 (verified pass 3)
assets/data/strings.bin.mid,20,line_20,おや、料理が切れているようだ！\客を怒らせると店の評価が下がる事になる。どんどん料理して客に出すのだ！,"We've run out of food to serve! Customers will leave unhappy, and your star rating/popularity will go down. Cook and serve more food!","We've run out of food to serve!\Customers will leave unhappy, and your star rating/popularity will go down. Cook and serve more food!",index_aligned_verified,medium,index-aligned offset +0 (verified pass 3); EN reference breaks placeholder contract (\ 1->0) — crafted EN required; proposed carried from TM
assets/data/strings.bin.mid,21,line_21,料理が焦げているようだぞ！\出来た料理はすぐにカウンターに運ばないと台無しになってしまう。,"What's that smell? Not the zombies! If you don't send finished food to the serving counter soon after it's done, it will burn and be wasted.","What's that smell? Not the zombies!\If you don't send finished food to the serving counter soon after it's done, it will burn and be wasted.",index_aligned_verified,medium,index-aligned offset +0 (verified pass 3); EN reference breaks placeholder contract (\ 1->0) — crafted EN required; proposed carried from TM
assets/data/strings.bin.mid,22,line_22,おや、ゾンビが客を襲ってるぞ！\こりゃ店のイメージが悪くなってしまう。体力を気にしながら時々ゾンビを休ませてあげるのだ。,"Grragh! One of your zombies attacked a customer, and that's not good for business.  Tell zombies to take a break when they're low on energy.","Grragh! One of your zombies attacked a customer, and that's not good for business.\Tell zombies to take a break when they're low on energy.",index_aligned_verified,medium,index-aligned offset +0 (verified pass 3); EN reference breaks placeholder contract (\ 1->0) — crafted EN required; proposed carried from TM
assets/data/strings.bin.mid,23,line_23,ゾンビは休ませれば少しずつ体力が回復するぞ。だが毒を与えれば瞬時に全快まで回復する、試してみる事だ。,"Resting will slowly fill zombies with energy over time, but you can use Toxin to fill them instantly - Try it now!","Resting will slowly fill zombies with energy over time, but you can use Toxin to fill them instantly - Try it now!",index_aligned_verified,high,index-aligned offset +0 (verified pass 3)
assets/data/strings.bin.mid,24,line_24,その調子！レベルが上がれば雇えるゾンビの数も増える。いろいろなタイプの客がいてゾンビになった後の特徴もそれぞれ違うぞ。,Great job! Every few levels you'll have room for a new zombie cook/waiter.  Try infecting different customers - they each have different strengths.,Great job! Every few levels you'll have room for a new zombie cook/waiter.  Try infecting different customers - they each have different strengths.,index_aligned_verified,high,index-aligned offset +0 (verified pass 3)
assets/data/strings.bin.mid,25,line_25,この街には他の店もある。\地図をタップして友達の店やライバル店を確認してみるのだ。,We're not the only restaurant in town.  Touch the map icon to see your friends and competitors.,We're not the only restaurant in town.\Touch the map icon to see your friends and competitors.,index_aligned_verified,medium,index-aligned offset +0 (verified pass 3); EN reference breaks placeholder contract (\ 1->0) — crafted EN required; proposed carried from TM
assets/data/strings.bin.mid,26,line_26,むむ、向かいの店が格安のランチメニューを始めやがった。ライバル店をタップしよう、襲撃の準備だ。,Raargh! That café across the street is stealing our customers with a cheap lunch special! Touch the enemy café and we'll pay them a visit.,Raargh! That café across the street is stealing our customers with a cheap lunch special! Touch the enemy café and we'll pay them a visit.,index_aligned_verified,high,index-aligned offset +0 (verified pass 3)
assets/data/strings.bin.mid,27,line_27,さあ、襲撃だ。ゾンビにタップして攻撃を選択だ。新しいメニューや金、もしかしたら毒が手に入るかもしれないぞ。,"Touch your zombies and then touch the attack button to send them in to cause mayhem - they can get food, money, and maybe even Toxin!","Touch your zombies and then touch the attack button to send them in to cause mayhem - they can get food, money, and maybe even Toxin!",index_aligned_verified,high,index-aligned offset +0 (verified pass 3)
assets/data/strings.bin.mid,28,line_28,足りない漢字をここに追加：秒技,"REMOVE - Normally zombies will attack whatever they want, but you can select a zombie and touch something you want them to attack.","REMOVE - Normally zombies will attack whatever they want, but you can select a zombie and touch something you want them to attack.",index_aligned_verified,high,index-aligned offset +0 (verified pass 3)
assets/data/strings.bin.mid,29,line_29,料理を切らさないように新しい料理を作るのだ。客にどんどん料理を作って経験値を貯めこもう。,"Now that we're open for business, keep the food coming. By always cooking, you’ll always have food to serve (and earn XP)!","Now that we're open for business, keep the food coming. By always cooking, you’ll always have food to serve (and earn XP)!",index_aligned_verified,high,index-aligned offset +0 (verified pass 3)
assets/data/strings.bin.mid,30,line_30,ほう！ゾンビがライバル店から料理を奪ったようだな。冷蔵庫を確認だ。客に出すか、レシピに登録するか選べるぞ。,Your zombies took some food from that rival café. Touch the fridge to view your inventory. From there you can serve food or save it for friends. ,Your zombies took some food from that rival café. Touch the fridge to view your inventory. From there you can serve food or save it for friends. ,index_aligned_verified,high,index-aligned offset +0 (verified pass 3)
assets/data/strings.bin.mid,31,line_31,新しい料理だ！レシピに追加するには登録をタップだ。客には出せないがレシピから作る事が出来るぞ。,"That's a new one! Choose unlock to add newly found dishes to your recipe book- you won't get to serve it, but you’ll get a valuable recipe.","That's a new one! Choose unlock to add newly found dishes to your recipe book- you won't get to serve it, but you’ll get a valuable recipe.",index_aligned_verified,high,index-aligned offset +0 (verified pass 3)
assets/data/strings.bin.mid,32,line_32,客１人につき１セットのテーブルとイスが必要だ、２人連れの客も別々に座らせる。緑のマークの場所に設置出来る、試してみたまえ。,Every customer will need one chair and one table (two customers can't sit at the same table).  The green boxes will help show you where to put them.,Every customer will need one chair and one table (two customers can't sit at the same table).  The green boxes will help show you where to put them.,index_aligned_verified,high,index-aligned offset +0 (verified pass 3)
assets/data/strings.bin.mid,33,line_33,隣は友達の店だ。タップで訪問しよう。チップの回収、料理のプレゼントや注文ができる。料理の略奪もできるぞ。,"The cafés to the left are your friends. Touch each one to visit them to collect fees, send or order food, or attack them to steal food.","The cafés to the left are your friends. Touch each one to visit them to collect fees, send or order food, or attack them to steal food.",index_aligned_verified,high,index-aligned offset +0 (verified pass 3)
assets/data/strings.bin.mid,34,line_34,ゾンビカフェに友達を招待だ。\友達とは料理の注文やレシピの交換が出来る。店を襲撃しての略奪も出来るぞ。,"No friends with Zombie Cafés? Invite friends so that you can order food and trade recipes, or raid them to steal food.","No friends with Zombie Cafés?\Invite friends so that you can order food and trade recipes, or raid them to steal food.",index_aligned_verified,medium,index-aligned offset +0 (verified pass 3); EN reference breaks placeholder contract (\ 1->0) — crafted EN required; proposed carried from TM
assets/data/strings.bin.mid,35,line_35,Facebookで招待した友達の店を襲うこともできる。料理を注文して、手短に新しいレシピを入手してもいい。,"You can invite friends from Facebook so that you can raid them too, or order food to save time and get new recipes.","You can invite friends from Facebook so that you can raid them too, or order food to save time and get new recipes.",index_aligned_verified,high,index-aligned offset +0 (verified pass 3)
assets/data/strings.bin.mid,36,line_36,これが友達の店だ。\料理を注文して新しいレシピを入手だ。冷蔵庫をタップすれば食事をプレゼントする事も出来るぞ。,"This is a friend's café. Check their recipe book to order food and unlock new recipes, or use the fridge button to give them food or deliver orders. ","This is a friend's café.\Check their recipe book to order food and unlock new recipes, or use the fridge button to give them food or deliver orders.",index_aligned_verified,medium,index-aligned offset +0 (verified pass 3); EN reference breaks placeholder contract (\ 1->0) — crafted EN required; proposed carried from TM
assets/data/strings.bin.mid,37,line_37,攻撃を選ぶとゾンビが店を襲撃するぞ、ゾンビを選んで襲わせる人をタップ。襲撃を中止する時は左上の白旗をタップするのだ。,"After touching your zombies, you can touch things you want them to attack. To have all your zombies retreat,  touch the flag icon in the top left.","After touching your zombies, you can touch things you want them to attack. To have all your zombies retreat,  touch the flag icon in the top left.",index_aligned_verified,high,index-aligned offset +0 (verified pass 3)
assets/data/strings.bin.mid,38,line_38,戦闘で体力を消耗したゾンビがいる！店と同様に毒を使えば、瞬時に回復させることができる。やってみよう！,"One of your zombies is low on energy from fighting! Just like in your café, you can use Toxin to energize them instantly. Try it now to save them!","One of your zombies is low on energy from fighting! Just like in your café, you can use Toxin to energize them instantly. Try it now to save them!",index_aligned_verified,high,index-aligned offset +0 (verified pass 3)
assets/data/strings.bin.mid,39,line_39,客はしばらく食事をした後、金を払って満足して帰っていく。次の料理を作ろう。食事が終わるまで待っていてもいい。,Customers will take a few moments to eat before paying and leaving happy.  You can start cooking more food wait there until they're done.,Customers will take a few moments to eat before paying and leaving happy.  You can start cooking more food wait there until they're done.,index_aligned_verified,high,index-aligned offset +0 (verified pass 3)
assets/data/strings.bin.mid,40,line_40,店のアイテムはタップ＆ホールドで移動出来るぞ。ショップにドラッグすれば換金出来る。客が動けるスペースを空けておくのが肝心だ。,"Touching/holding items lets you move them, and if you drag them into the store you can sell them. Be sure to leave room for people to move!","Touching/holding items lets you move them, and if you drag them into the store you can sell them. Be sure to leave room for people to move!",index_aligned_verified,high,index-aligned offset +0 (verified pass 3)
assets/data/strings.bin.mid,41,line_41,料理には時間がかかるものだ。\ここで特製のゾンビ毒を使ってみよう、瞬時に料理が完成するぞ。\さあ、仕上げといこうか。,"Cooking food takes time, but using our special zombie Toxin we can finish it instantly: touch the stove, then the finish button.","Cooking food takes time,\but using our special zombie Toxin we can finish it instantly:\touch the stove, then the finish button.",index_aligned_verified,medium,index-aligned offset +0 (verified pass 3); EN reference breaks placeholder contract (\ 2->0) — crafted EN required; proposed carried from TM
assets/data/strings.bin.mid,42,line_42,おや、ドアがふさがっているぞ！\客が入って来れないじゃないか！カウンターとドア、座席の空間はふさがないようにするのだ。,"Grraaaarg! You blocked the door!  Make sure there's a clear path between the serving area, the door, and each of the chairs.","Grraaaarg! You blocked the door!\Make sure there's a clear path between the serving area, the door, and each of the chairs.",index_aligned_verified,medium,index-aligned offset +0 (verified pass 3); EN reference breaks placeholder contract (\ 1->0) — crafted EN required; proposed carried from TM
assets/data/strings.bin.mid,43,line_43,ゾンビが仕事に必要な場所に辿り着けないようだな、流しやカウンター、テーブルへの道はふさがないように。,"Your zombies can't get to something they need to do their job.  Make sure there's always a clear path to the sink, serving counter, and tables.","Your zombies can't get to something they need to do their job.  Make sure there's always a clear path to the sink, serving counter, and tables.",index_aligned_verified,high,index-aligned offset +0 (verified pass 3)
assets/data/strings.bin.mid,44,line_44,ゾンビは負けても死なない。\しかし復活には時間が必要だ。ゾンビは情報のボタンからクビにして、新しいゾンビを雇う事も出来るぞ。,"When zombies are defeated, they're not gone - but they'll need time to reanimate.  Or you can fire them (touch INFO) and infect someone else.","When zombies are defeated, they're not gone - but they'll need time to reanimate.\Or you can fire them (touch INFO) and infect someone else.",index_aligned_verified,medium,index-aligned offset +0 (verified pass 3); EN reference breaks placeholder contract (\ 1->0) — crafted EN required; proposed carried from TM
assets/data/strings.bin.mid,45,line_45,むむ、枯れた植物が出たままじゃないか。店のウィンドウを開いてドラッグで移動して売り払ってしまえ。,"Ugh. Ugly dead plant is making customers unhappy.  Touch and hold it to move it, and drag it to the store menu to sell it.","Ugh. Ugly dead plant is making customers unhappy.  Touch and hold it to move it, and drag it to the store menu to sell it.",index_aligned_verified,high,index-aligned offset +0 (verified pass 3)
assets/data/strings.bin.mid,46,line_46,シェフの選択,Choose Your Chef,Choose Your Chef,index_aligned_verified,high,index-aligned offset +0 (verified pass 3)
assets/data/strings.bin.mid,47,line_47,シェフはいつでも変更できるぞ！,You can change your chef at any time,You can change your chef at any time,index_aligned_verified,high,index-aligned offset +0 (verified pass 3)
assets/data/strings.bin.mid,48,line_48,決定！,Select This Chef!,Select This Chef!,index_aligned_verified,high,index-aligned offset +0 (verified pass 3)
assets/data/strings.bin.mid,49,line_49,http://www.beeline-i.info/moregames/,http://www.beeline-i.com/iphone/mini,http://www.beeline-i.info/moregames/,index_aligned_verified,medium,index-aligned offset +0 (verified pass 3); service URL (Beeline more-games) — do not blind-copy the EN URL; proposed carried from TM
assets/data/strings.bin.mid,50,line_50,音量,Music Volume,Music Volume,index_aligned_verified,high,index-aligned offset +0 (verified pass 3)
assets/data/strings.bin.mid,51,line_51,効果音,SFX Volume,SFX Volume,index_aligned_verified,high,index-aligned offset +0 (verified pass 3)
assets/data/strings.bin.mid,52,line_52,お知らせ,Notifications,Notifications,index_aligned_verified,high,index-aligned offset +0 (verified pass 3)
assets/data/strings.bin.mid,53,line_53,リスタート,Restart Café,Restart Café,index_aligned_verified,high,index-aligned offset +0 (verified pass 3)
assets/data/strings.bin.mid,54,line_54,オプション,Options,Options,index_aligned_verified,high,index-aligned offset +0 (verified pass 3)
assets/data/strings.bin.mid,55,line_55,オン,On,On,index_aligned_verified,high,index-aligned offset +0 (verified pass 3)
assets/data/strings.bin.mid,56,line_56,オフ,Off,Off,index_aligned_verified,high,index-aligned offset +0 (verified pass 3)
assets/data/strings.bin.mid,57,line_57,データの消去,Delete Data,Delete Data,index_aligned_verified,high,index-aligned offset +0 (verified pass 3)
assets/data/strings.bin.mid,58,line_58,ゾンビになった日：,Converted on:,Converted on:,index_aligned_verified,high,index-aligned offset +0 (verified pass 3)
assets/data/strings.bin.mid,59,line_59,勤務日数：,Days on staff:,Days on staff:,index_aligned_verified,high,index-aligned offset +0 (verified pass 3)
assets/data/strings.bin.mid,60,line_60,接客人数：,Customers served:,Customers served:,index_aligned_verified,high,index-aligned offset +0 (verified pass 3)
assets/data/strings.bin.mid,61,line_61,襲撃回数：,Number of raids:,Number of raids:,index_aligned_verified,high,index-aligned offset +0 (verified pass 3)
assets/data/strings.bin.mid,62,line_62,キル数：,Kills:,Kills:,index_aligned_verified,high,index-aligned offset +0 (verified pass 3)
assets/data/strings.bin.mid,63,line_63,死亡回数：,Deaths:,Deaths:,index_aligned_verified,high,index-aligned offset +0 (verified pass 3)
assets/data/strings.bin.mid,64,line_64,襲撃の成果,Raid Summary,Raid Summary,index_aligned_verified,high,index-aligned offset +0 (verified pass 3)
assets/data/strings.bin.mid,65,line_65,強奪金：,Cash earned,Cash earned,index_aligned_verified,high,index-aligned offset +0 (verified pass 3)
assets/data/strings.bin.mid,66,line_66,見つけた料理：,Dishes found,Dishes found,index_aligned_verified,high,index-aligned offset +0 (verified pass 3)
assets/data/strings.bin.mid,67,line_67,見つけた毒：,Toxin found,Toxin found,index_aligned_verified,high,index-aligned offset +0 (verified pass 3)
assets/data/strings.bin.mid,68,line_68,登録,Unlock,Unlock,index_aligned_verified,high,index-aligned offset +0 (verified pass 3)
assets/data/strings.bin.mid,69,line_69,使う,Serve,Serve,index_aligned_verified,high,index-aligned offset +0 (verified pass 3)
assets/data/strings.bin.mid,70,line_70,贈る,Give Gift,Give Gift,index_aligned_verified,high,index-aligned offset +0 (verified pass 3)
assets/data/strings.bin.mid,71,line_71,勤務中,Serving,Serving,index_aligned_verified,high,index-aligned offset +0 (verified pass 3)
assets/data/strings.bin.mid,72,line_72,休憩中,Resting,Resting,index_aligned_verified,high,index-aligned offset +0 (verified pass 3)
assets/data/strings.bin.mid,73,line_73,襲撃中,Attacking,Attacking,index_aligned_verified,high,index-aligned offset +0 (verified pass 3)
assets/data/strings.bin.mid,74,line_74,調理中,Cooking,Cooking,index_aligned_verified,high,index-aligned offset +0 (verified pass 3)
assets/data/strings.bin.mid,75,line_75,回復中,Reanimating,Reanimating,index_aligned_verified,high,index-aligned offset +0 (verified pass 3)
assets/data/strings.bin.mid,76,line_76,妄想中,Daydreaming,Daydreaming,index_aligned_verified,high,index-aligned offset +0 (verified pass 3)
assets/data/strings.bin.mid,77,line_77,レベルアップ！,LEVEL UP!,LEVEL UP!,index_aligned_verified,high,index-aligned offset +0 (verified pass 3)
assets/data/strings.bin.mid,78,line_78,店のレベルが上がった！,YOUR CAFÉ HAS REACHED:,YOUR CAFÉ HAS REACHED:,index_aligned_verified,high,index-aligned offset +0 (verified pass 3)
assets/data/strings.bin.mid,79,line_79,レベル,LEVEL ,LEVEL ,index_aligned_verified,high,index-aligned offset +0 (verified pass 3)
assets/data/strings.bin.mid,80,line_80,新たなレシピやアイテムが追加されたぞ！おめでとう！,CHECK YOUR COOKBOOK AND THE STORE FOR NEW OPTIONS!,CHECK YOUR COOKBOOK AND THE STORE FOR NEW OPTIONS!,index_aligned_verified,high,index-aligned offset +0 (verified pass 3)
assets/data/strings.bin.mid,81,line_81,他のレベルのレシピをチェック！,AND OTHER LEVEL        RECIPES!,AND OTHER LEVEL        RECIPES!,index_aligned_verified,high,index-aligned offset +0 (verified pass 3)
assets/data/strings.bin.mid,82,line_82,新たなメニュー：,YOU CAN NOW COOK:,YOU CAN NOW COOK:,index_aligned_verified,high,index-aligned offset +0 (verified pass 3)
assets/data/strings.bin.mid,83,line_83,友達,Friends,Friends,index_aligned_verified,high,index-aligned offset +0 (verified pass 3)
assets/data/strings.bin.mid,84,line_84,友達一覧の取得に失敗。,Could not retrieve friends list.,Could not retrieve friends list.,index_aligned_verified,high,index-aligned offset +0 (verified pass 3)
assets/data/strings.bin.mid,85,line_85,インターネット接続を確認し\もう一度お試しください。,Check your network connection and try again.,Check your network connection\and try again.,index_aligned_verified,medium,index-aligned offset +0 (verified pass 3); EN reference breaks placeholder contract (\ 1->0) — crafted EN required; proposed carried from TM
assets/data/strings.bin.mid,86,line_86,「ゾンビカフェ」で遊んでいる\友達はいないようだ。,None of your friends are playing Zombie Café.,None of your friends\are playing Zombie Café.,index_aligned_verified,medium,index-aligned offset +0 (verified pass 3); EN reference breaks placeholder contract (\ 1->0) — crafted EN required; proposed carried from TM
assets/data/strings.bin.mid,87,line_87,無料で遊べる 「ゾンビカフェ」に\招待しよう！,Why not invite them to play for free?,Why not invite them\to play for free?,index_aligned_verified,medium,index-aligned offset +0 (verified pass 3); EN reference breaks placeholder contract (\ 1->0) — crafted EN required; proposed carried from TM
assets/data/strings.bin.mid,88,line_88,ロード中,Loading…,Loading…,index_aligned_verified,high,index-aligned offset +0 (verified pass 3)
assets/data/strings.bin.mid,89,line_89,友達を招待する,Invite Friends,Invite Friends,index_aligned_verified,high,index-aligned offset +0 (verified pass 3)
assets/data/strings.bin.mid,90,line_90,新しいレシピを発見した！,NEW RECIPE DISCOVERED!,NEW RECIPE DISCOVERED!,index_aligned_verified,high,index-aligned offset +0 (verified pass 3)
assets/data/strings.bin.mid,91,line_91,ビフ,Biff,Biff,index_aligned_verified,high,index-aligned offset +0 (verified pass 3)
assets/data/strings.bin.mid,92,line_92,フランク,Frank,Frank,index_aligned_verified,high,index-aligned offset +0 (verified pass 3)
assets/data/strings.bin.mid,93,line_93,ゴルディ,Gordie,Gordie,index_aligned_verified,high,index-aligned offset +0 (verified pass 3)
assets/data/strings.bin.mid,94,line_94,オズワルド,Oswald,Oswald,index_aligned_verified,high,index-aligned offset +0 (verified pass 3)
assets/data/strings.bin.mid,95,line_95,ガス,Gus,Gus,index_aligned_verified,high,index-aligned offset +0 (verified pass 3)
assets/data/strings.bin.mid,96,line_96,チャウンシー,Chauncey,Chauncey,index_aligned_verified,high,index-aligned offset +0 (verified pass 3)
assets/data/strings.bin.mid,97,line_97,ビリー,Billy,Billy,index_aligned_verified,high,index-aligned offset +0 (verified pass 3)
assets/data/strings.bin.mid,98,line_98,ハーバート,Herbert,Herbert,index_aligned_verified,high,index-aligned offset +0 (verified pass 3)
assets/data/strings.bin.mid,99,line_99,ジェラルド,Gerald,Gerald,index_aligned_verified,high,index-aligned offset +0 (verified pass 3)
assets/data/strings.bin.mid,100,line_100,フリッツ,Fritz,Fritz,index_aligned_verified,high,index-aligned offset +0 (verified pass 3)
assets/data/strings.bin.mid,101,line_101,ジュリアス,Julius,Julius,index_aligned_verified,high,index-aligned offset +0 (verified pass 3)
assets/data/strings.bin.mid,102,line_102,バーナビー,Barnaby,Barnaby,index_aligned_verified,high,index-aligned offset +0 (verified pass 3)
assets/data/strings.bin.mid,103,line_103,メルヴィン,Melvin,Melvin,index_aligned_verified,high,index-aligned offset +0 (verified pass 3)
assets/data/strings.bin.mid,104,line_104,ハーマン,Herman,Herman,index_aligned_verified,high,index-aligned offset +0 (verified pass 3)
assets/data/strings.bin.mid,105,line_105,ボリス,Boris,Boris,index_aligned_verified,high,index-aligned offset +0 (verified pass 3)
assets/data/strings.bin.mid,106,line_106,ウォルト,Walt,Walt,index_aligned_verified,high,index-aligned offset +0 (verified pass 3)
assets/data/strings.bin.mid,107,line_107,レスター,Lester,Lester,index_aligned_verified,high,index-aligned offset +0 (verified pass 3)
assets/data/strings.bin.mid,108,line_108,ルロイ,Leroy,Leroy,index_aligned_verified,high,index-aligned offset +0 (verified pass 3)
assets/data/strings.bin.mid,109,line_109,ハワード,Howard,Howard,index_aligned_verified,high,index-aligned offset +0 (verified pass 3)
assets/data/strings.bin.mid,110,line_110,ユージン,Eugene,Eugene,index_aligned_verified,high,index-aligned offset +0 (verified pass 3)
assets/data/strings.bin.mid,111,line_111,アダム,Adam,Adam,index_aligned_verified,high,index-aligned offset +0 (verified pass 3)
assets/data/strings.bin.mid,112,line_112,ランス,Lance,Lance,index_aligned_verified,high,index-aligned offset +0 (verified pass 3)
assets/data/strings.bin.mid,113,line_113,ドニー,Donny,Donny,index_aligned_verified,high,index-aligned offset +0 (verified pass 3)
assets/data/strings.bin.mid,114,line_114,ブルース,Bruce,Bruce,index_aligned_verified,high,index-aligned offset +0 (verified pass 3)
assets/data/strings.bin.mid,115,line_115,ドワイト,Dwight,Dwight,index_aligned_verified,high,index-aligned offset +0 (verified pass 3)
assets/data/strings.bin.mid,116,line_116,エドガー,Edgar,Edgar,index_aligned_verified,high,index-aligned offset +0 (verified pass 3)
assets/data/strings.bin.mid,117,line_117,ダスティン,Dustin,Dustin,index_aligned_verified,high,index-aligned offset +0 (verified pass 3)
assets/data/strings.bin.mid,118,line_118,アーニー,Ernie,Ernie,index_aligned_verified,high,index-aligned offset +0 (verified pass 3)
assets/data/strings.bin.mid,119,line_119,オットー,Otto,Otto,index_aligned_verified,high,index-aligned offset +0 (verified pass 3)
assets/data/strings.bin.mid,120,line_120,アルフォンゾ,Alfonzo,Alfonzo,index_aligned_verified,high,index-aligned offset +0 (verified pass 3)
assets/data/strings.bin.mid,121,line_121,ダリル,Darryl,Darryl,index_aligned_verified,high,index-aligned offset +0 (verified pass 3)
assets/data/strings.bin.mid,122,line_122,マーティ,Marty,Marty,index_aligned_verified,high,index-aligned offset +0 (verified pass 3)
assets/data/strings.bin.mid,123,line_123,ジャスティン,Justin,Justin,index_aligned_verified,high,index-aligned offset +0 (verified pass 3)
assets/data/strings.bin.mid,124,line_124,ザック,Zach,Zach,index_aligned_verified,high,index-aligned offset +0 (verified pass 3)
assets/data/strings.bin.mid,125,line_125,アレックス,Alex,Alex,index_aligned_verified,high,index-aligned offset +0 (verified pass 3)
assets/data/strings.bin.mid,126,line_126,ポール,Paul,Paul,index_aligned_verified,high,index-aligned offset +0 (verified pass 3)
assets/data/strings.bin.mid,127,line_127,トム,Tom,Tom,index_aligned_verified,high,index-aligned offset +0 (verified pass 3)
assets/data/strings.bin.mid,128,line_128,ベニー,Benny,Benny,index_aligned_verified,high,index-aligned offset +0 (verified pass 3)
assets/data/strings.bin.mid,129,line_129,ジョージ,George,George,index_aligned_verified,high,index-aligned offset +0 (verified pass 3)
assets/data/strings.bin.mid,130,line_130,トファー,Topher,Topher,index_aligned_verified,high,index-aligned offset +0 (verified pass 3)
assets/data/strings.bin.mid,131,line_131,ラッキー,Lucky,Lucky,index_aligned_verified,high,index-aligned offset +0 (verified pass 3)
assets/data/strings.bin.mid,132,line_132,ピーター,Peter,Peter,index_aligned_verified,high,index-aligned offset +0 (verified pass 3)
assets/data/strings.bin.mid,133,line_133,エリオット,Elliott,Elliott,index_aligned_verified,high,index-aligned offset +0 (verified pass 3)
assets/data/strings.bin.mid,134,line_134,フィル,Phil,Phil,index_aligned_verified,high,index-aligned offset +0 (verified pass 3)
assets/data/strings.bin.mid,135,line_135,ブライアン,Brian,Brian,index_aligned_verified,high,index-aligned offset +0 (verified pass 3)
assets/data/strings.bin.mid,136,line_136,ブレント,Brent,Brent,index_aligned_verified,high,index-aligned offset +0 (verified pass 3)
assets/data/strings.bin.mid,137,line_137,ダグラス,Douglas,Douglas,index_aligned_verified,high,index-aligned offset +0 (verified pass 3)
assets/data/strings.bin.mid,138,line_138,アーネスト,Ernest,Ernest,index_aligned_verified,high,index-aligned offset +0 (verified pass 3)
assets/data/strings.bin.mid,139,line_139,エルマー,Elmer,Elmer,index_aligned_verified,high,index-aligned offset +0 (verified pass 3)
assets/data/strings.bin.mid,140,line_140,ティモシー,Timothy,Timothy,index_aligned_verified,high,index-aligned offset +0 (verified pass 3)
assets/data/strings.bin.mid,141,line_141,ビョルン,Bjorn,Bjorn,index_aligned_verified,high,index-aligned offset +0 (verified pass 3)
assets/data/strings.bin.mid,142,line_142,コナー,Connor,Connor,index_aligned_verified,high,index-aligned offset +0 (verified pass 3)
assets/data/strings.bin.mid,143,line_143,クイン,Quinn,Quinn,index_aligned_verified,high,index-aligned offset +0 (verified pass 3)
assets/data/strings.bin.mid,144,line_144,マルコ,Marco,Marco,index_aligned_verified,high,index-aligned offset +0 (verified pass 3)
assets/data/strings.bin.mid,145,line_145,ネイサン,Nathan,Nathan,index_aligned_verified,high,index-aligned offset +0 (verified pass 3)
assets/data/strings.bin.mid,146,line_146,ジェイコブ,Jacob,Jacob,index_aligned_verified,high,index-aligned offset +0 (verified pass 3)
assets/data/strings.bin.mid,147,line_147,エドワード,Edward,Edward,index_aligned_verified,high,index-aligned offset +0 (verified pass 3)
assets/data/strings.bin.mid,148,line_148,ハリー,Harry,Harry,index_aligned_verified,high,index-aligned offset +0 (verified pass 3)
assets/data/strings.bin.mid,149,line_149,ゲイリー,Gary,Gary,index_aligned_verified,high,index-aligned offset +0 (verified pass 3)
assets/data/strings.bin.mid,150,line_150,ペリー,Perry,Perry,index_aligned_verified,high,index-aligned offset +0 (verified pass 3)
assets/data/strings.bin.mid,151,line_151,ランディ,Randy,Randy,index_aligned_verified,high,index-aligned offset +0 (verified pass 3)
assets/data/strings.bin.mid,152,line_152,ボブ,Bob,Bob,index_aligned_verified,high,index-aligned offset +0 (verified pass 3)
assets/data/strings.bin.mid,153,line_153,マック,Mac,Mac,index_aligned_verified,high,index-aligned offset +0 (verified pass 3)
assets/data/strings.bin.mid,154,line_154,ジェンマ,Genma,Genma,index_aligned_verified,high,index-aligned offset +0 (verified pass 3)
assets/data/strings.bin.mid,155,line_155,ブレア,Blair,Blair,index_aligned_verified,high,index-aligned offset +0 (verified pass 3)
assets/data/strings.bin.mid,156,line_156,グレアム,Graham,Graham,index_aligned_verified,high,index-aligned offset +0 (verified pass 3)
assets/data/strings.bin.mid,157,line_157,バリー,Barry,Barry,index_aligned_verified,high,index-aligned offset +0 (verified pass 3)
assets/data/strings.bin.mid,158,line_158,カルヴィン,Calvin,Calvin,index_aligned_verified,high,index-aligned offset +0 (verified pass 3)
assets/data/strings.bin.mid,159,line_159,ボイド,Boyde,Boyde,index_aligned_verified,high,index-aligned offset +0 (verified pass 3)
assets/data/strings.bin.mid,160,line_160,カリー,Currie,Currie,index_aligned_verified,high,index-aligned offset +0 (verified pass 3)
assets/data/strings.bin.mid,161,line_161,テディ,Teddy,Teddy,index_aligned_verified,high,index-aligned offset +0 (verified pass 3)
assets/data/strings.bin.mid,162,line_162,ブレイデン,Brayden,Brayden,index_aligned_verified,high,index-aligned offset +0 (verified pass 3)
assets/data/strings.bin.mid,163,line_163,ジャレッド,Jared,Jared,index_aligned_verified,high,index-aligned offset +0 (verified pass 3)
assets/data/strings.bin.mid,164,line_164,ウォーリー,Wally,Wally,index_aligned_verified,high,index-aligned offset +0 (verified pass 3)
assets/data/strings.bin.mid,165,line_165,フレイザー,Fraser,Fraser,index_aligned_verified,high,index-aligned offset +0 (verified pass 3)
assets/data/strings.bin.mid,166,line_166,バディ,Buddy,Buddy,index_aligned_verified,high,index-aligned offset +0 (verified pass 3)
assets/data/strings.bin.mid,167,line_167,ソニー,Sonny,Sonny,index_aligned_verified,high,index-aligned offset +0 (verified pass 3)
assets/data/strings.bin.mid,168,line_168,アーロン,Aaron,Aaron,index_aligned_verified,high,index-aligned offset +0 (verified pass 3)
assets/data/strings.bin.mid,169,line_169,ゲイブ,Gabe,Gabe,index_aligned_verified,high,index-aligned offset +0 (verified pass 3)
assets/data/strings.bin.mid,170,line_170,フィネス,Phineas,Phineas,index_aligned_verified,high,index-aligned offset +0 (verified pass 3)
assets/data/strings.bin.mid,171,line_171,アキラ,Akira,Akira,index_aligned_verified,high,index-aligned offset +0 (verified pass 3)
assets/data/strings.bin.mid,172,line_172,アレッサンドロ,Alessandro,Alessandro,index_aligned_verified,high,index-aligned offset +0 (verified pass 3)
assets/data/strings.bin.mid,173,line_173,アーチー,Archie,Archie,index_aligned_verified,high,index-aligned offset +0 (verified pass 3)
assets/data/strings.bin.mid,174,line_174,アーノルド,Arnold,Arnold,index_aligned_verified,high,index-aligned offset +0 (verified pass 3)
assets/data/strings.bin.mid,175,line_175,アーサー,Arthur,Arthur,index_aligned_verified,high,index-aligned offset +0 (verified pass 3)
assets/data/strings.bin.mid,176,line_176,アッシャー,Asher,Asher,index_aligned_verified,high,index-aligned offset +0 (verified pass 3)
assets/data/strings.bin.mid,177,line_177,バーニー,Barney,Barney,index_aligned_verified,high,index-aligned offset +0 (verified pass 3)
assets/data/strings.bin.mid,178,line_178,バジル,Basil,Basil,index_aligned_verified,high,index-aligned offset +0 (verified pass 3)
assets/data/strings.bin.mid,179,line_179,デクスター,Dexter,Dexter,index_aligned_verified,high,index-aligned offset +0 (verified pass 3)
assets/data/strings.bin.mid,180,line_180,ブレイン,Blaine,Blaine,index_aligned_verified,high,index-aligned offset +0 (verified pass 3)
assets/data/strings.bin.mid,181,line_181,ブレンドン,Brendon,Brendon,index_aligned_verified,high,index-aligned offset +0 (verified pass 3)
assets/data/strings.bin.mid,182,line_182,ステファン,Stephan,Stephan,index_aligned_verified,high,index-aligned offset +0 (verified pass 3)
assets/data/strings.bin.mid,183,line_183,ヴィニー,Vinny,Vinny,index_aligned_verified,high,index-aligned offset +0 (verified pass 3)
assets/data/strings.bin.mid,184,line_184,ローレンス,Lawrence,Lawrence,index_aligned_verified,high,index-aligned offset +0 (verified pass 3)
assets/data/strings.bin.mid,185,line_185,エリック,Eric,Eric,index_aligned_verified,high,index-aligned offset +0 (verified pass 3)
assets/data/strings.bin.mid,186,line_186,マックス,Max,Max,index_aligned_verified,high,index-aligned offset +0 (verified pass 3)
assets/data/strings.bin.mid,187,line_187,パトリック,Patrick,Patrick,index_aligned_verified,high,index-aligned offset +0 (verified pass 3)
assets/data/strings.bin.mid,188,line_188,タイラー,Tyler,Tyler,index_aligned_verified,high,index-aligned offset +0 (verified pass 3)
assets/data/strings.bin.mid,189,line_189,グレッグ,Greg,Greg,index_aligned_verified,high,index-aligned offset +0 (verified pass 3)
assets/data/strings.bin.mid,190,line_190,サイラス,Cyrus,Cyrus,index_aligned_verified,high,index-aligned offset +0 (verified pass 3)
assets/data/strings.bin.mid,191,line_191,バート,Bart,Bart,index_aligned_verified,high,index-aligned offset +0 (verified pass 3)
assets/data/strings.bin.mid,192,line_192,ブレイク,Blake,Blake,index_aligned_verified,high,index-aligned offset +0 (verified pass 3)
assets/data/strings.bin.mid,193,line_193,ブレイディ,Brady,Brady,index_aligned_verified,high,index-aligned offset +0 (verified pass 3)
assets/data/strings.bin.mid,194,line_194,バック,Buck,Buck,index_aligned_verified,high,index-aligned offset +0 (verified pass 3)
assets/data/strings.bin.mid,195,line_195,バイロン,Byron,Byron,index_aligned_verified,high,index-aligned offset +0 (verified pass 3)
assets/data/strings.bin.mid,196,line_196,キャメロン,Cameron,Cameron,index_aligned_verified,high,index-aligned offset +0 (verified pass 3)
assets/data/strings.bin.mid,197,line_197,カール,Karl,Karl,index_aligned_verified,high,index-aligned offset +0 (verified pass 3)
assets/data/strings.bin.mid,198,line_198,カーター,Carter,Carter,index_aligned_verified,high,index-aligned offset +0 (verified pass 3)
assets/data/strings.bin.mid,199,line_199,キャシディ,Cassidy,Cassidy,index_aligned_verified,high,index-aligned offset +0 (verified pass 3)
assets/data/strings.bin.mid,200,line_200,チャド,Chad,Chad,index_aligned_verified,high,index-aligned offset +0 (verified pass 3)
assets/data/strings.bin.mid,201,line_201,セシル,Cecil,Cecil,index_aligned_verified,high,index-aligned offset +0 (verified pass 3)
assets/data/strings.bin.mid,202,line_202,クーパー,Cooper,Cooper,index_aligned_verified,high,index-aligned offset +0 (verified pass 3)
assets/data/strings.bin.mid,203,line_203,コリー,Corey,Corey,index_aligned_verified,high,index-aligned offset +0 (verified pass 3)
assets/data/strings.bin.mid,204,line_204,ギャヴィン,Gavin,Gavin,index_aligned_verified,high,index-aligned offset +0 (verified pass 3)
assets/data/strings.bin.mid,205,line_205,ダレン,Darren,Darren,index_aligned_verified,high,index-aligned offset +0 (verified pass 3)
assets/data/strings.bin.mid,206,line_206,デニス,Dennis,Dennis,index_aligned_verified,high,index-aligned offset +0 (verified pass 3)
assets/data/strings.bin.mid,207,line_207,デレック,Derek,Derek,index_aligned_verified,high,index-aligned offset +0 (verified pass 3)
assets/data/strings.bin.mid,208,line_208,ダーク,Dirk,Dirk,index_aligned_verified,high,index-aligned offset +0 (verified pass 3)
assets/data/strings.bin.mid,209,line_209,ドク,Doc,Doc,index_aligned_verified,high,index-aligned offset +0 (verified pass 3)
assets/data/strings.bin.mid,210,line_210,ドイル,Doyle,Doyle,index_aligned_verified,high,index-aligned offset +0 (verified pass 3)
assets/data/strings.bin.mid,211,line_211,ダドリー,Dudley,Dudley,index_aligned_verified,high,index-aligned offset +0 (verified pass 3)
assets/data/strings.bin.mid,212,line_212,ディラン,Dylan,Dylan,index_aligned_verified,high,index-aligned offset +0 (verified pass 3)
assets/data/strings.bin.mid,213,line_213,アール,Earl,Earl,index_aligned_verified,high,index-aligned offset +0 (verified pass 3)
assets/data/strings.bin.mid,214,line_214,エルウッド,Elwood,Elwood,index_aligned_verified,high,index-aligned offset +0 (verified pass 3)
assets/data/strings.bin.mid,215,line_215,エンリコ,Enrico,Enrico,index_aligned_verified,high,index-aligned offset +0 (verified pass 3)
assets/data/strings.bin.mid,216,line_216,イーサン,Ethen,Ethen,index_aligned_verified,high,index-aligned offset +0 (verified pass 3)
assets/data/strings.bin.mid,217,line_217,フェリス,Ferris,Ferris,index_aligned_verified,high,index-aligned offset +0 (verified pass 3)
assets/data/strings.bin.mid,218,line_218,フロイド,Floyd,Floyd,index_aligned_verified,high,index-aligned offset +0 (verified pass 3)
assets/data/strings.bin.mid,219,line_219,フレッド,Fred,Fred,index_aligned_verified,high,index-aligned offset +0 (verified pass 3)
assets/data/strings.bin.mid,220,line_220,ガーフィールド,Garfield,Garfield,index_aligned_verified,high,index-aligned offset +0 (verified pass 3)
assets/data/strings.bin.mid,221,line_221,ジーン,Gene,Gene,index_aligned_verified,high,index-aligned offset +0 (verified pass 3)
assets/data/strings.bin.mid,222,line_222,ギルバート,Gilbert,Gilbert,index_aligned_verified,high,index-aligned offset +0 (verified pass 3)
assets/data/strings.bin.mid,223,line_223,グレン,Glen,Glen,index_aligned_verified,high,index-aligned offset +0 (verified pass 3)
assets/data/strings.bin.mid,224,line_224,ガイ,Guy,Guy,index_aligned_verified,high,index-aligned offset +0 (verified pass 3)
assets/data/strings.bin.mid,225,line_225,ヘイデン,Hayden,Hayden,index_aligned_verified,high,index-aligned offset +0 (verified pass 3)
assets/data/strings.bin.mid,226,line_226,ハル,Hal,Hal,index_aligned_verified,high,index-aligned offset +0 (verified pass 3)
assets/data/strings.bin.mid,227,line_227,ヘンリー,Henry,Henry,index_aligned_verified,high,index-aligned offset +0 (verified pass 3)
assets/data/strings.bin.mid,228,line_228,ホレーショー,Horatio,Horatio,index_aligned_verified,high,index-aligned offset +0 (verified pass 3)
assets/data/strings.bin.mid,229,line_229,アーヴィング,Irving,Irving,index_aligned_verified,high,index-aligned offset +0 (verified pass 3)
assets/data/strings.bin.mid,230,line_230,アイザック,Isaac,Isaac,index_aligned_verified,high,index-aligned offset +0 (verified pass 3)
assets/data/strings.bin.mid,231,line_231,イヴァン,Ivan,Ivan,index_aligned_verified,high,index-aligned offset +0 (verified pass 3)
assets/data/strings.bin.mid,232,line_232,ジェイムス,James,James,index_aligned_verified,high,index-aligned offset +0 (verified pass 3)
assets/data/strings.bin.mid,233,line_233,ジェイソン,Jason,Jason,index_aligned_verified,high,index-aligned offset +0 (verified pass 3)
assets/data/strings.bin.mid,234,line_234,ジェシー,Jesse,Jesse,index_aligned_verified,high,index-aligned offset +0 (verified pass 3)
assets/data/strings.bin.mid,235,line_235,ジョエル,Joel,Joel,index_aligned_verified,high,index-aligned offset +0 (verified pass 3)
assets/data/strings.bin.mid,236,line_236,ジョーダン,Jordan,Jordan,index_aligned_verified,high,index-aligned offset +0 (verified pass 3)
assets/data/strings.bin.mid,237,line_237,ジョッシュ,Josh,Josh,index_aligned_verified,high,index-aligned offset +0 (verified pass 3)
assets/data/strings.bin.mid,238,line_238,ジャドソン,Judson,Judson,index_aligned_verified,high,index-aligned offset +0 (verified pass 3)
assets/data/strings.bin.mid,239,line_239,キャレブ,Caleb,Caleb,index_aligned_verified,high,index-aligned offset +0 (verified pass 3)
assets/data/strings.bin.mid,240,line_240,リンク,Link,Link,index_aligned_verified,high,index-aligned offset +0 (verified pass 3)
assets/data/strings.bin.mid,241,line_241,ライオネル,Lionel,Lionel,index_aligned_verified,high,index-aligned offset +0 (verified pass 3)
assets/data/strings.bin.mid,242,line_242,ローガン,Logan,Logan,index_aligned_verified,high,index-aligned offset +0 (verified pass 3)
assets/data/strings.bin.mid,243,line_243,ローン,Lorne,Lorne,index_aligned_verified,high,index-aligned offset +0 (verified pass 3)
assets/data/strings.bin.mid,244,line_244,ルー,Lou,Lou,index_aligned_verified,high,index-aligned offset +0 (verified pass 3)
assets/data/strings.bin.mid,245,line_245,ルイージ,Luigi,Luigi,index_aligned_verified,high,index-aligned offset +0 (verified pass 3)
assets/data/strings.bin.mid,246,line_246,メイジャー,Major,Major,index_aligned_verified,high,index-aligned offset +0 (verified pass 3)
assets/data/strings.bin.mid,247,line_247,マルコム,Malcolm,Malcolm,index_aligned_verified,high,index-aligned offset +0 (verified pass 3)
assets/data/strings.bin.mid,248,line_248,マイケル,Michael,Michael,index_aligned_verified,high,index-aligned offset +0 (verified pass 3)
assets/data/strings.bin.mid,249,line_249,ミッキー,Mickey,Mickey,index_aligned_verified,high,index-aligned offset +0 (verified pass 3)
assets/data/strings.bin.mid,250,line_250,ミロ,Milo,Milo,index_aligned_verified,high,index-aligned offset +0 (verified pass 3)
assets/data/strings.bin.mid,251,line_251,ミッチ,Mitch,Mitch,index_aligned_verified,high,index-aligned offset +0 (verified pass 3)
assets/data/strings.bin.mid,252,line_252,モルデカイ,Mordechai,Mordechai,index_aligned_verified,high,index-aligned offset +0 (verified pass 3)
assets/data/strings.bin.mid,253,line_253,マーフィ,Murphy,Murphy,index_aligned_verified,high,index-aligned offset +0 (verified pass 3)
assets/data/strings.bin.mid,254,line_254,ナポレオン,Napoleon,Napoleon,index_aligned_verified,high,index-aligned offset +0 (verified pass 3)
assets/data/strings.bin.mid,255,line_255,ノーマン,Norman,Norman,index_aligned_verified,high,index-aligned offset +0 (verified pass 3)
assets/data/strings.bin.mid,256,line_256,ナイルズ,Niles,Niles,index_aligned_verified,high,index-aligned offset +0 (verified pass 3)
assets/data/strings.bin.mid,257,line_257,オーディー,Odie,Odie,index_aligned_verified,high,index-aligned offset +0 (verified pass 3)
assets/data/strings.bin.mid,258,line_258,オリン,Orin,Orin,index_aligned_verified,high,index-aligned offset +0 (verified pass 3)
assets/data/strings.bin.mid,259,line_259,オーティス,Otis,Otis,index_aligned_verified,high,index-aligned offset +0 (verified pass 3)
assets/data/strings.bin.mid,260,line_260,パーカー,Parker,Parker,index_aligned_verified,high,index-aligned offset +0 (verified pass 3)
assets/data/strings.bin.mid,261,line_261,ペドロ,Pedro,Pedro,index_aligned_verified,high,index-aligned offset +0 (verified pass 3)
assets/data/strings.bin.mid,262,line_262,パーシー,Percy,Percy,index_aligned_verified,high,index-aligned offset +0 (verified pass 3)
assets/data/strings.bin.mid,263,line_263,ラルフ,Ralph,Ralph,index_aligned_verified,high,index-aligned offset +0 (verified pass 3)
assets/data/strings.bin.mid,264,line_264,リード,Reed,Reed,index_aligned_verified,high,index-aligned offset +0 (verified pass 3)
assets/data/strings.bin.mid,265,line_265,ライリー,Riley,Riley,index_aligned_verified,high,index-aligned offset +0 (verified pass 3)
assets/data/strings.bin.mid,266,line_266,リース,Rhys,Rhys,index_aligned_verified,high,index-aligned offset +0 (verified pass 3)
assets/data/strings.bin.mid,267,line_267,レックス,Rex,Rex,index_aligned_verified,high,index-aligned offset +0 (verified pass 3)
assets/data/strings.bin.mid,268,line_268,サル,Sal,Sal,index_aligned_verified,high,index-aligned offset +0 (verified pass 3)
assets/data/strings.bin.mid,269,line_269,セス,Seth,Seth,index_aligned_verified,high,index-aligned offset +0 (verified pass 3)
assets/data/strings.bin.mid,270,line_270,サデウス,Thaddeus,Thaddeus,index_aligned_verified,high,index-aligned offset +0 (verified pass 3)
assets/data/strings.bin.mid,271,line_271,トビー,Toby,Toby,index_aligned_verified,high,index-aligned offset +0 (verified pass 3)
assets/data/strings.bin.mid,272,line_272,トラヴィス,Travis,Travis,index_aligned_verified,high,index-aligned offset +0 (verified pass 3)
assets/data/strings.bin.mid,273,line_273,トレイ,Trey,Trey,index_aligned_verified,high,index-aligned offset +0 (verified pass 3)
assets/data/strings.bin.mid,274,line_274,トーン,Toan,Toan,index_aligned_verified,high,index-aligned offset +0 (verified pass 3)
assets/data/strings.bin.mid,275,line_275,ヴィト,Vito,Vito,index_aligned_verified,high,index-aligned offset +0 (verified pass 3)
assets/data/strings.bin.mid,276,line_276,ヴィンセント,Vincent,Vincent,index_aligned_verified,high,index-aligned offset +0 (verified pass 3)
assets/data/strings.bin.mid,277,line_277,ウェスリー,Wesley,Wesley,index_aligned_verified,high,index-aligned offset +0 (verified pass 3)
assets/data/strings.bin.mid,278,line_278,ウイリアム,William,William,index_aligned_verified,high,index-aligned offset +0 (verified pass 3)
assets/data/strings.bin.mid,279,line_279,ザンダー,Xander,Xander,index_aligned_verified,high,index-aligned offset +0 (verified pass 3)
assets/data/strings.bin.mid,280,line_280,ジリアン,Gillian,Gillian,index_aligned_verified,high,index-aligned offset +0 (verified pass 3)
assets/data/strings.bin.mid,281,line_281,ロンダ,Rhonda,Rhonda,index_aligned_verified,high,index-aligned offset +0 (verified pass 3)
assets/data/strings.bin.mid,282,line_282,パリス,Paris,Paris,index_aligned_verified,high,index-aligned offset +0 (verified pass 3)
assets/data/strings.bin.mid,283,line_283,タミー,Tammi,Tammi,index_aligned_verified,high,index-aligned offset +0 (verified pass 3)
assets/data/strings.bin.mid,284,line_284,ジル,Jill,Jill,index_aligned_verified,high,index-aligned offset +0 (verified pass 3)
assets/data/strings.bin.mid,285,line_285,トーリ,Tori,Tori,index_aligned_verified,high,index-aligned offset +0 (verified pass 3)
assets/data/strings.bin.mid,286,line_286,デビー,Debbie,Debbie,index_aligned_verified,high,index-aligned offset +0 (verified pass 3)
assets/data/strings.bin.mid,287,line_287,ケリー,Kelly,Kelly,index_aligned_verified,high,index-aligned offset +0 (verified pass 3)
assets/data/strings.bin.mid,288,line_288,マリーン,Marlene,Marlene,index_aligned_verified,high,index-aligned offset +0 (verified pass 3)
assets/data/strings.bin.mid,289,line_289,イライザ,Eliza,Eliza,index_aligned_verified,high,index-aligned offset +0 (verified pass 3)
assets/data/strings.bin.mid,290,line_290,クリスタル,Krystal,Krystal,index_aligned_verified,high,index-aligned offset +0 (verified pass 3)
assets/data/strings.bin.mid,291,line_291,レクサス,Lexus,Lexus,index_aligned_verified,high,index-aligned offset +0 (verified pass 3)
assets/data/strings.bin.mid,292,line_292,クロエ,Chloe,Chloe,index_aligned_verified,high,index-aligned offset +0 (verified pass 3)
assets/data/strings.bin.mid,293,line_293,ヘレナ,Helena,Helena,index_aligned_verified,high,index-aligned offset +0 (verified pass 3)
assets/data/strings.bin.mid,294,line_294,バフィ,Buffy,Buffy,index_aligned_verified,high,index-aligned offset +0 (verified pass 3)
assets/data/strings.bin.mid,295,line_295,アシュリー,Ashley,Ashley,index_aligned_verified,high,index-aligned offset +0 (verified pass 3)
assets/data/strings.bin.mid,296,line_296,ホープ,Hope,Hope,index_aligned_verified,high,index-aligned offset +0 (verified pass 3)
assets/data/strings.bin.mid,297,line_297,トリクシー,Trixie,Trixie,index_aligned_verified,high,index-aligned offset +0 (verified pass 3)
assets/data/strings.bin.mid,298,line_298,キャンディ,Candy,Candy,index_aligned_verified,high,index-aligned offset +0 (verified pass 3)
assets/data/strings.bin.mid,299,line_299,ヴァネッサ,Vanessa,Vanessa,index_aligned_verified,high,index-aligned offset +0 (verified pass 3)
assets/data/strings.bin.mid,300,line_300,ローラ,Lola,Lola,index_aligned_verified,high,index-aligned offset +0 (verified pass 3)
assets/data/strings.bin.mid,301,line_301,アンバー,Amber,Amber,index_aligned_verified,high,index-aligned offset +0 (verified pass 3)
assets/data/strings.bin.mid,302,line_302,オータム,Autumn,Autumn,index_aligned_verified,high,index-aligned offset +0 (verified pass 3)
assets/data/strings.bin.mid,303,line_303,ダニエル,Danielle,Danielle,index_aligned_verified,high,index-aligned offset +0 (verified pass 3)
assets/data/strings.bin.mid,304,line_304,ベイリー,Bailey,Bailey,index_aligned_verified,high,index-aligned offset +0 (verified pass 3)
assets/data/strings.bin.mid,305,line_305,モーガン,Morgan,Morgan,index_aligned_verified,high,index-aligned offset +0 (verified pass 3)
assets/data/strings.bin.mid,306,line_306,ミーガン,Megan,Megan,index_aligned_verified,high,index-aligned offset +0 (verified pass 3)
assets/data/strings.bin.mid,307,line_307,デイジー,Daisy,Daisy,index_aligned_verified,high,index-aligned offset +0 (verified pass 3)
assets/data/strings.bin.mid,308,line_308,ブリトニー,Britney,Britney,index_aligned_verified,high,index-aligned offset +0 (verified pass 3)
assets/data/strings.bin.mid,309,line_309,リザベス,Lizabeth,Lizabeth,index_aligned_verified,high,index-aligned offset +0 (verified pass 3)
assets/data/strings.bin.mid,310,line_310,スカイラー,Skylar,Skylar,index_aligned_verified,high,index-aligned offset +0 (verified pass 3)
assets/data/strings.bin.mid,311,line_311,サマー,Summer,Summer,index_aligned_verified,high,index-aligned offset +0 (verified pass 3)
assets/data/strings.bin.mid,312,line_312,タップまたはドラッグでタイルを設置。,Touch or drag to place tiles.,Touch or drag to place tiles.,index_aligned_verified,high,index-aligned offset +0 (verified pass 3)
assets/data/strings.bin.mid,313,line_313,タップまたはドラッグで壁を配置。,Touch or drag to place wall sections.,Touch or drag to place wall sections.,index_aligned_verified,high,index-aligned offset +0 (verified pass 3)
assets/data/strings.bin.mid,314,line_314,総コスト：,Total Cost: ,Total Cost: ,index_aligned_verified,high,index-aligned offset +0 (verified pass 3)
assets/data/strings.bin.mid,315,line_315,購入,Purchase,Purchase,index_aligned_verified,high,index-aligned offset +0 (verified pass 3)
assets/data/strings.bin.mid,316,line_316,キャンセル,Cancel,Cancel,index_aligned_verified,high,index-aligned offset +0 (verified pass 3)
assets/data/strings.bin.mid,317,line_317,閉じる,,Close,jp_added_ui,medium,"JP-added line, no EN partner; JP-added: Close button label; proposed carried from TM"
assets/data/strings.bin.mid,318,line_318,毒を,Do you wish to use ,Do you wish to use ,index_aligned_verified,high,index-aligned offset -1 (verified pass 3); split-string group — translate together
assets/data/strings.bin.mid,319,line_319,個使用する？, toxin?, toxin?,index_aligned_verified,high,index-aligned offset -1 (verified pass 3); split-string group — translate together
assets/data/strings.bin.mid,320,line_320,毒を使う,Use Toxin,Use Toxin,index_aligned_verified,high,index-aligned offset -1 (verified pass 3)
assets/data/strings.bin.mid,321,line_321,毒が不足している。今すぐ購入する？,You don't have enough toxin to do that.  Would you like to add some now?,You don't have enough toxin to do that.  Would you like to add some now?,index_aligned_verified,high,index-aligned offset -1 (verified pass 3)
assets/data/strings.bin.mid,322,line_322,毒が不足している。,,You don't have enough Toxin.,jp_added_ui,medium,"JP-added line, no EN partner; JP-added: short ""not enough Toxin"" variant; proposed carried from TM"
assets/data/strings.bin.mid,323,line_323,毒を購入,Add Toxin,Add Toxin,index_aligned_verified,high,index-aligned offset -2 (verified pass 3)
assets/data/strings.bin.mid,324,line_324,店を消去,Delete Café,Delete Café,index_aligned_verified,high,index-aligned offset -2 (verified pass 3)
assets/data/strings.bin.mid,325,line_325,店を消去すると、店が始めからになります。本当に消去しますか？,Your café will be deleted - next time you play you will start from the beginning. Are you sure?,Your café will be deleted - next time you play you will start from the beginning. Are you sure?,index_aligned_verified,high,index-aligned offset -2 (verified pass 3)
assets/data/strings.bin.mid,326,line_326,本当ですか？全てのデータが消えてしまいますよ？！,Are you sure? You will lose all of your progress!,Are you sure? You will lose all of your progress!,index_aligned_verified,high,index-aligned offset -2 (verified pass 3)
assets/data/strings.bin.mid,327,line_327,クビにする,Fire Zombie,Fire Zombie,index_aligned_verified,high,index-aligned offset -2 (verified pass 3)
assets/data/strings.bin.mid,328,line_328,アバター変更,Change Avatar,Change Avatar,index_aligned_verified,high,index-aligned offset -2 (verified pass 3)
assets/data/strings.bin.mid,329,line_329,チップ,tip,tip,index_aligned_verified,high,index-aligned offset -2 (verified pass 3)
assets/data/strings.bin.mid,330,line_330,売却：$,Sell this item for $,Sell this item for $,index_aligned_verified,high,index-aligned offset -2 (verified pass 3)
assets/data/strings.bin.mid,331,line_331,売却,Sell,Sell,index_aligned_verified,high,index-aligned offset -2 (verified pass 3)
assets/data/strings.bin.mid,332,line_332,最低1個は必要だ！,You must have at least one of these at all times!,You must have at least one of these at all times!,index_aligned_verified,high,index-aligned offset -2 (verified pass 3)
assets/data/strings.bin.mid,333,line_333,開店した店：,Opened shop:,Opened shop:,index_aligned_verified,high,index-aligned offset -2 (verified pass 3)
assets/data/strings.bin.mid,334,line_334,合計経験値,Total XP,Total XP,index_aligned_verified,high,index-aligned offset -2 (verified pass 3)
assets/data/strings.bin.mid,335,line_335,,,,index_aligned_verified,high,index-aligned offset -2 (verified pass 3)
assets/data/strings.bin.mid,336,line_336,辛い,Spicy,Spicy,index_aligned_verified,high,index-aligned offset -2 (verified pass 3)
assets/data/strings.bin.mid,337,line_337,激辛,Very Spicy,Very Spicy,index_aligned_verified,high,index-aligned offset -2 (verified pass 3)
assets/data/strings.bin.mid,338,line_338,高級,Fancy,Fancy,index_aligned_verified,high,index-aligned offset -2 (verified pass 3)
assets/data/strings.bin.mid,339,line_339,超高級,Very Fancy,Very Fancy,index_aligned_verified,high,index-aligned offset -2 (verified pass 3)
assets/data/strings.bin.mid,340,line_340,巨大,Bulk,Bulk,index_aligned_verified,high,index-aligned offset -2 (verified pass 3)
assets/data/strings.bin.mid,341,line_341,新鮮,Fresh,Fresh,index_aligned_verified,high,index-aligned offset -2 (verified pass 3)
assets/data/strings.bin.mid,342,line_342,冷凍,Frozen,Frozen,index_aligned_verified,high,index-aligned offset -2 (verified pass 3)
assets/data/strings.bin.mid,343,line_343,温かい,Quick,Quick,index_aligned_verified,high,index-aligned offset -2 (verified pass 3)
assets/data/strings.bin.mid,344,line_344,出来立て,Very Quick,Very Quick,index_aligned_verified,high,index-aligned offset -2 (verified pass 3)
assets/data/strings.bin.mid,345,line_345,再開まで,Reopening in ,Reopening in ,index_aligned_verified,high,index-aligned offset -2 (verified pass 3)
assets/data/strings.bin.mid,346,line_346,ライバル店に客をとられているぞ！,A Competitor is Stealing Your Customers!,A Competitor is Stealing Your Customers!,index_aligned_verified,high,index-aligned offset -2 (verified pass 3)
assets/data/strings.bin.mid,347,line_347,が\近所にライバル店をオープンさせた。\襲撃して、店の人気を取り戻そう。,has established a thriving business in your area - raid their restaurant now to recover your star rating!,has established\a rival café in your area.\Raid them now to win back your customers!,index_aligned_verified,medium,index-aligned offset -2 (verified pass 3); EN reference breaks placeholder contract (\ 2->0) — crafted EN required; proposed carried from TM
assets/data/strings.bin.mid,348,line_348,今すぐ襲撃！,Raid Now!,Raid Now!,index_aligned_verified,high,index-aligned offset -2 (verified pass 3)
assets/data/strings.bin.mid,349,line_349,カフェ,Café,Café,index_aligned_verified,high,index-aligned offset -2 (verified pass 3)
assets/data/strings.bin.mid,350,line_350,ダイナー,Diner,Diner,index_aligned_verified,high,index-aligned offset -2 (verified pass 3)
assets/data/strings.bin.mid,351,line_351,イタリア料理,Italian Eatery,Italian Eatery,index_aligned_verified,high,index-aligned offset -2 (verified pass 3)
assets/data/strings.bin.mid,352,line_352,アジア料理,Asian Restaurant,Asian Restaurant,index_aligned_verified,high,index-aligned offset -2 (verified pass 3)
assets/data/strings.bin.mid,353,line_353,メキシコ料理,Tex Mex,Tex Mex,index_aligned_verified,high,index-aligned offset -2 (verified pass 3)
assets/data/strings.bin.mid,354,line_354,パブ,Pub,Pub,index_aligned_verified,high,index-aligned offset -2 (verified pass 3)
assets/data/strings.bin.mid,355,line_355,家,Chez,Chez,index_aligned_verified,high,index-aligned offset -2 (verified pass 3)
assets/data/strings.bin.mid,356,line_356,研究所,Lab,Lab,index_aligned_verified,high,index-aligned offset -2 (verified pass 3)
assets/data/strings.bin.mid,357,line_357,店,Restaurant,Restaurant,index_aligned_verified,high,index-aligned offset -2 (verified pass 3)
assets/data/strings.bin.mid,358,line_358,注文が完了した！,Your food order has been sent!,Your food order has been sent!,index_aligned_verified,high,index-aligned offset +2 (verified pass 3)
assets/data/strings.bin.mid,359,line_359,友達への注文は1日1品だ！,You can only send one order to each friend per day!,You can only send one order to each friend per day!,index_aligned_verified,high,index-aligned offset +2 (verified pass 3)
assets/data/strings.bin.mid,360,line_360,OK,OK,OK,index_aligned_verified,high,index-aligned offset +2 (verified pass 3)
assets/data/strings.bin.mid,361,line_361,日付と時刻設定が間違っています。修正後もう一度お試しください。,Your time or date appears to be set wrong.  Please check your clock settings and try again.,Your time or date appears to be set wrong.  Please check your clock settings and try again.,index_aligned_verified,high,index-aligned offset +2 (verified pass 3)
assets/data/strings.bin.mid,362,line_362,連続調理ボーナス,Online Frequent Fryer,Online Frequent Fryer,index_aligned_verified,high,index-aligned offset +2 (verified pass 3)
assets/data/strings.bin.mid,363,line_363,グッジョブ！,Great Job!,Great Job!,index_aligned_verified,high,index-aligned offset +2 (verified pass 3)
assets/data/strings.bin.mid,364,line_364,連続調理日数：,You have returned to cook for:,You have returned to cook for:,index_aligned_verified,high,index-aligned offset +2 (verified pass 3)
assets/data/strings.bin.mid,365,line_365,day in,day in,day in,index_aligned_verified,high,index-aligned offset +2 (verified pass 3)
assets/data/strings.bin.mid,366,line_366,days in,days in,days in,index_aligned_verified,high,index-aligned offset +2 (verified pass 3)
assets/data/strings.bin.mid,367,line_367,日,a row,a row,index_aligned_verified,high,index-aligned offset +2 (verified pass 3)
assets/data/strings.bin.mid,368,line_368,調理済みの料理を獲得：,You are entitled to a prepared meal of:,You are entitled to a prepared meal of:,index_aligned_verified,high,index-aligned offset +2 (verified pass 3)
assets/data/strings.bin.mid,369,line_369,明日のボーナス：,Tomorrow's Bonus:,Tomorrow's Bonus:,index_aligned_verified,high,index-aligned offset +2 (verified pass 3)
assets/data/strings.bin.mid,370,line_370,ボーナスを獲得：,You are entitled to a reward of:,You are entitled to a reward of:,index_aligned_verified,high,index-aligned offset +2 (verified pass 3)
assets/data/strings.bin.mid,371,line_371,謎の料理,Mystery Dish,Mystery Dish,index_aligned_verified,high,index-aligned offset +2 (verified pass 3)
assets/data/strings.bin.mid,372,line_372,毒, toxin, toxin,index_aligned_verified,high,index-aligned offset +2 (verified pass 3)
assets/data/strings.bin.mid,373,line_373,売上の回収,Collect Fees,Collect Fees,index_aligned_verified,high,index-aligned offset +2 (verified pass 3)
assets/data/strings.bin.mid,374,line_374,コスト：,Cost:,Cost:,index_aligned_verified,high,index-aligned offset +2 (verified pass 3)
assets/data/strings.bin.mid,375,line_375,調理時間：,Cook Time:,Cook Time:,index_aligned_verified,high,index-aligned offset +2 (verified pass 3)
assets/data/strings.bin.mid,376,line_376,売上：,Earns:,Earns:,index_aligned_verified,high,index-aligned offset +2 (verified pass 3)
assets/data/strings.bin.mid,377,line_377,受諾,Cook,Cook,index_aligned_verified,high,index-aligned offset +2 (verified pass 3)
assets/data/strings.bin.mid,378,line_378,拒否,Reject,Reject,index_aligned_verified,high,index-aligned offset +2 (verified pass 3)
assets/data/strings.bin.mid,379,line_379,配達,Deliver,Deliver,index_aligned_verified,high,index-aligned offset +2 (verified pass 3)
assets/data/strings.bin.mid,380,line_380,あなたが注文した,Your order of ,Your order of ,index_aligned_verified,high,index-aligned offset +2 (verified pass 3)
assets/data/strings.bin.mid,381,line_381,を調理してくれた友達：, has been filled by , has been filled by ,index_aligned_verified,high,index-aligned offset +2 (verified pass 3)
assets/data/strings.bin.mid,382,line_382,友達から届いた注文：,You have received an order of ,You have received an order of ,index_aligned_verified,high,index-aligned offset +2 (verified pass 3)
assets/data/strings.bin.mid,383,line_383,から, from , from ,index_aligned_verified,high,index-aligned offset +2 (verified pass 3)
assets/data/strings.bin.mid,384,line_384,から,From ,From ,index_aligned_verified,high,index-aligned offset +2 (verified pass 3)
assets/data/strings.bin.mid,385,line_385,～,For ,For ,index_aligned_verified,high,index-aligned offset +2 (verified pass 3)
assets/data/strings.bin.mid,386,line_386,料理は無事に届けられた！,Your food has been delivered!,Your food has been delivered!,index_aligned_verified,high,index-aligned offset +2 (verified pass 3)
assets/data/strings.bin.mid,387,line_387,あなた,You,You,index_aligned_verified,high,index-aligned offset +2 (verified pass 3)
assets/data/strings.bin.mid,388,line_388,本当にこの料理を捨てる？,Are you sure you want to throw out this dish?,Are you sure you want to throw out this dish?,index_aligned_verified,high,index-aligned offset +2 (verified pass 3)
assets/data/strings.bin.mid,389,line_389,捨てる,Throw Out,Throw Out,index_aligned_verified,high,index-aligned offset +2 (verified pass 3)
assets/data/strings.bin.mid,390,line_390,完了！,Ready!,Ready!,index_aligned_verified,high,index-aligned offset +2 (verified pass 3)
assets/data/strings.bin.mid,391,line_391,焦げた,Burned,Burned,index_aligned_verified,high,index-aligned offset +2 (verified pass 3)
assets/data/strings.bin.mid,392,line_392,この料理を作るコンロがないぞ！,You have no stoves available to cook this dish!,You have no stoves available to cook this dish!,index_aligned_verified,high,index-aligned offset +2 (verified pass 3)
assets/data/strings.bin.mid,393,line_393,最大レベル,MAX LEVEL,MAX LEVEL,index_aligned_verified,high,index-aligned offset +2 (verified pass 3)
assets/data/strings.bin.mid,394,line_394,注文,Order Food,Order Food,index_aligned_verified,high,index-aligned offset +2 (verified pass 3)
assets/data/strings.bin.mid,395,line_395,ギフト,Give Gift,Give Gift,index_aligned_verified,high,index-aligned offset +2 (verified pass 3)
assets/data/strings.bin.mid,396,line_396,受け取ったギフト：,You have received a gift of ,You have received a gift of ,index_aligned_verified,high,index-aligned offset +2 (verified pass 3)
assets/data/strings.bin.mid,397,line_397,送り主：, from , from ,index_aligned_verified,high,index-aligned offset +2 (verified pass 3)
assets/data/strings.bin.mid,398,line_398,Facebookに画像をアップロードしますか？,Would you like to upload this picture to Facebook?,Would you like to upload this picture to Facebook?,index_aligned_verified,high,index-aligned offset +2 (verified pass 3)
assets/data/strings.bin.mid,399,line_399,Facebookに画像がアップロードされました！,Your image has successfully been uploaded to Facebook.,Your image has successfully been uploaded to Facebook.,index_aligned_verified,high,index-aligned offset +2 (verified pass 3)
assets/data/strings.bin.mid,400,line_400,Facebookへの画像のアップロードに失敗しました。,"Sorry, your image could not be uploaded to Facebook.","Sorry, your image could not be uploaded to Facebook.",index_aligned_verified,high,index-aligned offset +2 (verified pass 3)
assets/data/strings.bin.mid,401,line_401,これが私のゾンビカフェだ！,Check out my Zombie Café!,Check out my Zombie Café!,index_aligned_verified,high,index-aligned offset +2 (verified pass 3)
assets/data/strings.bin.mid,402,line_402,毒を購入！,Get More Toxin!,Get More Toxin!,index_aligned_verified,high,index-aligned offset +2 (verified pass 3)
assets/data/strings.bin.mid,403,line_403,Google Playへの接続に失敗。,Could not connect to app store.,Could not connect to app store.,index_aligned_verified,high,index-aligned offset +2 (verified pass 3)
assets/data/strings.bin.mid,404,line_404,毒,Toxin......,Toxin......,index_aligned_verified,high,index-aligned offset +2 (verified pass 3)
assets/data/strings.bin.mid,405,line_405,ドラッグで新しいアイテムを設置。,Drag the new item to place it.,Drag the new item to place it.,index_aligned_verified,high,index-aligned offset +2 (verified pass 3)
assets/data/strings.bin.mid,406,line_406,ゾンビを1体増やせるぞ。客を感染させよう！,You have room for another zombie staff member. Infect another customer!,You have room for another zombie staff member. Infect another customer!,index_aligned_verified,high,index-aligned offset +2 (verified pass 3)
assets/data/strings.bin.mid,407,line_407,レベルアップするまで、これ以上ゾンビは増やせない。ゾンビをクビにすれば新しく雇えるぞ！,"Your staff is full.  Level up to increase your staff size, or fire a zombie to make room.","Your staff is full.  Level up to increase your staff size, or fire a zombie to make room.",index_aligned_verified,high,index-aligned offset +2 (verified pass 3)
assets/data/strings.bin.mid,408,line_408,この場所は利用できない。購入前に障害物を片付けよう！,This location is invalid. Please move the item before placing.,This location is invalid. Please move the item before placing.,index_aligned_verified,high,index-aligned offset +2 (verified pass 3)
assets/data/strings.bin.mid,409,line_409,その店は現在営業していないようだ。,The café you are trying to visit is currently unavailable.,The café you are trying to visit is currently unavailable.,index_aligned_verified,high,index-aligned offset +2 (verified pass 3)
assets/data/strings.bin.mid,410,line_410,従業員を見つけるのは大変だ。人気店を目指すには、優秀な従業員が必要だぞ。,Good help is hard to find - which is why it's best to staff your up-and-coming café business with zombie minions.,Good help is hard to find - which is why it's best to staff your up-and-coming café business with zombie minions.,index_aligned_verified,high,index-aligned offset +2 (verified pass 3)
assets/data/strings.bin.mid,411,line_411,襲撃できるゾンビがいない！,You can't attack this café! You have no zombies to attack with!,You can't attack this café! You have no zombies to attack with!,index_aligned_verified,high,index-aligned offset +2 (verified pass 3)
assets/data/strings.bin.mid,412,line_412,の店のレベルが上がった。こんな時に作るのは、, has taken their Zombie Café to a new level. Time to whip up some , has taken their Zombie Café to a new level. Time to whip up some ,index_aligned_verified,high,index-aligned offset +2 (verified pass 3)
assets/data/strings.bin.mid,413,line_413,新たに,Join up with ,Join up with ,index_aligned_verified,high,index-aligned offset +2 (verified pass 3)
assets/data/strings.bin.mid,414,line_414,の店と提携して共にゾンビのレストラン業界の頂点に立とう！,'s franchise to trade dishes and conquer the food-services world in Zombie Café for Android!,'s franchise to trade dishes and conquer the food-services world in Zombie Café for Android!,index_aligned_verified,high,index-aligned offset +2 (verified pass 3)
assets/data/strings.bin.mid,415,line_415,のゾンビが皆のために,'s zombies have defeated ,'s zombies have defeated ,index_aligned_verified,high,index-aligned offset +2 (verified pass 3)
assets/data/strings.bin.mid,416,line_416,を倒した！, for everyone!, for everyone!,index_aligned_verified,high,index-aligned offset +2 (verified pass 3)
assets/data/strings.bin.mid,417,line_417,このゾンビはこれまで, the zombie has served , the zombie has served ,index_aligned_verified,high,index-aligned offset +2 (verified pass 3)
assets/data/strings.bin.mid,418,line_418,人の接客とキルは, customers (and killed , customers (and killed ,index_aligned_verified,high,index-aligned offset +2 (verified pass 3)
assets/data/strings.bin.mid,419,line_419,人を、,) in service at ,) in service at ,index_aligned_verified,high,index-aligned offset +2 (verified pass 3)
assets/data/strings.bin.mid,420,line_420,の店で行った。,'s café. ,'s café. ,index_aligned_verified,high,index-aligned offset +2 (verified pass 3)
assets/data/strings.bin.mid,421,line_421,が新しい料理を覚えた：, has learned to cook , has learned to cook ,index_aligned_verified,high,index-aligned offset +2 (verified pass 3)
assets/data/strings.bin.mid,422,line_422,注文して自分のレシピに追加しよう。,! Order some from their café to unlock it yourself. ,! Order some from their café to unlock it yourself. ,index_aligned_verified,high,index-aligned offset +2 (verified pass 3)
assets/data/strings.bin.mid,423,line_423,Facebookへの投稿に失敗した。,"Sorry, your story could not be posted to Facebook.","Sorry, your story could not be posted to Facebook.",index_aligned_verified,high,index-aligned offset +2 (verified pass 3)
assets/data/strings.bin.mid,424,line_424,仕事,Work,Work,index_aligned_verified,high,index-aligned offset +2 (verified pass 3)
assets/data/strings.bin.mid,425,line_425,休憩,Rest,Rest,index_aligned_verified,high,index-aligned offset +2 (verified pass 3)
assets/data/strings.bin.mid,426,line_426,襲撃,Attack,Attack,index_aligned_verified,high,index-aligned offset +2 (verified pass 3)
assets/data/strings.bin.mid,427,line_427,エネルギー補給,Fill Energy,Fill Energy,index_aligned_verified,high,index-aligned offset +2 (verified pass 3)
assets/data/strings.bin.mid,428,line_428,感染,Infect,Infect,index_aligned_verified,high,index-aligned offset +2 (verified pass 3)
assets/data/strings.bin.mid,429,line_429,写真,Photo,Photo,index_aligned_verified,high,index-aligned offset +2 (verified pass 3)
assets/data/strings.bin.mid,430,line_430,情報,Info,Info,index_aligned_verified,high,index-aligned offset +2 (verified pass 3)
assets/data/strings.bin.mid,431,line_431,今は働ける従業員がいないようだ。1人を選択して、もう一度指示しよう。,You do not have any free staff at the moment. Try selecting one of them and issuing the command again.,You do not have any free staff at the moment. Try selecting one of them and issuing the command again.,index_aligned_verified,high,index-aligned offset +2 (verified pass 3)
assets/data/strings.bin.mid,432,line_432,捨てる,Discard,Discard,index_aligned_verified,high,index-aligned offset +2 (verified pass 3)
assets/data/strings.bin.mid,433,line_433,終了,Finish,Finish,index_aligned_verified,high,index-aligned offset +2 (verified pass 3)
assets/data/strings.bin.mid,434,line_434,金が足りないようだ。料理を出して金を稼ぐか、ショップで毒と交換だ。,"You don't have enough cash. Serve more food to earn cash, or buy cash in the store using Toxin.","You don't have enough cash. Serve more food to earn cash, or buy cash in the store using Toxin.",index_aligned_verified,high,index-aligned offset +2 (verified pass 3)
assets/data/strings.bin.mid,435,line_435,金が足りないようだ。料理を出して金を稼げ。,,You don't have enough cash. Serve more food to earn cash.,jp_added_ui,medium,"JP-added line, no EN partner; JP-added: short ""not enough cash"" variant (no store pitch); proposed carried from TM"
assets/data/strings.bin.mid,436,line_436,調理が必要, - Cook needed, - Cook needed,index_aligned_verified,high,index-aligned offset +1 (verified pass 3)
assets/data/strings.bin.mid,437,line_437,料理を届けた。,Your food has been sent.,Your food has been sent.,index_aligned_verified,high,index-aligned offset +1 (verified pass 3)
assets/data/strings.bin.mid,438,line_438,料理の配達に失敗した。後でもう一度お試しください。,"Sorry, your food was not sent. Please try again later.","Sorry, your food was not sent. Please try again later.",index_aligned_verified,high,index-aligned offset +1 (verified pass 3)
assets/data/strings.bin.mid,439,line_439,まずは従業員を選択。それからテーブルかカウンター、シンクをタップして指示を与えよう。,"Please select a staff member first, then touch a table, serving counter or sink to make them serve.","Please select a staff member first, then touch a table, serving counter or sink to make them serve.",index_aligned_verified,high,index-aligned offset +1 (verified pass 3)
assets/data/strings.bin.mid,440,line_440,このアイテムをこれ以上置くには金が足りない,You don't have enough cash to place more of this item.,You don't have enough cash to place more of this item.,index_aligned_verified,high,index-aligned offset +1 (verified pass 3)
assets/data/strings.bin.mid,441,line_441,復活,Salvage,Salvage,index_aligned_verified,high,index-aligned offset +1 (verified pass 3)
assets/data/strings.bin.mid,442,line_442,今は毒を買えない。,Toxin purchase is unavailable at this time.,Toxin purchase is unavailable at this time.,index_aligned_verified,high,index-aligned offset +1 (verified pass 3)
assets/data/strings.bin.mid,443,line_443,あなたの店,Your Café,Your Café,index_aligned_verified,high,index-aligned offset +1 (verified pass 3)
assets/data/strings.bin.mid,444,line_444,ランダムで選んだ店,Random Café,Random Café,index_aligned_verified,high,index-aligned offset +1 (verified pass 3)
assets/data/strings.bin.mid,445,line_445,？,?,?,index_aligned_verified,high,index-aligned offset +1 (verified pass 3)
assets/data/strings.bin.mid,446,line_446,このゾンビのエネルギーは越えている：,This zombie's energy is above ,This zombie's energy is above ,index_aligned_verified,high,index-aligned offset +1 (verified pass 3)
assets/data/strings.bin.mid,447,line_447,本当にメインメニューに戻るかい？,Are you sure you want to return to the main menu?,Are you sure you want to return to the main menu?,index_aligned_verified,high,index-aligned offset +1 (verified pass 3)
assets/data/strings.bin.mid,448,line_448,本当に逃げるのかい？,Are you sure you want to retreat?,Are you sure you want to retreat?,index_aligned_verified,high,index-aligned offset +1 (verified pass 3)
assets/data/strings.bin.mid,449,line_449,レシピで詳細を確認しよう,CHECK THE RECIPE BOOK FOR DETAILS,CHECK THE RECIPE BOOK FOR DETAILS,index_aligned_verified,high,index-aligned offset +1 (verified pass 3)
assets/data/strings.bin.mid,450,line_450,この料理を作るにはレベルが足りない。,The selected recipe is above your level.,The selected recipe is above your level.,index_aligned_verified,high,index-aligned offset +1 (verified pass 3)
assets/data/strings.bin.mid,451,line_451,「ゾンビカフェ」を遊んでいる友達を発見！,Your franchise now has ,Your franchise now has ,index_aligned_verified,high,index-aligned offset +1 (verified pass 3); split-string group — translate together
assets/data/strings.bin.mid,452,line_452,人確認したぞ！ボーナスで毒を, cafés run by your friends! You get , cafés run by your friends! You get ,index_aligned_verified,high,index-aligned offset +1 (verified pass 3); split-string group — translate together
assets/data/strings.bin.mid,453,line_453,個ゲット。, toxin., toxin.,index_aligned_verified,high,index-aligned offset +1 (verified pass 3); split-string group — translate together
assets/data/strings.bin.mid,454,line_454,次のボーナスには友達, Your next reward will be for reaching , Your next reward will be for reaching ,index_aligned_verified,high,index-aligned offset +1 (verified pass 3); split-string group — translate together
assets/data/strings.bin.mid,455,line_455,人が必要だ。, playing friends., playing friends.,index_aligned_verified,high,index-aligned offset +1 (verified pass 3); split-string group — translate together
assets/data/strings.bin.mid,456,line_456,毒をゲット！,EARN TOXIN!,EARN TOXIN!,index_aligned_verified,high,index-aligned offset +1 (verified pass 3)
assets/data/strings.bin.mid,457,line_457,料理を注文,Order Food,Order Food,index_aligned_verified,high,index-aligned offset +1 (verified pass 3)
assets/data/strings.bin.mid,458,line_458,の店,'s café,'s café,index_aligned_verified,high,index-aligned offset +1 (verified pass 3)
assets/data/strings.bin.mid,459,line_459,接続に失敗しました。後でもう一度お試しください。,Unable to connect. Please try again later.,Unable to connect. Please try again later.,index_aligned_verified,high,index-aligned offset +1 (verified pass 3)
assets/data/strings.bin.mid,460,line_460,はい,Yes,Yes,index_aligned_verified,high,index-aligned offset +1 (verified pass 3)
assets/data/strings.bin.mid,461,line_461,いいえ,No,No,index_aligned_verified,high,index-aligned offset +1 (verified pass 3)
assets/data/strings.bin.mid,462,line_462,店に行く,Visit Café,Visit Café,index_aligned_verified,high,index-aligned offset +1 (verified pass 3)
assets/data/strings.bin.mid,463,line_463,の調理が完了した。焦げる前にカウンターへ出そう。, is done cooking. Be sure to serve it before it burns., is done cooking. Be sure to serve it before it burns.,index_aligned_verified,high,index-aligned offset +1 (verified pass 3)
assets/data/strings.bin.mid,464,line_464,料理がなくなった。客が腹を立てて帰っていく。,Your café has run out of food to serve; customers are leaving unhappy.,Your café has run out of food to serve; customers are leaving unhappy.,index_aligned_verified,high,index-aligned offset +1 (verified pass 3)
assets/data/strings.bin.mid,465,line_465,ライバル店が客を奪っている！襲撃に行こう。,Another café is stealing your customers! You should pay them a visit.,Another café is stealing your customers! You should pay them a visit.,index_aligned_verified,high,index-aligned offset +1 (verified pass 3)
assets/data/strings.bin.mid,466,line_466,ゾンビを四六時中こき使っている！気をつけないと暴動が起きるかも。,GRRRAG! You've been overworking your zombies by changing the clock! Careful or they might revolt.,"You've been working your zombies around the clock! Careful, or they might revolt.",index_aligned_verified,medium,index-aligned offset +1 (verified pass 3); EN slot scolds clock-cheating; JP is generic overwork — crafted EN in TM; proposed carried from TM
assets/data/strings.bin.mid,467,line_467,「ゾンビカフェ」楽しんでる？今後も無料アップデートができるよう、Google Playでこのゲームに５つ星の評価をよろしく！,Great job! Having fun? Please rate Zombie Café 5 stars so we can keep the free updates coming!,Great job! Having fun? Please rate Zombie Café 5 stars so we can keep the free updates coming!,index_aligned_verified,high,index-aligned offset +1 (verified pass 3)
assets/data/strings.bin.mid,468,line_468,（毒の購入代金はGoogle Playのアカウントに課金されます）,(Toxin purchases will be charged to your iTunes account),(Toxin purchases will be charged to your Google Play account),index_aligned_verified,medium,"index-aligned offset +1 (verified pass 3); billing text: EN references iTunes/App Store, JP build bills Google Play; proposed carried from TM"
assets/data/strings.bin.mid,469,line_469,「ゾンビカフェ」 は無料でプレイできますが、ゲーム内で毒を購入することでアプリ内課金が発生します。,"By proceeding, you acknowledge you have read and understand the License Agreement in the App Store for this App, and accept all of its terms. Zombie Café is free to play, but you have the option to purchase extra Toxin.  Purchasing Toxin will charge your iTunes account.  You can disable the ability to make In-App Purchases in your device's settings.","Zombie Café is free to play, but you can buy extra Toxin as an in-app purchase.",index_aligned_verified,medium,"index-aligned offset +1 (verified pass 3); billing text: EN references iTunes/App Store, JP build bills Google Play; proposed carried from TM"
assets/data/strings.bin.mid,470,line_470,このアイテムを購入する前にチュートリアルを終えてください。,Please complete the tutorial before purchasing this item.,Please complete the tutorial before purchasing this item.,index_aligned_verified,high,index-aligned offset +1 (verified pass 3)
assets/data/strings.bin.mid,471,line_471,本当にクビにする？：,Are you sure you want to fire ,Are you sure you want to fire ,index_aligned_verified,high,index-aligned offset +1 (verified pass 3)
assets/data/strings.bin.mid,472,line_472,経験値,You've earned a ,xp,index_aligned_verified,medium,"index-aligned offset +1 (verified pass 3); xp-bonus fragment group: JP composes value-first — crafted EN, runtime-verify; split-string group — translate together; proposed carried from TM"
assets/data/strings.bin.mid,473,line_473,をゲット。レシピ, xp bonus for unlocking ,earned! Bonus for unlocking recipe:,index_aligned_verified,medium,"index-aligned offset +1 (verified pass 3); xp-bonus fragment group: JP composes value-first — crafted EN, runtime-verify; split-string group — translate together; proposed carried from TM"
assets/data/strings.bin.mid,474,line_474,を解除したボーナス！, recipes!,!,index_aligned_verified,medium,"index-aligned offset +1 (verified pass 3); xp-bonus fragment group: JP composes value-first — crafted EN, runtime-verify; split-string group — translate together; proposed carried from TM"
assets/data/strings.bin.mid,475,line_475,あと,Unlock ,Unlock ,index_aligned_verified,high,index-aligned offset +1 (verified pass 3); split-string group — translate together
assets/data/strings.bin.mid,476,line_476,つの新たなレシピを獲得して, more for a , more for a ,index_aligned_verified,high,index-aligned offset +1 (verified pass 3); split-string group — translate together
assets/data/strings.bin.mid,477,line_477,経験値をゲットだ！, xp bonus!, xp bonus!,index_aligned_verified,high,index-aligned offset +1 (verified pass 3); split-string group — translate together
assets/data/strings.bin.mid,478,line_478,戦わなかった相手：,They were no match for:,They were no match for:,index_aligned_verified,high,index-aligned offset +1 (verified pass 3)
assets/data/strings.bin.mid,479,line_479,何とか盗んだアイテム：,But they managed to steal:,But they managed to steal:,index_aligned_verified,high,index-aligned offset +1 (verified pass 3)
assets/data/strings.bin.mid,480,line_480,抵抗できなかった相手：,They couldn't stand up against:,They couldn't stand up against:,index_aligned_verified,high,index-aligned offset +1 (verified pass 3)
assets/data/strings.bin.mid,481,line_481,盗んだアイテム：,Here's what they stole:,Here's what they stole:,index_aligned_verified,high,index-aligned offset +1 (verified pass 3)
assets/data/strings.bin.mid,482,line_482,あなたが倒した相手：,You have defeated:,You have defeated:,index_aligned_verified,high,index-aligned offset +1 (verified pass 3)
assets/data/strings.bin.mid,483,line_483,次の店,Next Random,Next Random,index_aligned_verified,high,index-aligned offset +1 (verified pass 3)
assets/data/strings.bin.mid,484,line_484,あなたの店を襲撃した相手：,Your café was raided by ,Your café was raided by ,index_aligned_verified,high,index-aligned offset +1 (verified pass 3)
assets/data/strings.bin.mid,485,line_485,にゾンビを倒された。, has defeated your zombies., has defeated your zombies.,index_aligned_verified,high,index-aligned offset +1 (verified pass 3)
assets/data/strings.bin.mid,486,line_486,襲撃に来て撃退された相手：,Your zombies defended your café from ,Your zombies defended your café from ,index_aligned_verified,high,index-aligned offset +1 (verified pass 3)
assets/data/strings.bin.mid,487,line_487,あなたのゾンビが店を守って,Your zombies earned ,Your zombies earned ,index_aligned_verified,high,index-aligned offset +1 (verified pass 3); split-string group — translate together
assets/data/strings.bin.mid,488,line_488,経験値を手に入れた。,xp for defending your café.,xp for defending your café.,index_aligned_verified,high,index-aligned offset +1 (verified pass 3); split-string group — translate together
assets/data/strings.bin.mid,489,line_489,回収,Collect,Collect,index_aligned_verified,high,index-aligned offset +1 (verified pass 3)
assets/data/strings.bin.mid,490,line_490,襲撃成功：,Raid Wins: ,Raid Wins: ,index_aligned_verified,high,index-aligned offset +1 (verified pass 3)
assets/data/strings.bin.mid,491,line_491,／襲撃撃退：, / Café Defense Wins: , / Café Defense Wins: ,index_aligned_verified,high,index-aligned offset +1 (verified pass 3)
assets/data/strings.bin.mid,492,line_492,プレビュー,Preview,Preview,index_aligned_verified,high,index-aligned offset +1 (verified pass 3)
assets/data/strings.bin.mid,493,line_493,ロード,Load,Load,index_aligned_verified,high,index-aligned offset +1 (verified pass 3)
assets/data/strings.bin.mid,494,line_494,バックアップメモリー,Backup Saves,Backup Saves,index_aligned_verified,high,index-aligned offset +1 (verified pass 3)
assets/data/strings.bin.mid,495,line_495,店のロードに失敗しました。「ロード」をタップして、一つ前のデータをロードしてください。最新のデータをもう一度ロードするには、「戻る」をタップ！,"Oops! There was a problem loading your café. Please load a previous version of your café by pressing the load button. If you would like to try loading your current café again, press back.","Oops! There was a problem loading your café. Please load a previous version of your café by pressing the load button. If you would like to try loading your current café again, press back.",index_aligned_verified,high,index-aligned offset +1 (verified pass 3)
assets/data/strings.bin.mid,496,line_496,友達は1日5回ずつしか襲撃できない。別の店を襲おう！,You can only attack each friend once per day. Please try raiding another café.,You can only attack each friend once per day. Please try raiding another café.,index_aligned_verified,high,index-aligned offset +1 (verified pass 3)
assets/data/strings.bin.mid,497,line_497,同じ友達からの回収は1日1回までだ。また明日回収しよう。,You can only collect fees from a friend once per day. Please try again tomorrow.,You can only collect fees from a friend once per day. Please try again tomorrow.,index_aligned_verified,high,index-aligned offset +1 (verified pass 3)
assets/data/strings.bin.mid,498,line_498,ドアがふさがれているため、この店を襲撃できない！,You can not attack this player because they have blocked their staff's path to the door.,You can not attack this player because they have blocked their staff's path to the door.,index_aligned_verified,high,index-aligned offset +1 (verified pass 3)
assets/data/strings.bin.mid,499,line_499,友達に配達する料理を、本当に自分の店で出すか？,Are you sure you want to serve this dish in your own café? It was cooked for a friend (you'll need to visit them to deliver it).,Are you sure you want to serve this dish in your own café? It was cooked for a friend (you'll need to visit them to deliver it).,index_aligned_verified,high,index-aligned offset +1 (verified pass 3)
assets/data/strings.bin.mid,500,line_500,おすすめのアプリをプレイして、毒をゲット！,WATCH THESE SHORT VIDEOS AND EARN FREE TOXIN!,WATCH THESE SHORT VIDEOS AND EARN FREE TOXIN!,index_aligned_verified,high,index-aligned offset +1 (verified pass 3)
assets/data/strings.bin.mid,501,line_501,無料,FREE,FREE,index_aligned_verified,high,index-aligned offset +1 (verified pass 3)
assets/data/strings.bin.mid,502,line_502,今日だけ！,TODAY ONLY!,TODAY ONLY!,index_aligned_verified,high,index-aligned offset +1 (verified pass 3)
assets/data/strings.bin.mid,503,line_503,このアプリをプレイして毒を,DOWNLOAD AND LAUNCH THIS APP AND RECEIVE,DOWNLOAD AND LAUNCH THIS APP AND RECEIVE,index_aligned_verified,high,index-aligned offset +1 (verified pass 3); split-string group — translate together
assets/data/strings.bin.mid,504,line_504,個ゲット！, FREE TOXIN!, FREE TOXIN!,index_aligned_verified,high,index-aligned offset +1 (verified pass 3); split-string group — translate together
assets/data/strings.bin.mid,505,line_505,すぐにゲット！,Get it now!,Get it now!,index_aligned_verified,high,index-aligned offset +1 (verified pass 3)
assets/data/strings.bin.mid,506,line_506,毒ショップで、他のキャンペーンをチェック！,Check out the toxin store for more free toxin offers!,Check out the toxin store for more free toxin offers!,index_aligned_verified,high,index-aligned offset +1 (verified pass 3)
assets/data/strings.bin.mid,507,line_507,アプリのバージョンが古いため、友達にこのレシピを教えることはできない。,You can not give this recipe to this friend because they have not upgraded to the latest version.,You can not give this recipe to this friend because they have not upgraded to the latest version.,index_aligned_verified,high,index-aligned offset +1 (verified pass 3)
assets/data/strings.bin.mid,508,line_508,チップ：,Tip Rating: ,Tip Rating: ,index_aligned_verified,high,index-aligned offset +1 (verified pass 3)
assets/data/strings.bin.mid,509,line_509,スピード：,Atk. Speed: ,Atk. Speed: ,index_aligned_verified,high,index-aligned offset +1 (verified pass 3)
assets/data/strings.bin.mid,510,line_510,攻撃力：,Atk. Strength: ,Atk. Strength: ,index_aligned_verified,high,index-aligned offset +1 (verified pass 3)
assets/data/strings.bin.mid,511,line_511,サボりにくさ：,Energy: ,Energy: ,index_aligned_verified,high,index-aligned offset +1 (verified pass 3)
assets/data/strings.bin.mid,512,line_512,体力：,,Stamina:,jp_added_ui,medium,"JP-added line, no EN partner; JP-added: stat labels (Stamina/Regen) on the zombie card; proposed carried from TM"
assets/data/strings.bin.mid,513,line_513,蘇生：,,Regen:,jp_added_ui,medium,"JP-added line, no EN partner; JP-added: stat labels (Stamina/Regen) on the zombie card; proposed carried from TM"
assets/data/strings.bin.mid,514,line_514,？？？,DEFEAT TO UNLOCK,???,index_aligned_verified,medium,index-aligned offset -1 (verified pass 3); JP shows ??? where EN shows DEFEAT TO UNLOCK — keep ???; proposed carried from TM
assets/data/strings.bin.mid,515,line_515,15分間で一定量以上の毒を購入できません。15分後にもう一度お試しください。,"I'm sorry, but there is a limit on the number of Toxin you can purchase within 15 minutes.  Please wait 15 minutes before purchasing more Toxin.","I'm sorry, but there is a limit on the number of Toxin you can purchase within 15 minutes.  Please wait 15 minutes before purchasing more Toxin.",index_aligned_verified,high,index-aligned offset -1 (verified pass 3)
assets/data/strings.bin.mid,516,line_516,調理速度：,Cook Speed: ,Cook Speed: ,index_aligned_verified,high,index-aligned offset -1 (verified pass 3)
assets/data/strings.bin.mid,517,line_517,チップ増量：,Tip Multiplier: ,Tip Multiplier: ,index_aligned_verified,high,index-aligned offset -1 (verified pass 3)
assets/data/strings.bin.mid,518,line_518,ゾンビ回復：,Zombie Regen: ,Zombie Regen: ,index_aligned_verified,high,index-aligned offset -1 (verified pass 3)
assets/data/strings.bin.mid,519,line_519,調理経験値：,Cook XP: ,Cook XP: ,index_aligned_verified,high,index-aligned offset -1 (verified pass 3)
assets/data/strings.bin.mid,520,line_520,次のレベル：,NEXT LEVEL:,NEXT LEVEL:,index_aligned_verified,high,index-aligned offset -1 (verified pass 3)
assets/data/strings.bin.mid,521,line_521,体力ＵＰ, ENERGY, ENERGY,index_aligned_verified,high,index-aligned offset -1 (verified pass 3)
assets/data/strings.bin.mid,522,line_522,もう2週間も「ゾンビカフェ」に顔を出していないようだな！ゾンビが寂しがっているぞ。,You haven't visited your café in two weeks! Your zombies miss you.,You haven't visited your café in two weeks! Your zombies miss you.,index_aligned_verified,high,index-aligned offset -1 (verified pass 3)
assets/data/strings.bin.mid,523,line_523,が焦げてしまう！すぐにコンロをチェックしよう！, is about to burn! You need to check on your stove!, is about to burn! You need to check on your stove!,index_aligned_verified,high,index-aligned offset -1 (verified pass 3)
assets/data/strings.bin.mid,524,line_524,http://zc-ad.bij-games.com/r/appstore,http://www.capcomcanada.com/iphone/zc_update.htm,http://zc-ad.bij-games.com/r/appstore,index_aligned_verified,medium,index-aligned offset -1 (verified pass 3); service URL (bij-games ad redirect) — dead service; proposed carried from TM
assets/data/strings.bin.mid,525,line_525,プッシュお知らせ,Push Notifications,Push Notifications,index_aligned_verified,high,index-aligned offset -1 (verified pass 3)
assets/data/strings.bin.mid,526,line_526,お知らせ機能をオンにする,Enable Notifications,Enable Notifications,index_aligned_verified,high,index-aligned offset -1 (verified pass 3)
assets/data/strings.bin.mid,527,line_527,調理完了,Cooking Finished,Cooking Finished,index_aligned_verified,high,index-aligned offset -1 (verified pass 3)
assets/data/strings.bin.mid,528,line_528,料理が焦げた,Food Burned,Food Burned,index_aligned_verified,high,index-aligned offset -1 (verified pass 3)
assets/data/strings.bin.mid,529,line_529,料理がない,Out of Food,Out of Food,index_aligned_verified,high,index-aligned offset -1 (verified pass 3)
assets/data/strings.bin.mid,530,line_530,敵の襲撃,Enemy Raids,Enemy Raids,index_aligned_verified,high,index-aligned offset -1 (verified pass 3)
assets/data/strings.bin.mid,531,line_531,他のお知らせ,Other Notifications,Other Notifications,index_aligned_verified,high,index-aligned offset -1 (verified pass 3)
assets/data/strings.bin.mid,532,line_532,アップデート,Game Updates,Game Updates,index_aligned_verified,high,index-aligned offset -1 (verified pass 3)
assets/data/strings.bin.mid,533,line_533,お知らせを受け取らない：,Disable Notifications From:,Disable Notifications From:,index_aligned_verified,high,index-aligned offset -1 (verified pass 3)
assets/data/strings.bin.mid,534,line_534,～,to,to,index_aligned_verified,high,index-aligned offset -1 (verified pass 3)
assets/data/strings.bin.mid,535,line_535,AM,AM,AM,index_aligned_verified,high,index-aligned offset -1 (verified pass 3)
assets/data/strings.bin.mid,536,line_536,PM,PM,PM,index_aligned_verified,high,index-aligned offset -1 (verified pass 3)
assets/data/strings.bin.mid,537,line_537,編集,EDIT,EDIT,index_aligned_verified,high,index-aligned offset -1 (verified pass 3)
assets/data/strings.bin.mid,538,line_538,魔法の冷蔵庫からのギフト,A GIFT  FROM MAGIC FRIDGE!,A GIFT  FROM MAGIC FRIDGE!,index_aligned_verified,high,index-aligned offset -1 (verified pass 3)
assets/data/strings.bin.mid,539,line_539,デイリーボーナスの一品は,YOUR FREE DAILY DISH OF FOOD IS,YOUR FREE DAILY DISH OF FOOD IS,index_aligned_verified,high,index-aligned offset -1 (verified pass 3)
assets/data/strings.bin.mid,540,line_540,友達を招待,INVITE FRIENDS,INVITE FRIENDS,index_aligned_verified,high,index-aligned offset -1 (verified pass 3)
assets/data/strings.bin.mid,541,line_541,友達が紹介コードを入力すると毒が手に入るぞ！,EARN TOXIN IF THEY USE YOUR REFERRAL CODE,EARN TOXIN IF THEY USE YOUR REFERRAL CODE,index_aligned_verified,high,index-aligned offset -1 (verified pass 3)
assets/data/strings.bin.mid,542,line_542,Eメール,EMAIL,EMAIL,index_aligned_verified,high,index-aligned offset -1 (verified pass 3)
assets/data/strings.bin.mid,543,line_543,Facebook,FACEBOOK,FACEBOOK,index_aligned_verified,high,index-aligned offset -1 (verified pass 3)
assets/data/strings.bin.mid,544,line_544,紹介コード,REFERRAL CODE,REFERRAL CODE,index_aligned_verified,high,index-aligned offset -1 (verified pass 3)
assets/data/strings.bin.mid,545,line_545,紹介コード：, Referral Code: , Referral Code: ,index_aligned_verified,high,index-aligned offset -1 (verified pass 3)
assets/data/strings.bin.mid,546,line_546,紹介コードの入力：,Enter referral code:,Enter referral code:,index_aligned_verified,high,index-aligned offset -1 (verified pass 3)
assets/data/strings.bin.mid,547,line_547,ショートメッセージ,SMS,SMS,index_aligned_verified,high,index-aligned offset -1 (verified pass 3)
assets/data/strings.bin.mid,548,line_548,招待する友達を選ぶ：,Select contacts to invite:,Select contacts to invite:,index_aligned_verified,high,index-aligned offset -1 (verified pass 3)
assets/data/strings.bin.mid,549,line_549,元気かい？一緒に「ゾンビカフェ」で楽しまない？  http://market.android.com/details?id=com.capcom.smurfsandroidJP  ご機嫌な紹介コードを教えるよ：,Come join my hoard of undead chefs in the iOS game Zombie Café. Available for free on iTunes. Use the referral code: ,Hey! Come run a Zombie Café with me!  http://market.android.com/details?id=com.capcom.zombiecafeandroidJP,index_aligned_verified,medium,index-aligned offset -1 (verified pass 3); share message; JP original mis-links to Smurfs Village JP — see resolution doc; proposed carried from TM
assets/data/strings.bin.mid,550,line_550,紹介コードの入力を確認。毒をプレゼント！,Thank you for entering your friend's referral code. You've earned a toxin!,Thank you for entering your friend's referral code. You've earned a toxin!,index_aligned_verified,high,index-aligned offset -1 (verified pass 3)
assets/data/strings.bin.mid,551,line_551,このデバイスからは紹介コードがすでに入力済みです。,You have already entered a referral code from this device.,You have already entered a referral code from this device.,index_aligned_verified,high,index-aligned offset -1 (verified pass 3)
assets/data/strings.bin.mid,552,line_552,紹介コードが間違っています。,The code you entered is not valid.,The code you entered is not valid.,index_aligned_verified,high,index-aligned offset -1 (verified pass 3)
assets/data/strings.bin.mid,553,line_553,エラーが発生しました。後でもう一度お試しください。,An error has occurred. Please try again later.,An error has occurred. Please try again later.,index_aligned_verified,high,index-aligned offset -1 (verified pass 3)
assets/data/strings.bin.mid,554,line_554,紹介コードの入力,ENTER REFERRAL,ENTER REFERRAL,index_aligned_verified,high,index-aligned offset -1 (verified pass 3)
assets/data/strings.bin.mid,555,line_555,友達に紹介された場合は、紹介コードを入力してください。忘れても後から友達画面で入力できます。,"If you were referred by a friend, enter your referral code now! If you can't remember their code, you can enter it later from the Friends screen.","If you were referred by a friend, enter your referral code now! If you can't remember their code, you can enter it later from the Friends screen.",index_aligned_verified,high,index-aligned offset -1 (verified pass 3)
assets/data/strings.bin.mid,556,line_556,この機能を使うにはインターネット接続が必要です。接続後、もう一度お試しください。,You must have an internet connection to use this feature. Please connect to the internet and try again.,You must have an internet connection to use this feature. Please connect to the internet and try again.,index_aligned_verified,high,index-aligned offset -1 (verified pass 3)
assets/data/strings.bin.mid,557,line_557,友達に「ゾンビカフェ」に招待された！,Your friend has invited you to play Zombie Café!,Your friend has invited you to play Zombie Café!,index_aligned_verified,high,index-aligned offset -1 (verified pass 3)
assets/data/strings.bin.mid,558,line_558,元気かい？一緒に「ゾンビカフェ」で楽しまない？  http://market.android.com/details?id=com.capcom.smurfsandroidJP  ご機嫌な紹介コードを教えるよ：,Raaaarrrrggh!!!!! Come join my hoard of undead chefs in the iOS game Zombie Café as we cook meals and serve customers...for dinner! Available for free on iTunes. Use the referral code: ,Hey! Come run a Zombie Café with me!  http://market.android.com/details?id=com.capcom.zombiecafeandroidJP,index_aligned_verified,medium,index-aligned offset -1 (verified pass 3); share message; JP original mis-links to Smurfs Village JP — see resolution doc; proposed carried from TM
assets/data/strings.bin.mid,559,line_559,友達を「ゾンビカフェ」に招待してくれてありがとう！プレゼントをどうぞ！,Thank you for inviting your friends to Zombie Café! Here is a reward!,Thank you for inviting your friends to Zombie Café! Here is a reward!,index_aligned_verified,high,index-aligned offset -1 (verified pass 3)
assets/data/strings.bin.mid,560,line_560,インターネット環境によっては、ショートメッセージの送信に料金が発生する場合があります。,SMS text messages may incur charges depending on the service plan agreement with your service provider.,SMS text messages may incur charges depending on the service plan agreement with your service provider.,index_aligned_verified,high,index-aligned offset -1 (verified pass 3)
assets/data/strings.bin.mid,561,line_561,レシピ,COOK RECIPE,COOK RECIPE,index_aligned_verified,high,index-aligned offset -1 (verified pass 3)
assets/data/strings.bin.mid,562,line_562,死にたてのシェフ,Fresh Corpse Chef,Fresh Corpse Chef,index_aligned_verified,high,index-aligned offset -1 (verified pass 3)
assets/data/strings.bin.mid,563,line_563,死後硬直前のシェフ,Slightly-Decomposed Chef,Slightly-Decomposed Chef,index_aligned_verified,high,index-aligned offset -1 (verified pass 3)
assets/data/strings.bin.mid,564,line_564,死後硬直後のシェフ,Reeking Chef,Reeking Chef,index_aligned_verified,high,index-aligned offset -1 (verified pass 3)
assets/data/strings.bin.mid,565,line_565,この世をさ迷うシェフ,Rigor Mortised Chef,Rigor Mortised Chef,index_aligned_verified,high,index-aligned offset -1 (verified pass 3)
assets/data/strings.bin.mid,566,line_566,見習いゾンビシェフ,Maggoty Chef,Maggoty Chef,index_aligned_verified,high,index-aligned offset -1 (verified pass 3)
assets/data/strings.bin.mid,567,line_567,もうすぐゾンビシェフ,Oozing Chef,Oozing Chef,index_aligned_verified,high,index-aligned offset -1 (verified pass 3)
assets/data/strings.bin.mid,568,line_568,ゾンビシェフ,Living Dead Chef,Living Dead Chef,index_aligned_verified,high,index-aligned offset -1 (verified pass 3)
assets/data/strings.bin.mid,569,line_569,ミイラ化したシェフ,Mummified Chef,Mummified Chef,index_aligned_verified,high,index-aligned offset -1 (verified pass 3)
assets/data/strings.bin.mid,570,line_570,最悪の悪夢のシェフ,Worst Nightmare Chef,Worst Nightmare Chef,index_aligned_verified,high,index-aligned offset -1 (verified pass 3)
assets/data/strings.bin.mid,571,line_571,人間の形をとどめていないシェフ,Inhuman Remains Chef,Inhuman Remains Chef,index_aligned_verified,high,index-aligned offset -1 (verified pass 3)
assets/data/strings.bin.mid,572,line_572,テーブルかイスを選択してチュートリアルを続ける。,Please select a table or chair to continue the tutorial.,Please select a table or chair to continue the tutorial.,index_aligned_verified,high,index-aligned offset -1 (verified pass 3)
assets/data/strings.bin.mid,573,line_573,イスはすでに配置済み。テーブルを選択してチュートリアルを続ける。,You have already placed a chair. Please select a table to continue the tutorial.,You have already placed a chair. Please select a table to continue the tutorial.,index_aligned_verified,high,index-aligned offset -1 (verified pass 3)
assets/data/strings.bin.mid,574,line_574,テーブルはすでに配置済み。イスを選択してチュートリアル続ける。,You have already placed a table. Please select a chair to continue the tutorial.,You have already placed a table. Please select a chair to continue the tutorial.,index_aligned_verified,high,index-aligned offset -1 (verified pass 3)
assets/data/strings.bin.mid,575,line_575,コンロを選択してチュートリアルを続ける。,Please select a stove to continue the tutorial.,Please select a stove to continue the tutorial.,index_aligned_verified,high,index-aligned offset -1 (verified pass 3)
assets/data/strings.bin.mid,576,line_576,店の客数が増えてきた。コンロを増やして、もっと料理を作ろう。,"Now that your café has more customers, you should buy another stove so you can cook multiple dishes.","Now that your café has more customers, you should buy another stove so you can cook multiple dishes.",index_aligned_verified,high,index-aligned offset -1 (verified pass 3)
assets/data/strings.bin.mid,577,line_577,店を広げることもできる。ショップメニューのカフェの拡張で、店を拡大しよう！,Did you know you can expand your café? Purchase café expansions in the store to make your café bigger!,Did you know you can expand your café? Purchase café expansions in the store to make your café bigger!,index_aligned_verified,high,index-aligned offset -1 (verified pass 3)
assets/data/strings.bin.mid,578,line_578,雇えるゾンビの数が増えた。客を感染させよう！,"Now that you have an empty zombie slot, you should infect another customer.","Now that you have an empty zombie slot, you should infect another customer.",index_aligned_verified,high,index-aligned offset -1 (verified pass 3)
assets/data/strings.bin.mid,579,line_579,コンロが空いたら、新たな料理を作ろう！,"Now that your stove is empty, you should cook another dish.","Now that your stove is empty, you should cook another dish.",index_aligned_verified,high,index-aligned offset -1 (verified pass 3)
assets/data/strings.bin.mid,580,line_580,コンロに放置された料理は焦げてしまうぞ！シェフ、コンロの順にタップして、シェフを向かわせよう。,A dish will burn if it does not have a cook assigned to it. Assign your chef to the stove by touching your chef and then the stove.,A dish will burn if it does not have a cook assigned to it. Assign your chef to the stove by touching your chef and then the stove.,index_aligned_verified,high,index-aligned offset -1 (verified pass 3)
assets/data/strings.bin.mid,581,line_581,ランク：,RANK: ,RANK: ,index_aligned_verified,high,index-aligned offset -1 (verified pass 3)
assets/data/strings.bin.mid,582,line_582,レア,RARE,RARE,index_aligned_verified,high,index-aligned offset -1 (verified pass 3)
assets/data/strings.bin.mid,583,line_583,注文,ORDER,ORDER,index_aligned_verified,high,index-aligned offset -1 (verified pass 3)
assets/data/strings.bin.mid,584,line_584,この料理を作るにはレベルが足りないぞ,You do not meet the level requirements to cook this recipe.,You do not meet the level requirements to cook this recipe.,index_aligned_verified,high,index-aligned offset -1 (verified pass 3)
assets/data/strings.bin.mid,585,line_585,料理が少しだけ焦げにくい。,Takes longer to burn.,Takes longer to burn.,index_aligned_verified,high,index-aligned offset -1 (verified pass 3)
assets/data/strings.bin.mid,586,line_586,チュートリアルを続けるには、もう1品調理しよう！,You must cook another dish to continue the tutorial.,You must cook another dish to continue the tutorial.,index_aligned_verified,high,index-aligned offset -1 (verified pass 3)
assets/data/strings.bin.mid,587,line_587,襲撃で解禁,UNLOCK BY RAIDING,UNLOCK BY RAIDING,index_aligned_verified,high,index-aligned offset -1 (verified pass 3)
assets/data/strings.bin.mid,588,line_588,解禁レベル：,UNLOCK AT LEVEL ,UNLOCK AT LEVEL ,index_aligned_verified,high,index-aligned offset -1 (verified pass 3)
assets/data/strings.bin.mid,589,line_589,次のボーナス：,NEXT CAFE BONUS: ,NEXT CAFE BONUS: ,index_aligned_verified,high,index-aligned offset -1 (verified pass 3)
assets/data/strings.bin.mid,590,line_590,ライバル店を#店舗襲撃する,Raid # enemy cafés,Raid # enemy cafés,index_aligned_verified,high,index-aligned offset -1 (verified pass 3)
assets/data/strings.bin.mid,591,line_591,友達の店を#店舗襲撃する,Raid # friend cafés,Raid # friend cafés,index_aligned_verified,high,index-aligned offset -1 (verified pass 3)
assets/data/strings.bin.mid,592,line_592,#店舗襲撃する,Raid any # cafés,Raid any # cafés,index_aligned_verified,high,index-aligned offset -1 (verified pass 3)
assets/data/strings.bin.mid,593,line_593,#人を接客する,Serve # customers,Serve # customers,index_aligned_verified,high,index-aligned offset -1 (verified pass 3)
assets/data/strings.bin.mid,594,line_594,#皿調理する,Cook # dishes of ,Cook # dishes of ,index_aligned_verified,high,index-aligned offset -1 (verified pass 3)
assets/data/strings.bin.mid,595,line_595,友達を#人ゲームに誘う,Invite # friends,Invite # friends,index_aligned_verified,high,index-aligned offset -1 (verified pass 3)
assets/data/strings.bin.mid,596,line_596,自分の店に$#使う,Spend $# on your café,Spend $# on your café,index_aligned_verified,high,index-aligned offset -1 (verified pass 3)
assets/data/strings.bin.mid,597,line_597,友達の店#店舗から売上を回収する,Collect fees from # friends cafés,Collect fees from # friends cafés,index_aligned_verified,high,index-aligned offset -1 (verified pass 3)
assets/data/strings.bin.mid,598,line_598,友達にギフトを#個贈る,Give # gifts to friends,Give # gifts to friends,index_aligned_verified,high,index-aligned offset -1 (verified pass 3)
assets/data/strings.bin.mid,599,line_599,友達から料理を#皿注文する,Order # dishes from friends,Order # dishes from friends,index_aligned_verified,high,index-aligned offset -1 (verified pass 3)
assets/data/strings.bin.mid,600,line_600,ライバル店を#店舗襲撃する,Raid # enemy café,Raid # enemy café,index_aligned_verified,high,index-aligned offset -1 (verified pass 3)
assets/data/strings.bin.mid,601,line_601,友達の店を#店舗襲撃する,Raid # friend café,Raid # friend café,index_aligned_verified,high,index-aligned offset -1 (verified pass 3)
assets/data/strings.bin.mid,602,line_602,#店舗襲撃する,Raid any # café,Raid any # café,index_aligned_verified,high,index-aligned offset -1 (verified pass 3)
assets/data/strings.bin.mid,603,line_603,#人を接客する,Serve # customer,Serve # customer,index_aligned_verified,high,index-aligned offset -1 (verified pass 3)
assets/data/strings.bin.mid,604,line_604,#皿調理する,Cook # dish of ,Cook # dish of ,index_aligned_verified,high,index-aligned offset -1 (verified pass 3)
assets/data/strings.bin.mid,605,line_605,友達#人に招待を出す,Invite # friend,Invite # friend,index_aligned_verified,high,index-aligned offset -1 (verified pass 3)
assets/data/strings.bin.mid,606,line_606,自分の店に$#使う,Spend $# on your café,Spend $# on your café,index_aligned_verified,high,index-aligned offset -1 (verified pass 3)
assets/data/strings.bin.mid,607,line_607,友達の店#店舗から売上を回収する,Collect fees from # friends café,Collect fees from # friends café,index_aligned_verified,high,index-aligned offset -1 (verified pass 3)
assets/data/strings.bin.mid,608,line_608,友達にギフトを#個贈る,Give # gift to a friend,Give # gift to a friend,index_aligned_verified,high,index-aligned offset -1 (verified pass 3)
assets/data/strings.bin.mid,609,line_609,友達から料理を#皿注文する,Order # dish from a friend,Order # dish from a friend,index_aligned_verified,high,index-aligned offset -1 (verified pass 3)
assets/data/strings.bin.mid,610,line_610,スキップ,SKIP,SKIP,index_aligned_verified,high,index-aligned offset -1 (verified pass 3)
assets/data/strings.bin.mid,611,line_611,町一番の脳ミソ,"""Best Brains in Town""","""Best Brains in Town""",index_aligned_verified,high,index-aligned offset -1 (verified pass 3)
assets/data/strings.bin.mid,612,line_612,腐敗臭ナンバー１,"""#1 Most Putrid""","""No. 1 Most Putrid""",index_aligned_verified,medium,index-aligned offset -1 (verified pass 3); EN reference breaks placeholder contract (# 0->1) — crafted EN required; proposed carried from TM
assets/data/strings.bin.mid,613,line_613,腐って臭くて吐き気がする,"""Rotten, Rancid and Revolting""","""Rotten, Rancid and Revolting""",index_aligned_verified,high,index-aligned offset -1 (verified pass 3)
assets/data/strings.bin.mid,614,line_614,‐壊疽した食通,-Gangrene Gourmand,-Gangrene Gourmand,index_aligned_verified,high,index-aligned offset -1 (verified pass 3)
assets/data/strings.bin.mid,615,line_615,‐狂人コック,-Batty Cooker,-Batty Cooker,index_aligned_verified,high,index-aligned offset -1 (verified pass 3)
assets/data/strings.bin.mid,616,line_616,‐臓物評論家ゴーリア,-Ghoulia Chilled,-Ghoulia Chilled,index_aligned_verified,high,index-aligned offset -1 (verified pass 3)
assets/data/strings.bin.mid,617,line_617,本当にスキップしてもよろしいですか？　ボーナス評価が失われます。,Are you sure you want to skip this objective? You will lose your rating bonus.,Are you sure you want to skip this objective? You will lose your rating bonus.,index_aligned_verified,high,index-aligned offset -1 (verified pass 3)
assets/data/strings.bin.mid,618,line_618,％完了,% COMPLETE,% COMPLETE,index_aligned_verified,high,index-aligned offset -1 (verified pass 3)
assets/data/strings.bin.mid,619,line_619,ボーナス失効まで,BONUS EXPIRES IN,BONUS EXPIRES IN,index_aligned_verified,high,index-aligned offset -1 (verified pass 3)
assets/data/strings.bin.mid,620,line_620,ボーナス獲得！,BONUS ACHIEVED!,BONUS ACHIEVED!,index_aligned_verified,high,index-aligned offset -1 (verified pass 3)
assets/data/strings.bin.mid,621,line_621,ボーナスタイム,THIS BONUS LASTS FOR,THIS BONUS LASTS FOR,index_aligned_verified,high,index-aligned offset -1 (verified pass 3)
assets/data/strings.bin.mid,622,line_622,時間,HOURS,HOURS,index_aligned_verified,high,index-aligned offset -1 (verified pass 3)
assets/data/strings.bin.mid,623,line_623,完了,DONE,DONE,index_aligned_verified,high,index-aligned offset -1 (verified pass 3)
assets/data/strings.bin.mid,624,line_624,レビューを受ける,GET REVIEW,GET REVIEW,index_aligned_verified,high,index-aligned offset -1 (verified pass 3)
assets/data/strings.bin.mid,625,line_625,期間限定アイテム！,LIMITED TIME OFFER!,LIMITED TIME OFFER!,index_aligned_verified,high,index-aligned offset -1 (verified pass 3)
assets/data/strings.bin.mid,626,line_626,限定期間終了まで,OFFER ENDS IN,OFFER ENDS IN,index_aligned_verified,high,index-aligned offset -1 (verified pass 3)
assets/data/strings.bin.mid,627,line_627,ライバル店に負けていられない！\このアイコンをタップして４つ仕事を完了すれば、店のレビューとボーナス評価を獲得できるぞ。,"Rarrgh! We need to stay ahead of the hoard! Tap this icon to check for ways to improve your restaurant. Complete four tasks, and you'll earn a restaurant review, and a bonus star. Bonus stars last a long time...much like the undead!","Rarrgh! We need to stay ahead of the hoard!\Tap this icon to check for ways to improve your restaurant. Complete four tasks, and you'll earn a restaurant review, and a bonus star. Bonus stars last a long time...much like the undead!",index_aligned_verified,medium,index-aligned offset -1 (verified pass 3); EN reference breaks placeholder contract (\ 1->0) — crafted EN required; proposed carried from TM
assets/data/strings.bin.mid,628,line_628,店に行く！,GO TO STORE!,GO TO STORE!,index_aligned_verified,high,index-aligned offset -1 (verified pass 3)
assets/data/strings.bin.mid,629,line_629,レビュアーに賄賂を贈る,BRIBE REVIEWER,BRIBE REVIEWER,index_aligned_verified,high,index-aligned offset -1 (verified pass 3)
assets/data/strings.bin.mid,630,line_630,ボーナスタイムが最大に達しそうだ！　あまり時間を得られなくなるので注意しよう！,You are very close to the maximum bonus duration! You will not gain very much time!,You are very close to the maximum bonus duration! You will not gain very much time!,index_aligned_verified,high,index-aligned offset -1 (verified pass 3)
assets/data/strings.bin.mid,631,line_631,フランケン,Frankenstein,Frankenstein,index_aligned_verified,high,index-aligned offset -1 (verified pass 3)
assets/data/strings.bin.mid,632,line_632,本当に墓石の力を解き放つ？,Are you sure you would like to activate this tombstone?,Are you sure you would like to activate this tombstone?,index_aligned_verified,high,index-aligned offset +3 (verified pass 3)
assets/data/strings.bin.mid,633,line_633,墓石に込められた、体力を回復する力を解き放つ？,Are you sure you want to activate this tombstone to boost your zombies' energy?,Are you sure you want to activate this tombstone to boost your zombies' energy?,index_aligned_verified,high,index-aligned offset +3 (verified pass 3)
assets/data/strings.bin.mid,634,line_634,墓石に込められた、攻撃力を高める力を解き放つ？,Are you sure you want to activate this tombstone to boost your zombies' attack strength?,Are you sure you want to activate this tombstone to boost your zombies' attack strength?,index_aligned_verified,high,index-aligned offset +3 (verified pass 3)
assets/data/strings.bin.mid,635,line_635,墓石の力を使い切ってしまった。24時間待とう。,"Sorry, you have depleted all uses of this tombstone. Please wait 24 hours.","Sorry, you have depleted all uses of this tombstone. Please wait 24 hours.",index_aligned_verified,high,index-aligned offset +3 (verified pass 3)
assets/data/strings.bin.mid,636,line_636,全てのゾンビを襲撃させる？,Send all your zombies in to attack?,Send all your zombies in to attack?,index_aligned_verified,high,index-aligned offset +3 (verified pass 3)
assets/data/strings.bin.mid,637,line_637,全員で襲撃,Send all zombies,Send all zombies,index_aligned_verified,high,index-aligned offset +3 (verified pass 3)
assets/data/strings.bin.mid,638,line_638,再開,REOPEN,REOPEN,index_aligned_verified,high,index-aligned offset +3 (verified pass 3)
assets/data/strings.bin.mid,639,line_639,毒を使って、この店を,Do you wish to use ,Reopen this café using,index_aligned_verified,medium,"index-aligned offset +3 (verified pass 3); reopen-café split pair: value position uncertain — crafted EN, runtime-verify; split-string group — translate together; proposed carried from TM"
assets/data/strings.bin.mid,640,line_640,再開しますか？, toxin to reopen this café?,Toxin?,index_aligned_verified,medium,"index-aligned offset +3 (verified pass 3); reopen-café split pair: value position uncertain — crafted EN, runtime-verify; split-string group — translate together; proposed carried from TM"
assets/data/strings.bin.mid,641,line_641,ノーマル,,Normal,jp_added_ui,medium,"JP-added line, no EN partner; JP-added: prize-draw rarity tiers (Normal/High Normal/Rare/Super Rare); proposed carried from TM"
assets/data/strings.bin.mid,642,line_642,ハイノーマル,,High Normal,jp_added_ui,medium,"JP-added line, no EN partner; JP-added: prize-draw rarity tiers (Normal/High Normal/Rare/Super Rare); proposed carried from TM"
assets/data/strings.bin.mid,643,line_643,レア,,Rare,jp_added_ui,medium,"JP-added line, no EN partner; JP-added: prize-draw rarity tiers (Normal/High Normal/Rare/Super Rare); proposed carried from TM"
assets/data/strings.bin.mid,644,line_644,スーパーレア,,Super Rare,jp_added_ui,medium,"JP-added line, no EN partner; JP-added: prize-draw rarity tiers (Normal/High Normal/Rare/Super Rare); proposed carried from TM"
assets/data/strings.bin.mid,645,line_645,アイテムをドラッグして倉庫に保管できる。いつでもカフェに戻せるぞ。,"Drag an item into this box to add it to the storage, you can place it back in the shop at any time from here.","Drag an item into this box to add it to the storage, you can place it back in the shop at any time from here.",index_aligned_verified,high,index-aligned offset -1 (verified pass 3)
assets/data/strings.bin.mid,646,line_646,ドラッグして配置,Drag the item to place it,Drag the item to place it,index_aligned_verified,high,index-aligned offset -1 (verified pass 3)
assets/data/strings.bin.mid,647,line_647,配置,Place,Place,index_aligned_verified,high,index-aligned offset -1 (verified pass 3)
assets/data/strings.bin.mid,648,line_648,このアイテムは倉庫に入れることができない。,This item cannot be added to the storage box. Place it in the café or sell it.,This item cannot be added to the storage box. Place it in the café or sell it.,index_aligned_verified,high,index-aligned offset -1 (verified pass 3)
assets/data/strings.bin.mid,649,line_649,この友達は新しいバージョンで遊んでいるぞ。君もアップデートしよう。,"This friend is using a newer version of the game, please update your build to play with them.","This friend is using a newer version of the game, please update your build to play with them.",index_aligned_verified,high,index-aligned offset -1 (verified pass 3)
assets/data/strings.bin.mid,650,line_650,墓石の力を再チャージするには毒が必要だ。,Need more tombstone energy?  Recharge it now with toxin.,Need more tombstone energy?  Recharge it now with toxin.,index_aligned_verified,high,index-aligned offset -1 (verified pass 3)
assets/data/strings.bin.mid,651,line_651,この墓石はこれ以上再チャージする必要はない。,You don't need to recharge your tombstone right now.,You don't need to recharge your tombstone right now.,index_aligned_verified,high,index-aligned offset +0 (verified pass 3)
assets/data/strings.bin.mid,652,line_652,or Toxin,or Toxin,or Toxin,index_aligned_verified,high,index-aligned offset +0 (verified pass 3)
assets/data/strings.bin.mid,653,line_653,Are you sure you would like to unlock this recipe?,Are you sure you would like to unlock this recipe?,Are you sure you would like to unlock this recipe?,index_aligned_verified,high,index-aligned offset +0 (verified pass 3)
assets/data/strings.bin.mid,654,line_654,ゾンビ技を習得した！,,You learned a new zombie move!,jp_added_ui,medium,"JP-added line, no EN partner; JP-added: Zombie Dojo move system + event roulette; proposed carried from TM"
assets/data/strings.bin.mid,655,line_655,このゾンビに付ける,,Teach it to this zombie,jp_added_ui,medium,"JP-added line, no EN partner; JP-added: Zombie Dojo move system + event roulette; proposed carried from TM"
assets/data/strings.bin.mid,656,line_656,技を付けたいゾンビを選べ,,Choose a zombie to teach this move,jp_added_ui,medium,"JP-added line, no EN partner; JP-added: Zombie Dojo move system + event roulette; proposed carried from TM"
assets/data/strings.bin.mid,657,line_657,毒が不足している。毒を購入してから技を手に入れよう。,,You don't have enough Toxin. Buy more to learn this move.,jp_added_ui,medium,"JP-added line, no EN partner; JP-added: Zombie Dojo move system + event roulette; proposed carried from TM"
assets/data/strings.bin.mid,658,line_658,\現在の技は忘れてしまいます。,,\They will forget their current move.,jp_added_ui,medium,"JP-added line, no EN partner; JP-added: Zombie Dojo move system + event roulette; proposed carried from TM"
assets/data/strings.bin.mid,659,line_659,を習得した！,,learned!,jp_added_ui,medium,"JP-added line, no EN partner; JP-added: Zombie Dojo move system + event roulette; proposed carried from TM"
assets/data/strings.bin.mid,660,line_660,この中のどれかが当たるぞ！,,You could win any one of these!,jp_added_ui,medium,"JP-added line, no EN partner; JP-added: Zombie Dojo move system + event roulette; proposed carried from TM"
assets/data/strings.bin.mid,661,line_661,イベントボス店に対して凄く強いぞ！,,Devastating against event boss cafés!,jp_added_ui,medium,"JP-added line, no EN partner; JP-added: Zombie Dojo move system + event roulette; proposed carried from TM"
assets/data/strings.bin.mid,662,line_662,買う,,Buy,jp_only_event,low,JP-added UI; proposed carried from TM
assets/data/strings.bin.mid,663,line_663,再購入,,Buy Again,jp_only_event,low,JP-added UI; proposed carried from TM
assets/data/strings.bin.mid,664,line_664,今が一番お得です！みんなが買うほど高くなる。,,Now's the best deal! The price goes up as more people buy.,jp_only_event,low,JP-added UI; proposed carried from TM
assets/data/strings.bin.mid,665,line_665,このお値段はあと　　　　秒！,,This price ends in       seconds!,jp_only_event,low,JP-added UI; proposed carried from TM
assets/data/strings.bin.mid,666,line_666,これ以上ゾンビを雇えない。ゾンビをクビにするかミートロッカーに入れよう！,,"You can't hire any more zombies. Fire one, or stash one in the Meat Locker!",jp_only_event,low,JP-added UI; proposed carried from TM
assets/data/strings.bin.mid,667,line_667,毒が不足している。毒を購入してからゾンビを手に入れよう。,,Not enough Toxin. Buy more Toxin to get this zombie.,jp_only_event,low,JP-added UI; proposed carried from TM
assets/data/strings.bin.mid,668,line_668,あと,,Available again in,jp_only_event,low,JP-added UI; split-string group — translate together; proposed carried from TM
assets/data/strings.bin.mid,669,line_669,で再購入可能,,"(split string: ""in X you can buy again"")",jp_only_event,low,JP-added UI; split-string group — translate together; proposed carried from TM
assets/data/strings.bin.mid,670,line_670,残念！このお値段はここまで！もう一度セールに行きますか？,,Too bad! That price is gone! Head back to the sale?,jp_only_event,low,JP-added UI; proposed carried from TM
assets/data/strings.bin.mid,671,line_671,毒で買う,,Buy with Toxin,jp_only_event,low,JP-added UI; split-string group — translate together; proposed carried from TM
assets/data/strings.bin.mid,672,line_672,で買う,,Buy for (split-string suffix),jp_only_event,low,JP-added UI; split-string group — translate together; proposed carried from TM
assets/data/strings.bin.mid,673,line_673,購入通信処理に失敗しました。,,Purchase failed. Please check your connection.,jp_only_event,low,JP-added UI; proposed carried from TM
assets/data/strings.bin.mid,674,line_674,ゾンビ技：,,Zombie Skill:,jp_only_event,low,JP-added UI; proposed carried from TM
assets/data/strings.bin.mid,675,line_675,今なら,,"Right now,",jp_only_event,low,JP-added UI; proposed carried from TM
assets/data/strings.bin.mid,676,line_676,毒で全員復活できるぞ！\コンティニューする？,,Revive your whole crew with Toxin!\Continue?,jp_only_event,low,JP-added UI; proposed carried from TM
assets/data/strings.bin.mid,677,line_677,爆弾はチャージする事ができない。,,Bombs can't be recharged.,jp_only_event,low,JP-added UI; proposed carried from TM
assets/data/strings.bin.mid,678,line_678,爆弾を使用する？,,Use a bomb?,jp_only_event,low,JP-added UI; proposed carried from TM
assets/data/strings.bin.mid,679,line_679,爆弾を使い切った！設置場所から撤去したぞ！もう一度購入しよう！,,You're out of bombs! It's been removed. Buy another!,jp_only_event,low,JP-added UI; proposed carried from TM
assets/data/strings.bin.mid,680,line_680,今日の復活可能回数：,,Revives left today:,jp_only_event,low,JP-added UI; proposed carried from TM
assets/data/strings.bin.mid,681,line_681,優秀なゾンビがいない？\そんな時はゾンビストアのゾンビルーレットを引いてみるといい。,,Short on great zombies?\Try a spin of the Zombie Roulette in the Zombie Store.,jp_only_event,low,JP-added UI; proposed carried from TM
assets/data/strings.bin.mid,682,line_682,バックアップセーブデータ,,Backup save data,jp_only_event,low,JP-added UI; proposed carried from TM
assets/data/strings.bin.mid,683,line_683,このデータを選ぶ,,Use this save,jp_only_event,low,JP-added UI; proposed carried from TM
assets/data/strings.bin.mid,684,line_684,サーバ上に、よりレベルの高いセーブデータがあります。\どちらのデータを使用するか選択してください。,,A higher-level save exists on the server.\Choose which save to use.,jp_only_event,low,JP-added UI; split-string group — translate together; proposed carried from TM
assets/data/strings.bin.mid,685,line_685,のデータに置き換えます。\よろしいですか？,,will replace your current save.\Are you sure? (split string),jp_only_event,low,JP-added UI; split-string group — translate together; proposed carried from TM
assets/data/strings.bin.mid,686,line_686,サーバデータ,,Server data,jp_only_event,low,JP-added UI; proposed carried from TM
assets/data/strings.bin.mid,687,line_687,配達,,Delivery,jp_only_event,low,JP-added UI; proposed carried from TM
assets/data/strings.bin.mid,688,line_688,完了,,Done,jp_only_event,low,JP-added UI; proposed carried from TM
assets/data/strings.bin.mid,689,line_689,調理中,,Cooking,jp_only_event,low,JP-added UI; proposed carried from TM
assets/data/strings.bin.mid,690,line_690,オーダー,,Order,jp_only_event,low,JP-added UI; proposed carried from TM
assets/data/strings.bin.mid,691,line_691,襲撃,,Raid,jp_only_event,low,JP-added UI; proposed carried from TM
assets/data/strings.bin.mid,692,line_692,購入する,,Purchase,jp_only_event,low,JP-added UI; proposed carried from TM
assets/data/strings.bin.mid,693,line_693,このゾンビのエネルギーは,,This zombie's energy is (split string),jp_only_event,low,JP-added UI; split-string group — translate together; proposed carried from TM
assets/data/strings.bin.mid,694,line_694,%を越えている。,,over %. (split string),jp_only_event,low,JP-added UI; split-string group — translate together; proposed carried from TM
assets/data/strings.bin.mid,695,line_695,このゾンビを復活させるのか？,,Revive this zombie?,jp_only_event,low,JP-added UI; proposed carried from TM
assets/data/strings.bin.mid,696,line_696,見たいゾンビを選ぼう。,,Pick a zombie to view.,jp_only_event,low,JP-added UI; proposed carried from TM
assets/data/strings.bin.mid,697,line_697,感染前を見る,,See them pre-infection,jp_only_event,low,JP-added UI; proposed carried from TM
assets/data/strings.bin.mid,698,line_698,完成度 : ,,Completion:,jp_only_event,low,JP-added UI; proposed carried from TM
assets/data/strings.bin.mid,699,line_699,ゾンビの姿を見る,,See zombie form,jp_only_event,low,JP-added UI; proposed carried from TM
assets/data/strings.bin.mid,700,line_700,不明,,Unknown,jp_only_event,low,JP-added UI; proposed carried from TM
assets/data/strings.bin.mid,701,line_701,まだ一度もゾンビにしたことがないため詳細は不明だ。,,"You've never zombified this one, so details are unknown.",jp_only_event,low,JP-added UI; proposed carried from TM
assets/data/strings.bin.mid,702,line_702,ゾンビカフェ本部からの指令が届いたぞ！\指令をこなせば特別ボーナスが出るぞ！,,New orders from Zombie Cafe HQ!\Complete them for a special bonus!,jp_only_event,low,JP-added UI; proposed carried from TM
assets/data/strings.bin.mid,703,line_703,男,,Male,jp_only_event,low,JP-added UI; proposed carried from TM
assets/data/strings.bin.mid,704,line_704,女,,Female,jp_only_event,low,JP-added UI; proposed carried from TM
assets/data/strings.bin.mid,705,line_705,ボーナス : ,,Bonus:,jp_only_event,low,JP-added UI; proposed carried from TM
assets/data/strings.bin.mid,706,line_706,本部からボーナスを受け取った！,,You got a bonus from HQ!,jp_only_event,low,JP-added UI; proposed carried from TM
assets/data/strings.bin.mid,707,line_707,評価,,Rating,jp_only_event,low,JP-added UI; proposed carried from TM
assets/data/strings.bin.mid,708,line_708,役立たず,,Dead Weight,jp_only_event,low,JP-added UI; proposed carried from TM
assets/data/strings.bin.mid,709,line_709,バイト以下,,Worse Than Part-Time,jp_only_event,low,JP-added UI; proposed carried from TM
assets/data/strings.bin.mid,710,line_710,リストラ予備軍,,First to Be Fired,jp_only_event,low,JP-added UI; proposed carried from TM
assets/data/strings.bin.mid,711,line_711,皿洗い,,Dishwasher,jp_only_event,low,JP-added UI; proposed carried from TM
assets/data/strings.bin.mid,712,line_712,見習い,,Trainee,jp_only_event,low,JP-added UI; proposed carried from TM
assets/data/strings.bin.mid,713,line_713,まだまだダメ,,Not There Yet,jp_only_event,low,JP-added UI; proposed carried from TM
assets/data/strings.bin.mid,714,line_714,もう少し,,Getting Closer,jp_only_event,low,JP-added UI; proposed carried from TM
assets/data/strings.bin.mid,715,line_715,ほどほど,,So-So,jp_only_event,low,JP-added UI; proposed carried from TM
assets/data/strings.bin.mid,716,line_716,それなり,,Decent Enough,jp_only_event,low,JP-added UI; proposed carried from TM
assets/data/strings.bin.mid,717,line_717,出来るやつ,,Capable,jp_only_event,low,JP-added UI; proposed carried from TM
assets/data/strings.bin.mid,718,line_718,使えるやつ,,Actually Useful,jp_only_event,low,JP-added UI; proposed carried from TM
assets/data/strings.bin.mid,719,line_719,気の利くやつ,,Quick Thinker,jp_only_event,low,JP-added UI; proposed carried from TM
assets/data/strings.bin.mid,720,line_720,スーパーサブ,,Super Sub,jp_only_event,low,JP-added UI; proposed carried from TM
assets/data/strings.bin.mid,721,line_721,深夜のカリスマ,,Late-Night Legend,jp_only_event,low,JP-added UI; proposed carried from TM
assets/data/strings.bin.mid,722,line_722,なくてはならない人材,,Indispensable,jp_only_event,low,JP-added UI; proposed carried from TM
assets/data/strings.bin.mid,723,line_723,シェフの右腕,,Chef's Right Hand,jp_only_event,low,JP-added UI; proposed carried from TM
assets/data/strings.bin.mid,724,line_724,シェフの左腕,,Chef's Left Hand,jp_only_event,low,JP-added UI; proposed carried from TM
assets/data/strings.bin.mid,725,line_725,配膳の鬼,,Serving Demon,jp_only_event,low,JP-added UI; proposed carried from TM
assets/data/strings.bin.mid,726,line_726,そろそろ独り立ち,,Ready to Go Solo,jp_only_event,low,JP-added UI; proposed carried from TM
assets/data/strings.bin.mid,727,line_727,シェフか何か,,Basically a Chef,jp_only_event,low,JP-added UI; proposed carried from TM
assets/data/strings.bin.mid,728,line_728,もうシェフになれ！,,Just Become a Chef Already!,jp_only_event,low,JP-added UI; proposed carried from TM
assets/data/strings.bin.mid,729,line_729,のれん分け当確,,Franchise Material,jp_only_event,low,JP-added UI; proposed carried from TM
assets/data/strings.bin.mid,730,line_730,日曜午後のシェフ,,Sunday Afternoon Chef,jp_only_event,low,JP-added UI; proposed carried from TM
assets/data/strings.bin.mid,731,line_731,金曜夜もそろそろシェフ,,Friday Night Chef (Almost),jp_only_event,low,JP-added UI; proposed carried from TM
assets/data/strings.bin.mid,732,line_732,本部に来ないか？,,HQ Wants You,jp_only_event,low,JP-added UI; proposed carried from TM
assets/data/strings.bin.mid,733,line_733,クリアした指令の数 : ,,Orders completed:,jp_only_event,low,JP-added UI; proposed carried from TM
assets/data/strings.bin.mid,734,line_734,ボーナスで得た＄ : ,,$ earned from bonuses:,jp_only_event,low,JP-added UI; proposed carried from TM
assets/data/strings.bin.mid,735,line_735,ボーナスで得た毒 : ,,Toxin earned from bonuses:,jp_only_event,low,JP-added UI; proposed carried from TM
assets/data/strings.bin.mid,736,line_736,ボーナスで得たXP : ,,XP earned from bonuses:,jp_only_event,low,JP-added UI; proposed carried from TM
assets/data/strings.bin.mid,737,line_737,本部からの指令,,Orders from HQ,jp_only_event,low,JP-added UI; proposed carried from TM
assets/data/strings.bin.mid,738,line_738,指令,,Orders,jp_only_event,low,JP-added UI; proposed carried from TM
assets/data/strings.bin.mid,739,line_739,本部の評価,,HQ Rating,jp_only_event,low,JP-added UI; proposed carried from TM
assets/data/strings.bin.mid,740,line_740,相手が強すぎたようだな\１レベル下げてみるかい？,,Looks like they were too strong.\Want to drop down a level?,jp_only_event,low,JP-added UI; proposed carried from TM
