source_file,record_index,field,jp_text,english_reference,proposed_english,match_type,confidence,notes
assets/data/furnitureData.bin.mid,0,Name,汚れた冷蔵庫,Dirty fridge,Dirty fridge,direct_english_row,high,"texture ""Dirty_fridge"" ~ EN row 0"
assets/data/furnitureData.bin.mid,1,Name,汚れたコンロ,Dirty stove,Dirty stove,direct_english_row,high,"texture ""Dirty_stove"" ~ EN row 1"
assets/data/furnitureData.bin.mid,2,Name,汚れたシンク,Dirty Sink,Dirty Sink,direct_english_row,high,"texture ""dirty sink"" ~ EN row 2"
assets/data/furnitureData.bin.mid,3,Name,普通のテーブル,Plain table,Plain table,direct_english_row,high,"texture ""plain table"" ~ EN row 3"
assets/data/furnitureData.bin.mid,3,Description,味も素っ気もない普通のテーブルだ。,Just a regular ol' table.,Just a regular ol' table.,direct_english_row,high,
assets/data/furnitureData.bin.mid,4,Name,普通のイス,,Plain Chair,jp_only_event,low,"no EN row; dev texture name ""generic chair NEW""; proposed carried from TM"
assets/data/furnitureData.bin.mid,4,Description,味も素っ気もない普通のイスだ。,,,jp_only_event,low,
assets/data/furnitureData.bin.mid,5,Name,板張りされた窓,Boarded window,Boarded window,direct_english_row,medium,"texture ""boarded up window"" ~ EN row 5 (fuzzy 0.93); proposed carried from TM"
assets/data/furnitureData.bin.mid,5,Description,ゾンビ的な雰囲気を出すための必需品だ。,"For that essential ""zombipocalypse"" look.",,direct_english_row,medium,
assets/data/furnitureData.bin.mid,6,Name,枯れた植物,Dead plant,Dead plant,direct_english_row,high,"texture ""dead plant"" ~ EN row 6"
assets/data/furnitureData.bin.mid,7,Name,毒のタル,Toxic barrel,Toxic barrel,direct_english_row,medium,"texture ""toxic barrell"" ~ EN row 7 (fuzzy 0.96); proposed carried from TM"
assets/data/furnitureData.bin.mid,7,Description,この毒のタルを使えば、全ゾンビの回復速度が10%アップする。,This barrel of toxic slime regenerates all of your zombies 10% faster.,,direct_english_row,medium,
assets/data/furnitureData.bin.mid,8,Name,自動販売機,Vending machine,Vending machine,direct_english_row,high,"texture ""vending machine"" ~ EN row 8"
assets/data/furnitureData.bin.mid,8,Description,自動販売機で現金収入。満タンになったら取り出そう。,This vending machine accumulates money over time and must be emptied when it's full.,This vending machine accumulates money over time and must be emptied when it's full.,direct_english_row,high,
assets/data/furnitureData.bin.mid,9,Name,自動販売機,Vending machine,Vending machine,direct_english_row,high,"texture ""vending machine"" ~ EN row 8"
assets/data/furnitureData.bin.mid,9,Description,自動販売機で現金収入。満タンになったら取り出そう。,This vending machine accumulates money over time and must be emptied when it's full.,This vending machine accumulates money over time and must be emptied when it's full.,direct_english_row,high,
assets/data/furnitureData.bin.mid,10,Name,薄型TV,,Flatscreen TV,jp_only_event,low,"no EN row; dev texture name ""TV""; proposed carried from TM"
assets/data/furnitureData.bin.mid,10,Description,薄型TVで客の目を釘付け。店の評価も上がりやすくなるぞ。,,,jp_only_event,low,
assets/data/furnitureData.bin.mid,11,Name,薄型TV,,Flatscreen TV,jp_only_event,low,"no EN row; dev texture name ""TV""; proposed carried from TM"
assets/data/furnitureData.bin.mid,11,Description,薄型TVで客の目を釘付け。店の評価も上がりやすくなるぞ。,,,jp_only_event,low,
assets/data/furnitureData.bin.mid,12,Name,アーケードゲーム,Arcade cabnet 2,Arcade Cabinet,same_art_or_category,low,"texture ""arcade cabinet frame 2"" ~ EN row 13 (fuzzy 0.81 — verify, may be wrong item); proposed carried from TM"
assets/data/furnitureData.bin.mid,12,Description,「＄」マークが出たらタップして売上を回収しよう。,Tap this arcade cabinet when the dollar sign appears to collect money from it.,,same_art_or_category,low,
assets/data/furnitureData.bin.mid,13,Name,アーケードゲーム 2,Arcade cabnet 2,Arcade Cabinet 2,same_art_or_category,low,"texture ""arcade-cabinet-frame-2"" ~ EN row 13 (fuzzy 0.81 — verify, may be wrong item); proposed carried from TM"
assets/data/furnitureData.bin.mid,13,Description,「＄」マークが出たらタップして売上を回収しよう。,Tap this arcade cabinet when the dollar sign appears to collect money from it.,,same_art_or_category,low,
assets/data/furnitureData.bin.mid,14,Name,ATM,Slot machine,ATM,same_art_or_category,low,"texture ""atm machine"" ~ EN row 138 (fuzzy 0.76 — verify, may be wrong item); proposed carried from TM"
assets/data/furnitureData.bin.mid,14,Description,ATMで現金収入。満タンになったら取り出そう。,"Earn some cold, hard cash from this slot machine. Just make sure you empty it when it's full.",,same_art_or_category,low,
assets/data/furnitureData.bin.mid,15,Name,普通のコンロ,,Plain Stove,jp_only_event,low,"no EN row; dev texture name ""white_stove""; proposed carried from TM"
assets/data/furnitureData.bin.mid,15,Description,味も素っ気もない普通のコンロ。,,,jp_only_event,low,
assets/data/furnitureData.bin.mid,16,Name,普通のカウンター,Plain serving counter,Plain serving counter,direct_english_row,high,"texture ""plain serving counter"" ~ EN row 16"
assets/data/furnitureData.bin.mid,16,Description,味も素っ気もない普通のカウンター。,Just a regular ol' serving counter.,Just a regular ol' serving counter.,direct_english_row,high,
assets/data/furnitureData.bin.mid,17,Name,普通のシンク,,Plain Sink,jp_only_event,low,"no EN row; dev texture name ""dirty sink (no grime)""; proposed carried from TM"
assets/data/furnitureData.bin.mid,17,Description,味も素っ気もない普通のシンク。,,,jp_only_event,low,
assets/data/furnitureData.bin.mid,18,Name,普通の冷蔵庫,Ice Fridge,Plain Fridge,same_art_or_category,low,"texture ""white_fridge"" ~ EN row 260 (fuzzy 0.80 — verify, may be wrong item); proposed carried from TM"
assets/data/furnitureData.bin.mid,18,Description,味も素っ気もない普通の冷蔵庫。,Earn extra coins and a rating bonus by selling frozen water.,,same_art_or_category,low,
assets/data/furnitureData.bin.mid,19,Name,普通のテーブル,Plain table,Plain table,direct_english_row,high,"texture ""plain table"" ~ EN row 3"
assets/data/furnitureData.bin.mid,19,Description,味も素っ気もない普通のテーブル。,Just a regular ol' table.,Just a regular ol' table.,direct_english_row,high,
assets/data/furnitureData.bin.mid,20,Name,普通のテーブル,Plain table,Plain table,direct_english_row,high,"texture ""plain table"" ~ EN row 3"
assets/data/furnitureData.bin.mid,20,Description,味も素っ気もない普通のテーブル。,Just a regular ol' table.,Just a regular ol' table.,direct_english_row,high,
assets/data/furnitureData.bin.mid,21,Name,普通のテーブル,Plain table,Plain table,direct_english_row,high,"texture ""plain table"" ~ EN row 3"
assets/data/furnitureData.bin.mid,21,Description,味も素っ気もない普通のテーブル。,Just a regular ol' table.,Just a regular ol' table.,direct_english_row,high,
assets/data/furnitureData.bin.mid,22,Name,普通のテーブル,Plain table,Plain table,direct_english_row,high,"texture ""plain table"" ~ EN row 3"
assets/data/furnitureData.bin.mid,22,Description,味も素っ気もない普通のテーブル。,Just a regular ol' table.,Just a regular ol' table.,direct_english_row,high,
assets/data/furnitureData.bin.mid,23,Name,普通のイス,,Plain Chair,jp_only_event,low,"no EN row; dev texture name ""generic chair NEW""; proposed carried from TM"
assets/data/furnitureData.bin.mid,23,Description,味も素っ気もない普通のイス。,,,jp_only_event,low,
assets/data/furnitureData.bin.mid,24,Name,普通のイス,,Plain Chair,jp_only_event,low,"no EN row; dev texture name ""generic chair NEW""; proposed carried from TM"
assets/data/furnitureData.bin.mid,24,Description,味も素っ気もない普通のイス。,,,jp_only_event,low,
assets/data/furnitureData.bin.mid,25,Name,普通のイス,,Plain Chair,jp_only_event,low,"no EN row; dev texture name ""generic chair NEW""; proposed carried from TM"
assets/data/furnitureData.bin.mid,25,Description,味も素っ気もない普通のイス。,,,jp_only_event,low,
assets/data/furnitureData.bin.mid,26,Name,普通のイス,,Plain Chair,jp_only_event,low,"no EN row; dev texture name ""generic chair NEW""; proposed carried from TM"
assets/data/furnitureData.bin.mid,26,Description,味も素っ気もない普通のイス。,,,jp_only_event,low,
assets/data/furnitureData.bin.mid,27,Name,普通の壁,,Plain Wall,jp_only_event,low,"no EN row; dev texture name ""Wall_Generic""; proposed carried from TM"
assets/data/furnitureData.bin.mid,27,Description,味も素っ気もない地味な壁。,,,jp_only_event,low,
assets/data/furnitureData.bin.mid,28,Name,普通の壁,,Plain Wall,jp_only_event,low,"no EN row; dev texture name ""Wall_Generic""; proposed carried from TM"
assets/data/furnitureData.bin.mid,28,Description,味も素っ気もない地味な壁。,,,jp_only_event,low,
assets/data/furnitureData.bin.mid,29,Name,普通の壁,,Plain Wall,jp_only_event,low,"no EN row; dev texture name ""Wall_Generic""; proposed carried from TM"
assets/data/furnitureData.bin.mid,29,Description,味も素っ気もない地味な壁。,,,jp_only_event,low,
assets/data/furnitureData.bin.mid,30,Name,普通の壁,,Plain Wall,jp_only_event,low,"no EN row; dev texture name ""Wall_Generic""; proposed carried from TM"
assets/data/furnitureData.bin.mid,30,Description,味も素っ気もない地味な壁。,,,jp_only_event,low,
assets/data/furnitureData.bin.mid,31,Name,普通の壁,,Plain Wall,jp_only_event,low,"no EN row; dev texture name ""Wall_Generic""; proposed carried from TM"
assets/data/furnitureData.bin.mid,31,Description,味も素っ気もない地味な壁。,,,jp_only_event,low,
assets/data/furnitureData.bin.mid,32,Name,普通の壁,,Plain Wall,jp_only_event,low,"no EN row; dev texture name ""Wall_Generic""; proposed carried from TM"
assets/data/furnitureData.bin.mid,32,Description,味も素っ気もない地味な壁。,,,jp_only_event,low,
assets/data/furnitureData.bin.mid,33,Name,小さな窓,Small window,Small window,direct_english_row,high,"texture ""small window"" ~ EN row 33"
assets/data/furnitureData.bin.mid,33,Description,窓があれば店に襲撃にくる者をいち早く発見できるかも？,Windows help you spot the incoming hoards of ravenous customers.,Windows help you spot the incoming hoards of ravenous customers.,direct_english_row,high,
assets/data/furnitureData.bin.mid,34,Name,普通のタイル床,Plain table,Plain Tile Floor,same_art_or_category,low,"texture ""plain tile"" ~ EN row 3 (fuzzy 0.84 — verify, may be wrong item); proposed carried from TM"
assets/data/furnitureData.bin.mid,34,Description,味も素っ気もない普通のタイル床。,Just a regular ol' table.,,same_art_or_category,low,
assets/data/furnitureData.bin.mid,35,Name,普通のタイル床,Plain table,Plain Tile Floor,same_art_or_category,low,"texture ""plain tile"" ~ EN row 3 (fuzzy 0.84 — verify, may be wrong item); proposed carried from TM"
assets/data/furnitureData.bin.mid,35,Description,味も素っ気もない普通のタイル床。,Just a regular ol' table.,,same_art_or_category,low,
assets/data/furnitureData.bin.mid,36,Name,普通のタイル床,Plain table,Plain Tile Floor,same_art_or_category,low,"texture ""plain tile"" ~ EN row 3 (fuzzy 0.84 — verify, may be wrong item); proposed carried from TM"
assets/data/furnitureData.bin.mid,36,Description,味も素っ気もない普通のタイル床。,Just a regular ol' table.,,same_art_or_category,low,
assets/data/furnitureData.bin.mid,37,Name,普通のタイル床,Plain table,Plain Tile Floor,same_art_or_category,low,"texture ""plain tile"" ~ EN row 3 (fuzzy 0.84 — verify, may be wrong item); proposed carried from TM"
assets/data/furnitureData.bin.mid,37,Description,味も素っ気もない普通のタイル床。,Just a regular ol' table.,,same_art_or_category,low,
assets/data/furnitureData.bin.mid,38,Name,普通のタイル床,Plain table,Plain Tile Floor,same_art_or_category,low,"texture ""plain tile"" ~ EN row 3 (fuzzy 0.84 — verify, may be wrong item); proposed carried from TM"
assets/data/furnitureData.bin.mid,38,Description,味も素っ気もない普通のタイル床。,Just a regular ol' table.,,same_art_or_category,low,
assets/data/furnitureData.bin.mid,39,Name,普通のタイル床,Plain table,Plain Tile Floor,same_art_or_category,low,"texture ""plain tile"" ~ EN row 3 (fuzzy 0.84 — verify, may be wrong item); proposed carried from TM"
assets/data/furnitureData.bin.mid,39,Description,味も素っ気もない普通のタイル床。,Just a regular ol' table.,,same_art_or_category,low,
assets/data/furnitureData.bin.mid,40,Name,小さな鉢植え,Small potted plant 2,Small potted plant 2,direct_english_row,high,"texture ""small potted plant 2"" ~ EN row 49"
assets/data/furnitureData.bin.mid,40,Description,植物は腹ペコのゾンビも食わないのだ。,A little greenery will spruce up any restaurant.,A little greenery will spruce up any restaurant.,direct_english_row,high,
assets/data/furnitureData.bin.mid,41,Name,普通のテーブル,Plain table,Plain table,direct_english_row,high,"texture ""plain table"" ~ EN row 3"
assets/data/furnitureData.bin.mid,41,Description,普通のテーブルだが、店の評価が上がりやすくなるボーナス付き。,Just a regular ol' table.,Just a regular ol' table.,direct_english_row,high,
assets/data/furnitureData.bin.mid,42,Name,普通のイス,,Plain Chair,jp_only_event,low,"no EN row; dev texture name ""generic chair NEW""; proposed carried from TM"
assets/data/furnitureData.bin.mid,42,Description,普通のイスだが、店の評価が上がりやすくなるボーナス付き。,,,jp_only_event,low,
assets/data/furnitureData.bin.mid,43,Name,普通の丸テーブル,,Plain Round Table,jp_only_event,low,"no EN row; dev texture name ""Circle Table""; proposed carried from TM"
assets/data/furnitureData.bin.mid,43,Description,四角い客を丸くするテーブル。,,,jp_only_event,low,
assets/data/furnitureData.bin.mid,44,Name,普通の丸テーブル,,Plain Round Table,jp_only_event,low,"no EN row; dev texture name ""Circle Table""; proposed carried from TM"
assets/data/furnitureData.bin.mid,44,Description,四角い客を丸くするテーブル。,,,jp_only_event,low,
assets/data/furnitureData.bin.mid,45,Name,普通の丸テーブル,,Plain Round Table,jp_only_event,low,"no EN row; dev texture name ""Circle Table""; proposed carried from TM"
assets/data/furnitureData.bin.mid,45,Description,四角い客を丸くするテーブル。,,,jp_only_event,low,
assets/data/furnitureData.bin.mid,46,Name,普通の丸テーブル,,Plain Round Table,jp_only_event,low,"no EN row; dev texture name ""Circle Table""; proposed carried from TM"
assets/data/furnitureData.bin.mid,46,Description,四角い客を丸くするテーブル。,,,jp_only_event,low,
assets/data/furnitureData.bin.mid,47,Name,普通の丸テーブル,,Plain Round Table,jp_only_event,low,"no EN row; dev texture name ""Circle Table""; proposed carried from TM"
assets/data/furnitureData.bin.mid,47,Description,四角い客を丸くするテーブル。,,,jp_only_event,low,
assets/data/furnitureData.bin.mid,48,Name,普通のカーテンが付いた小さな窓,Small window w/plain curtains,Small window w/plain curtains,direct_english_row,medium,"texture ""small window with curtains"" ~ EN row 48 (fuzzy 0.88); proposed carried from TM"
assets/data/furnitureData.bin.mid,48,Description,カーテンの付いた窓から外をのぞいてみよう。,A window with curtains you can peek through.,,direct_english_row,medium,
assets/data/furnitureData.bin.mid,49,Name,小さな鉢植え 2,Small potted plant,Small potted plant,direct_english_row,high,"texture ""small potted plant"" ~ EN row 40"
assets/data/furnitureData.bin.mid,49,Description,緑を少し置くだけで、店の印象はよくなるぞ。,Plants are immune to the appetites of zombies.,Plants are immune to the appetites of zombies.,direct_english_row,high,
assets/data/furnitureData.bin.mid,50,Name,スタンドランプ,Standing lamp,Standing lamp,same_art_or_category,low,"texture ""standing lamp blue"" ~ EN row 50 (fuzzy 0.86 — verify, may be wrong item); proposed carried from TM"
assets/data/furnitureData.bin.mid,50,Description,暗い店でも明るく照らすランプ。,This lamp sheds light.,,same_art_or_category,low,
assets/data/furnitureData.bin.mid,51,Name,スタンドランプ,Standing lamp,Standing lamp,direct_english_row,medium,"texture ""standing lamp red"" ~ EN row 50 (fuzzy 0.89); proposed carried from TM"
assets/data/furnitureData.bin.mid,51,Description,暗い店でも明るく照らすランプ。,This lamp sheds light.,,direct_english_row,medium,
assets/data/furnitureData.bin.mid,52,Name,スタンドランプ,Standing lamp,Standing lamp,same_art_or_category,low,"texture ""standing lamp yellow"" ~ EN row 50 (fuzzy 0.80 — verify, may be wrong item); proposed carried from TM"
assets/data/furnitureData.bin.mid,52,Description,暗い店でも明るく照らすランプ。,This lamp sheds light.,,same_art_or_category,low,
assets/data/furnitureData.bin.mid,53,Name,スタンドランプ,Standing lamp,Standing lamp,direct_english_row,high,"texture ""standing lamp"" ~ EN row 50"
assets/data/furnitureData.bin.mid,53,Description,このランプを置けば、店の評価が少し上がりやすくなるぞ。,This lamp sheds light.,This lamp sheds light.,direct_english_row,high,
assets/data/furnitureData.bin.mid,54,Name,ダイナー風のイス,Diner chair,Diner chair,same_art_or_category,low,"texture ""diner-chair-red"" ~ EN row 54 (fuzzy 0.87 — verify, may be wrong item); proposed carried from TM"
assets/data/furnitureData.bin.mid,54,Description,オヤジ好みの渋いイス。,"This chair is cool, daddy-o.",,same_art_or_category,low,
assets/data/furnitureData.bin.mid,55,Name,ダイナー風のスツール,Diner stool,Diner stool,direct_english_row,high,"texture ""diner stool"" ~ EN row 55"
assets/data/furnitureData.bin.mid,55,Description,目からウロコのスツール。,This stool is really boss.,This stool is really boss.,direct_english_row,high,
assets/data/furnitureData.bin.mid,56,Name,ダイナー風のテーブル,Diner table,Diner table,direct_english_row,high,"texture ""diner table"" ~ EN row 56"
assets/data/furnitureData.bin.mid,56,Description,この素敵なテーブルを気に入るはず。,You're going to dig this happening table.,You're going to dig this happening table.,direct_english_row,high,
assets/data/furnitureData.bin.mid,57,Name,大きな鉢植え,Large potted plant/tree,Large potted plant/tree,direct_english_row,high,"texture ""Large potted plant-tree"" ~ EN row 57"
assets/data/furnitureData.bin.mid,57,Description,店に植物を置くなら、この鉢植えをどうぞ。,Add some vegetation to your cafe with this topiary.,Add some vegetation to your cafe with this topiary.,direct_english_row,high,
assets/data/furnitureData.bin.mid,58,Name,普通のパーテーション,,Plain Divider,jp_only_event,low,"no EN row; dev texture name ""divider""; proposed carried from TM"
assets/data/furnitureData.bin.mid,58,Description,パーテーションで店の模様替え。,,,jp_only_event,low,
assets/data/furnitureData.bin.mid,59,Name,普通のパーテーション,,Plain Divider,jp_only_event,low,"no EN row; dev texture name ""divider""; proposed carried from TM"
assets/data/furnitureData.bin.mid,59,Description,パーテーションで店の模様替え。,,,jp_only_event,low,
assets/data/furnitureData.bin.mid,60,Name,普通のパーテーション,,Plain Divider,jp_only_event,low,"no EN row; dev texture name ""divider""; proposed carried from TM"
assets/data/furnitureData.bin.mid,60,Description,パーテーションで店の模様替え。,,,jp_only_event,low,
assets/data/furnitureData.bin.mid,61,Name,普通のパーテーション,,Plain Divider,jp_only_event,low,"no EN row; dev texture name ""divider""; proposed carried from TM"
assets/data/furnitureData.bin.mid,61,Description,パーテーションで店の模様替え。,,,jp_only_event,low,
assets/data/furnitureData.bin.mid,62,Name,普通のパーテーション,,Plain Divider,jp_only_event,low,"no EN row; dev texture name ""divider""; proposed carried from TM"
assets/data/furnitureData.bin.mid,62,Description,パーテーションで店の模様替え。,,,jp_only_event,low,
assets/data/furnitureData.bin.mid,63,Name,普通のパーテーション,,Plain Divider,jp_only_event,low,"no EN row; dev texture name ""divider""; proposed carried from TM"
assets/data/furnitureData.bin.mid,63,Description,パーテーションで店の模様替え。,,,jp_only_event,low,
assets/data/furnitureData.bin.mid,64,Name,ダイナー風のイス 2,,Diner Chair 2,jp_only_event,low,"no EN row; dev texture name ""diner chair turqoise""; proposed carried from TM"
assets/data/furnitureData.bin.mid,64,Description,オヤジ好みの渋いイス。,,,jp_only_event,low,
assets/data/furnitureData.bin.mid,65,Name,ダイナー風のスツール 2,,Diner Stool 2,jp_only_event,low,"no EN row; dev texture name ""diner stool turqoise""; proposed carried from TM"
assets/data/furnitureData.bin.mid,65,Description,目からウロコのスツール。,,This stool is really boss.,jp_only_event,low,proposed carried from TM
assets/data/furnitureData.bin.mid,66,Name,ダイナー風のテーブル 2,,Diner Table 2,jp_only_event,low,"no EN row; dev texture name ""diner table turquoise""; proposed carried from TM"
assets/data/furnitureData.bin.mid,66,Description,この素敵なテーブルを気に入るはず。,,You're going to dig this happening table.,jp_only_event,low,proposed carried from TM
assets/data/furnitureData.bin.mid,67,Name,スチール製の丸い窓,Rounded-corner/steel window,Rounded-corner/steel window,same_art_or_category,low,"texture ""rounded steel window"" ~ EN row 67 (fuzzy 0.86 — verify, may be wrong item); proposed carried from TM"
assets/data/furnitureData.bin.mid,67,Description,ゾンビっぽい雰囲気の店には必須のスチール製の窓。,This steel window is just what your restaurant needs in the midst of this zombipocalypse.,,same_art_or_category,low,
assets/data/furnitureData.bin.mid,68,Name,帽子・コート掛け,Hat/coat rack,Hat/coat rack,direct_english_row,high,"texture ""hat-coat rack"" ~ EN row 68"
assets/data/furnitureData.bin.mid,68,Description,客が帽子を掛けることができる。,Somewhere for your customers to hang their hats.,Somewhere for your customers to hang their hats.,direct_english_row,high,
assets/data/furnitureData.bin.mid,69,Name,チェックのタイル,,Checkered Tile,jp_only_event,low,"no EN row; dev texture name ""grey and white tile""; proposed carried from TM"
assets/data/furnitureData.bin.mid,69,Description,レトロな床を気に入るはず。,,,jp_only_event,low,
assets/data/furnitureData.bin.mid,70,Name,チェックのタイル,,Checkered Tile,jp_only_event,low,"no EN row; dev texture name ""grey and white tile""; proposed carried from TM"
assets/data/furnitureData.bin.mid,70,Description,レトロな床を気に入るはず。,,,jp_only_event,low,
assets/data/furnitureData.bin.mid,71,Name,チェックのタイル,,Checkered Tile,jp_only_event,low,"no EN row; dev texture name ""grey and white tile""; proposed carried from TM"
assets/data/furnitureData.bin.mid,71,Description,レトロな床を気に入るはず。,,,jp_only_event,low,
assets/data/furnitureData.bin.mid,72,Name,チェックのタイル,,Checkered Tile,jp_only_event,low,"no EN row; dev texture name ""grey and white tile""; proposed carried from TM"
assets/data/furnitureData.bin.mid,72,Description,レトロな床を気に入るはず。,,,jp_only_event,low,
assets/data/furnitureData.bin.mid,73,Name,チェックのタイル,,Checkered Tile,jp_only_event,low,"no EN row; dev texture name ""grey and white tile""; proposed carried from TM"
assets/data/furnitureData.bin.mid,73,Description,レトロな床を気に入るはず。,,,jp_only_event,low,
assets/data/furnitureData.bin.mid,74,Name,ピカピカのスチール製コンロ,Stainless steel stove,Stainless steel stove,same_art_or_category,low,"texture ""stainless steel stove_revision"" ~ EN row 74 (fuzzy 0.83 — verify, may be wrong item); proposed carried from TM"
assets/data/furnitureData.bin.mid,74,Description,この新品のコンロがあれば、店の評価が上がりやすくなる。,This attractive new stove will give your cafe a rating bonus.,,same_art_or_category,low,
assets/data/furnitureData.bin.mid,75,Name,ピカピカのスチール製カウンター,Stainless steel serving counter,Stainless steel serving counter,direct_english_row,high,"texture ""stainless steel serving counter"" ~ EN row 75"
assets/data/furnitureData.bin.mid,75,Description,このピカピカのカウンターがあれば、店の評価が上がりやすくなる。,This shiny new counter will give your cafe a rating bonus.,This shiny new counter will give your cafe a rating bonus.,direct_english_row,high,
assets/data/furnitureData.bin.mid,76,Name,ピカピカのスチール製シンク,Stainless steel sink,Stainless steel sink,direct_english_row,medium,"texture ""stainless steel sink CLEAN"" ~ EN row 76 (fuzzy 0.88); proposed carried from TM"
assets/data/furnitureData.bin.mid,76,Description,この汚れのないシンクがあれば、店の評価が上がりやすくなる。,This spotless sink will give your cafe a rating bonus.,,direct_english_row,medium,
assets/data/furnitureData.bin.mid,77,Name,ピカピカのスチール製冷蔵庫,Stainless steel fridge,Stainless steel fridge,direct_english_row,high,"texture ""stainless steel fridge"" ~ EN row 77"
assets/data/furnitureData.bin.mid,77,Description,この新品の冷蔵庫があれば、店の評価が上がりやすくなる。,This new fridge will give your cafe a rating bonus.,This new fridge will give your cafe a rating bonus.,direct_english_row,high,
assets/data/furnitureData.bin.mid,78,Name,ネオン,Neon sign,Neon sign,same_art_or_category,low,"texture ""Neon_sign_Left"" ~ EN row 78 (fuzzy 0.80 — verify, may be wrong item); proposed carried from TM"
assets/data/furnitureData.bin.mid,78,Description,しゃれたネオンで、店の評価もさらにアップ。,This classy-looking neon sign comes with a rating bonus.,,same_art_or_category,low,
assets/data/furnitureData.bin.mid,79,Name,ネオン,Neon sign,Neon sign,same_art_or_category,low,"texture ""Neon_sign_Left"" ~ EN row 78 (fuzzy 0.80 — verify, may be wrong item); proposed carried from TM"
assets/data/furnitureData.bin.mid,79,Description,しゃれたネオンで、店の評価もさらにアップ。,This classy-looking neon sign comes with a rating bonus.,,same_art_or_category,low,
assets/data/furnitureData.bin.mid,80,Name,ダイナー風壁掛けランプ,Diner wall lamp,Diner wall lamp,direct_english_row,high,"texture ""diner wall lamp"" ~ EN row 80"
assets/data/furnitureData.bin.mid,80,Description,流行のランプ。,A hip-looking lamp.,A hip-looking lamp.,direct_english_row,high,
assets/data/furnitureData.bin.mid,81,Name,ジュークボックス,Jukebox,Jukebox,direct_english_row,high,"texture ""jukebox"" ~ EN row 81"
assets/data/furnitureData.bin.mid,81,Description,ジュークボックスを置いて、現金収入。満タンになったら、忘れず回収しよう。,This happening jukebox will give your cafe extra cash. Just make sure you empty it when it's full.,This happening jukebox will give your cafe extra cash. Just make sure you empty it when it's full.,direct_english_row,high,
assets/data/furnitureData.bin.mid,82,Name,ジュークボックス 2,Jukebox,Jukebox,direct_english_row,high,"texture ""jukebox"" ~ EN row 81"
assets/data/furnitureData.bin.mid,82,Description,ジュークボックスを置いて、現金収入。満タンになったら、忘れず回収しよう。,This happening jukebox will give your cafe extra cash. Just make sure you empty it when it's full.,This happening jukebox will give your cafe extra cash. Just make sure you empty it when it's full.,direct_english_row,high,
assets/data/furnitureData.bin.mid,83,Name,チェックのタイル,,Checkered Tile,jp_only_event,low,"no EN row; dev texture name ""grey and white tile""; proposed carried from TM"
assets/data/furnitureData.bin.mid,83,Description,レトロな床を気に入るはず。,,,jp_only_event,low,
assets/data/furnitureData.bin.mid,84,Name,普通のカーテンが付いた大きな窓,Large window w/plain curtains,Large window w/plain curtains,direct_english_row,medium,"texture ""large window with curtains"" ~ EN row 84 (fuzzy 0.88); proposed carried from TM"
assets/data/furnitureData.bin.mid,84,Description,地味なカーテンが付いた大きな窓。,A large window with plain curtains.,,direct_english_row,medium,
assets/data/furnitureData.bin.mid,85,Name,ブラインド付きの大きな窓,Large window w/blinds,Large window w/blinds,direct_english_row,medium,"texture ""large window with blinds"" ~ EN row 85 (fuzzy 0.92); proposed carried from TM"
assets/data/furnitureData.bin.mid,85,Description,ブラインドが付いた大きな窓。,A large window with blinds.,,direct_english_row,medium,
assets/data/furnitureData.bin.mid,86,Name,シンプルなウッドチェア,Classic wooden chair,Classic wooden chair,direct_english_row,high,"texture ""classic wooden chair"" ~ EN row 86"
assets/data/furnitureData.bin.mid,86,Description,機能的なウッドチェア。,It's functional. It's wooden. It's a chair.,It's functional. It's wooden. It's a chair.,direct_english_row,high,
assets/data/furnitureData.bin.mid,87,Name,赤いチェック柄テーブルクロス付きテーブル,,Red Checkered Table,jp_only_event,low,"no EN row; dev texture name ""(italian) table w table cloth""; proposed carried from TM"
assets/data/furnitureData.bin.mid,87,Description,イタリア製のテーブル。,,,jp_only_event,low,
assets/data/furnitureData.bin.mid,88,Name,ブドウのパーテーション,Plain divider,Grapevine Divider,same_art_or_category,low,"texture ""Lattice Divider"" ~ EN row 58 (fuzzy 0.77 — verify, may be wrong item); proposed carried from TM"
assets/data/furnitureData.bin.mid,88,Description,この格子模様のパーテーションで、店の模様替え。,Use this room divider to organize your restaurant.,,same_art_or_category,low,
assets/data/furnitureData.bin.mid,89,Name,ワインラック,Wine rack,Wine rack,direct_english_row,high,"texture ""wine rack"" ~ EN row 89"
assets/data/furnitureData.bin.mid,89,Description,このラックを置けば上品さがアップして、店の評価が上がりやすくなる。,This wine rack will give your cafe some class and a rating bonus.,This wine rack will give your cafe some class and a rating bonus.,direct_english_row,high,
assets/data/furnitureData.bin.mid,90,Name,壁掛けランプ,,Wall Lamp,jp_only_event,low,"no EN row; dev texture name ""italian wall lamp""; proposed carried from TM"
assets/data/furnitureData.bin.mid,90,Description,便利な壁掛けランプ。,,,jp_only_event,low,
assets/data/furnitureData.bin.mid,91,Name,堅木張りの床,Hardwood floor,Hardwood floor,direct_english_row,high,"texture ""hardwood-floor"" ~ EN row 91"
assets/data/furnitureData.bin.mid,91,Description,死んだ木を集めて作られた床。,This flooring is made from the corpses of many trees.,This flooring is made from the corpses of many trees.,direct_english_row,high,
assets/data/furnitureData.bin.mid,92,Name,堅木張りの床,Hardwood floor,Hardwood floor,direct_english_row,high,"texture ""hardwood-floor"" ~ EN row 91"
assets/data/furnitureData.bin.mid,92,Description,死んだ木を集めて作られた床。,This flooring is made from the corpses of many trees.,This flooring is made from the corpses of many trees.,direct_english_row,high,
assets/data/furnitureData.bin.mid,93,Name,堅木張りの床,Hardwood floor,Hardwood floor,direct_english_row,high,"texture ""hardwood-floor"" ~ EN row 91"
assets/data/furnitureData.bin.mid,93,Description,死んだ木を集めて作られた床。,This flooring is made from the corpses of many trees.,This flooring is made from the corpses of many trees.,direct_english_row,high,
assets/data/furnitureData.bin.mid,94,Name,大きな鉢植え,Large potted plant/tree,Large potted plant/tree,direct_english_row,medium,"texture ""large potted plant"" ~ EN row 57 (fuzzy 0.89); proposed carried from TM"
assets/data/furnitureData.bin.mid,94,Description,店に植物を置くなら、このトピアリーをどうぞ。,Add some vegetation to your cafe with this topiary.,,direct_english_row,medium,
assets/data/furnitureData.bin.mid,95,Name,シンプルなウッドチェア,Classic wooden chair,Classic wooden chair,direct_english_row,high,"texture ""classic wooden chair"" ~ EN row 86"
assets/data/furnitureData.bin.mid,95,Description,機能的なウッドチェア。,It's functional. It's wooden. It's a chair.,It's functional. It's wooden. It's a chair.,direct_english_row,high,
assets/data/furnitureData.bin.mid,96,Name,シンプルなウッドチェア,Classic wooden chair,Classic wooden chair,direct_english_row,high,"texture ""classic wooden chair"" ~ EN row 86"
assets/data/furnitureData.bin.mid,96,Description,機能的なウッドチェア。,It's functional. It's wooden. It's a chair.,It's functional. It's wooden. It's a chair.,direct_english_row,high,
assets/data/furnitureData.bin.mid,97,Name,シンプルなウッドチェア,Classic wooden chair,Classic wooden chair,direct_english_row,high,"texture ""classic wooden chair"" ~ EN row 86"
assets/data/furnitureData.bin.mid,97,Description,機能的なウッドチェア。,It's functional. It's wooden. It's a chair.,It's functional. It's wooden. It's a chair.,direct_english_row,high,
assets/data/furnitureData.bin.mid,98,Name,シンプルなウッドチェア,Classic wooden chair,Classic wooden chair,direct_english_row,high,"texture ""classic wooden chair"" ~ EN row 86"
assets/data/furnitureData.bin.mid,98,Description,機能的なウッドチェア。,It's functional. It's wooden. It's a chair.,It's functional. It's wooden. It's a chair.,direct_english_row,high,
assets/data/furnitureData.bin.mid,99,Name,シンプルなウッドチェア,Classic wooden chair,Classic wooden chair,direct_english_row,high,"texture ""classic wooden chair"" ~ EN row 86"
assets/data/furnitureData.bin.mid,99,Description,機能的なウッドチェア。,It's functional. It's wooden. It's a chair.,It's functional. It's wooden. It's a chair.,direct_english_row,high,
assets/data/furnitureData.bin.mid,100,Name,シンプルなウッドチェア,Classic wooden chair,Classic wooden chair,direct_english_row,high,"texture ""classic wooden chair"" ~ EN row 86"
assets/data/furnitureData.bin.mid,100,Description,このウッドチェアを置けば、店の評価が上がりやすくなる。,It's functional. It's wooden. It's a chair.,It's functional. It's wooden. It's a chair.,direct_english_row,high,
assets/data/furnitureData.bin.mid,101,Name,レンガの壁,Brick wall,Brick wall,direct_english_row,high,"texture ""brick wall"" ~ EN row 101"
assets/data/furnitureData.bin.mid,101,Description,何の変哲もないレンガの壁。,"All in all, they're just bricks in a wall.","All in all, they're just bricks in a wall.",direct_english_row,high,
assets/data/furnitureData.bin.mid,102,Name,レンガの壁,Brick wall,Brick wall,direct_english_row,high,"texture ""brick wall"" ~ EN row 101"
assets/data/furnitureData.bin.mid,102,Description,何の変哲もないレンガの壁。,"All in all, they're just bricks in a wall.","All in all, they're just bricks in a wall.",direct_english_row,high,
assets/data/furnitureData.bin.mid,103,Name,レンガの壁,Brick wall,Brick wall,direct_english_row,high,"texture ""brick wall"" ~ EN row 101"
assets/data/furnitureData.bin.mid,103,Description,何の変哲もないレンガの壁。,"All in all, they're just bricks in a wall.","All in all, they're just bricks in a wall.",direct_english_row,high,
assets/data/furnitureData.bin.mid,104,Name,レンガの壁,Brick wall,Brick wall,direct_english_row,high,"texture ""brick wall"" ~ EN row 101"
assets/data/furnitureData.bin.mid,104,Description,何の変哲もないレンガの壁。,"All in all, they're just bricks in a wall.","All in all, they're just bricks in a wall.",direct_english_row,high,
assets/data/furnitureData.bin.mid,105,Name,レンガの壁,Brick wall,Brick wall,direct_english_row,high,"texture ""brick wall"" ~ EN row 101"
assets/data/furnitureData.bin.mid,105,Description,何の変哲もないレンガの壁。,"All in all, they're just bricks in a wall.","All in all, they're just bricks in a wall.",direct_english_row,high,
assets/data/furnitureData.bin.mid,106,Name,レンガの窓,Brick-lined window,Brick-lined window,direct_english_row,high,"texture ""brick lined window"" ~ EN row 106"
assets/data/furnitureData.bin.mid,106,Description,外に誰かいないかをチェックしよう。,Use it to see if there's anybody out there.,Use it to see if there's anybody out there.,direct_english_row,high,
assets/data/furnitureData.bin.mid,107,Name,堅木張りの床,Hardwood floor,Hardwood floor,direct_english_row,high,"texture ""hardwood-floor"" ~ EN row 91"
assets/data/furnitureData.bin.mid,107,Description,古い木を集めて作られた床。,This flooring is made from the corpses of many trees.,This flooring is made from the corpses of many trees.,direct_english_row,high,
assets/data/furnitureData.bin.mid,108,Name,レンガの壁,Brick wall,Brick wall,direct_english_row,high,"texture ""brick wall"" ~ EN row 101"
assets/data/furnitureData.bin.mid,108,Description,何の変哲もないレンガの壁。,"All in all, they're just bricks in a wall.","All in all, they're just bricks in a wall.",direct_english_row,high,
assets/data/furnitureData.bin.mid,109,Name,しゃれたテーブル,Plain table,Stylish Table,same_art_or_category,low,"texture ""asain table"" ~ EN row 3 (fuzzy 0.80 — verify, may be wrong item); proposed carried from TM"
assets/data/furnitureData.bin.mid,109,Description,料理で汚したくない程、オシャレすぎるテーブル。,Just a regular ol' table.,,same_art_or_category,low,
assets/data/furnitureData.bin.mid,110,Name,しゃれたテーブル,Plain table,Stylish Table,same_art_or_category,low,"texture ""asain table"" ~ EN row 3 (fuzzy 0.80 — verify, may be wrong item); proposed carried from TM"
assets/data/furnitureData.bin.mid,110,Description,料理で汚したくない程、オシャレすぎるテーブル。,Just a regular ol' table.,,same_art_or_category,low,
assets/data/furnitureData.bin.mid,111,Name,しゃれたテーブル,Plain table,Stylish Table,same_art_or_category,low,"texture ""asain table"" ~ EN row 3 (fuzzy 0.80 — verify, may be wrong item); proposed carried from TM"
assets/data/furnitureData.bin.mid,111,Description,料理で汚したくない程、オシャレすぎるテーブル。,Just a regular ol' table.,,same_art_or_category,low,
assets/data/furnitureData.bin.mid,112,Name,しゃれたテーブル,Plain table,Stylish Table,same_art_or_category,low,"texture ""asain table"" ~ EN row 3 (fuzzy 0.80 — verify, may be wrong item); proposed carried from TM"
assets/data/furnitureData.bin.mid,112,Description,料理で汚したくない程、オシャレすぎるテーブル。,Just a regular ol' table.,,same_art_or_category,low,
assets/data/furnitureData.bin.mid,113,Name,しゃれたテーブル,Plain table,Stylish Table,same_art_or_category,low,"texture ""asain table"" ~ EN row 3 (fuzzy 0.80 — verify, may be wrong item); proposed carried from TM"
assets/data/furnitureData.bin.mid,113,Description,料理で汚したくない程、オシャレすぎるテーブル。,Just a regular ol' table.,,same_art_or_category,low,
assets/data/furnitureData.bin.mid,114,Name,しゃれたイス,Plain chair,Stylish Chair,same_art_or_category,low,"texture ""asian chair"" ~ EN row 4 (fuzzy 0.80 — verify, may be wrong item); proposed carried from TM"
assets/data/furnitureData.bin.mid,114,Description,ゾンビ工学に基づいたお手本のようなイス。,Just a regular ol' chair.,,same_art_or_category,low,
assets/data/furnitureData.bin.mid,115,Name,しゃれたイス,Plain chair,Stylish Chair,same_art_or_category,low,"texture ""asian chair"" ~ EN row 4 (fuzzy 0.80 — verify, may be wrong item); proposed carried from TM"
assets/data/furnitureData.bin.mid,115,Description,ゾンビ工学に基づいたお手本のようなイス。,Just a regular ol' chair.,,same_art_or_category,low,
assets/data/furnitureData.bin.mid,116,Name,しゃれたイス,Plain chair,Stylish Chair,same_art_or_category,low,"texture ""asian chair"" ~ EN row 4 (fuzzy 0.80 — verify, may be wrong item); proposed carried from TM"
assets/data/furnitureData.bin.mid,116,Description,ゾンビ工学に基づいたお手本のようなイス。,Just a regular ol' chair.,,same_art_or_category,low,
assets/data/furnitureData.bin.mid,117,Name,しゃれたイス,Plain chair,Stylish Chair,same_art_or_category,low,"texture ""asian chair"" ~ EN row 4 (fuzzy 0.80 — verify, may be wrong item); proposed carried from TM"
assets/data/furnitureData.bin.mid,117,Description,ゾンビ工学に基づいたお手本のようなイス。,Just a regular ol' chair.,,same_art_or_category,low,
assets/data/furnitureData.bin.mid,118,Name,しゃれたイス,Plain chair,Stylish Chair,same_art_or_category,low,"texture ""asian chair"" ~ EN row 4 (fuzzy 0.80 — verify, may be wrong item); proposed carried from TM"
assets/data/furnitureData.bin.mid,118,Description,ゾンビ工学に基づいたお手本のようなイス。,Just a regular ol' chair.,,same_art_or_category,low,
assets/data/furnitureData.bin.mid,119,Name,紙製の照明,Diner wall lamp,Paper Wall Lamp,same_art_or_category,low,"texture ""asian wall lamp"" ~ EN row 80 (fuzzy 0.77 — verify, may be wrong item); proposed carried from TM"
assets/data/furnitureData.bin.mid,119,Description,紙製の照明。火事にはならないから安心していいぞ。,A hip-looking lamp.,,same_art_or_category,low,
assets/data/furnitureData.bin.mid,120,Name,水槽,,Fish Tank,jp_only_event,low,"no EN row; dev texture name ""fish tank frame 2""; proposed carried from TM"
assets/data/furnitureData.bin.mid,120,Description,観賞用で食べることはできない。店の評価が上がりやすくなる。,,,jp_only_event,low,
assets/data/furnitureData.bin.mid,121,Name,しゃれたテーブル,Plain table,Stylish Table,same_art_or_category,low,"texture ""asain table"" ~ EN row 3 (fuzzy 0.80 — verify, may be wrong item); proposed carried from TM"
assets/data/furnitureData.bin.mid,121,Description,このオシャレなテーブルを置けば、店の評価が上がりやすくなる。,Just a regular ol' table.,,same_art_or_category,low,
assets/data/furnitureData.bin.mid,122,Name,しゃれたイス,Plain chair,Stylish Chair,same_art_or_category,low,"texture ""asian chair"" ~ EN row 4 (fuzzy 0.80 — verify, may be wrong item); proposed carried from TM"
assets/data/furnitureData.bin.mid,122,Description,ゾンビ工学に基づいたお手本のようなイス。店の評価が少し上がりやすくなる。,Just a regular ol' chair.,,same_art_or_category,low,
assets/data/furnitureData.bin.mid,123,Name,鉢植えの竹,Potted bamboo,Potted bamboo,direct_english_row,high,"texture ""potted bamboo"" ~ EN row 123"
assets/data/furnitureData.bin.mid,123,Description,美しい竹で、禅の雰囲気を満喫だ。,This beautiful bamboo will give your cafe some Zen appeal.,This beautiful bamboo will give your cafe some Zen appeal.,direct_english_row,high,
assets/data/furnitureData.bin.mid,124,Name,エキゾチックな水槽,Exotic fish tank,Exotic fish tank,same_art_or_category,low,"texture ""exotic fish tank frame 2"" ~ EN row 124 (fuzzy 0.82 — verify, may be wrong item); proposed carried from TM"
assets/data/furnitureData.bin.mid,124,Description,エキゾチックな水槽。店の評価が上がりやすくなる。,"Why have a regular fish tank, when you can go exotic? Also gives a rating bonus.",,same_art_or_category,low,
assets/data/furnitureData.bin.mid,125,Name,ハシのポスター,,Chopsticks Poster,jp_only_event,low,"no EN row; dev texture name ""Asian Poster Left""; proposed carried from TM"
assets/data/furnitureData.bin.mid,125,Description,このカッコいいポスターを貼れば、店の評価が上がりやすくなる。,,,jp_only_event,low,
assets/data/furnitureData.bin.mid,126,Name,ハシのポスター,,Chopsticks Poster,jp_only_event,low,"no EN row; dev texture name ""Asian Poster Left""; proposed carried from TM"
assets/data/furnitureData.bin.mid,126,Description,このカッコいいポスターを貼れば、店の評価が上がりやすくなる。,,,jp_only_event,low,
assets/data/furnitureData.bin.mid,127,Name,ボンサイ,,Bonsai Tree,jp_only_event,low,"no EN row; dev texture name ""bonzai tree""; proposed carried from TM"
assets/data/furnitureData.bin.mid,127,Description,ゾンビの店に歴史あるボンサイという芸術。,,,jp_only_event,low,
assets/data/furnitureData.bin.mid,128,Name,テーブル（一般／シンプル／カントリー）,,Country Table,jp_only_event,low,"no EN row; dev texture name ""Tex-Mex Table""; proposed carried from TM"
assets/data/furnitureData.bin.mid,128,Description,スタイリッシュで機能的。,,,jp_only_event,low,
assets/data/furnitureData.bin.mid,129,Name,テーブル（一般／シンプル／カントリー）,,Country Table,jp_only_event,low,"no EN row; dev texture name ""Tex-Mex Table""; proposed carried from TM"
assets/data/furnitureData.bin.mid,129,Description,スタイリッシュで機能的。,,,jp_only_event,low,
assets/data/furnitureData.bin.mid,130,Name,テーブル（一般／シンプル／カントリー）,,Country Table,jp_only_event,low,"no EN row; dev texture name ""Tex-Mex Table""; proposed carried from TM"
assets/data/furnitureData.bin.mid,130,Description,スタイリッシュで機能的。,,,jp_only_event,low,
assets/data/furnitureData.bin.mid,131,Name,テーブル（一般／シンプル／カントリー）,,Country Table,jp_only_event,low,"no EN row; dev texture name ""Tex-Mex Table""; proposed carried from TM"
assets/data/furnitureData.bin.mid,131,Description,スタイリッシュで機能的。,,,jp_only_event,low,
assets/data/furnitureData.bin.mid,132,Name,イス（一般／シンプル／カントリー）,,Country Chair,jp_only_event,low,"no EN row; dev texture name ""mexican chair""; proposed carried from TM"
assets/data/furnitureData.bin.mid,132,Description,スタイリッシュなのに、座り心地も抜群。,,,jp_only_event,low,
assets/data/furnitureData.bin.mid,133,Name,イス（一般／シンプル／カントリー）,,Country Chair,jp_only_event,low,"no EN row; dev texture name ""mexican chair""; proposed carried from TM"
assets/data/furnitureData.bin.mid,133,Description,このカッコいいイスを置いて店をクールに仕上げよう。,,,jp_only_event,low,
assets/data/furnitureData.bin.mid,134,Name,イス（一般／シンプル／カントリー）,,Country Chair,jp_only_event,low,"no EN row; dev texture name ""mexican chair""; proposed carried from TM"
assets/data/furnitureData.bin.mid,134,Description,このカッコいいイスを置いて店をクールに仕上げよう。,,,jp_only_event,low,
assets/data/furnitureData.bin.mid,135,Name,イス（一般／シンプル／カントリー）,,Country Chair,jp_only_event,low,"no EN row; dev texture name ""mexican chair""; proposed carried from TM"
assets/data/furnitureData.bin.mid,135,Description,このカッコいいイスを置いて店をクールに仕上げよう。,,,jp_only_event,low,
assets/data/furnitureData.bin.mid,136,Name,イス（一般／シンプル／カントリー）,,Country Chair,jp_only_event,low,"no EN row; dev texture name ""mexican chair""; proposed carried from TM"
assets/data/furnitureData.bin.mid,136,Description,このカッコいいイスを置いて店をクールに仕上げよう。,,,jp_only_event,low,
assets/data/furnitureData.bin.mid,137,Name,木製パネル壁,Wood panel wall,Wood panel wall,same_art_or_category,low,"texture ""wood wall"" ~ EN row 137 (fuzzy 0.76 — verify, may be wrong item); proposed carried from TM"
assets/data/furnitureData.bin.mid,137,Description,この木製パネル壁で、田舎の雰囲気を演出。,This wood paneling will give your restaurant some rustic appeal.,,same_art_or_category,low,
assets/data/furnitureData.bin.mid,138,Name,スロットマシン,Slot machine,Slot machine,same_art_or_category,low,"texture ""slot machine arm up"" ~ EN row 138 (fuzzy 0.81 — verify, may be wrong item); proposed carried from TM"
assets/data/furnitureData.bin.mid,138,Description,スロットマシンで現金収入。満タンになったら、忘れずに回収しよう。(注意)この商品は１つしか所持できません。,"Earn some cold, hard cash from this slot machine. Just make sure you empty it when it's full.",,same_art_or_category,low,
assets/data/furnitureData.bin.mid,139,Name,スロットマシン,Slot machine,Slot machine,same_art_or_category,low,"texture ""slot machine arm up"" ~ EN row 138 (fuzzy 0.81 — verify, may be wrong item); proposed carried from TM"
assets/data/furnitureData.bin.mid,139,Description,スロットマシンで現金収入。満タンになったら、忘れずに回収しよう。,"Earn some cold, hard cash from this slot machine. Just make sure you empty it when it's full.",,same_art_or_category,low,
assets/data/furnitureData.bin.mid,140,Name,テーブル（一般／シンプル／カントリー）,,Country Table,jp_only_event,low,"no EN row; dev texture name ""Tex-Mex Table""; proposed carried from TM"
assets/data/furnitureData.bin.mid,140,Description,このオシャレなテーブルを置けば、店の評価が少し上がりやすくなる。,,,jp_only_event,low,
assets/data/furnitureData.bin.mid,141,Name,イス（一般／シンプル／カントリー）,,Country Chair,jp_only_event,low,"no EN row; dev texture name ""mexican chair""; proposed carried from TM"
assets/data/furnitureData.bin.mid,141,Description,このオシャレなイスを置けば、店の評価が少し上がりやすくなる。,,,jp_only_event,low,
assets/data/furnitureData.bin.mid,142,Name,馬車の車輪,Wagon wheel,Wagon wheel,direct_english_row,high,"texture ""wagon wheel"" ~ EN row 142"
assets/data/furnitureData.bin.mid,142,Description,本物の荷馬車の車輪。,From a real wagon.,From a real wagon.,direct_english_row,high,
assets/data/furnitureData.bin.mid,143,Name,赤／緑／白のカーテンが付いた大きな窓,,Large window w/fiesta curtains,jp_only_event,low,"no EN row; dev texture name ""mexican curtains""; proposed carried from TM"
assets/data/furnitureData.bin.mid,143,Description,色付きカーテンの付いた大きな窓。,,,jp_only_event,low,
assets/data/furnitureData.bin.mid,144,Name,鉢植えのサボテン,Potted cactus,Potted cactus,direct_english_row,high,"texture ""potted cactus"" ~ EN row 144"
assets/data/furnitureData.bin.mid,144,Description,砂漠の植物を店に置くなら、このサボテン。,Add a little bit of desert flora in your restaurant with this cactus.,Add a little bit of desert flora in your restaurant with this cactus.,direct_english_row,high,
assets/data/furnitureData.bin.mid,145,Name,ツートンブラウンのタイル,Two-tone brown tile,Two-tone brown tile,direct_english_row,high,"texture ""two tone brown tile"" ~ EN row 145"
assets/data/furnitureData.bin.mid,145,Description,シンプルなブラウンのタイルで店を飾ろう。,Use this simple brown tile to decorate your floor.,Use this simple brown tile to decorate your floor.,direct_english_row,high,
assets/data/furnitureData.bin.mid,146,Name,木製パネル壁,Wood panel wall,Wood panel wall,same_art_or_category,low,"texture ""wood wall"" ~ EN row 137 (fuzzy 0.76 — verify, may be wrong item); proposed carried from TM"
assets/data/furnitureData.bin.mid,146,Description,この木製パネル壁で、田舎の雰囲気を演出。,This wood paneling will give your restaurant some rustic appeal.,,same_art_or_category,low,
assets/data/furnitureData.bin.mid,147,Name,牛の頭骨,Steer skull,Steer skull,direct_english_row,high,"texture ""steer skull"" ~ EN row 147"
assets/data/furnitureData.bin.mid,147,Description,牛の頭骨を飾って、田舎の雰囲気を演出。,Give your cafe some rustic appeal with this steer skull.,Give your cafe some rustic appeal with this steer skull.,direct_english_row,high,
assets/data/furnitureData.bin.mid,148,Name,ダーツ盤,dartboard,dartboard,direct_english_row,high,"texture ""dart board"" ~ EN row 148"
assets/data/furnitureData.bin.mid,148,Description,従業員に向かって投げないでください。,"Throwing sharp, pointy objects is an amusing recreational activity.","Throwing sharp, pointy objects is an amusing recreational activity.",direct_english_row,high,
assets/data/furnitureData.bin.mid,149,Name,バーカウンター,,Bar Counter,jp_only_event,low,"no EN row; dev texture name ""Bar""; proposed carried from TM"
assets/data/furnitureData.bin.mid,149,Description,スタイリッシュで機能的なバーカウンター。,,,jp_only_event,low,
assets/data/furnitureData.bin.mid,150,Name,テーブルサッカー台,Foosball table,Foosball table,direct_english_row,medium,"texture ""fooseball table"" ~ EN row 150 (fuzzy 0.96); proposed carried from TM"
assets/data/furnitureData.bin.mid,150,Description,テーブルサッカー台を置いて現金収入。満タンになったら、忘れず回収しよう。,Earn some extra cash with this Foosball table. Just make sure you empty it when it's full.,,direct_english_row,medium,
assets/data/furnitureData.bin.mid,151,Name,テーブルサッカー台,Foosball table,Foosball table,direct_english_row,medium,"texture ""fooseball table"" ~ EN row 150 (fuzzy 0.96); proposed carried from TM"
assets/data/furnitureData.bin.mid,151,Description,テーブルサッカー台を置いて現金収入。満タンになったら、忘れず回収しよう。,Earn some extra cash with this Foosball table. Just make sure you empty it when it's full.,,direct_english_row,medium,
assets/data/furnitureData.bin.mid,152,Name,カーペット,carpet,carpet,direct_english_row,high,"texture ""carpet"" ~ EN row 152"
assets/data/furnitureData.bin.mid,152,Description,高級感のあるカーペット。血をよく吸ってくれる。,Carpeting is both classy and blood-absorbent.,Carpeting is both classy and blood-absorbent.,direct_english_row,high,
assets/data/furnitureData.bin.mid,153,Name,カーペット,carpet,carpet,direct_english_row,high,"texture ""carpet"" ~ EN row 152"
assets/data/furnitureData.bin.mid,153,Description,高級感のあるカーペット。血をよく吸ってくれる。,Carpeting is both classy and blood-absorbent.,Carpeting is both classy and blood-absorbent.,direct_english_row,high,
assets/data/furnitureData.bin.mid,154,Name,カーペット,carpet,carpet,direct_english_row,high,"texture ""carpet"" ~ EN row 152"
assets/data/furnitureData.bin.mid,154,Description,高級感のあるカーペット。血をよく吸ってくれる。,Carpeting is both classy and blood-absorbent.,Carpeting is both classy and blood-absorbent.,direct_english_row,high,
assets/data/furnitureData.bin.mid,155,Name,カーペット,carpet,carpet,direct_english_row,high,"texture ""carpet"" ~ EN row 152"
assets/data/furnitureData.bin.mid,155,Description,高級感のあるカーペット。血をよく吸ってくれる。,Carpeting is both classy and blood-absorbent.,Carpeting is both classy and blood-absorbent.,direct_english_row,high,
assets/data/furnitureData.bin.mid,156,Name,カーペット,carpet,carpet,direct_english_row,high,"texture ""carpet"" ~ EN row 152"
assets/data/furnitureData.bin.mid,156,Description,高級感のあるカーペット。血をよく吸ってくれる。,Carpeting is both classy and blood-absorbent.,Carpeting is both classy and blood-absorbent.,direct_english_row,high,
assets/data/furnitureData.bin.mid,157,Name,酒用ラック／棚,Booze rack/shelf,Booze rack/shelf,same_art_or_category,low,"texture ""booze rack"" ~ EN row 157 (fuzzy 0.78 — verify, may be wrong item); proposed carried from TM"
assets/data/furnitureData.bin.mid,157,Description,客は酒を眺めるのが好き。店の評価が上がりやすくなる。,"Customers enjoy the sight of alcohol, so this item yields a rating bonus.",,same_art_or_category,low,
assets/data/furnitureData.bin.mid,158,Name,カーペット,carpet,carpet,direct_english_row,high,"texture ""carpet"" ~ EN row 152"
assets/data/furnitureData.bin.mid,158,Description,高級感のあるカーペット。血をよく吸ってくれそうだ。,Carpeting is both classy and blood-absorbent.,Carpeting is both classy and blood-absorbent.,direct_english_row,high,
assets/data/furnitureData.bin.mid,159,Name,ゾンビールの広告／ポスター,,Zombeer Poster,jp_only_event,low,"no EN row; dev texture name ""Beer Poster Left""; proposed carried from TM"
assets/data/furnitureData.bin.mid,159,Description,常連客に人気No1ゾンビラガーを宣伝。店の評判が上がりやすくなる。,,,jp_only_event,low,
assets/data/furnitureData.bin.mid,160,Name,白いテーブルクロス,White tablecloth,White tablecloth,direct_english_row,high,"texture ""white tablecloth"" ~ EN row 160"
assets/data/furnitureData.bin.mid,160,Description,最も一般的なテーブルクロス。,The most basic form of tablecloth.,The most basic form of tablecloth.,direct_english_row,high,
assets/data/furnitureData.bin.mid,161,Name,教壇／演壇,,Podium,jp_only_event,low,"no EN row; dev texture name ""maitre d stand BACK""; proposed carried from TM"
assets/data/furnitureData.bin.mid,161,Description,高級料理店には教壇がつきもの。,,,jp_only_event,low,
assets/data/furnitureData.bin.mid,162,Name,大理石のタイル,Marble tile,Marble tile,direct_english_row,high,"texture ""marble tile"" ~ EN row 162"
assets/data/furnitureData.bin.mid,162,Description,輝きを放つ大理石の床。,A shiny marble floor.,A shiny marble floor.,direct_english_row,high,
assets/data/furnitureData.bin.mid,163,Name,大理石のタイル,Marble tile,Marble tile,direct_english_row,high,"texture ""marble tile"" ~ EN row 162"
assets/data/furnitureData.bin.mid,163,Description,輝きを放つ大理石の床。,A shiny marble floor.,A shiny marble floor.,direct_english_row,high,
assets/data/furnitureData.bin.mid,164,Name,大理石のタイル,Marble tile,Marble tile,direct_english_row,high,"texture ""marble tile"" ~ EN row 162"
assets/data/furnitureData.bin.mid,164,Description,輝きを放つ大理石の床。,A shiny marble floor.,A shiny marble floor.,direct_english_row,high,
assets/data/furnitureData.bin.mid,165,Name,大理石のタイル,Marble tile,Marble tile,direct_english_row,high,"texture ""marble tile"" ~ EN row 162"
assets/data/furnitureData.bin.mid,165,Description,輝きを放つ大理石の床。,A shiny marble floor.,A shiny marble floor.,direct_english_row,high,
assets/data/furnitureData.bin.mid,166,Name,大理石のタイル,Marble tile,Marble tile,direct_english_row,high,"texture ""marble tile"" ~ EN row 162"
assets/data/furnitureData.bin.mid,166,Description,輝きを放つ大理石の床。,A shiny marble floor.,A shiny marble floor.,direct_english_row,high,
assets/data/furnitureData.bin.mid,167,Name,壁紙が貼られた壁,Wallpaper wall,Wallpaper wall,same_art_or_category,low,"texture ""wallpaper2"" ~ EN row 167 (fuzzy 0.78 — verify, may be wrong item); proposed carried from TM"
assets/data/furnitureData.bin.mid,167,Description,壁紙が貼られた壁。,A wallpapered wall.,,same_art_or_category,low,
assets/data/furnitureData.bin.mid,168,Name,壁紙が貼られた壁,Wallpaper wall,Wallpaper wall,same_art_or_category,low,"texture ""wallpaper2"" ~ EN row 167 (fuzzy 0.78 — verify, may be wrong item); proposed carried from TM"
assets/data/furnitureData.bin.mid,168,Description,壁紙が貼られた壁。,A wallpapered wall.,,same_art_or_category,low,
assets/data/furnitureData.bin.mid,169,Name,壁紙が貼られた壁,Wallpaper wall,Wallpaper wall,same_art_or_category,low,"texture ""wallpaper2"" ~ EN row 167 (fuzzy 0.78 — verify, may be wrong item); proposed carried from TM"
assets/data/furnitureData.bin.mid,169,Description,壁紙が貼られた壁。,A wallpapered wall.,,same_art_or_category,low,
assets/data/furnitureData.bin.mid,170,Name,壁紙が貼られた壁,Wallpaper wall,Wallpaper wall,same_art_or_category,low,"texture ""wallpaper2"" ~ EN row 167 (fuzzy 0.78 — verify, may be wrong item); proposed carried from TM"
assets/data/furnitureData.bin.mid,170,Description,壁紙が貼られた壁。,A wallpapered wall.,,same_art_or_category,low,
assets/data/furnitureData.bin.mid,171,Name,壁紙が貼られた壁,Wallpaper wall,Wallpaper wall,same_art_or_category,low,"texture ""wallpaper2"" ~ EN row 167 (fuzzy 0.78 — verify, may be wrong item); proposed carried from TM"
assets/data/furnitureData.bin.mid,171,Description,壁紙が貼られた壁。,A wallpapered wall.,,same_art_or_category,low,
assets/data/furnitureData.bin.mid,172,Name,壁紙が貼られた壁,Wallpaper wall,Wallpaper wall,same_art_or_category,low,"texture ""wallpaper2"" ~ EN row 167 (fuzzy 0.78 — verify, may be wrong item); proposed carried from TM"
assets/data/furnitureData.bin.mid,172,Description,壁紙が貼られた壁。,A wallpapered wall.,,same_art_or_category,low,
assets/data/furnitureData.bin.mid,173,Name,燭台,Candelabra,Candelabra,direct_english_row,high,"texture ""candelabra"" ~ EN row 173"
assets/data/furnitureData.bin.mid,173,Description,停電でも安心、店をオシャレに照らす。,A sophisticated way to light up your restaurant.,A sophisticated way to light up your restaurant.,direct_english_row,high,
assets/data/furnitureData.bin.mid,174,Name,噴水,,Fountain,jp_only_event,low,"no EN row; dev texture name ""fountain frame 1""; proposed carried from TM"
assets/data/furnitureData.bin.mid,174,Description,装飾品の噴水を置けば、店の評価が上がりやすくなる。,,,jp_only_event,low,
assets/data/furnitureData.bin.mid,175,Name,ベルベットの縄すだれ,Velvet rope divider,Velvet rope divider,direct_english_row,high,"texture ""velvet rope divider"" ~ EN row 175"
assets/data/furnitureData.bin.mid,175,Description,店をスタイリッシュに模様替え。,A stylish way to organize your restaurant.,A stylish way to organize your restaurant.,direct_english_row,high,
assets/data/furnitureData.bin.mid,176,Name,ゴッホのゾンビ風自画像,,Zombie Van Gogh Self-Portrait,jp_only_event,low,"no EN row; dev texture name ""Painting Left""; proposed carried from TM"
assets/data/furnitureData.bin.mid,176,Description,目玉が飛び出るほど高価な絵を飾れば、店の評価は急上昇。,,,jp_only_event,low,
assets/data/furnitureData.bin.mid,177,Name,ゴッホのゾンビ風自画像,,Zombie Van Gogh Self-Portrait,jp_only_event,low,"no EN row; dev texture name ""Painting Left""; proposed carried from TM"
assets/data/furnitureData.bin.mid,177,Description,目玉が飛び出るほど高価な絵を飾れば、店の評価は急上昇。,,,jp_only_event,low,
assets/data/furnitureData.bin.mid,178,Name,大理石のタイル,Marble tile,Marble tile,direct_english_row,high,"texture ""marble tile"" ~ EN row 162"
assets/data/furnitureData.bin.mid,178,Description,輝きを放つ大理石の床。,A shiny marble floor.,A shiny marble floor.,direct_english_row,high,
assets/data/furnitureData.bin.mid,179,Name,壁のひび,,Wall Crack,jp_only_event,low,"no EN row; dev texture name ""halaven-Wall3""; proposed carried from TM"
assets/data/furnitureData.bin.mid,180,Name,床のシミ,Floor stain,Floor stain,direct_english_row,high,"texture ""floor stain"" ~ EN row 180"
assets/data/furnitureData.bin.mid,181,Name,取れかけたタイル,Loose tile,Loose tile,direct_english_row,high,"texture ""loose-tile"" ~ EN row 181"
assets/data/furnitureData.bin.mid,182,Name,10000ドル,,"$10,000",jp_only_event,low,"no EN row; dev texture name ""10k""; proposed carried from TM"
assets/data/furnitureData.bin.mid,182,Description,10000ドルを購入。,,,jp_only_event,low,
assets/data/furnitureData.bin.mid,183,Name,50000ドル,,"$50,000",jp_only_event,low,"no EN row; dev texture name ""50k""; proposed carried from TM"
assets/data/furnitureData.bin.mid,183,Description,50000ドルを購入。,,,jp_only_event,low,
assets/data/furnitureData.bin.mid,184,Name,250000ドル,,"$250,000",jp_only_event,low,"no EN row; dev texture name ""250k""; proposed carried from TM"
assets/data/furnitureData.bin.mid,184,Description,250000ドルを購入。,,,jp_only_event,low,
assets/data/furnitureData.bin.mid,185,Name,1000000ドル,,"$1,000,000",jp_only_event,low,"no EN row; dev texture name ""1M""; proposed carried from TM"
assets/data/furnitureData.bin.mid,185,Description,1000000ドルを購入。,,,jp_only_event,low,
assets/data/furnitureData.bin.mid,186,Name,ポット,Pot,Pot,direct_english_row,high,"texture ""pot"" ~ EN row 186"
assets/data/furnitureData.bin.mid,187,Name,皿,Plate,Plate,direct_english_row,high,"texture ""plate"" ~ EN row 187"
assets/data/furnitureData.bin.mid,188,Name,ガラスのタイル 1,,Glass Tile 1,jp_only_event,low,"no EN row; dev texture name ""grass""; proposed carried from TM"
assets/data/furnitureData.bin.mid,189,Name,ガラスのタイル 2,,Glass Tile 2,jp_only_event,low,"no EN row; dev texture name ""grass""; proposed carried from TM"
assets/data/furnitureData.bin.mid,190,Name,歩道のタイル,Sidewalk tile,Sidewalk tile,same_art_or_category,low,"texture ""sidewalk"" ~ EN row 190 (fuzzy 0.80 — verify, may be wrong item); proposed carried from TM"
assets/data/furnitureData.bin.mid,191,Name,道路のタイル,,Road Tile,jp_only_event,low,"no EN row; dev texture name ""road""; proposed carried from TM"
assets/data/furnitureData.bin.mid,192,Name,道路ヒョウシキのタイル,Road stripe tile,Road stripe tile,same_art_or_category,low,"texture ""roadStripe"" ~ EN row 192 (fuzzy 0.83 — verify, may be wrong item); proposed carried from TM"
assets/data/furnitureData.bin.mid,193,Name,汚れた皿,Dirty plate,Dirty plate,direct_english_row,high,"texture ""Dirty_Plate"" ~ EN row 193"
assets/data/furnitureData.bin.mid,194,Name,タイルカバー,Tile cover,Tile cover,direct_english_row,high,"texture ""tileCover"" ~ EN row 194"
assets/data/furnitureData.bin.mid,195,Name,閉じたドア,,Closed Door,jp_only_event,low,"no EN row; dev texture name ""doorClosed""; proposed carried from TM"
assets/data/furnitureData.bin.mid,196,Name,開いたドア,,Open Door,jp_only_event,low,"no EN row; dev texture name ""door_back""; proposed carried from TM"
assets/data/furnitureData.bin.mid,197,Name,焦げ付いたポット,Burnt Pot,Burnt Pot,direct_english_row,high,"texture ""Burnt Pot"" ~ EN row 197"
assets/data/furnitureData.bin.mid,198,Name,8x7に拡張,,Expand to 8x7,jp_only_event,low,"no EN row; dev texture name ""7x8""; proposed carried from TM"
assets/data/furnitureData.bin.mid,198,Description,店のサイズを8x7に拡張。,,,jp_only_event,low,
assets/data/furnitureData.bin.mid,199,Name,9x8に拡張,,Expand to 9x8,jp_only_event,low,"no EN row; dev texture name ""8x9""; proposed carried from TM"
assets/data/furnitureData.bin.mid,199,Description,店のサイズを9x8に拡張。,,,jp_only_event,low,
assets/data/furnitureData.bin.mid,200,Name,9x8に拡張,,Expand to 9x8,jp_only_event,low,"no EN row; dev texture name ""8x9""; proposed carried from TM"
assets/data/furnitureData.bin.mid,200,Description,店のサイズを9x8に拡張。,,,jp_only_event,low,
assets/data/furnitureData.bin.mid,201,Name,10x9に拡張,,Expand to 10x9,jp_only_event,low,"no EN row; dev texture name ""9x10""; proposed carried from TM"
assets/data/furnitureData.bin.mid,201,Description,店のサイズを10x9に拡張。,,,jp_only_event,low,
assets/data/furnitureData.bin.mid,202,Name,10x9に拡張,,Expand to 10x9,jp_only_event,low,"no EN row; dev texture name ""9x10""; proposed carried from TM"
assets/data/furnitureData.bin.mid,202,Description,店のサイズを10x9に拡張。,,,jp_only_event,low,
assets/data/furnitureData.bin.mid,203,Name,11x10に拡張,,Expand to 11x10,jp_only_event,low,"no EN row; dev texture name ""10x11""; proposed carried from TM"
assets/data/furnitureData.bin.mid,203,Description,店のサイズを11x10に拡張。,,,jp_only_event,low,
assets/data/furnitureData.bin.mid,204,Name,11x10に拡張,,Expand to 11x10,jp_only_event,low,"no EN row; dev texture name ""10x11""; proposed carried from TM"
assets/data/furnitureData.bin.mid,204,Description,店のサイズを11x10に拡張。,,,jp_only_event,low,
assets/data/furnitureData.bin.mid,205,Name,赤いゴミ箱,,Red Trash Bin,jp_only_event,low,"no EN row; dev texture name ""TrashBin_Red""; proposed carried from TM"
assets/data/furnitureData.bin.mid,205,Description,ゴミはちゃんとゴミ箱に。,,,jp_only_event,low,
assets/data/furnitureData.bin.mid,206,Name,ダイナー風の時計,Diner clock,Diner clock,direct_english_row,high,"texture ""diner clock"" ~ EN row 206"
assets/data/furnitureData.bin.mid,206,Description,昔ながらの方法で時間を知ろう。,Tell time the old-fashioned way.,Tell time the old-fashioned way.,direct_english_row,high,
assets/data/furnitureData.bin.mid,207,Name,スペシャルメニュー板,,Today's Specials Board,jp_only_event,low,"no EN row; dev texture name ""Sign_TodaysSpecials_Left""; proposed carried from TM"
assets/data/furnitureData.bin.mid,207,Description,スペシャルメニュー板を置けば、店の評価は急上昇。,,,jp_only_event,low,
assets/data/furnitureData.bin.mid,208,Name,スペシャルメニュー板,,Today's Specials Board,jp_only_event,low,"no EN row; dev texture name ""Sign_TodaysSpecials_Left""; proposed carried from TM"
assets/data/furnitureData.bin.mid,208,Description,スペシャルメニュー板を置けば、店の評価は急上昇。,,,jp_only_event,low,
assets/data/furnitureData.bin.mid,209,Name,ダイナー風の壁,,Diner Wall,jp_only_event,low,"no EN row; dev texture name ""Wall_diner""; proposed carried from TM"
assets/data/furnitureData.bin.mid,209,Description,流行の壁。,,,jp_only_event,low,
assets/data/furnitureData.bin.mid,210,Name,大理石のカウンター,Marble Serving Counter,Marble Serving Counter,direct_english_row,high,"texture ""Marble_Serving Counter"" ~ EN row 210"
assets/data/furnitureData.bin.mid,210,Description,輝きを放つ大理石のカウンター。店の評価が上がりやすくなる。,This shiny marble counter will give you a rating bonus.,This shiny marble counter will give you a rating bonus.,direct_english_row,high,
assets/data/furnitureData.bin.mid,211,Name,マッドサイエンティストの操作板 1,,Mad Scientist Control Panel 1,jp_only_event,low,"no EN row; dev texture name ""ControlPanel_One _MdScience""; proposed carried from TM"
assets/data/furnitureData.bin.mid,211,Description,この操作板を置けば、店の評価が上がりやすくなる。,,,jp_only_event,low,
assets/data/furnitureData.bin.mid,212,Name,マッドサイエンティストの操作板 3,,Mad Scientist Control Panel 3,jp_only_event,low,"no EN row; dev texture name ""ControlPanel_Three _MdScience""; proposed carried from TM"
assets/data/furnitureData.bin.mid,212,Description,この操作板を置けば、店の評価が上がりやすくなる。,,,jp_only_event,low,
assets/data/furnitureData.bin.mid,213,Name,マッドサイエンティストの操作板 2,,Mad Scientist Control Panel 2,jp_only_event,low,"no EN row; dev texture name ""ControlPanel_Two _MdScience""; proposed carried from TM"
assets/data/furnitureData.bin.mid,213,Description,この操作板を置けば、店の評価が上がりやすくなる。,,,jp_only_event,low,
assets/data/furnitureData.bin.mid,214,Name,マッドサイエンティストの床,,Mad Scientist Floor,jp_only_event,low,"no EN row; dev texture name ""Floor_MdScience""; proposed carried from TM"
assets/data/furnitureData.bin.mid,214,Description,このタイルで店の床を悪に染めろ。,,,jp_only_event,low,
assets/data/furnitureData.bin.mid,215,Name,マッドサイエンティストのキャビネット 1,,Mad Scientist Cabinet 1,jp_only_event,low,"no EN row; dev texture name ""MdScience_Cabinet_One""; proposed carried from TM"
assets/data/furnitureData.bin.mid,215,Description,スタイリッシュな悪のキャビネットで、店の評価をアップ。,,,jp_only_event,low,
assets/data/furnitureData.bin.mid,216,Name,マッドサイエンティストのキャビネット 2,,Mad Scientist Cabinet 2,jp_only_event,low,"no EN row; dev texture name ""MdScience_Cabinet_Two""; proposed carried from TM"
assets/data/furnitureData.bin.mid,216,Description,スタイリッシュな悪のキャビネットで、店の評価をアップ。,,,jp_only_event,low,
assets/data/furnitureData.bin.mid,217,Name,マッドサイエンティストのイス,,Mad Scientist Chair,jp_only_event,low,"no EN row; dev texture name ""MdScience_Chair_Front""; proposed carried from TM"
assets/data/furnitureData.bin.mid,217,Description,座るためだけじゃない、悪巧みのためのイス。,,,jp_only_event,low,
assets/data/furnitureData.bin.mid,218,Name,マッドサイエンティストのカウンター,Mad Scientist Serving Counter,Mad Scientist Serving Counter,same_art_or_category,low,"texture ""MdScience_Serving Counter"" ~ EN row 218 (fuzzy 0.86 — verify, may be wrong item); proposed carried from TM"
assets/data/furnitureData.bin.mid,218,Description,このカウンターで世界征服を始めよう。,Serve up some world domination with this counter.,,same_art_or_category,low,
assets/data/furnitureData.bin.mid,219,Name,マッドサイエンティストのテーブル,Mad Scientist Table,Mad Scientist Table,same_art_or_category,low,"texture ""MdScience_Table"" ~ EN row 219 (fuzzy 0.77 — verify, may be wrong item); proposed carried from TM"
assets/data/furnitureData.bin.mid,219,Description,何も知らない客は、ここで悪の食事を試すことになる。,Unsuspecting customers can sample your evil concoctions at this table.,,same_art_or_category,low,
assets/data/furnitureData.bin.mid,220,Name,マッドサイエンティストの壁,Wall Sconce,Mad Scientist Wall,same_art_or_category,low,"texture ""Wall_MdScience"" ~ EN row 246 (fuzzy 0.78 — verify, may be wrong item); proposed carried from TM"
assets/data/furnitureData.bin.mid,220,Description,悪の隠れ家には必須の壁。,A stylish way to light up your cafe.,,same_art_or_category,low,
assets/data/furnitureData.bin.mid,221,Name,スピンドルチェア,,Spindle Chair,jp_only_event,low,"no EN row; dev texture name ""Chair_Spindle_Front""; proposed carried from TM"
assets/data/furnitureData.bin.mid,221,Description,凝った装飾が施されたスピンドルチェアは機能性も抜群。,,,jp_only_event,low,
assets/data/furnitureData.bin.mid,222,Name,ボックス席,,Booth Seat,jp_only_event,low,"no EN row; dev texture name ""Pub_Chair_Front""; proposed carried from TM"
assets/data/furnitureData.bin.mid,222,Description,ボックス席がないと店とは呼べない。店の評価が少し上がりやすくなる。,,,jp_only_event,low,
assets/data/furnitureData.bin.mid,223,Name,本棚,Bookshelf,Bookshelf,direct_english_row,high,"texture ""BookShelf"" ~ EN row 223"
assets/data/furnitureData.bin.mid,223,Description,本棚を置いて、店に知的な雰囲気を演出。,Give your cafe a touch of intellectualism with a bookcase.,Give your cafe a touch of intellectualism with a bookcase.,direct_english_row,high,
assets/data/furnitureData.bin.mid,224,Name,パブ風木製床,,Pub Wood Floor,jp_only_event,low,"no EN row; dev texture name ""Floor_Pub""; proposed carried from TM"
assets/data/furnitureData.bin.mid,224,Description,昔ながらのパブ風の床。,,,jp_only_event,low,
assets/data/furnitureData.bin.mid,225,Name,ビリヤード台,Pool Table,Pool Table,direct_english_row,high,"texture ""Pooltable"" ~ EN row 225"
assets/data/furnitureData.bin.mid,225,Description,ビリヤード台を置いて、現金収入。定期的に売上を回収しよう。,This billiard table earns a little extra cash if you empty it periodically.,This billiard table earns a little extra cash if you empty it periodically.,direct_english_row,high,
assets/data/furnitureData.bin.mid,226,Name,パブ風のカウンター,Pub Serving Counter,Pub Serving Counter,direct_english_row,high,"texture ""Pub_Serving Counter"" ~ EN row 226"
assets/data/furnitureData.bin.mid,226,Description,昔ながらのカウンター。店の評価が上がりやすくなる。,This traditional-looking counter will give your cafe a rating bonus.,This traditional-looking counter will give your cafe a rating bonus.,direct_english_row,high,
assets/data/furnitureData.bin.mid,227,Name,パブ風のテーブル,Pub Table,Pub Table,direct_english_row,high,"texture ""Pub_Table"" ~ EN row 227"
assets/data/furnitureData.bin.mid,227,Description,仲間とビールを飲むには最高。,A good place to have a pint with your mates.,A good place to have a pint with your mates.,direct_english_row,high,
assets/data/furnitureData.bin.mid,228,Name,パブ風の窓,Pub Window,Pub Window,same_art_or_category,low,"texture ""Pub_Window_Right"" ~ EN row 228 (fuzzy 0.78 — verify, may be wrong item); proposed carried from TM"
assets/data/furnitureData.bin.mid,228,Description,迷ったら、この窓を買え！,Don't be a tosser! Get this window.,,same_art_or_category,low,
assets/data/furnitureData.bin.mid,229,Name,石の窓,Stone Window,Stone Window,direct_english_row,high,"texture ""StoneWindow"" ~ EN row 229"
assets/data/furnitureData.bin.mid,229,Description,伝統的なお城風。,For that classic castle look.,For that classic castle look.,direct_english_row,high,
assets/data/furnitureData.bin.mid,230,Name,ティファニーランプ 1,Tiffany Lamp 3,Tiffany Lamp 1,same_art_or_category,low,"texture ""TiffanyLamp_One"" ~ EN row 232 (fuzzy 0.85 — verify, may be wrong item); proposed carried from TM"
assets/data/furnitureData.bin.mid,230,Description,ゾンビのインテリアデザインの最高傑作。,Tiffany lamps are the height of undead interior design.,,same_art_or_category,low,
assets/data/furnitureData.bin.mid,231,Name,ティファニーランプ 2,Tiffany Lamp 3,Tiffany Lamp 2,same_art_or_category,low,"texture ""TiffanyLamp_Three"" ~ EN row 232 (fuzzy 0.79 — verify, may be wrong item); proposed carried from TM"
assets/data/furnitureData.bin.mid,231,Description,ゾンビのインテリアデザインの最高傑作。,Tiffany lamps are the height of undead interior design.,,same_art_or_category,low,
assets/data/furnitureData.bin.mid,232,Name,ティファニーランプ 3,Tiffany Lamp 3,Tiffany Lamp 3,same_art_or_category,low,"texture ""TiffanyLamp_Two"" ~ EN row 232 (fuzzy 0.85 — verify, may be wrong item); proposed carried from TM"
assets/data/furnitureData.bin.mid,232,Description,ゾンビのインテリアデザインの最高傑作。,Tiffany lamps are the height of undead interior design.,,same_art_or_category,low,
assets/data/furnitureData.bin.mid,233,Name,緑のゴミ箱,,Green Trash Bin,jp_only_event,low,"no EN row; dev texture name ""TrashBin_Green""; proposed carried from TM"
assets/data/furnitureData.bin.mid,233,Description,ゴミがうらやましく思える程のゴミ箱。,,,jp_only_event,low,
assets/data/furnitureData.bin.mid,234,Name,パブ風の壁,,Pub Wall,jp_only_event,low,"no EN row; dev texture name ""Wall_pub""; proposed carried from TM"
assets/data/furnitureData.bin.mid,234,Description,イギリス風の壁。,,,jp_only_event,low,
assets/data/furnitureData.bin.mid,235,Name,石の壁,Wall Sconce,Stone Wall,same_art_or_category,low,"texture ""Wall_stone"" ~ EN row 246 (fuzzy 0.84 — verify, may be wrong item); proposed carried from TM"
assets/data/furnitureData.bin.mid,235,Description,伝統的なお城風。,A stylish way to light up your cafe.,For that classic castle look.,same_art_or_category,low,proposed carried from TM
assets/data/furnitureData.bin.mid,236,Name,12x11に拡張,,Expand to 12x11,jp_only_event,low,"no EN row; dev texture name ""11x12""; proposed carried from TM"
assets/data/furnitureData.bin.mid,236,Description,店のサイズを12x11に拡張。,,,jp_only_event,low,
assets/data/furnitureData.bin.mid,237,Name,12x11に拡張,,Expand to 12x11,jp_only_event,low,"no EN row; dev texture name ""11x12""; proposed carried from TM"
assets/data/furnitureData.bin.mid,237,Description,店のサイズを12x11に拡張。,,,jp_only_event,low,
assets/data/furnitureData.bin.mid,238,Name,ヒッピーのポスター,Hippie Poster 1,Hippie Poster 1,direct_english_row,medium,"texture ""Hippie Posters1"" ~ EN row 238 (fuzzy 0.96); proposed carried from TM"
assets/data/furnitureData.bin.mid,238,Description,懐かしの60年代風ヒッピーのポスターで、客を楽しませよう。,Cheer up your customers with some classic '60s art.,,direct_english_row,medium,
assets/data/furnitureData.bin.mid,239,Name,ヒッピーのポスター,Hippie Poster 2,Hippie Poster 2,direct_english_row,medium,"texture ""Hippie Posters2"" ~ EN row 239 (fuzzy 0.96); proposed carried from TM"
assets/data/furnitureData.bin.mid,239,Description,懐かしの60年代風ヒッピーのポスターで、客を楽しませよう。,Cheer up your customers with some classic '60s art.,,direct_english_row,medium,
assets/data/furnitureData.bin.mid,240,Name,ギター,,Guitar,jp_only_event,low,"no EN row; dev texture name ""Guitar Flipped""; proposed carried from TM"
assets/data/furnitureData.bin.mid,240,Description,このギターを置けば、店は確実にフォークミュージックな雰囲気になる。,,,jp_only_event,low,
assets/data/furnitureData.bin.mid,241,Name,ハンギングプラント,Hanging Plant,Hanging Plant,direct_english_row,high,"texture ""Hanging Plant"" ~ EN row 241"
assets/data/furnitureData.bin.mid,241,Description,安全な場所にいる賢い植物。,This plant is wisely staying out of reach of danger.,This plant is wisely staying out of reach of danger.,direct_english_row,high,
assets/data/furnitureData.bin.mid,242,Name,プランター,,Long Planter,jp_only_event,low,"no EN row; dev texture name ""longplanter flipped""; proposed carried from TM"
assets/data/furnitureData.bin.mid,242,Description,植物は客が求める酸素を提供してくれる。,,,jp_only_event,low,
assets/data/furnitureData.bin.mid,243,Name,有刺鉄線,Barbed Wire,Barbed Wire,direct_english_row,medium,"texture ""Bardedwire"" ~ EN row 243 (fuzzy 0.90); proposed carried from TM"
assets/data/furnitureData.bin.mid,243,Description,有刺鉄線で店を守ろう。,Protect your undead resources with this handy barbed wire.,,direct_english_row,medium,
assets/data/furnitureData.bin.mid,244,Name,土のう,Sand Bags 1,Sand Bags 1,direct_english_row,high,"texture ""Sandbags1"" ~ EN row 244"
assets/data/furnitureData.bin.mid,244,Description,土のうで店の周りを強化。,Fortify your cafe trenches with these sandbags.,Fortify your cafe trenches with these sandbags.,direct_english_row,high,
assets/data/furnitureData.bin.mid,245,Name,土のう,Sand Bags 2,Sand Bags 2,direct_english_row,high,"texture ""Sandbags2"" ~ EN row 245"
assets/data/furnitureData.bin.mid,245,Description,土のうで店の周りを強化。,Fortify your cafe trenches with these sandbags.,Fortify your cafe trenches with these sandbags.,direct_english_row,high,
assets/data/furnitureData.bin.mid,246,Name,突き出し燭台,Wall Sconce,Wall Sconce,direct_english_row,high,"texture ""Wall sconce"" ~ EN row 246"
assets/data/furnitureData.bin.mid,246,Description,スタイリッシュに店を照らす。,A stylish way to light up your cafe.,A stylish way to light up your cafe.,direct_english_row,high,
assets/data/furnitureData.bin.mid,247,Name,豪華な窓,Fancy Window,Fancy Window,direct_english_row,high,"texture ""Fancy Window"" ~ EN row 247"
assets/data/furnitureData.bin.mid,247,Description,カッコ良く外を眺めよう。,View the outside world in style.,View the outside world in style.,direct_english_row,high,
assets/data/furnitureData.bin.mid,248,Name,魔法の冷蔵庫,Magic Fridge,Magic Fridge,direct_english_row,high,"texture ""Magic Fridge"" ~ EN row 248"
assets/data/furnitureData.bin.mid,248,Description,この素晴らしい冷蔵庫があれば、毎日一品だけタダでもらえる。店の評価も上がりやすくなる。,"This groovy fridge will give you one random, FREE dish a day and a rating bonus.","This groovy fridge will give you one random, FREE dish a day and a rating bonus.",direct_english_row,high,
assets/data/furnitureData.bin.mid,249,Name,アップグレード済み冷蔵庫,Suped Up Fridge,Suped Up Fridge,direct_english_row,high,"texture ""Suped Up Fridge"" ~ EN row 249"
assets/data/furnitureData.bin.mid,249,Description,この最新式の冷蔵庫を置けば、店の評価が上がりやすくなる。,This state-of-the-art appliance will give your cafe a rating bonus.,This state-of-the-art appliance will give your cafe a rating bonus.,direct_english_row,high,
assets/data/furnitureData.bin.mid,250,Name,ヒッピーのテーブル,Hippie Table,Hippie Table,same_art_or_category,low,"texture ""Hippie Table flipped"" ~ EN row 250 (fuzzy 0.76 — verify, may be wrong item); proposed carried from TM"
assets/data/furnitureData.bin.mid,250,Description,イカしたテーブルを置けば、店の評価が少し上がりやすくなる。,Earn a small rating bonus with this groovy-looking table.,,same_art_or_category,low,
assets/data/furnitureData.bin.mid,251,Name,豪華なテーブル,Fancy Table,Fancy Table,direct_english_row,medium,"texture ""Fancy Table2"" ~ EN row 251 (fuzzy 0.95); proposed carried from TM"
assets/data/furnitureData.bin.mid,251,Description,高級なテーブルを置けば、店の評価が少し上がりやすくなる。,Earn a small rating bonus with this fancy-looking table.,,direct_english_row,medium,
assets/data/furnitureData.bin.mid,252,Name,アップグレード済みコンロ,Suped Up Stove,Suped Up Stove,direct_english_row,high,"texture ""Suped Up stove"" ~ EN row 252"
assets/data/furnitureData.bin.mid,252,Description,このコンロを使えば調理時間が10%短縮する。,Recipes cooked on this stove will take 10% less time.,Recipes cooked on this stove will take 10% less time.,direct_english_row,high,
assets/data/furnitureData.bin.mid,253,Name,豪華なイス,Fancy Chair,Fancy Chair,same_art_or_category,low,"texture ""Fancy chair copy"" ~ EN row 253 (fuzzy 0.83 — verify, may be wrong item); proposed carried from TM"
assets/data/furnitureData.bin.mid,253,Description,高級なイスを置けば、店の評価が少し上がりやすくなる。,This fancy chair will give your cafe a small rating bonus.,,same_art_or_category,low,
assets/data/furnitureData.bin.mid,254,Name,BBQコンロ,,BBQ Stove,jp_only_event,low,"no EN row; dev texture name ""bbq-withlid""; proposed carried from TM"
assets/data/furnitureData.bin.mid,254,Description,このグリルで調理すれば、店の評価が少し上がりやすくなる。,,,jp_only_event,low,
assets/data/furnitureData.bin.mid,255,Name,ビーチボール,Beach Ball,Beach Ball,direct_english_row,medium,"texture ""beachball_A"" ~ EN row 255 (fuzzy 0.95); proposed carried from TM"
assets/data/furnitureData.bin.mid,255,Description,昼休みにビーチバレーがしたくなった時の必需品。,For those times when you just want to play beach volleyball on your lunch break.,,direct_english_row,medium,
assets/data/furnitureData.bin.mid,256,Name,ビーチタオル,,Beach Towel,jp_only_event,low,"no EN row; dev texture name ""betterBeachBlanketTile""; proposed carried from TM"
assets/data/furnitureData.bin.mid,256,Description,衝撃の事実、ゾンビは日焼けしない。ミイラになるだけだ。,,,jp_only_event,low,
assets/data/furnitureData.bin.mid,257,Name,折りたたみ式イス,Folding Chair,Folding Chair,same_art_or_category,low,"texture ""foldingchair_front"" ~ EN row 257 (fuzzy 0.83 — verify, may be wrong item); proposed carried from TM"
assets/data/furnitureData.bin.mid,257,Description,折りたたみ式イスで、室内でテラス気分を味わおう。,Bring the patio inside with this folding chair.,,same_art_or_category,low,
assets/data/furnitureData.bin.mid,258,Name,折りたたみ式テーブル,,Folding Table,jp_only_event,low,"no EN row; dev texture name ""summertable""; proposed carried from TM"
assets/data/furnitureData.bin.mid,258,Description,折りたたみ式テーブルで、室内でテラス気分を味わおう。,,,jp_only_event,low,
assets/data/furnitureData.bin.mid,259,Name,サーフボード,,Surfboard,jp_only_event,low,"no EN row; dev texture name ""surfboardwallmount""; proposed carried from TM"
assets/data/furnitureData.bin.mid,259,Description,このサーフボードで店を飾ろう。店の経営も波に乗るかも。,,,jp_only_event,low,
assets/data/furnitureData.bin.mid,260,Name,冷凍庫,,Ice Box,jp_only_event,low,"no EN row; dev texture name ""IceBox_03""; proposed carried from TM"
assets/data/furnitureData.bin.mid,260,Description,アイスを売って、店の評価を上げよう。,,,jp_only_event,low,
assets/data/furnitureData.bin.mid,261,Name,アイスクリーム機,Ice Cream Machine,Ice Cream Machine,direct_english_row,medium,"texture ""IceCreamMachine_03"" ~ EN row 261 (fuzzy 0.94); proposed carried from TM"
assets/data/furnitureData.bin.mid,261,Description,売上と店の評価アップを求めて、誰もが悲鳴を上げる。,"You scream, I scream...we all scream for extra coins and a rating bonus.",,direct_english_row,medium,
assets/data/furnitureData.bin.mid,262,Name,スムージー機,Slushy Machine,Slushy Machine,direct_english_row,medium,"texture ""SlushMachine_03"" ~ EN row 262 (fuzzy 0.89); proposed carried from TM"
assets/data/furnitureData.bin.mid,262,Description,客の脳を凍らせて、売上と店の評価をアップ。,"Collect extra coins and get a rating bonus, while giving your customers a brain freeze. Mmm, frozen brains.",,direct_english_row,medium,
assets/data/furnitureData.bin.mid,263,Name,13x12に拡張,,Expand to 13x12,jp_only_event,low,"no EN row; dev texture name ""12x13""; proposed carried from TM"
assets/data/furnitureData.bin.mid,263,Description,店のサイズを13x12に拡張。,,,jp_only_event,low,
assets/data/furnitureData.bin.mid,264,Name,脳のコシツ,,The Persistence of Brains,jp_only_event,low,"no EN row; dev texture name ""ZC_Painting_Dali""; proposed carried from TM"
assets/data/furnitureData.bin.mid,264,Description,ドロドロの脳？　バラバラの手足？　一体どんな意味が？,,,jp_only_event,low,
assets/data/furnitureData.bin.mid,265,Name,真珠の耳飾りのグール,,Ghoul with a Pearl Earring,jp_only_event,low,"no EN row; dev texture name ""ZC_Painting_GirlWithAPearlEaring""; proposed carried from TM"
assets/data/furnitureData.bin.mid,265,Description,フェルメールの謎めいた作品で、客を引きつけよう。,,,jp_only_event,low,
assets/data/furnitureData.bin.mid,266,Name,ゴッホの星月夜,,Van Gogh's Starry Night,jp_only_event,low,"no EN row; dev texture name ""ZC_Painting_StarryNight""; proposed carried from TM"
assets/data/furnitureData.bin.mid,266,Description,ゴッホの名作の新バージョンで、お得なボーナス評価をもらおう。,,,jp_only_event,low,
assets/data/furnitureData.bin.mid,267,Name,ジャックランタン,Jack-o-Lantern,Jack-o-Lantern,direct_english_row,high,"texture ""Jack o'lantern"" ~ EN row 267"
assets/data/furnitureData.bin.mid,267,Description,ゾンビは怖がるが、人間は喜ぶ。,"For zombies, it's a trick. For humans, it's a treat. ","For zombies, it's a trick. For humans, it's a treat. ",direct_english_row,high,
assets/data/furnitureData.bin.mid,268,Name,オレンジと黒のタイル,,Orange & Black Tile,jp_only_event,low,"no EN row; dev texture name ""LeafTileRed""; proposed carried from TM"
assets/data/furnitureData.bin.mid,268,Description,このタイルを敷きつめるだけでお祭り気分！,,,jp_only_event,low,
assets/data/furnitureData.bin.mid,269,Name,クモの巣がはった壁,,Cobweb Wall,jp_only_event,low,"no EN row; dev texture name ""WindowSpiderWeb""; proposed carried from TM"
assets/data/furnitureData.bin.mid,269,Description,薄気味悪い空間が演出でき、ハエ退治もできる一石二鳥の壁。,,,jp_only_event,low,
assets/data/furnitureData.bin.mid,270,Name,オレンジ色のテーブル,,Orange Table,jp_only_event,low,"no EN row; dev texture name ""Halloween Table""; proposed carried from TM"
assets/data/furnitureData.bin.mid,270,Description,店がゴシックな雰囲気になる。,,,jp_only_event,low,
assets/data/furnitureData.bin.mid,271,Name,オレンジ色の椅子,,Orange Chair,jp_only_event,low,"no EN row; dev texture name ""Halloween Chair_Front""; proposed carried from TM"
assets/data/furnitureData.bin.mid,271,Description,店がゴシックな雰囲気になる。,,,jp_only_event,low,
assets/data/furnitureData.bin.mid,272,Name,オレンジ色のカウンター,Orange Serving Counter,Orange Serving Counter,same_art_or_category,low,"texture ""Orange Counter"" ~ EN row 272 (fuzzy 0.79 — verify, may be wrong item); proposed carried from TM"
assets/data/furnitureData.bin.mid,272,Description,特別な日には料理の出しかたにもこだわろう。,A festive way to prepare your food.,,same_art_or_category,low,
assets/data/furnitureData.bin.mid,273,Name,枯葉の木製テーブル,,Autumn Leaf Table,jp_only_event,low,"no EN row; dev texture name ""Thanksgiving Table""; proposed carried from TM"
assets/data/furnitureData.bin.mid,273,Description,感謝祭のごちそうの恐ろしさを、お客に思い出させるテーブル。,,,jp_only_event,low,
assets/data/furnitureData.bin.mid,274,Name,感謝祭のリース,,Thanksgiving Wreath,jp_only_event,low,"no EN row; dev texture name ""Wreath""; proposed carried from TM"
assets/data/furnitureData.bin.mid,274,Description,クリスマスには片付けられてしまう、かわいそうなリース。,,,jp_only_event,low,
assets/data/furnitureData.bin.mid,275,Name,大きなカボチャ,,Large Pumpkin,jp_only_event,low,"no EN row; dev texture name ""Pumpkins1""; proposed carried from TM"
assets/data/furnitureData.bin.mid,275,Description,顔のない不気味なジャックランタン。,,,jp_only_event,low,
assets/data/furnitureData.bin.mid,276,Name,小さなカボチャ,,Small Pumpkin,jp_only_event,low,"no EN row; dev texture name ""Pumpkins2""; proposed carried from TM"
assets/data/furnitureData.bin.mid,276,Description,お手頃サイズのかわいらしいカボチャ。,,,jp_only_event,low,
assets/data/furnitureData.bin.mid,277,Name,葉っぱ模様のタイル,,Leaf Pattern Tile,jp_only_event,low,"no EN row; dev texture name ""LeafTileGreen""; proposed carried from TM"
assets/data/furnitureData.bin.mid,277,Description,森林浴をしているような気分になれるかもしれない。,,,jp_only_event,low,
assets/data/furnitureData.bin.mid,278,Name,小さなワゴン,,Little Wagon,jp_only_event,low,"no EN row; dev texture name ""wagon""; proposed carried from TM"
assets/data/furnitureData.bin.mid,278,Description,カボチャをワゴンに盛ると、やたらとかわいく見えるのはなぜ？,,,jp_only_event,low,
assets/data/furnitureData.bin.mid,279,Name,「懐かしのわが家」の看板,Home Sweet Home sign,Home Sweet Home sign,same_art_or_category,low,"texture ""HomeSweetHome"" ~ EN row 279 (fuzzy 0.87 — verify, may be wrong item); proposed carried from TM"
assets/data/furnitureData.bin.mid,279,Description,アットホームな店を演出する看板。,Home Sweet Home for a limited time.,,same_art_or_category,low,
assets/data/furnitureData.bin.mid,280,Name,壁のロウソク,Pub Window,Candle Sconce,same_art_or_category,low,"texture ""Window"" ~ EN row 228 (fuzzy 0.80 — verify, may be wrong item); proposed carried from TM"
assets/data/furnitureData.bin.mid,280,Description,ロウソクの灯りで食事をしていると、危険がせまっても気づきにくい。,Don't be a tosser! Get this window.,,same_art_or_category,low,
assets/data/furnitureData.bin.mid,281,Name,13x12に拡張,,Expand to 13x12,jp_only_event,low,"no EN row; dev texture name ""12x13""; proposed carried from TM"
assets/data/furnitureData.bin.mid,281,Description,店のサイズを13x12に拡張。,,,jp_only_event,low,
assets/data/furnitureData.bin.mid,282,Name,14x13に拡張,,Expand to 14x13,jp_only_event,low,"no EN row; dev texture name ""13x14""; proposed carried from TM"
assets/data/furnitureData.bin.mid,282,Description,店のサイズを14x13に拡張。,,,jp_only_event,low,
assets/data/furnitureData.bin.mid,283,Name,14x13に拡張,,Expand to 14x13,jp_only_event,low,"no EN row; dev texture name ""13x14""; proposed carried from TM"
assets/data/furnitureData.bin.mid,283,Description,店のサイズを14x13に拡張。,,,jp_only_event,low,
assets/data/furnitureData.bin.mid,284,Name,大釜,Cauldron,Cauldron,direct_english_row,high,"texture ""Cauldron"" ~ EN row 284"
assets/data/furnitureData.bin.mid,284,Description,この洒落たデザインの大釜は、闇の力で現金を生み出す。,This monstrously stylish cauldron will use its dark powers to award you extra cash.,This monstrously stylish cauldron will use its dark powers to award you extra cash.,direct_english_row,high,
assets/data/furnitureData.bin.mid,285,Name,力の墓石,Strength Tombstone,Strength Tombstone,same_art_or_category,low,"texture ""StrengthTombstone_glowing"" ~ EN row 285 (fuzzy 0.83 — verify, may be wrong item); proposed carried from TM"
assets/data/furnitureData.bin.mid,285,Description,5秒間ゾンビの攻撃に追加ダメージが付くようになる。連続して5回まで使用できる。その後は24時間待たなければ使えない。,"Your zombie's attacks deal extra damage for 5 seconds. Can be used a maximum of five times, before requiring 24 hours to regenerate. ",,same_art_or_category,low,
assets/data/furnitureData.bin.mid,286,Name,体力の墓石,Health Tombstone,Health Tombstone,same_art_or_category,low,"texture ""HealthTombstone_glowing"" ~ EN row 286 (fuzzy 0.81 — verify, may be wrong item); proposed carried from TM"
assets/data/furnitureData.bin.mid,286,Description,ゾンビの体力を回復する。連続して5回まで使用できる。その後は24時間待たなければ使えない。,"Refills your zombie's health. Can be used a maximum of five times, before requiring 24 hours to regenerate. ",,same_art_or_category,low,
assets/data/furnitureData.bin.mid,287,Name,クリスマスのリース,Christmas Wreath,Christmas Wreath,direct_english_row,high,"texture ""ChristmasWreath"" ~ EN row 287"
assets/data/furnitureData.bin.mid,287,Description,ダーツの的に似ているが、これはクリスマス用。,"It's like a bull's-eye, but more festive.","It's like a bull's-eye, but more festive.",direct_english_row,high,
assets/data/furnitureData.bin.mid,288,Name,クリスマスのテーブル,Christmas Table,Christmas Table,direct_english_row,high,"texture ""ChristmasTable"" ~ EN row 288"
assets/data/furnitureData.bin.mid,288,Description,このハッピーそうなテーブルで安心感をかもし出そう！,This festive table will lull your patrons into a false sense of security.,This festive table will lull your patrons into a false sense of security.,direct_english_row,high,
assets/data/furnitureData.bin.mid,289,Name,クリスマスの椅子,Christmas Chair,Christmas Chair,direct_english_row,high,"texture ""ChristmasChair"" ~ EN row 289"
assets/data/furnitureData.bin.mid,289,Description,ゾンビの犠牲者をギフト風に演出！,Make zombies feel like their victims are gift-wrapped.,Make zombies feel like their victims are gift-wrapped.,direct_english_row,high,
assets/data/furnitureData.bin.mid,290,Name,クリスマスツリー,Christmas Tree,Christmas Tree,direct_english_row,high,"texture ""ChristmasTree"" ~ EN row 290"
assets/data/furnitureData.bin.mid,290,Description,ノコギリで切断した木の死体に飾りつけをするのは、16世紀からの風習だ。,Slaughtering trees and decorating their corpses has been a tradition since the 16th century.,Slaughtering trees and decorating their corpses has been a tradition since the 16th century.,direct_english_row,high,
assets/data/furnitureData.bin.mid,291,Name,クリスマスのアーケードゲーム,Christmas Arcade Cabinet,Christmas Arcade Cabinet,same_art_or_category,low,"texture ""ChristmasArcade"" ~ EN row 291 (fuzzy 0.81 — verify, may be wrong item); proposed carried from TM"
assets/data/furnitureData.bin.mid,291,Description,この怪しい筐体に25セントを寄付して、施しの心を思い出そう。,Celebrate the spirit of giving by making a 25 cent donation to this mysterious box.,,same_art_or_category,low,
assets/data/furnitureData.bin.mid,292,Name,真紅の壁,,Crimson Wall,jp_only_event,low,"no EN row; dev texture name ""Wall_diner""; proposed carried from TM"
assets/data/furnitureData.bin.mid,292,Description,血のように赤い壁。,,,jp_only_event,low,
assets/data/furnitureData.bin.mid,293,Name,金メッキの床,,Gilded Floor,jp_only_event,low,"no EN row; dev texture name ""Floor_MdScience""; proposed carried from TM"
assets/data/furnitureData.bin.mid,293,Description,よく見ると安っぽい金メッキの床。,,,jp_only_event,low,
assets/data/furnitureData.bin.mid,294,Name,コタツ用椅子,,Kotatsu Chair,jp_only_event,low,"no EN row; dev texture name ""JP_NewyearChair""; proposed carried from TM"
assets/data/furnitureData.bin.mid,294,Description,コタツとセットのイス。,,,jp_only_event,low,
assets/data/furnitureData.bin.mid,295,Name,コタツ用椅子,,Kotatsu Chair,jp_only_event,low,"no EN row; dev texture name ""JP_NewyearChair2""; proposed carried from TM"
assets/data/furnitureData.bin.mid,295,Description,コタツとセットのイス。,,,jp_only_event,low,
assets/data/furnitureData.bin.mid,296,Name,コタツ,,Kotatsu,jp_only_event,low,"no EN row; dev texture name ""JP_KotatsuTableP""; proposed carried from TM"
assets/data/furnitureData.bin.mid,296,Description,人を堕落させる東洋のテーブル。,,,jp_only_event,low,
assets/data/furnitureData.bin.mid,297,Name,コタツ,,Kotatsu,jp_only_event,low,"no EN row; dev texture name ""JP_KotatsuTableR""; proposed carried from TM"
assets/data/furnitureData.bin.mid,297,Description,ミカンをのせるとおさまりがよくなる。,,,jp_only_event,low,
assets/data/furnitureData.bin.mid,298,Name,テーブル式アーケードゲーム,,Arcade Table Cabinet,jp_only_event,low,"no EN row; dev texture name ""JP_ArcadeTableW""; proposed carried from TM"
assets/data/furnitureData.bin.mid,298,Description,テーブルなうえゲームも遊べる夢のマシン。,,,jp_only_event,low,
assets/data/furnitureData.bin.mid,299,Name,テーブル式アーケードゲーム,,Arcade Table Cabinet,jp_only_event,low,"no EN row; dev texture name ""JP_ArcadeTableP""; proposed carried from TM"
assets/data/furnitureData.bin.mid,299,Description,マニアが泣いて喜ぶレトロな一品。,,,jp_only_event,low,
assets/data/furnitureData.bin.mid,300,Name,金メッキの壁,,Gilded Wall,jp_only_event,low,"no EN row; dev texture name ""Wall_diner""; proposed carried from TM"
assets/data/furnitureData.bin.mid,300,Description,よく見ると安っぽい金メッキの壁。,,,jp_only_event,low,
assets/data/furnitureData.bin.mid,301,Name,メイドカフェのテーブル,,Maid Café Table,jp_only_event,low,"no EN row; dev texture name ""JP_MaidcafeTable""; proposed carried from TM"
assets/data/furnitureData.bin.mid,301,Description,ゴシックかつロリータ。,,,jp_only_event,low,
assets/data/furnitureData.bin.mid,302,Name,メイドカフェのイス,,Maid Café Chair,jp_only_event,low,"no EN row; dev texture name ""JP_MaidcafeChair""; proposed carried from TM"
assets/data/furnitureData.bin.mid,302,Description,気分はご主人様。,,,jp_only_event,low,
assets/data/furnitureData.bin.mid,303,Name,アニメのポスター,,Anime Poster,jp_only_event,low,"no EN row; dev texture name ""JP_animeposter_Left""; proposed carried from TM"
assets/data/furnitureData.bin.mid,303,Description,一部の人間が興奮するアニメのポスター。,,,jp_only_event,low,
assets/data/furnitureData.bin.mid,304,Name,アニメのポスター,,Anime Poster,jp_only_event,low,"no EN row; dev texture name ""JP_animeposter_Left""; proposed carried from TM"
assets/data/furnitureData.bin.mid,304,Description,一部の人間が興奮するアニメのポスター。,,,jp_only_event,low,
assets/data/furnitureData.bin.mid,305,Name,ハートのテーブル,Heart Table,Heart Table,direct_english_row,high,"texture ""HeartTable"" ~ EN row 299"
assets/data/furnitureData.bin.mid,305,Description,ハート型のテーブルでお客様の心を鷲掴み。,"Use this beautiful heart-shaped table to attract your victims, err, I mean CUSTOMERS. ","Use this beautiful heart-shaped table to attract your victims, err, I mean CUSTOMERS. ",direct_english_row,high,
assets/data/furnitureData.bin.mid,306,Name,ハートのイス,Heart Chair,Heart Chair,direct_english_row,high,"texture ""HeartChair"" ~ EN row 300"
assets/data/furnitureData.bin.mid,306,Description,ロマンチスト専用の素敵なイス。,A chair for the stubborn romantic who wears his heart (and his brain) on his sleeve.,A chair for the stubborn romantic who wears his heart (and his brain) on his sleeve.,direct_english_row,high,
assets/data/furnitureData.bin.mid,307,Name,ハートの壁飾り,,Heart Wall Decoration,jp_only_event,low,"no EN row; dev texture name ""WallHearts""; proposed carried from TM"
assets/data/furnitureData.bin.mid,307,Description,本物のハートの代用品。,,,jp_only_event,low,
assets/data/furnitureData.bin.mid,308,Name,ハートの電飾,Heart Shaped Lights,Heart Shaped Lights,same_art_or_category,low,"texture ""HeartLights"" ~ EN row 302 (fuzzy 0.79 — verify, may be wrong item); proposed carried from TM"
assets/data/furnitureData.bin.mid,308,Description,ハートの電飾で女性客のハートを鷲掴みにしよう！,Why wear rose-colored glasses when you can use rose-colored lights?,,same_art_or_category,low,
assets/data/furnitureData.bin.mid,309,Name,チョーチン,,Paper Lantern,jp_only_event,low,"no EN row; dev texture name ""JP_ChineseLantern""; proposed carried from TM"
assets/data/furnitureData.bin.mid,309,Description,提灯でオリエンタルな色気ムンムン。,,,jp_only_event,low,
assets/data/furnitureData.bin.mid,310,Name,バクチク,,Firecrackers,jp_only_event,low,"no EN row; dev texture name ""JP_Fireworks""; proposed carried from TM"
assets/data/furnitureData.bin.mid,310,Description,爆発する危険な飾り。魔除けにもなる。,,,jp_only_event,low,
assets/data/furnitureData.bin.mid,311,Name,コマイヌ,Foo Dog,Foo Dog,same_art_or_category,low,"texture ""JP_FooDog"" ~ EN row 294 (fuzzy 0.86 — verify, may be wrong item); proposed carried from TM"
assets/data/furnitureData.bin.mid,311,Description,コマイヌを置いておくと客がお金をそなえていくことがあるかも。,Protect your cafe with this impressive imperial guardian lion.,,same_art_or_category,low,
assets/data/furnitureData.bin.mid,312,Name,竜の絵,Dragon Painting,Dragon Painting,direct_english_row,medium,"texture ""JP_DragonPainting"" ~ EN row 295 (fuzzy 0.93); proposed carried from TM"
assets/data/furnitureData.bin.mid,312,Description,ダイナミックな竜の絵。これでお店にハクをつけよう！,Celebrate the Year of the Dragon by scaring your customers with a picture of one.,,direct_english_row,medium,
assets/data/furnitureData.bin.mid,313,Name,オリエンタルテーブル,,Oriental Table,jp_only_event,low,"no EN row; dev texture name ""JP_ChineseTable""; proposed carried from TM"
assets/data/furnitureData.bin.mid,313,Description,オリエンタルムードのテーブル、椅子とペアでどうぞ。,,,jp_only_event,low,
assets/data/furnitureData.bin.mid,314,Name,オリエンタル椅子,,Oriental Chair,jp_only_event,low,"no EN row; dev texture name ""JP_ChineseChair""; proposed carried from TM"
assets/data/furnitureData.bin.mid,314,Description,オリエンタルムードの椅子、テーブルとペアでどうぞ。,,,jp_only_event,low,
assets/data/furnitureData.bin.mid,315,Name,ありがたい石像,,Laughing Buddha Statue,jp_only_event,low,"no EN row; dev texture name ""JP_LaughingBuddha""; proposed carried from TM"
assets/data/furnitureData.bin.mid,315,Description,よくできた石像だ、見ているだけでハッピー！,,,jp_only_event,low,
assets/data/furnitureData.bin.mid,316,Name,パンチングマシン,,Punching Machine,jp_only_event,low,"no EN row; dev texture name ""JP_panchinngmathine""; proposed carried from TM"
assets/data/furnitureData.bin.mid,316,Description,カッコいいパンチングマシン。XPマークが出たらタップ。最大50XPが手に入る。,,,jp_only_event,low,
assets/data/furnitureData.bin.mid,317,Name,ルームランナー,,Treadmill,jp_only_event,low,"no EN row; dev texture name ""JP_runningmathine""; proposed carried from TM"
assets/data/furnitureData.bin.mid,317,Description,ゾンビの運動にかかせないルームランナー。XPマークが出たらタップ。最大20XPが手に入る,,,jp_only_event,low,
assets/data/furnitureData.bin.mid,318,Name,力の墓石　レベル２,,Strength Tombstone Lv. 2,jp_only_event,low,"no EN row; dev texture name ""StrengthUpgrade_glowing""; proposed carried from TM"
assets/data/furnitureData.bin.mid,318,Description,力の墓石の使用回数が７回増える。,,,jp_only_event,low,
assets/data/furnitureData.bin.mid,319,Name,体力の墓石　レベル２,,Health Tombstone Lv. 2,jp_only_event,low,"no EN row; dev texture name ""HealthUpgrade_glowing""; proposed carried from TM"
assets/data/furnitureData.bin.mid,319,Description,体力の墓石の使用回数が７回増える。,,,jp_only_event,low,
assets/data/furnitureData.bin.mid,320,Name,緑のパブカウンター,,Green Pub Counter,jp_only_event,low,"no EN row; dev texture name ""JP_irish_counter""; proposed carried from TM"
assets/data/furnitureData.bin.mid,320,Description,トラディショナルなカウンターが高評価。,,,jp_only_event,low,
assets/data/furnitureData.bin.mid,321,Name,緑のパブスツール,,Green Pub Stool,jp_only_event,low,"no EN row; dev texture name ""JP_irish_stool""; proposed carried from TM"
assets/data/furnitureData.bin.mid,321,Description,丸くてグリーンな椅子、床に座るよりはましか？,,,jp_only_event,low,
assets/data/furnitureData.bin.mid,322,Name,金のポット,,Pot of Gold,jp_only_event,low,"no EN row; dev texture name ""JP_irish_potofgold""; proposed carried from TM"
assets/data/furnitureData.bin.mid,322,Description,虹が地面に接するところに「金のポット」があるといわれている。,,,jp_only_event,low,
assets/data/furnitureData.bin.mid,323,Name,緑のパブ風仕切り,,Green Pub Divider,jp_only_event,low,"no EN row; dev texture name ""JP_irish_roomdivider""; proposed carried from TM"
assets/data/furnitureData.bin.mid,323,Description,こじゃれているが要するにアラ隠しだ。,,,jp_only_event,low,
assets/data/furnitureData.bin.mid,324,Name,緑のパブ風テーブル,,Green Pub Table,jp_only_event,low,"no EN row; dev texture name ""JP_irish_roundpubtable""; proposed carried from TM"
assets/data/furnitureData.bin.mid,324,Description,ゲンを担ぐにはもってこいのアイリッシュテーブル。,,,jp_only_event,low,
assets/data/furnitureData.bin.mid,325,Name,パブの看板,,Pub Coat of Arms,jp_only_event,low,"no EN row; dev texture name ""JP_irish_wall_coatofarms""; proposed carried from TM"
assets/data/furnitureData.bin.mid,325,Description,風格ある看板がアイリッシュな雰囲気を演出。,,,jp_only_event,low,
assets/data/furnitureData.bin.mid,326,Name,馬の蹄鉄,,Lucky Horseshoe,jp_only_event,low,"no EN row; dev texture name ""JP_irish_wall_horseshoe""; proposed carried from TM"
assets/data/furnitureData.bin.mid,326,Description,蹄鉄ってラッキーアイテムってしってた？私たちも知らなかった！,,,jp_only_event,low,
assets/data/furnitureData.bin.mid,327,Name,パブのポスター,,Pub Poster,jp_only_event,low,"no EN row; dev texture name ""JP_irish_wall_pubposter_left""; proposed carried from TM"
assets/data/furnitureData.bin.mid,327,Description,クラシックなポスター、ゾンビ御用達のドリンクだ！,,,jp_only_event,low,
assets/data/furnitureData.bin.mid,328,Name,パブのサイン,,Pub Sign,jp_only_event,low,"no EN row; dev texture name ""JP_irish_wall_pubsign_left""; proposed carried from TM"
assets/data/furnitureData.bin.mid,328,Description,このサインを飾ることで我を忘れてもここが何処だか分かるよね。,,,jp_only_event,low,
assets/data/furnitureData.bin.mid,329,Name,パブのキャビネット,,Pub Cabinet,jp_only_event,low,"no EN row; dev texture name ""JP_irish_woodenbarcabinet""; proposed carried from TM"
assets/data/furnitureData.bin.mid,329,Description,これが無いとパブとは言えないね。,,,jp_only_event,low,
assets/data/furnitureData.bin.mid,330,Name,びょうぶ,,Folding Screen,jp_only_event,low,"no EN row; dev texture name ""JP_foldingscreen""; proposed carried from TM"
assets/data/furnitureData.bin.mid,330,Description,サムライごようたしの仕切り,,,jp_only_event,low,
assets/data/furnitureData.bin.mid,331,Name,忍びの掛け軸,,Ninja Scroll,jp_only_event,low,"no EN row; dev texture name ""JP_hangingscroll""; proposed carried from TM"
assets/data/furnitureData.bin.mid,331,Description,漢字が書かれたクールな掛け軸,,,jp_only_event,low,
assets/data/furnitureData.bin.mid,332,Name,宇宙パーテーション・グレー,,Space Divider (Gray),jp_only_event,low,"no EN row; dev texture name ""Divider_Metal""; proposed carried from TM"
assets/data/furnitureData.bin.mid,332,Description,火星人はこのパーティションでプライバシーを守る。,,,jp_only_event,low,
assets/data/furnitureData.bin.mid,333,Name,宇宙パーテーション・白,Space Divider _ White,Space Divider (White),same_art_or_category,low,"texture ""Divider_White"" ~ EN row 320 (fuzzy 0.83 — verify, may be wrong item); proposed carried from TM"
assets/data/furnitureData.bin.mid,333,Description,火星人はこのパーティションでプライバシーを守る。,Maintain order with this futuristic room divider.,,same_art_or_category,low,
assets/data/furnitureData.bin.mid,334,Name,フリーズドライ冷蔵庫,Freeze Dried Fridge,Freeze Dried Fridge,direct_english_row,high,"texture ""FreezeDriedFridge"" ~ EN row 321"
assets/data/furnitureData.bin.mid,334,Description,どんな食材もフリーズドライで長期保存。,"Store mass quantities of food for years at a time in cube form, just like mom made (on mars).","Store mass quantities of food for years at a time in cube form, just like mom made (on mars).",direct_english_row,high,
assets/data/furnitureData.bin.mid,335,Name,ホログラムテーブル,Holographic Table,Holographic Table,direct_english_row,medium,"texture ""HolgraphicTable1"" ~ EN row 322 (fuzzy 0.94); proposed carried from TM"
assets/data/furnitureData.bin.mid,335,Description,タッチパネル付きテーブルなのでメニュー不要。,"A table with a touch screen, who needs menus?",,direct_english_row,medium,
assets/data/furnitureData.bin.mid,336,Name,ホログラム丸テーブル,Holographic Table,Holographic Round Table,direct_english_row,medium,"texture ""HolgraphicTable2"" ~ EN row 322 (fuzzy 0.94); proposed carried from TM"
assets/data/furnitureData.bin.mid,336,Description,火星のカフェのスタンダード。,"A table with a touch screen, who needs menus?",,direct_english_row,medium,
assets/data/furnitureData.bin.mid,337,Name,レーザーオーブン,Laser Oven,Laser Oven,direct_english_row,high,"texture ""LaserOven"" ~ EN row 324"
assets/data/furnitureData.bin.mid,337,Description,クラス４レーザーで超速クッキング。調理時間20%減。,Super heat food with a class 4 laser (cooking times are reduced by 20%).,Super heat food with a class 4 laser (cooking times are reduced by 20%).,direct_english_row,high,
assets/data/furnitureData.bin.mid,338,Name,星雲の風景画,Nebula Painting,Nebula Painting,direct_english_row,high,"texture ""NebulaPainting"" ~ EN row 325"
assets/data/furnitureData.bin.mid,338,Description,風景画に描かれているのは超高温なガスだ。,"Behold the wonders of the cosmos, with this painting of superheated gases.","Behold the wonders of the cosmos, with this painting of superheated gases.",direct_english_row,high,
assets/data/furnitureData.bin.mid,339,Name,宇宙船の窓,Port Window 1,Port Window 1,direct_english_row,high,"texture ""PortWindow_1"" ~ EN row 326"
assets/data/furnitureData.bin.mid,339,Description,宇宙船で使われていた窓。,"Everyone likes a view, why not give them a good one.","Everyone likes a view, why not give them a good one.",direct_english_row,high,
assets/data/furnitureData.bin.mid,340,Name,宇宙船の窓,Port Window 2,Port Window 2,direct_english_row,high,"texture ""PortWindow_2"" ~ EN row 327"
assets/data/furnitureData.bin.mid,340,Description,宇宙船で使われていた窓。,"Everyone likes a view, why not give them a good one.","Everyone likes a view, why not give them a good one.",direct_english_row,high,
assets/data/furnitureData.bin.mid,341,Name,宇宙カウンター,Space Counter,Space Counter,direct_english_row,high,"texture ""SpaceCounter"" ~ EN row 328"
assets/data/furnitureData.bin.mid,341,Description,無重力でも料理がこぼれない、不思議なカウンター。,Store your dishes here until you're ready to serve them.,Store your dishes here until you're ready to serve them.,direct_english_row,high,
assets/data/furnitureData.bin.mid,342,Name,宇宙シンク,Space Counter,Space Sink,same_art_or_category,low,"texture ""SpaceCounter_wSink"" ~ EN row 328 (fuzzy 0.83 — verify, may be wrong item); proposed carried from TM"
assets/data/furnitureData.bin.mid,342,Description,地球外でもお皿は汚れます、このシンクで洗おう。,Store your dishes here until you're ready to serve them.,,same_art_or_category,low,
assets/data/furnitureData.bin.mid,343,Name,LEDライト,,LED Light,jp_only_event,low,"no EN row; dev texture name ""SpaceLight1""; proposed carried from TM"
assets/data/furnitureData.bin.mid,343,Description,LEDライトで省エネ対策。,,,jp_only_event,low,
assets/data/furnitureData.bin.mid,344,Name,LEDライト,,LED Light,jp_only_event,low,"no EN row; dev texture name ""SpaceLight2""; proposed carried from TM"
assets/data/furnitureData.bin.mid,344,Description,LEDライトで省エネ対策。,,,jp_only_event,low,
assets/data/furnitureData.bin.mid,345,Name,ガラスタイル,Glass Tile (Black & White),Glass Tile,same_art_or_category,low,"texture ""Tile_BlackandWhite"" ~ EN row 332 (fuzzy 0.78 — verify, may be wrong item); proposed carried from TM"
assets/data/furnitureData.bin.mid,345,Description,ガラスタイルで掃除が楽になるぞ。,"Glass floors, now you're getting fancy!",,same_art_or_category,low,
assets/data/furnitureData.bin.mid,346,Name,ガラスタイル,,Glass Tile,jp_only_event,low,"no EN row; dev texture name ""Tile_MetalandGlass""; proposed carried from TM"
assets/data/furnitureData.bin.mid,346,Description,ガラスタイルで掃除が楽になるぞ。,,,jp_only_event,low,
assets/data/furnitureData.bin.mid,347,Name,ガラスタイル,,Glass Tile,jp_only_event,low,"no EN row; dev texture name ""Tile_WhiteandGlass""; proposed carried from TM"
assets/data/furnitureData.bin.mid,347,Description,ガラスタイルで掃除が楽になるぞ。,,,jp_only_event,low,
assets/data/furnitureData.bin.mid,348,Name,UFOファイターゲーム機,,UFO Fighter Arcade,jp_only_event,low,"no EN row; dev texture name ""UFOArcade""; proposed carried from TM"
assets/data/furnitureData.bin.mid,348,Description,このゲームでハイスコアを出せば地球外からスカウトが来るかも。,,,jp_only_event,low,
assets/data/furnitureData.bin.mid,349,Name,キャプテンの椅子,Captain's Chair,Captain's Chair,same_art_or_category,low,"texture ""CaptainsChair_front"" ~ EN row 336 (fuzzy 0.84 — verify, may be wrong item); proposed carried from TM"
assets/data/furnitureData.bin.mid,349,Description,この椅子に座れば注文も命令口調に！,"Every order will be followed with the phrase ""make it so""!",,same_art_or_category,low,
assets/data/furnitureData.bin.mid,350,Name,エアホッケー台,Air Hockey Table,Air Hockey Table,direct_english_row,high,"texture ""air_hockey_table"" ~ EN row 337"
assets/data/furnitureData.bin.mid,350,Description,食事の前に軽くエアーホッケーはいかが？ゾンビ達は何をパックに使うんだろう？,"Challenge someone to a quick game of hockey, without having to move for cars (zombie attacks are still likely).","Challenge someone to a quick game of hockey, without having to move for cars (zombie attacks are still likely).",direct_english_row,high,
assets/data/furnitureData.bin.mid,351,Name,フライヤー,Deep Fryer,Deep Fryer,direct_english_row,high,"texture ""deep_fryer"" ~ EN row 338"
assets/data/furnitureData.bin.mid,351,Description,小動物なら３秒でカリカリに揚がる。,You can flash fry small animals in 3 seconds with the Fry-O-Matic 3000.,You can flash fry small animals in 3 seconds with the Fry-O-Matic 3000.,direct_english_row,high,
assets/data/furnitureData.bin.mid,352,Name,ピンボール台 ? ?,Pinball Machine,Pinball Machine,direct_english_row,high,"texture ""pinball_machine"" ~ EN row 339"
assets/data/furnitureData.bin.mid,352,Description,懐かしいピンボール台で古き良き時代を楽しもう！,Bring some classic arcade action to your cafe with this pinball machine,Bring some classic arcade action to your cafe with this pinball machine,direct_english_row,high,
assets/data/furnitureData.bin.mid,353,Name,ピザ陳列台,Pizza Display Warmer,Pizza Display Warmer,same_art_or_category,low,"texture ""pizza_display_cabinet"" ~ EN row 340 (fuzzy 0.76 — verify, may be wrong item); proposed carried from TM"
assets/data/furnitureData.bin.mid,353,Description,美味しそうなピザを見せびらかせて食欲をそそれ！,"Show off the goods, to get your customers in the mood to eat.",,same_art_or_category,low,
assets/data/furnitureData.bin.mid,354,Name,ビリヤード台（小）,Pool Table,Pool Table,direct_english_row,high,"texture ""pool_table"" ~ EN row 225"
assets/data/furnitureData.bin.mid,354,Description,このビリヤード台なら簡単にプレイできる！,This billiard table earns a little extra cash if you empty it periodically.,This billiard table earns a little extra cash if you empty it periodically.,direct_english_row,high,
assets/data/furnitureData.bin.mid,355,Name,壁掛けメニュー,,Wall Menu Board,jp_only_event,low,"no EN row; dev texture name ""wall_blackboard_menu_SE""; proposed carried from TM"
assets/data/furnitureData.bin.mid,355,Description,お客さんにお店のオススメを知らせよう！,,,jp_only_event,low,
assets/data/furnitureData.bin.mid,356,Name,グラフィティポスター,,Graffiti Poster,jp_only_event,low,"no EN row; dev texture name ""wall_graffiti_painting_SE""; proposed carried from TM"
assets/data/furnitureData.bin.mid,356,Description,らくがき風のポスターで気分はダウンタウンだぜ！,,,jp_only_event,low,
assets/data/furnitureData.bin.mid,357,Name,ゲームセンターの看板,,Arcade Neon Sign,jp_only_event,low,"no EN row; dev texture name ""wall_neon_sign_SE""; proposed carried from TM"
assets/data/furnitureData.bin.mid,357,Description,少し古風なネオンサインでお店を演出しよう。,,,jp_only_event,low,
assets/data/furnitureData.bin.mid,358,Name,ピザ釜,Wood Fire Pizza Oven,Wood Fire Pizza Oven,direct_english_row,high,"texture ""wood_fire_pizza_oven"" ~ EN row 345"
assets/data/furnitureData.bin.mid,358,Description,本格的なピザ釜でイタリア人も大満足！,Fire up some pies in this classic wood burning oven.,Fire up some pies in this classic wood burning oven.,direct_english_row,high,
assets/data/furnitureData.bin.mid,359,Name,ゾンビファイターゲーム筐体,Zombie Fighter Arcade Machine,Zombie Fighter Arcade Machine,direct_english_row,medium,"texture ""zombiefighter_arcade_machine_SW"" ~ EN row 346 (fuzzy 0.96); proposed carried from TM"
assets/data/furnitureData.bin.mid,359,Description,年代物のゾンビファイターで思いっきりスタンドプレーを楽しもう！,Let your customers settle their scores the old fashioned way; with a stand up fighting game.,,direct_english_row,medium,
assets/data/furnitureData.bin.mid,360,Name,豪華な冷蔵庫・白,,Rococo Fridge (White),jp_only_event,low,"no EN row; dev texture name ""rococo_fridge""; proposed carried from TM"
assets/data/furnitureData.bin.mid,360,Description,豪華な装飾が施されている冷蔵庫。ちょっとリッチな気分になって店の評判も上がる。,,,jp_only_event,low,
assets/data/furnitureData.bin.mid,361,Name,豪華な冷蔵庫・黄,,Rococo Fridge (Yellow),jp_only_event,low,"no EN row; dev texture name ""rococo_fridge""; proposed carried from TM"
assets/data/furnitureData.bin.mid,361,Description,豪華な装飾が施されている冷蔵庫。ちょっとリッチな気分になって店の評判も上がる。,,,jp_only_event,low,
assets/data/furnitureData.bin.mid,362,Name,豪華な冷蔵庫・緑,,Rococo Fridge (Green),jp_only_event,low,"no EN row; dev texture name ""rococo_fridge""; proposed carried from TM"
assets/data/furnitureData.bin.mid,362,Description,豪華な装飾が施されている冷蔵庫。ちょっとリッチな気分になって店の評判も上がる。,,,jp_only_event,low,
assets/data/furnitureData.bin.mid,363,Name,豪華な冷蔵庫・青,,Rococo Fridge (Blue),jp_only_event,low,"no EN row; dev texture name ""rococo_fridge""; proposed carried from TM"
assets/data/furnitureData.bin.mid,363,Description,豪華な装飾が施されている冷蔵庫。ちょっとリッチな気分になって店の評判も上がる。,,,jp_only_event,low,
assets/data/furnitureData.bin.mid,364,Name,豪華な冷蔵庫・赤,,Rococo Fridge (Red),jp_only_event,low,"no EN row; dev texture name ""rococo_fridge""; proposed carried from TM"
assets/data/furnitureData.bin.mid,364,Description,豪華な装飾が施されている冷蔵庫。ちょっとリッチな気分になって店の評判も上がる。,,,jp_only_event,low,
assets/data/furnitureData.bin.mid,365,Name,豪華な冷蔵庫・黒,,Rococo Fridge (Black),jp_only_event,low,"no EN row; dev texture name ""rococo_fridge""; proposed carried from TM"
assets/data/furnitureData.bin.mid,365,Description,豪華な装飾が施されている冷蔵庫。ちょっとリッチな気分になって店の評判も上がる。,,,jp_only_event,low,
assets/data/furnitureData.bin.mid,366,Name,豪華な冷蔵庫・ピンク,,Rococo Fridge (Pink),jp_only_event,low,"no EN row; dev texture name ""rococo_fridge""; proposed carried from TM"
assets/data/furnitureData.bin.mid,366,Description,豪華な装飾が施されている冷蔵庫。ちょっとリッチな気分になって店の評判も上がる。,,,jp_only_event,low,
assets/data/furnitureData.bin.mid,367,Name,豪華な冷蔵庫・ビビットピンク,,Rococo Fridge (Vivid Pink),jp_only_event,low,"no EN row; dev texture name ""rococo_fridge""; proposed carried from TM"
assets/data/furnitureData.bin.mid,367,Description,豪華な装飾が施されている冷蔵庫。ちょっとリッチな気分になって店の評判も上がる。,,,jp_only_event,low,
assets/data/furnitureData.bin.mid,368,Name,豪華な冷蔵庫・紫,,Rococo Fridge (Purple),jp_only_event,low,"no EN row; dev texture name ""rococo_fridge""; proposed carried from TM"
assets/data/furnitureData.bin.mid,368,Description,豪華な装飾が施されている冷蔵庫。ちょっとリッチな気分になって店の評判も上がる。,,,jp_only_event,low,
assets/data/furnitureData.bin.mid,369,Name,豪華なコンロ・白,,Rococo Stove (White),jp_only_event,low,"no EN row; dev texture name ""rococo_stove""; proposed carried from TM"
assets/data/furnitureData.bin.mid,369,Description,このコンロで調理すればフランス料理シェフ気分。調理時間20%減。,,,jp_only_event,low,
assets/data/furnitureData.bin.mid,370,Name,豪華なコンロ・黄,,Rococo Stove (Yellow),jp_only_event,low,"no EN row; dev texture name ""rococo_stove""; proposed carried from TM"
assets/data/furnitureData.bin.mid,370,Description,このコンロで調理すればフランス料理シェフ気分。調理時間20%減。,,,jp_only_event,low,
assets/data/furnitureData.bin.mid,371,Name,豪華なコンロ・緑,,Rococo Stove (Green),jp_only_event,low,"no EN row; dev texture name ""rococo_stove""; proposed carried from TM"
assets/data/furnitureData.bin.mid,371,Description,このコンロで調理すればフランス料理シェフ気分。調理時間20%減。,,,jp_only_event,low,
assets/data/furnitureData.bin.mid,372,Name,豪華なコンロ・青,,Rococo Stove (Blue),jp_only_event,low,"no EN row; dev texture name ""rococo_stove""; proposed carried from TM"
assets/data/furnitureData.bin.mid,372,Description,このコンロで調理すればフランス料理シェフ気分。調理時間20%減。,,,jp_only_event,low,
assets/data/furnitureData.bin.mid,373,Name,豪華なコンロ・赤,,Rococo Stove (Red),jp_only_event,low,"no EN row; dev texture name ""rococo_stove""; proposed carried from TM"
assets/data/furnitureData.bin.mid,373,Description,このコンロで調理すればフランス料理シェフ気分。調理時間20%減。,,,jp_only_event,low,
assets/data/furnitureData.bin.mid,374,Name,豪華なコンロ・黒,,Rococo Stove (Black),jp_only_event,low,"no EN row; dev texture name ""rococo_stove""; proposed carried from TM"
assets/data/furnitureData.bin.mid,374,Description,このコンロで調理すればフランス料理シェフ気分。調理時間20%減。,,,jp_only_event,low,
assets/data/furnitureData.bin.mid,375,Name,豪華なコンロ・ピンク,,Rococo Stove (Pink),jp_only_event,low,"no EN row; dev texture name ""rococo_stove""; proposed carried from TM"
assets/data/furnitureData.bin.mid,375,Description,このコンロで調理すればフランス料理シェフ気分。調理時間20%減。,,,jp_only_event,low,
assets/data/furnitureData.bin.mid,376,Name,豪華なコンロ・ビビットピンク,,Rococo Stove (Vivid Pink),jp_only_event,low,"no EN row; dev texture name ""rococo_stove""; proposed carried from TM"
assets/data/furnitureData.bin.mid,376,Description,このコンロで調理すればフランス料理シェフ気分。調理時間20%減。,,,jp_only_event,low,
assets/data/furnitureData.bin.mid,377,Name,豪華なコンロ・紫,,Rococo Stove (Purple),jp_only_event,low,"no EN row; dev texture name ""rococo_stove""; proposed carried from TM"
assets/data/furnitureData.bin.mid,377,Description,このコンロで調理すればフランス料理シェフ気分。調理時間20%減。,,,jp_only_event,low,
assets/data/furnitureData.bin.mid,378,Name,豪華なシンク・白,,Rococo Sink (White),jp_only_event,low,"no EN row; dev texture name ""rococo-sink""; proposed carried from TM"
assets/data/furnitureData.bin.mid,378,Description,汚すのがもったいないシンク。,,,jp_only_event,low,
assets/data/furnitureData.bin.mid,379,Name,豪華なシンク・黄,,Rococo Sink (Yellow),jp_only_event,low,"no EN row; dev texture name ""rococo-sink""; proposed carried from TM"
assets/data/furnitureData.bin.mid,379,Description,汚すのがもったいないシンク。,,,jp_only_event,low,
assets/data/furnitureData.bin.mid,380,Name,豪華なシンク・緑,,Rococo Sink (Green),jp_only_event,low,"no EN row; dev texture name ""rococo-sink""; proposed carried from TM"
assets/data/furnitureData.bin.mid,380,Description,汚すのがもったいないシンク。,,,jp_only_event,low,
assets/data/furnitureData.bin.mid,381,Name,豪華なシンク・青,,Rococo Sink (Blue),jp_only_event,low,"no EN row; dev texture name ""rococo-sink""; proposed carried from TM"
assets/data/furnitureData.bin.mid,381,Description,汚すのがもったいないシンク。,,,jp_only_event,low,
assets/data/furnitureData.bin.mid,382,Name,豪華なシンク・赤,,Rococo Sink (Red),jp_only_event,low,"no EN row; dev texture name ""rococo-sink""; proposed carried from TM"
assets/data/furnitureData.bin.mid,382,Description,汚すのがもったいないシンク。,,,jp_only_event,low,
assets/data/furnitureData.bin.mid,383,Name,豪華なシンク・黒,,Rococo Sink (Black),jp_only_event,low,"no EN row; dev texture name ""rococo-sink""; proposed carried from TM"
assets/data/furnitureData.bin.mid,383,Description,汚すのがもったいないシンク。,,,jp_only_event,low,
assets/data/furnitureData.bin.mid,384,Name,豪華なシンク・ピンク,,Rococo Sink (Pink),jp_only_event,low,"no EN row; dev texture name ""rococo-sink""; proposed carried from TM"
assets/data/furnitureData.bin.mid,384,Description,汚すのがもったいないシンク。,,,jp_only_event,low,
assets/data/furnitureData.bin.mid,385,Name,豪華なシンク・ビビットピンク,,Rococo Sink (Vivid Pink),jp_only_event,low,"no EN row; dev texture name ""rococo-sink""; proposed carried from TM"
assets/data/furnitureData.bin.mid,385,Description,汚すのがもったいないシンク。,,,jp_only_event,low,
assets/data/furnitureData.bin.mid,386,Name,豪華なシンク・紫,,Rococo Sink (Purple),jp_only_event,low,"no EN row; dev texture name ""rococo-sink""; proposed carried from TM"
assets/data/furnitureData.bin.mid,386,Description,汚すのがもったいないシンク。,,,jp_only_event,low,
assets/data/furnitureData.bin.mid,387,Name,豪華なカウンター・白,Bar serving counter,Rococo Counter (White),same_art_or_category,low,"texture ""rococo-serving-counter"" ~ EN row 149 (fuzzy 0.81 — verify, may be wrong item); proposed carried from TM"
assets/data/furnitureData.bin.mid,387,Description,繊細なゾンビ料理にピッタリのカウンター。,This bar serving counter is both stylish and functional.,,same_art_or_category,low,
assets/data/furnitureData.bin.mid,388,Name,豪華なカウンター・黄,Bar serving counter,Rococo Counter (Yellow),same_art_or_category,low,"texture ""rococo-serving-counter"" ~ EN row 149 (fuzzy 0.81 — verify, may be wrong item); proposed carried from TM"
assets/data/furnitureData.bin.mid,388,Description,繊細なゾンビ料理にピッタリのカウンター。,This bar serving counter is both stylish and functional.,,same_art_or_category,low,
assets/data/furnitureData.bin.mid,389,Name,豪華なカウンター・緑,Bar serving counter,Rococo Counter (Green),same_art_or_category,low,"texture ""rococo-serving-counter"" ~ EN row 149 (fuzzy 0.81 — verify, may be wrong item); proposed carried from TM"
assets/data/furnitureData.bin.mid,389,Description,繊細なゾンビ料理にピッタリのカウンター。,This bar serving counter is both stylish and functional.,,same_art_or_category,low,
assets/data/furnitureData.bin.mid,390,Name,豪華なカウンター・青,Bar serving counter,Rococo Counter (Blue),same_art_or_category,low,"texture ""rococo-serving-counter"" ~ EN row 149 (fuzzy 0.81 — verify, may be wrong item); proposed carried from TM"
assets/data/furnitureData.bin.mid,390,Description,繊細なゾンビ料理にピッタリのカウンター。,This bar serving counter is both stylish and functional.,,same_art_or_category,low,
assets/data/furnitureData.bin.mid,391,Name,豪華なカウンター・赤,Bar serving counter,Rococo Counter (Red),same_art_or_category,low,"texture ""rococo-serving-counter"" ~ EN row 149 (fuzzy 0.81 — verify, may be wrong item); proposed carried from TM"
assets/data/furnitureData.bin.mid,391,Description,繊細なゾンビ料理にピッタリのカウンター。,This bar serving counter is both stylish and functional.,,same_art_or_category,low,
assets/data/furnitureData.bin.mid,392,Name,豪華なカウンター・黒,Bar serving counter,Rococo Counter (Black),same_art_or_category,low,"texture ""rococo-serving-counter"" ~ EN row 149 (fuzzy 0.81 — verify, may be wrong item); proposed carried from TM"
assets/data/furnitureData.bin.mid,392,Description,繊細なゾンビ料理にピッタリのカウンター。,This bar serving counter is both stylish and functional.,,same_art_or_category,low,
assets/data/furnitureData.bin.mid,393,Name,豪華なカウンター・ピンク,Bar serving counter,Rococo Counter (Pink),same_art_or_category,low,"texture ""rococo-serving-counter"" ~ EN row 149 (fuzzy 0.81 — verify, may be wrong item); proposed carried from TM"
assets/data/furnitureData.bin.mid,393,Description,繊細なゾンビ料理にピッタリのカウンター。,This bar serving counter is both stylish and functional.,,same_art_or_category,low,
assets/data/furnitureData.bin.mid,394,Name,豪華なカウンター・ビビットピンク,Bar serving counter,Rococo Counter (Vivid Pink),same_art_or_category,low,"texture ""rococo-serving-counter"" ~ EN row 149 (fuzzy 0.81 — verify, may be wrong item); proposed carried from TM"
assets/data/furnitureData.bin.mid,394,Description,繊細なゾンビ料理にピッタリのカウンター。,This bar serving counter is both stylish and functional.,,same_art_or_category,low,
assets/data/furnitureData.bin.mid,395,Name,豪華なカウンター・紫,Bar serving counter,Rococo Counter (Purple),same_art_or_category,low,"texture ""rococo-serving-counter"" ~ EN row 149 (fuzzy 0.81 — verify, may be wrong item); proposed carried from TM"
assets/data/furnitureData.bin.mid,395,Description,繊細なゾンビ料理にピッタリのカウンター。,This bar serving counter is both stylish and functional.,,same_art_or_category,low,
assets/data/furnitureData.bin.mid,396,Name,豪華なテーブル・白,,Rococo Table (White),jp_only_event,low,"no EN row; dev texture name ""rococo-table""; proposed carried from TM"
assets/data/furnitureData.bin.mid,396,Description,貴族になったような気分で食事ができるかも。リッチな気分でチップ発生率アップ。,,,jp_only_event,low,
assets/data/furnitureData.bin.mid,397,Name,豪華なテーブル・黄,,Rococo Table (Yellow),jp_only_event,low,"no EN row; dev texture name ""rococo-table""; proposed carried from TM"
assets/data/furnitureData.bin.mid,397,Description,貴族になったような気分で食事ができるかも。リッチな気分でチップ発生率アップ。,,,jp_only_event,low,
assets/data/furnitureData.bin.mid,398,Name,豪華なテーブル・緑,,Rococo Table (Green),jp_only_event,low,"no EN row; dev texture name ""rococo-table""; proposed carried from TM"
assets/data/furnitureData.bin.mid,398,Description,貴族になったような気分で食事ができるかも。リッチな気分でチップ発生率アップ。,,,jp_only_event,low,
assets/data/furnitureData.bin.mid,399,Name,豪華なテーブル・青,,Rococo Table (Blue),jp_only_event,low,"no EN row; dev texture name ""rococo-table""; proposed carried from TM"
assets/data/furnitureData.bin.mid,399,Description,貴族になったような気分で食事ができるかも。リッチな気分でチップ発生率アップ。,,,jp_only_event,low,
assets/data/furnitureData.bin.mid,400,Name,豪華なテーブル・赤,,Rococo Table (Red),jp_only_event,low,"no EN row; dev texture name ""rococo-table""; proposed carried from TM"
assets/data/furnitureData.bin.mid,400,Description,貴族になったような気分で食事ができるかも。リッチな気分でチップ発生率アップ。,,,jp_only_event,low,
assets/data/furnitureData.bin.mid,401,Name,豪華なテーブル・黒,,Rococo Table (Black),jp_only_event,low,"no EN row; dev texture name ""rococo-table""; proposed carried from TM"
assets/data/furnitureData.bin.mid,401,Description,貴族になったような気分で食事ができるかも。リッチな気分でチップ発生率アップ。,,,jp_only_event,low,
assets/data/furnitureData.bin.mid,402,Name,豪華なテーブル・ピンク,,Rococo Table (Pink),jp_only_event,low,"no EN row; dev texture name ""rococo-table""; proposed carried from TM"
assets/data/furnitureData.bin.mid,402,Description,貴族になったような気分で食事ができるかも。リッチな気分でチップ発生率アップ。,,,jp_only_event,low,
assets/data/furnitureData.bin.mid,403,Name,豪華なテーブル・ビビットピンク,,Rococo Table (Vivid Pink),jp_only_event,low,"no EN row; dev texture name ""rococo-table""; proposed carried from TM"
assets/data/furnitureData.bin.mid,403,Description,貴族になったような気分で食事ができるかも。リッチな気分でチップ発生率アップ。,,,jp_only_event,low,
assets/data/furnitureData.bin.mid,404,Name,豪華なテーブル・紫,,Rococo Table (Purple),jp_only_event,low,"no EN row; dev texture name ""rococo-table""; proposed carried from TM"
assets/data/furnitureData.bin.mid,404,Description,貴族になったような気分で食事ができるかも。リッチな気分でチップ発生率アップ。,,,jp_only_event,low,
assets/data/furnitureData.bin.mid,405,Name,豪華なイス・白,,Rococo Chair (White),jp_only_event,low,"no EN row; dev texture name ""rococo-chair1""; proposed carried from TM"
assets/data/furnitureData.bin.mid,405,Description,豪華でフカフカ。中世の貴族も使っていたらしい。,,,jp_only_event,low,
assets/data/furnitureData.bin.mid,406,Name,豪華なイス・黄,,Rococo Chair (Yellow),jp_only_event,low,"no EN row; dev texture name ""rococo-chair1""; proposed carried from TM"
assets/data/furnitureData.bin.mid,406,Description,豪華でフカフカ。中世の貴族も使っていたらしい。,,,jp_only_event,low,
assets/data/furnitureData.bin.mid,407,Name,豪華なイス・緑,,Rococo Chair (Green),jp_only_event,low,"no EN row; dev texture name ""rococo-chair1""; proposed carried from TM"
assets/data/furnitureData.bin.mid,407,Description,豪華でフカフカ。中世の貴族も使っていたらしい。,,,jp_only_event,low,
assets/data/furnitureData.bin.mid,408,Name,豪華なイス・青,,Rococo Chair (Blue),jp_only_event,low,"no EN row; dev texture name ""rococo-chair1""; proposed carried from TM"
assets/data/furnitureData.bin.mid,408,Description,豪華でフカフカ。中世の貴族も使っていたらしい。,,,jp_only_event,low,
assets/data/furnitureData.bin.mid,409,Name,豪華なイス・赤,,Rococo Chair (Red),jp_only_event,low,"no EN row; dev texture name ""rococo-chair1""; proposed carried from TM"
assets/data/furnitureData.bin.mid,409,Description,豪華でフカフカ。中世の貴族も使っていたらしい。,,,jp_only_event,low,
assets/data/furnitureData.bin.mid,410,Name,豪華なイス・黒,,Rococo Chair (Black),jp_only_event,low,"no EN row; dev texture name ""rococo-chair1""; proposed carried from TM"
assets/data/furnitureData.bin.mid,410,Description,豪華でフカフカ。中世の貴族も使っていたらしい。,,,jp_only_event,low,
assets/data/furnitureData.bin.mid,411,Name,豪華なイス・ピンク,,Rococo Chair (Pink),jp_only_event,low,"no EN row; dev texture name ""rococo-chair1""; proposed carried from TM"
assets/data/furnitureData.bin.mid,411,Description,豪華でフカフカ。中世の貴族も使っていたらしい。,,,jp_only_event,low,
assets/data/furnitureData.bin.mid,412,Name,豪華なイス・ビビットピンク,,Rococo Chair (Vivid Pink),jp_only_event,low,"no EN row; dev texture name ""rococo-chair1""; proposed carried from TM"
assets/data/furnitureData.bin.mid,412,Description,豪華でフカフカ。中世の貴族も使っていたらしい。,,,jp_only_event,low,
assets/data/furnitureData.bin.mid,413,Name,豪華なイス・紫,,Rococo Chair (Purple),jp_only_event,low,"no EN row; dev texture name ""rococo-chair1""; proposed carried from TM"
assets/data/furnitureData.bin.mid,413,Description,豪華でフカフカ。中世の貴族も使っていたらしい。,,,jp_only_event,low,
assets/data/furnitureData.bin.mid,414,Name,豪華な床・白,,Rococo Floor (White),jp_only_event,low,"no EN row; dev texture name ""rococo-tile""; proposed carried from TM"
assets/data/furnitureData.bin.mid,414,Description,豪華な装飾が施された床。,,,jp_only_event,low,
assets/data/furnitureData.bin.mid,415,Name,豪華な床・黄,,Rococo Floor (Yellow),jp_only_event,low,"no EN row; dev texture name ""rococo-tile""; proposed carried from TM"
assets/data/furnitureData.bin.mid,415,Description,豪華な装飾が施された床。,,,jp_only_event,low,
assets/data/furnitureData.bin.mid,416,Name,豪華な床・緑,,Rococo Floor (Green),jp_only_event,low,"no EN row; dev texture name ""rococo-tile""; proposed carried from TM"
assets/data/furnitureData.bin.mid,416,Description,豪華な装飾が施された床。,,,jp_only_event,low,
assets/data/furnitureData.bin.mid,417,Name,豪華な床・青,,Rococo Floor (Blue),jp_only_event,low,"no EN row; dev texture name ""rococo-tile""; proposed carried from TM"
assets/data/furnitureData.bin.mid,417,Description,豪華な装飾が施された床。,,,jp_only_event,low,
assets/data/furnitureData.bin.mid,418,Name,豪華な床・赤,,Rococo Floor (Red),jp_only_event,low,"no EN row; dev texture name ""rococo-tile""; proposed carried from TM"
assets/data/furnitureData.bin.mid,418,Description,豪華な装飾が施された床。,,,jp_only_event,low,
assets/data/furnitureData.bin.mid,419,Name,豪華な床・黒,,Rococo Floor (Black),jp_only_event,low,"no EN row; dev texture name ""rococo-tile""; proposed carried from TM"
assets/data/furnitureData.bin.mid,419,Description,豪華な装飾が施された床。,,,jp_only_event,low,
assets/data/furnitureData.bin.mid,420,Name,豪華な床・ピンク,,Rococo Floor (Pink),jp_only_event,low,"no EN row; dev texture name ""rococo-tile""; proposed carried from TM"
assets/data/furnitureData.bin.mid,420,Description,豪華な装飾が施された床。,,,jp_only_event,low,
assets/data/furnitureData.bin.mid,421,Name,豪華な床・ビビットピンク,,Rococo Floor (Vivid Pink),jp_only_event,low,"no EN row; dev texture name ""rococo-tile""; proposed carried from TM"
assets/data/furnitureData.bin.mid,421,Description,豪華な装飾が施された床。,,,jp_only_event,low,
assets/data/furnitureData.bin.mid,422,Name,豪華な床・紫,,Rococo Floor (Purple),jp_only_event,low,"no EN row; dev texture name ""rococo-tile""; proposed carried from TM"
assets/data/furnitureData.bin.mid,422,Description,豪華な装飾が施された床。,,,jp_only_event,low,
assets/data/furnitureData.bin.mid,423,Name,豪華な壁・白,,Rococo Wall (White),jp_only_event,low,"no EN row; dev texture name ""rococol_diner""; proposed carried from TM"
assets/data/furnitureData.bin.mid,423,Description,豪華な装飾が施された壁。,,,jp_only_event,low,
assets/data/furnitureData.bin.mid,424,Name,豪華な壁・黄,,Rococo Wall (Yellow),jp_only_event,low,"no EN row; dev texture name ""rococol_diner""; proposed carried from TM"
assets/data/furnitureData.bin.mid,424,Description,豪華な装飾が施された壁。,,,jp_only_event,low,
assets/data/furnitureData.bin.mid,425,Name,豪華な壁・緑,,Rococo Wall (Green),jp_only_event,low,"no EN row; dev texture name ""rococol_diner""; proposed carried from TM"
assets/data/furnitureData.bin.mid,425,Description,豪華な装飾が施された壁。,,,jp_only_event,low,
assets/data/furnitureData.bin.mid,426,Name,豪華な壁・青,,Rococo Wall (Blue),jp_only_event,low,"no EN row; dev texture name ""rococol_diner""; proposed carried from TM"
assets/data/furnitureData.bin.mid,426,Description,豪華な装飾が施された壁。,,,jp_only_event,low,
assets/data/furnitureData.bin.mid,427,Name,豪華な壁・赤,,Rococo Wall (Red),jp_only_event,low,"no EN row; dev texture name ""rococol_diner""; proposed carried from TM"
assets/data/furnitureData.bin.mid,427,Description,豪華な装飾が施された壁。,,,jp_only_event,low,
assets/data/furnitureData.bin.mid,428,Name,豪華な壁・黒,,Rococo Wall (Black),jp_only_event,low,"no EN row; dev texture name ""rococol_diner""; proposed carried from TM"
assets/data/furnitureData.bin.mid,428,Description,豪華な装飾が施された壁。,,,jp_only_event,low,
assets/data/furnitureData.bin.mid,429,Name,豪華な壁・ピンク,,Rococo Wall (Pink),jp_only_event,low,"no EN row; dev texture name ""rococol_diner""; proposed carried from TM"
assets/data/furnitureData.bin.mid,429,Description,豪華な装飾が施された壁。,,,jp_only_event,low,
assets/data/furnitureData.bin.mid,430,Name,豪華な壁・ビビットピンク,,Rococo Wall (Vivid Pink),jp_only_event,low,"no EN row; dev texture name ""rococol_diner""; proposed carried from TM"
assets/data/furnitureData.bin.mid,430,Description,豪華な装飾が施された壁。,,,jp_only_event,low,
assets/data/furnitureData.bin.mid,431,Name,豪華な壁・紫,,Rococo Wall (Purple),jp_only_event,low,"no EN row; dev texture name ""rococol_diner""; proposed carried from TM"
assets/data/furnitureData.bin.mid,431,Description,豪華な装飾が施された壁。,,,jp_only_event,low,
assets/data/furnitureData.bin.mid,432,Name,飾りの墓石1,Decorative Tombstone 1,Decorative Tombstone 1,direct_english_row,high,"texture ""DecorativeTombstone1"" ~ EN row 305"
assets/data/furnitureData.bin.mid,432,Description,ここはお客様が安らかに眠れるところ。,A place where your customers can rest in pieces.,A place where your customers can rest in pieces.,direct_english_row,high,
assets/data/furnitureData.bin.mid,433,Name,飾りの墓石2,Decorative Tombstone 2,Decorative Tombstone 2,direct_english_row,high,"texture ""DecorativeTombstone2"" ~ EN row 306"
assets/data/furnitureData.bin.mid,433,Description,この墓石はホンモノだ！,These decorative tombstones are a scream.,These decorative tombstones are a scream.,direct_english_row,high,
assets/data/furnitureData.bin.mid,434,Name,飾りの墓石3,Decorative Tombstone 3,Decorative Tombstone 3,direct_english_row,high,"texture ""DecorativeTombstone3"" ~ EN row 307"
assets/data/furnitureData.bin.mid,434,Description,この墓石はホンモノだ！,These decorative tombstones are a scream.,These decorative tombstones are a scream.,direct_english_row,high,
assets/data/furnitureData.bin.mid,435,Name,飾りの墓石4,Decorative Tombstone 4,Decorative Tombstone 4,direct_english_row,high,"texture ""DecorativeTombstone4"" ~ EN row 308"
assets/data/furnitureData.bin.mid,435,Description,ここはお客様が安らかに眠れるところ。,A place where your customers can rest in pieces.,A place where your customers can rest in pieces.,direct_english_row,high,
assets/data/furnitureData.bin.mid,436,Name,MAX LEVEL,,MAX LEVEL,jp_only_event,low,"no EN row; dev texture name ""wall""; proposed carried from TM"
assets/data/furnitureData.bin.mid,436,Description,MAX LEVEL,,,jp_only_event,low,
assets/data/furnitureData.bin.mid,437,Name,サンタフェブランケット,Apache Blanket,Apache Blanket,direct_english_row,high,"texture ""ApacheBlanket"" ~ EN row 348"
assets/data/furnitureData.bin.mid,437,Description,このブランケットを飾れば気分はテックスメックス！,"Show your warrior spirit, and keep the customers warm with this traditional Apache blanket.","Show your warrior spirit, and keep the customers warm with this traditional Apache blanket.",direct_english_row,high,
assets/data/furnitureData.bin.mid,438,Name,バンジョー,Banjo,Banjo,direct_english_row,high,"texture ""Banjo"" ~ EN row 349"
assets/data/furnitureData.bin.mid,438,Description,今にもブルーグラスがきこえて来そうな楽器だ！,"Break out the finger picks, and start plucking.","Break out the finger picks, and start plucking.",direct_english_row,high,
assets/data/furnitureData.bin.mid,439,Name,ガスランプ,Gas Lamp,Gas Lamp,direct_english_row,high,"texture ""GasLamp"" ~ EN row 350"
assets/data/furnitureData.bin.mid,439,Description,１９世紀の照明で店内をあたたかく灯そう。,Let your customers dine under the warm glow of 19th century technology.,Let your customers dine under the warm glow of 19th century technology.,direct_english_row,high,
assets/data/furnitureData.bin.mid,440,Name,グリル,Grill,Grill,direct_english_row,high,"texture ""Grill"" ~ EN row 351"
assets/data/furnitureData.bin.mid,440,Description,このグリルがあれば調理時間を20%短縮！お肉の焦げ目もパーフェクト！,"Fire up the grill, make sure you get the perfect 45 degree grill marks for you customers (cooking times reduced by 20%).","Fire up the grill, make sure you get the perfect 45 degree grill marks for you customers (cooking times reduced by 20%).",direct_english_row,high,
assets/data/furnitureData.bin.mid,441,Name,ガンラック,Gun Rack,Gun Rack,direct_english_row,high,"texture ""GunRack"" ~ EN row 352"
assets/data/furnitureData.bin.mid,441,Description,ウエスタンのシンボル。ウインチェスターライフルラック！,"A staple of the old west, a lever action repeating rifle. Plus who doesn't want a gun rack?","A staple of the old west, a lever action repeating rifle. Plus who doesn't want a gun rack?",direct_english_row,high,
assets/data/furnitureData.bin.mid,442,Name,薫製機,Meat Smoker,Meat Smoker,direct_english_row,high,"texture ""MeatSmoker"" ~ EN row 353"
assets/data/furnitureData.bin.mid,442,Description,ウエスタン料理はスモーカーぬきでは語れない！,Show your customers who the real pit master is with this traditional smoker.,Show your customers who the real pit master is with this traditional smoker.,direct_english_row,high,
assets/data/furnitureData.bin.mid,443,Name,密造酒,Moonshine Shelf,Moonshine Shelf,direct_english_row,high,"texture ""MoonshineShelf"" ~ EN row 354"
assets/data/furnitureData.bin.mid,443,Description,体に悪そうな密造酒、目が見えなくなっても知りません。,"It's probably not safe to drink this stuff, that's why it's kept as decoration on the shelf.","It's probably not safe to drink this stuff, that's why it's kept as decoration on the shelf.",direct_english_row,high,
assets/data/furnitureData.bin.mid,444,Name,おんぼろギター,Road Worn Guitar,Road Worn Guitar,direct_english_row,high,"texture ""RoadwornGuitar"" ~ EN row 355"
assets/data/furnitureData.bin.mid,444,Description,長旅でくたびれたギター、音色は新品には負けないぜ！,"This guitar has seen better days, but its days on the trail have made it a classic.","This guitar has seen better days, but its days on the trail have made it a classic.",direct_english_row,high,
assets/data/furnitureData.bin.mid,445,Name,串焼き機,Rotisserie,Rotisserie,direct_english_row,high,"texture ""Rotisserie"" ~ EN row 356"
assets/data/furnitureData.bin.mid,445,Description,このクシ焼き器でバーベキューを大量生産だ！,Is there anything better than sticks of meat cooking on a fire? Your customers definitely can't think of anything.,Is there anything better than sticks of meat cooking on a fire? Your customers definitely can't think of anything.,direct_english_row,high,
assets/data/furnitureData.bin.mid,446,Name,哀愁のカウボーイポスター,Zombie Cowboy Painting,Zombie Cowboy Painting,direct_english_row,high,"texture ""ZombieCowboyPainting"" ~ EN row 357"
assets/data/furnitureData.bin.mid,446,Description,美的かどうかは分からないがクールだぜ！,"Can't really tell if he is good or bad, but he is definitely ugly!","Can't really tell if he is good or bad, but he is definitely ugly!",direct_english_row,high,
assets/data/furnitureData.bin.mid,447,Name,バイオハザード６ポスター,,Resident Evil 6 Poster,jp_only_event,low,"no EN row; dev texture name ""BH6PosterLeft""; proposed carried from TM"
assets/data/furnitureData.bin.mid,447,Description,バイオハザード６は2012年10月4日発売ダ！,,,jp_only_event,low,
assets/data/furnitureData.bin.mid,448,Name,BSAAエンブレム,,BSAA Emblem,jp_only_event,low,"no EN row; dev texture name ""BSAANeonLeft""; proposed carried from TM"
assets/data/furnitureData.bin.mid,448,Description,BSAAはゾンビの敵だ！,,,jp_only_event,low,
assets/data/furnitureData.bin.mid,449,Name,DSOエンブレム,,DSO Emblem,jp_only_event,low,"no EN row; dev texture name ""DSONeonLeft""; proposed carried from TM"
assets/data/furnitureData.bin.mid,449,Description,このエンブレムを持っていれば大統領の脳が食えるかも。,,,jp_only_event,low,
assets/data/furnitureData.bin.mid,450,Name,イドニア反政府軍エンブレム,,Edonian Rebel Emblem,jp_only_event,low,"no EN row; dev texture name ""LVNNeonLeft""; proposed carried from TM"
assets/data/furnitureData.bin.mid,450,Description,反政府軍は傭兵を募集中！,,,jp_only_event,low,
assets/data/furnitureData.bin.mid,451,Name,タイプライター,,Typewriter,jp_only_event,low,"no EN row; dev texture name ""Typewriter""; proposed carried from TM"
assets/data/furnitureData.bin.mid,451,Description,インクリボンがないのでセーブができない。,,,jp_only_event,low,
assets/data/furnitureData.bin.mid,452,Name,中身の詰まった靴下,,Stuffed Stocking,jp_only_event,low,"no EN row; dev texture name ""socks""; proposed carried from TM"
assets/data/furnitureData.bin.mid,452,Description,プレゼントを入れる隙間がない靴下。,,,jp_only_event,low,
assets/data/furnitureData.bin.mid,453,Name,プレゼントをのせたソリ,,Present-Packed Sled,jp_only_event,low,"no EN row; dev texture name ""sled""; proposed carried from TM"
assets/data/furnitureData.bin.mid,453,Description,血がにじんだ袋をラクラク運ぶために作られたソリ。,,,jp_only_event,low,
assets/data/furnitureData.bin.mid,454,Name,クリスマスポスター,,Christmas Poster,jp_only_event,low,"no EN row; dev texture name ""wallXmasposterLeft""; proposed carried from TM"
assets/data/furnitureData.bin.mid,454,Description,サンタ不在によりクリスマスが開催できない旨のお知らせ。,,,jp_only_event,low,
assets/data/furnitureData.bin.mid,455,Name,悪夢のびょうぶ,,Nightmare Folding Screen,jp_only_event,low,"no EN row; dev texture name ""foldingscreen_newyear""; proposed carried from TM"
assets/data/furnitureData.bin.mid,455,Description,これを立てて今年一年の悪夢の始まりとしよう。,,,jp_only_event,low,
assets/data/furnitureData.bin.mid,456,Name,下土魔通,,Cursed Kadomatsu,jp_only_event,low,"no EN row; dev texture name ""kadomatu""; proposed carried from TM"
assets/data/furnitureData.bin.mid,456,Description,新春にカフェへ来る人達の目印として置いておこう,,,jp_only_event,low,
assets/data/furnitureData.bin.mid,457,Name,汚吐死玉,,Cursed New Year's Gift,jp_only_event,low,"no EN row; dev texture name ""otoshidama""; proposed carried from TM"
assets/data/furnitureData.bin.mid,457,Description,正月にこれを落とすとゾンビは喜ぶ。,,,jp_only_event,low,
assets/data/furnitureData.bin.mid,458,Name,力の墓石　レベル３,,Strength Tombstone Lv. 3,jp_only_event,low,"no EN row; dev texture name ""StrengthUpgrade_three""; proposed carried from TM"
assets/data/furnitureData.bin.mid,458,Description,力の墓石の効果が上昇する。,,,jp_only_event,low,
assets/data/furnitureData.bin.mid,459,Name,体力の墓石　レベル３,,Health Tombstone Lv. 3,jp_only_event,low,"no EN row; dev texture name ""HealthUpgrade_three""; proposed carried from TM"
assets/data/furnitureData.bin.mid,459,Description,体力の墓石の効果が上昇する。,,,jp_only_event,low,
assets/data/furnitureData.bin.mid,460,Name,爆弾,,Bomb,jp_only_event,low,"no EN row; dev texture name ""bomb""; proposed carried from TM"
assets/data/furnitureData.bin.mid,460,Description,使い終わると箱ごと消滅する爆弾。襲撃時に使用するとゾンビにダメージ。イベントボスには大ダメージを与えるぞ！※使い終わると設置した場所から消えます。,,,jp_only_event,low,
assets/data/furnitureData.bin.mid,461,Name,普通の柱,,Plain Pillar,jp_only_event,low,"no EN row; dev texture name ""pillar_Brick""; proposed carried from TM"
assets/data/furnitureData.bin.mid,461,Description,柱で店の模様替え。,,,jp_only_event,low,
assets/data/furnitureData.bin.mid,462,Name,普通の柱,,Plain Pillar,jp_only_event,low,"no EN row; dev texture name ""pillar_Brick""; proposed carried from TM"
assets/data/furnitureData.bin.mid,462,Description,柱で店の模様替え。,,,jp_only_event,low,
assets/data/furnitureData.bin.mid,463,Name,普通の柱,,Plain Pillar,jp_only_event,low,"no EN row; dev texture name ""pillar_Brick""; proposed carried from TM"
assets/data/furnitureData.bin.mid,463,Description,柱で店の模様替え。,,,jp_only_event,low,
assets/data/furnitureData.bin.mid,464,Name,普通の柱,,Plain Pillar,jp_only_event,low,"no EN row; dev texture name ""pillar_Brick""; proposed carried from TM"
assets/data/furnitureData.bin.mid,464,Description,柱で店の模様替え。,,,jp_only_event,low,
assets/data/furnitureData.bin.mid,465,Name,普通の柱,,Plain Pillar,jp_only_event,low,"no EN row; dev texture name ""pillar_Brick""; proposed carried from TM"
assets/data/furnitureData.bin.mid,465,Description,柱で店の模様替え。,,,jp_only_event,low,
assets/data/furnitureData.bin.mid,466,Name,普通の柱,,Plain Pillar,jp_only_event,low,"no EN row; dev texture name ""pillar_Brick""; proposed carried from TM"
assets/data/furnitureData.bin.mid,466,Description,柱で店の模様替え。,,,jp_only_event,low,
assets/data/furnitureData.bin.mid,467,Name,金の回収ブタ,,Golden Piggy Bank,jp_only_event,low,"no EN row; dev texture name ""goldpig""; proposed carried from TM"
assets/data/furnitureData.bin.mid,467,Description,＄とＸＰを一括回収できる。,,,jp_only_event,low,
assets/data/furnitureData.bin.mid,468,Name,15x14に拡張,,Expand to 15x14,jp_only_event,low,"no EN row; dev texture name ""14x15""; proposed carried from TM"
assets/data/furnitureData.bin.mid,468,Description,店のサイズを15x14に拡張。,,,jp_only_event,low,
assets/data/furnitureData.bin.mid,469,Name,15x14に拡張,,Expand to 15x14,jp_only_event,low,"no EN row; dev texture name ""14x15""; proposed carried from TM"
assets/data/furnitureData.bin.mid,469,Description,店のサイズを15x14に拡張。,,,jp_only_event,low,
assets/data/furnitureData.bin.mid,470,Name,16x15に拡張,,Expand to 16x15,jp_only_event,low,"no EN row; dev texture name ""15x16""; proposed carried from TM"
assets/data/furnitureData.bin.mid,470,Description,店のサイズを16x15に拡張。,,,jp_only_event,low,
assets/data/furnitureData.bin.mid,471,Name,16x15に拡張,,Expand to 16x15,jp_only_event,low,"no EN row; dev texture name ""15x16""; proposed carried from TM"
assets/data/furnitureData.bin.mid,471,Description,店のサイズを16x15に拡張。,,,jp_only_event,low,
assets/data/furnitureData.bin.mid,472,Name,普通の壁,Wall crack,Plain Wall,same_art_or_category,low,"texture ""wall_Brick"" ~ EN row 179 (fuzzy 0.78 — verify, may be wrong item); proposed carried from TM"
assets/data/furnitureData.bin.mid,472,Description,壁で店の模様替え。,,,same_art_or_category,low,
assets/data/furnitureData.bin.mid,473,Name,普通の壁,Wall crack,Plain Wall,same_art_or_category,low,"texture ""wall_Brick"" ~ EN row 179 (fuzzy 0.78 — verify, may be wrong item); proposed carried from TM"
assets/data/furnitureData.bin.mid,473,Description,壁で店の模様替え。,,,same_art_or_category,low,
assets/data/furnitureData.bin.mid,474,Name,普通の壁,Wall crack,Plain Wall,same_art_or_category,low,"texture ""wall_Brick"" ~ EN row 179 (fuzzy 0.78 — verify, may be wrong item); proposed carried from TM"
assets/data/furnitureData.bin.mid,474,Description,壁で店の模様替え。,,,same_art_or_category,low,
assets/data/furnitureData.bin.mid,475,Name,普通の壁,Wall crack,Plain Wall,same_art_or_category,low,"texture ""wall_Brick"" ~ EN row 179 (fuzzy 0.78 — verify, may be wrong item); proposed carried from TM"
assets/data/furnitureData.bin.mid,475,Description,壁で店の模様替え。,,,same_art_or_category,low,
assets/data/furnitureData.bin.mid,476,Name,普通の壁,Wall crack,Plain Wall,same_art_or_category,low,"texture ""wall_Brick"" ~ EN row 179 (fuzzy 0.78 — verify, may be wrong item); proposed carried from TM"
assets/data/furnitureData.bin.mid,476,Description,壁で店の模様替え。,,,same_art_or_category,low,
assets/data/furnitureData.bin.mid,477,Name,普通の壁,Wall crack,Plain Wall,same_art_or_category,low,"texture ""wall_Brick"" ~ EN row 179 (fuzzy 0.78 — verify, may be wrong item); proposed carried from TM"
assets/data/furnitureData.bin.mid,477,Description,壁で店の模様替え。,,,same_art_or_category,low,
assets/data/furnitureData.bin.mid,478,Name,格子の壁,Wall Fan,Lattice Wall,same_art_or_category,low,"texture ""wall_fence"" ~ EN row 386 (fuzzy 0.75 — verify, may be wrong item); proposed carried from TM"
assets/data/furnitureData.bin.mid,478,Description,個性的な壁で店の模様替え。,Welcome to ___the fan of the rising sun__�.,,same_art_or_category,low,
assets/data/furnitureData.bin.mid,479,Name,格子の壁,Wall Fan,Lattice Wall,same_art_or_category,low,"texture ""wall_fence"" ~ EN row 386 (fuzzy 0.75 — verify, may be wrong item); proposed carried from TM"
assets/data/furnitureData.bin.mid,479,Description,個性的な壁で店の模様替え。,Welcome to ___the fan of the rising sun__�.,,same_art_or_category,low,
assets/data/furnitureData.bin.mid,480,Name,格子の壁,Wall Fan,Lattice Wall,same_art_or_category,low,"texture ""wall_fence"" ~ EN row 386 (fuzzy 0.75 — verify, may be wrong item); proposed carried from TM"
assets/data/furnitureData.bin.mid,480,Description,個性的な壁で店の模様替え。,Welcome to ___the fan of the rising sun__�.,,same_art_or_category,low,
assets/data/furnitureData.bin.mid,481,Name,格子の壁,Wall Fan,Lattice Wall,same_art_or_category,low,"texture ""wall_fence"" ~ EN row 386 (fuzzy 0.75 — verify, may be wrong item); proposed carried from TM"
assets/data/furnitureData.bin.mid,481,Description,個性的な壁で店の模様替え。,Welcome to ___the fan of the rising sun__�.,,same_art_or_category,low,
assets/data/furnitureData.bin.mid,482,Name,格子の壁,Wall Fan,Lattice Wall,same_art_or_category,low,"texture ""wall_fence"" ~ EN row 386 (fuzzy 0.75 — verify, may be wrong item); proposed carried from TM"
assets/data/furnitureData.bin.mid,482,Description,個性的な壁で店の模様替え。,Welcome to ___the fan of the rising sun__�.,,same_art_or_category,low,
assets/data/furnitureData.bin.mid,483,Name,格子の壁,Wall Fan,Lattice Wall,same_art_or_category,low,"texture ""wall_fence"" ~ EN row 386 (fuzzy 0.75 — verify, may be wrong item); proposed carried from TM"
assets/data/furnitureData.bin.mid,483,Description,個性的な壁で店の模様替え。,Welcome to ___the fan of the rising sun__�.,,same_art_or_category,low,
assets/data/furnitureData.bin.mid,484,Name,復活の墓石,,Revival Tombstone,jp_only_event,low,"no EN row; dev texture name ""revivalstone""; proposed carried from TM"
assets/data/furnitureData.bin.mid,484,Description,１日１回、自分のカフェで１体のゾンビを復活できる。,,,jp_only_event,low,
assets/data/furnitureData.bin.mid,485,Name,木箱のテーブル,,Crate Table,jp_only_event,low,"no EN row; dev texture name ""military Table""; proposed carried from TM"
assets/data/furnitureData.bin.mid,485,Description,テーブルクロスがポイントです。,,,jp_only_event,low,
assets/data/furnitureData.bin.mid,486,Name,木箱のイス,,Crate Chair,jp_only_event,low,"no EN row; dev texture name ""military chair front""; proposed carried from TM"
assets/data/furnitureData.bin.mid,486,Description,木のぬくもりがあるイスです。,,,jp_only_event,low,
assets/data/furnitureData.bin.mid,487,Name,木箱なコンロ,,Crate Stove,jp_only_event,low,"no EN row; dev texture name ""military stove""; proposed carried from TM"
assets/data/furnitureData.bin.mid,487,Description,野外で調理している気分になれるコンロ。焦げるまでの時間が１．５倍になる。,,,jp_only_event,low,
assets/data/furnitureData.bin.mid,488,Name,ターゲットのポスター,,Target Poster,jp_only_event,low,"no EN row; dev texture name ""military poster""; proposed carried from TM"
assets/data/furnitureData.bin.mid,488,Description,ストレス発散のため撃ち抜かれたポスター。,,,jp_only_event,low,
assets/data/furnitureData.bin.mid,489,Name,キノコのテーブル,,Mushroom Table,jp_only_event,low,"no EN row; dev texture name ""Mushroom Table""; proposed carried from TM"
assets/data/furnitureData.bin.mid,489,Description,メルヘンな雰囲気のテーブル。料理を置くとまずそうに見える。,,,jp_only_event,low,
assets/data/furnitureData.bin.mid,490,Name,キノコのイス,,Mushroom Chair,jp_only_event,low,"no EN row; dev texture name ""Mushroom chair""; proposed carried from TM"
assets/data/furnitureData.bin.mid,490,Description,メルヘンな雰囲気のイス。座ると気分が悪くなる。,,,jp_only_event,low,
assets/data/furnitureData.bin.mid,491,Name,アンプル：体力+200,,Ampoule: Stamina +200,jp_only_event,low,"no EN row; dev texture name ""ampoule_A""; proposed carried from TM"
assets/data/furnitureData.bin.mid,491,Description,「体力」の上限が+200になる。,,,jp_only_event,low,
assets/data/furnitureData.bin.mid,492,Name,アンプル：体力+400,,Ampoule: Stamina +400,jp_only_event,low,"no EN row; dev texture name ""ampoule_A""; proposed carried from TM"
assets/data/furnitureData.bin.mid,492,Description,「体力」の上限が+400になる。,,,jp_only_event,low,
assets/data/furnitureData.bin.mid,493,Name,アンプル：体力+600,,Ampoule: Stamina +600,jp_only_event,low,"no EN row; dev texture name ""ampoule_A""; proposed carried from TM"
assets/data/furnitureData.bin.mid,493,Description,「体力」の上限が+600になる。,,,jp_only_event,low,
assets/data/furnitureData.bin.mid,494,Name,アンプル：体力+800,,Ampoule: Stamina +800,jp_only_event,low,"no EN row; dev texture name ""ampoule_A""; proposed carried from TM"
assets/data/furnitureData.bin.mid,494,Description,「体力」の上限が+800になる。,,,jp_only_event,low,
assets/data/furnitureData.bin.mid,495,Name,アンプル：体力+1000,,Ampoule: Stamina +1000,jp_only_event,low,"no EN row; dev texture name ""ampoule_A""; proposed carried from TM"
assets/data/furnitureData.bin.mid,495,Description,「体力」の上限が+1000になる。,,,jp_only_event,low,
assets/data/furnitureData.bin.mid,496,Name,アンプル：攻撃力+10,,Ampoule: Attack +10,jp_only_event,low,"no EN row; dev texture name ""ampoule_A""; proposed carried from TM"
assets/data/furnitureData.bin.mid,496,Description,「攻撃力」が+10になる,,,jp_only_event,low,
assets/data/furnitureData.bin.mid,497,Name,アンプル：攻撃力+20,,Ampoule: Attack +20,jp_only_event,low,"no EN row; dev texture name ""ampoule_A""; proposed carried from TM"
assets/data/furnitureData.bin.mid,497,Description,「攻撃力」が+20になる,,,jp_only_event,low,
assets/data/furnitureData.bin.mid,498,Name,アンプル：スピード+10,,Ampoule: Speed +10,jp_only_event,low,"no EN row; dev texture name ""ampoule_A""; proposed carried from TM"
assets/data/furnitureData.bin.mid,498,Description,「スピード」が+10になる,,,jp_only_event,low,
assets/data/furnitureData.bin.mid,499,Name,アンプル：スピード+20,,Ampoule: Speed +20,jp_only_event,low,"no EN row; dev texture name ""ampoule_A""; proposed carried from TM"
assets/data/furnitureData.bin.mid,499,Description,「スピード」が+20になる,,,jp_only_event,low,
assets/data/furnitureData.bin.mid,500,Name,アンプル：チップ+10,,Ampoule: Tip +10,jp_only_event,low,"no EN row; dev texture name ""ampoule_A""; proposed carried from TM"
assets/data/furnitureData.bin.mid,500,Description,「チップ」が+10になる,,,jp_only_event,low,
assets/data/furnitureData.bin.mid,501,Name,アンプル：チップ+20,,Ampoule: Tip +20,jp_only_event,low,"no EN row; dev texture name ""ampoule_A""; proposed carried from TM"
assets/data/furnitureData.bin.mid,501,Description,「チップ」が+20になる,,,jp_only_event,low,
assets/data/furnitureData.bin.mid,502,Name,アンプル：チップ+30,,Ampoule: Tip +30,jp_only_event,low,"no EN row; dev texture name ""ampoule_A""; proposed carried from TM"
assets/data/furnitureData.bin.mid,502,Description,「チップ」が+30になる,,,jp_only_event,low,
assets/data/furnitureData.bin.mid,503,Name,アンプル：さぼりにくさ+10,,Ampoule: Energy +10,jp_only_event,low,"no EN row; dev texture name ""ampoule_A""; proposed carried from TM"
assets/data/furnitureData.bin.mid,503,Description,「さぼりにくさ」が+10になる,,,jp_only_event,low,
assets/data/furnitureData.bin.mid,504,Name,アンプル：さぼりにくさ+20,,Ampoule: Energy +20,jp_only_event,low,"no EN row; dev texture name ""ampoule_A""; proposed carried from TM"
assets/data/furnitureData.bin.mid,504,Description,「さぼりにくさ」が+20になる,,,jp_only_event,low,
assets/data/furnitureData.bin.mid,505,Name,アンプル：さぼりにくさ+30,,Ampoule: Energy +30,jp_only_event,low,"no EN row; dev texture name ""ampoule_A""; proposed carried from TM"
assets/data/furnitureData.bin.mid,505,Description,「さぼりにくさ」が+30になる,,,jp_only_event,low,
assets/data/furnitureData.bin.mid,506,Name,モダンな魔法の冷蔵庫,Magic Fridge,Modern Magic Fridge,same_art_or_category,low,"texture ""Magic Fridge2 green"" ~ EN row 248 (fuzzy 0.79 — verify, may be wrong item); proposed carried from TM"
assets/data/furnitureData.bin.mid,506,Description,このモダンな冷蔵庫があれば、変わり種料理が毎日一品だけタダでもらえる。店の評価も上がりやすくなる。,"This groovy fridge will give you one random, FREE dish a day and a rating bonus.",,same_art_or_category,low,
assets/data/furnitureData.bin.mid,507,Name,早食いのテーブル,Pub Table,Speed-Eating Table,same_art_or_category,low,"texture ""Table"" ~ EN row 227 (fuzzy 0.77 — verify, may be wrong item); proposed carried from TM"
assets/data/furnitureData.bin.mid,507,Description,食事時間が短縮される不思議なテーブル。（カフェ画面を表示している時のみ時間短縮される）,A good place to have a pint with your mates.,,same_art_or_category,low,
assets/data/furnitureData.bin.mid,508,Name,墓場の石畳,,Graveyard Cobblestones,jp_only_event,low,"no EN row; dev texture name ""block4 tile""; proposed carried from TM"
assets/data/furnitureData.bin.mid,508,Description,墓場から持ち込んだ石畳。,,,jp_only_event,low,
assets/data/furnitureData.bin.mid,509,Name,墓場の土,Road tile,Graveyard Dirt,same_art_or_category,low,"texture ""ground tile"" ~ EN row 191 (fuzzy 0.78 — verify, may be wrong item); proposed carried from TM"
assets/data/furnitureData.bin.mid,509,Description,墓場から持ち込んだ土。,,,same_art_or_category,low,
assets/data/furnitureData.bin.mid,510,Name,墓場の土,,Graveyard Dirt,jp_only_event,low,"no EN row; dev texture name ""ground2 tile""; proposed carried from TM"
assets/data/furnitureData.bin.mid,510,Description,墓場から持ち込んだ土。,,,jp_only_event,low,
assets/data/furnitureData.bin.mid,511,Name,墓場の石畳,,Graveyard Cobblestones,jp_only_event,low,"no EN row; dev texture name ""block1 tile""; proposed carried from TM"
assets/data/furnitureData.bin.mid,511,Description,墓場から持ち込んだ石畳。,,,jp_only_event,low,
assets/data/furnitureData.bin.mid,512,Name,墓場の石畳,,Graveyard Cobblestones,jp_only_event,low,"no EN row; dev texture name ""block2 tile""; proposed carried from TM"
assets/data/furnitureData.bin.mid,512,Description,墓場から持ち込んだ石畳。,,,jp_only_event,low,
assets/data/furnitureData.bin.mid,513,Name,墓場の石畳,,Graveyard Cobblestones,jp_only_event,low,"no EN row; dev texture name ""block3 tile""; proposed carried from TM"
assets/data/furnitureData.bin.mid,513,Description,墓場から持ち込んだ石畳。,,,jp_only_event,low,
assets/data/furnitureData.bin.mid,514,Name,墓場の壁,,Graveyard Wall,jp_only_event,low,"no EN row; dev texture name ""graveyard Wall""; proposed carried from TM"
assets/data/furnitureData.bin.mid,514,Description,墓場から持ち込んだ壁。,,,jp_only_event,low,
assets/data/furnitureData.bin.mid,515,Name,墓場の壁,,Graveyard Wall,jp_only_event,low,"no EN row; dev texture name ""graveyardgate Wall""; proposed carried from TM"
assets/data/furnitureData.bin.mid,515,Description,墓場から持ち込んだ壁。,,,jp_only_event,low,
assets/data/furnitureData.bin.mid,516,Name,墓石の置物,Health Tombstone,Tombstone Ornament,same_art_or_category,low,"texture ""Tombstone"" ~ EN row 286 (fuzzy 0.75 — verify, may be wrong item); proposed carried from TM"
assets/data/furnitureData.bin.mid,516,Description,よくできた墓石だ、見ているだけでハッピー！,"Refills your zombie's health. Can be used a maximum of five times, before requiring 24 hours to regenerate. ",,same_art_or_category,low,
assets/data/furnitureData.bin.mid,517,Name,ヒーローの置物１,Christmas Chair,Hero Statue 1,same_art_or_category,low,"texture ""ChristmasChair_back_1"" ~ EN row 289 (fuzzy 0.85 — verify, may be wrong item); proposed carried from TM"
assets/data/furnitureData.bin.mid,517,Description,ヒーロータウンからのおみやげ,Make zombies feel like their victims are gift-wrapped.,,same_art_or_category,low,
assets/data/furnitureData.bin.mid,518,Name,ヒーローの置物２,Christmas Chair,Hero Statue 2,same_art_or_category,low,"texture ""ChristmasChair_back_1"" ~ EN row 289 (fuzzy 0.85 — verify, may be wrong item); proposed carried from TM"
assets/data/furnitureData.bin.mid,518,Description,ヒーロータウンからのおみやげ,Make zombies feel like their victims are gift-wrapped.,,same_art_or_category,low,
assets/data/furnitureData.bin.mid,519,Name,ヒーローの置物３,Christmas Chair,Hero Statue 3,same_art_or_category,low,"texture ""ChristmasChair_back_1"" ~ EN row 289 (fuzzy 0.85 — verify, may be wrong item); proposed carried from TM"
assets/data/furnitureData.bin.mid,519,Description,ヒーロータウンからのおみやげ,Make zombies feel like their victims are gift-wrapped.,,same_art_or_category,low,
assets/data/furnitureData.bin.mid,520,Name,ヒーローの置物４,Christmas Chair,Hero Statue 4,same_art_or_category,low,"texture ""ChristmasChair_back_1"" ~ EN row 289 (fuzzy 0.85 — verify, may be wrong item); proposed carried from TM"
assets/data/furnitureData.bin.mid,520,Description,ヒーロータウンからのおみやげ,Make zombies feel like their victims are gift-wrapped.,,same_art_or_category,low,
assets/data/furnitureData.bin.mid,521,Name,ダミー,,Dummy,jp_only_event,low,"no EN row; dev texture name ""hero4""; proposed carried from TM"
assets/data/furnitureData.bin.mid,521,Description,花の成長が早くなる料理が完成する。お客に出す料理は普通の味になります。,,,jp_only_event,low,
assets/data/furnitureData.bin.mid,522,Name,新イベントの鉢植え,Planter,Event Planter,direct_english_row,medium,"texture ""planter1"" ~ EN row 242 (fuzzy 0.93); proposed carried from TM"
assets/data/furnitureData.bin.mid,522,Description,ゾンビが生まれる不思議な鉢植え。,Plants bring much-needed oxygen to your customers.,,direct_english_row,medium,
assets/data/furnitureData.bin.mid,523,Name,新イベントの鉢植え２(小),Planter,Event Planter 2 (Small),direct_english_row,medium,"texture ""planter4"" ~ EN row 242 (fuzzy 0.93); proposed carried from TM"
assets/data/furnitureData.bin.mid,523,Description,収穫できるようになった鉢植え,Plants bring much-needed oxygen to your customers.,,direct_english_row,medium,
assets/data/furnitureData.bin.mid,524,Name,新イベントの鉢植え２(大),Planter,Event Planter 2 (Large),direct_english_row,medium,"texture ""planter2"" ~ EN row 242 (fuzzy 0.93); proposed carried from TM"
assets/data/furnitureData.bin.mid,524,Description,収穫できるようになった鉢植え。,Plants bring much-needed oxygen to your customers.,,direct_english_row,medium,
assets/data/furnitureData.bin.mid,525,Name,新イベントの鉢植え３(小),Planter,Event Planter 3 (Small),direct_english_row,medium,"texture ""planter5"" ~ EN row 242 (fuzzy 0.93); proposed carried from TM"
assets/data/furnitureData.bin.mid,525,Description,収穫できるようになった鉢植え,Plants bring much-needed oxygen to your customers.,,direct_english_row,medium,
assets/data/furnitureData.bin.mid,526,Name,新イベントの鉢植え３(大),Planter,Event Planter 3 (Large),direct_english_row,medium,"texture ""planter3"" ~ EN row 242 (fuzzy 0.93); proposed carried from TM"
assets/data/furnitureData.bin.mid,526,Description,収穫できるようになった鉢植え。,Plants bring much-needed oxygen to your customers.,,direct_english_row,medium,
assets/data/furnitureData.bin.mid,527,Name,肥料のポット,,Compost Pot,jp_only_event,low,"no EN row; dev texture name ""MedievalCooking""; proposed carried from TM"
assets/data/furnitureData.bin.mid,528,Name,焦げた肥料のポット,Burnt Medieval Pod,Burnt Compost Pot,same_art_or_category,low,"texture ""BurntMedievalCooking"" ~ EN row 444 (fuzzy 0.78 — verify, may be wrong item); proposed carried from TM"
assets/data/furnitureData.bin.mid,529,Name,ホラーな床,,Horror Floor,jp_only_event,low,"no EN row; dev texture name ""HW_flooring""; proposed carried from TM"
assets/data/furnitureData.bin.mid,529,Description,ホラーな雰囲気を出すにはもってこいな床。,,,jp_only_event,low,
assets/data/furnitureData.bin.mid,530,Name,ホラーな壁,,Horror Wall,jp_only_event,low,"no EN row; dev texture name ""HW_Wall""; proposed carried from TM"
assets/data/furnitureData.bin.mid,530,Description,ホラーな雰囲気を出すにはもってこいな腰壁。,,,jp_only_event,low,
assets/data/furnitureData.bin.mid,531,Name,ビクトリア調カウンター,Victorian Counter,Victorian Counter,direct_english_row,high,"texture ""VictorianCounter"" ~ EN row 366"
assets/data/furnitureData.bin.mid,531,Description,上流階級が愛用していたアンティークなカウンター。,An ornate and sophisticated way to prepare brains.,An ornate and sophisticated way to prepare brains.,direct_english_row,high,
assets/data/furnitureData.bin.mid,532,Name,ビクトリア調シンク,Victorian Counter,Victorian Sink,same_art_or_category,low,"texture ""VictorianCounter_wSink"" ~ EN row 366 (fuzzy 0.86 — verify, may be wrong item); proposed carried from TM"
assets/data/furnitureData.bin.mid,532,Description,上流階級が愛用していたアンティークなシンク。,An ornate and sophisticated way to prepare brains.,,same_art_or_category,low,
assets/data/furnitureData.bin.mid,533,Name,骨のテーブル,Skeleton Table,Skeleton Table,direct_english_row,high,"texture ""skeleton_table"" ~ EN row 418"
assets/data/furnitureData.bin.mid,533,Description,お客様で作られた、なかなか骨のあるテーブル。店の評価が上がりやすくなる。,Show off with this morbid design Table made of real bones.,Show off with this morbid design Table made of real bones.,direct_english_row,high,
assets/data/furnitureData.bin.mid,534,Name,骨のイス,Skeleton Chair,Skeleton Chair,direct_english_row,high,"texture ""skeleton_chair"" ~ EN row 417"
assets/data/furnitureData.bin.mid,534,Description,お客様で作られた、なかなか骨のあるイス。,Show off with these morbid design chairs made of real bones.,Show off with these morbid design chairs made of real bones.,direct_english_row,high,
assets/data/furnitureData.bin.mid,535,Name,ガーゴイルの壁掛け,Gargoyle,Gargoyle,direct_english_row,high,"texture ""Gargoyle"" ~ EN row 468"
assets/data/furnitureData.bin.mid,535,Description,新築祝いに大人気。店の評価が上がりやすくなる。,Ward off evil spirits and illuminate your Gothic cafe.,Ward off evil spirits and illuminate your Gothic cafe.,direct_english_row,high,
assets/data/furnitureData.bin.mid,536,Name,ろうそく照明,Wall Candle,Wall Candle,direct_english_row,medium,"texture ""wall_candles"" ~ EN row 280 (fuzzy 0.95); proposed carried from TM"
assets/data/furnitureData.bin.mid,536,Description,次世代省エネ照明器具。,Nothing is more frighting than broken glass.,,direct_english_row,medium,
assets/data/furnitureData.bin.mid,537,Name,ホラーな絵画,Cuthulhu Painting,Cuthulhu Painting,direct_english_row,medium,"texture ""CthulhuPainting"" ~ EN row 360 (fuzzy 0.97); proposed carried from TM"
assets/data/furnitureData.bin.mid,537,Description,ホラーな雰囲気をだすにはもってこいな絵画。店の評価が上がりやすくなる。,Self-Portrait of an Ancient God.,,direct_english_row,medium,
assets/data/furnitureData.bin.mid,538,Name,輝くベア,,Glowing Bear,jp_only_event,low,"no EN row; dev texture name ""teddy_bear3""; proposed carried from TM"
assets/data/furnitureData.bin.mid,538,Description,大統領によってLEDが搭載されたクマのぬいぐるみ。XPマークが出たらタップ。最大5XPが手に入る。,,,jp_only_event,low,
assets/data/furnitureData.bin.mid,539,Name,つなぎ目ベア,,Stitched Bear,jp_only_event,low,"no EN row; dev texture name ""teddy_bear4""; proposed carried from TM"
assets/data/furnitureData.bin.mid,539,Description,大統領に唯一傷を与えたクマを再現したぬいぐるみ。店の評価が上がりやすくなる。,,,jp_only_event,low,
assets/data/furnitureData.bin.mid,540,Name,半壊ベア,,Broken Bear,jp_only_event,low,"no EN row; dev texture name ""teddy_bear1""; proposed carried from TM"
assets/data/furnitureData.bin.mid,540,Description,大統領によって半殺しにあったクマを再現したぬいぐるみ。置いておくとあわれんだ客がお金をそなえていく。,,,jp_only_event,low,
assets/data/furnitureData.bin.mid,541,Name,スカルベア,,Skull Bear,jp_only_event,low,"no EN row; dev texture name ""teddy_bear7""; proposed carried from TM"
assets/data/furnitureData.bin.mid,541,Description,大統領が駆逐したといわれる伝説のクマを再現。XPマークが出たらタップ。最大70XPが手に入る。,,,jp_only_event,low,
assets/data/furnitureData.bin.mid,542,Name,鋼鉄霊蔵庫,,Haunted Steel Fridge,jp_only_event,low,"no EN row; dev texture name ""horrorFridge""; proposed carried from TM"
assets/data/furnitureData.bin.mid,542,Description,うるさいお客様をかたずけるのにピッタリな霊蔵庫だ。,,,jp_only_event,low,
assets/data/furnitureData.bin.mid,543,Name,ビクトリア調IH,,Victorian Induction Stove,jp_only_event,low,"no EN row; dev texture name ""Victorian_stove""; proposed carried from TM"
assets/data/furnitureData.bin.mid,543,Description,上流階級が愛用していたアンティークなIH。調理時間20%減。,,,jp_only_event,low,
assets/data/furnitureData.bin.mid,544,Name,ホラーの窓,Boarded window,Bloody Window,same_art_or_category,low,"texture ""bloodwindow"" ~ EN row 5 (fuzzy 0.75 — verify, may be wrong item); proposed carried from TM"
assets/data/furnitureData.bin.mid,544,Description,お客様がお帰りの際に付着させた上げ下げ窓。,"For that essential ""zombipocalypse"" look.",,same_art_or_category,low,
assets/data/furnitureData.bin.mid,545,Name,ガラスの壁,,Glass Wall,jp_only_event,low,"no EN row; dev texture name ""glasswall""; proposed carried from TM"
assets/data/furnitureData.bin.mid,545,Description,24時間365日、外の様子をうかがいたいなら持ってこいな高級壁。,,,jp_only_event,low,
assets/data/furnitureData.bin.mid,546,Name,ガラスの壁・ピンク,,Glass Wall (Pink),jp_only_event,low,"no EN row; dev texture name ""glasswall""; proposed carried from TM"
assets/data/furnitureData.bin.mid,546,Description,24時間365日、外の様子をうかがいたいなら持ってこいな高級壁。,,,jp_only_event,low,
assets/data/furnitureData.bin.mid,547,Name,水の床,,Water Floor,jp_only_event,low,"no EN row; dev texture name ""watertile""; proposed carried from TM"
assets/data/furnitureData.bin.mid,547,Description,常に水の中にいる感覚を味わいたいならコレを敷き詰めるべし。,,,jp_only_event,low,
assets/data/furnitureData.bin.mid,548,Name,草の床,Grass tile 2,Grass tile 2,direct_english_row,medium,"texture ""grasstile"" ~ EN row 189 (fuzzy 0.95); proposed carried from TM"
assets/data/furnitureData.bin.mid,548,Description,屋内で野外を味わいたいならコレを敷き詰めろ！,,,direct_english_row,medium,
assets/data/furnitureData.bin.mid,549,Name,エンボス床,Road tile,Embossed Floor,same_art_or_category,low,"texture ""Sandtile"" ~ EN row 191 (fuzzy 0.75 — verify, may be wrong item); proposed carried from TM"
assets/data/furnitureData.bin.mid,549,Description,特に特徴もないエンボスがかった床。ホコリが凹にたまりやすい。,,,same_art_or_category,low,
assets/data/furnitureData.bin.mid,550,Name,地下に続く階段,,Underground Stairs,jp_only_event,low,"no EN row; dev texture name ""Stairstile""; proposed carried from TM"
assets/data/furnitureData.bin.mid,550,Description,地下に続くと思いきや実は地下へと続いていないトリックアートな床。,,,jp_only_event,low,
assets/data/furnitureData.bin.mid,551,Name,雪の床,,Snow Floor,jp_only_event,low,"no EN row; dev texture name ""snowtile""; proposed carried from TM"
assets/data/furnitureData.bin.mid,551,Description,雪だるまや雪うさぎを作りたくなる床。,,,jp_only_event,low,
assets/data/furnitureData.bin.mid,552,Name,雪プラントの鉢植え２(小),Planter,Snow Planter 2 (Small),direct_english_row,medium,"texture ""planter8"" ~ EN row 242 (fuzzy 0.93); proposed carried from TM"
assets/data/furnitureData.bin.mid,552,Description,収穫できるようになった鉢植え,Plants bring much-needed oxygen to your customers.,,direct_english_row,medium,
assets/data/furnitureData.bin.mid,553,Name,雪プラントの鉢植え２(大),Planter,Snow Planter 2 (Large),direct_english_row,medium,"texture ""planter6"" ~ EN row 242 (fuzzy 0.93); proposed carried from TM"
assets/data/furnitureData.bin.mid,553,Description,収穫できるようになった鉢植え。,Plants bring much-needed oxygen to your customers.,,direct_english_row,medium,
assets/data/furnitureData.bin.mid,554,Name,雪プラントの鉢植え３(小),Planter,Snow Planter 3 (Small),direct_english_row,medium,"texture ""planter9"" ~ EN row 242 (fuzzy 0.93); proposed carried from TM"
assets/data/furnitureData.bin.mid,554,Description,収穫できるようになった鉢植え,Plants bring much-needed oxygen to your customers.,,direct_english_row,medium,
assets/data/furnitureData.bin.mid,555,Name,雪プラントの鉢植え３(大),Planter,Snow Planter 3 (Large),direct_english_row,medium,"texture ""planter7"" ~ EN row 242 (fuzzy 0.93); proposed carried from TM"
assets/data/furnitureData.bin.mid,555,Description,収穫できるようになった鉢植え。,Plants bring much-needed oxygen to your customers.,,direct_english_row,medium,
assets/data/furnitureData.bin.mid,556,Name,くさむら,,Grassy Thicket,jp_only_event,low,"no EN row; dev texture name ""hedge""; proposed carried from TM"
assets/data/furnitureData.bin.mid,556,Description,緑にゾンビは無関心だが私は和む。,,,jp_only_event,low,
assets/data/furnitureData.bin.mid,557,Name,紫の花,,Purple Flower,jp_only_event,low,"no EN row; dev texture name ""Flower_Alice""; proposed carried from TM"
assets/data/furnitureData.bin.mid,557,Description,セメントだろうが、鉄板だろうがどんな場所にも生息できる。,,,jp_only_event,low,
assets/data/furnitureData.bin.mid,558,Name,ローズツリー,,Rose Tree,jp_only_event,low,"no EN row; dev texture name ""Rose-Tree""; proposed carried from TM"
assets/data/furnitureData.bin.mid,558,Description,酸素以上のものを吐き出す得体のしれない木。XPマークが出たらタップ。最大20XPが手に入る。,,,jp_only_event,low,
assets/data/furnitureData.bin.mid,559,Name,切り株のコンロ,,Stump Stove,jp_only_event,low,"no EN row; dev texture name ""Alice_stoves""; proposed carried from TM"
assets/data/furnitureData.bin.mid,559,Description,きり株にコンロ機能を取り付けたメルヘンコンロ。焦げるまでの時間が2倍に伸びる。,,,jp_only_event,low,
assets/data/furnitureData.bin.mid,560,Name,切り株カウンター,Space Counter,Stump Counter,same_art_or_category,low,"texture ""Alice_Counter"" ~ EN row 328 (fuzzy 0.83 — verify, may be wrong item); proposed carried from TM"
assets/data/furnitureData.bin.mid,560,Description,きり株をそのまま使用した重量感のあるカウンター。,Store your dishes here until you're ready to serve them.,,same_art_or_category,low,
assets/data/furnitureData.bin.mid,561,Name,切り株のシンク,Space Sink,Stump Sink,same_art_or_category,low,"texture ""Alice_Sink"" ~ EN row 329 (fuzzy 0.78 — verify, may be wrong item); proposed carried from TM"
assets/data/furnitureData.bin.mid,561,Description,きり株に水回りを取り付けた大胆なシンク。,"Dishes still get dirty in space, here is a place to clean them.",,same_art_or_category,low,
assets/data/furnitureData.bin.mid,562,Name,ガーデンテーブル,,Garden Table,jp_only_event,low,"no EN row; dev texture name ""garden-table164""; proposed carried from TM"
assets/data/furnitureData.bin.mid,562,Description,曲線が美しい最高級ガーデンテーブル。,,,jp_only_event,low,
assets/data/furnitureData.bin.mid,563,Name,ガーデンチェア,,Garden Chair,jp_only_event,low,"no EN row; dev texture name ""garden-Chair1-164""; proposed carried from TM"
assets/data/furnitureData.bin.mid,563,Description,ティータイムを楽しむために作られた最高級ガーデンチェア。,,,jp_only_event,low,
assets/data/furnitureData.bin.mid,564,Name,花壇の柵,,Flower Bed Fence,jp_only_event,low,"no EN row; dev texture name ""garden-wood-wall""; proposed carried from TM"
assets/data/furnitureData.bin.mid,564,Description,花壇、アプローチの境界をおしゃれに演出。,,,jp_only_event,low,
assets/data/furnitureData.bin.mid,565,Name,花壇の柵(黄),,Flower Bed Fence (Yellow),jp_only_event,low,"no EN row; dev texture name ""garden-wood-wall""; proposed carried from TM"
assets/data/furnitureData.bin.mid,565,Description,花壇、アプローチの境界をおしゃれに演出。,,,jp_only_event,low,
assets/data/furnitureData.bin.mid,566,Name,花壇の柵（緑）,,Flower Bed Fence (Green),jp_only_event,low,"no EN row; dev texture name ""garden-wood-wall""; proposed carried from TM"
assets/data/furnitureData.bin.mid,566,Description,花壇、アプローチの境界をおしゃれに演出。,,,jp_only_event,low,
assets/data/furnitureData.bin.mid,567,Name,花壇の柵（ピンク）,,Flower Bed Fence (Pink),jp_only_event,low,"no EN row; dev texture name ""garden-wood-wall""; proposed carried from TM"
assets/data/furnitureData.bin.mid,567,Description,花壇、アプローチの境界をおしゃれに演出。,,,jp_only_event,low,
assets/data/furnitureData.bin.mid,568,Name,花壇のコーナー柵,,Flower Bed Corner Fence,jp_only_event,low,"no EN row; dev texture name ""garden-wood-wall2""; proposed carried from TM"
assets/data/furnitureData.bin.mid,568,Description,コーナー用の花壇の柵。,,,jp_only_event,low,
assets/data/furnitureData.bin.mid,569,Name,花壇のコーナー柵（黄）,,Flower Bed Corner Fence (Yellow),jp_only_event,low,"no EN row; dev texture name ""garden-wood-wall2""; proposed carried from TM"
assets/data/furnitureData.bin.mid,569,Description,コーナー用の花壇の柵。,,,jp_only_event,low,
assets/data/furnitureData.bin.mid,570,Name,花壇のコーナー柵（緑）,,Flower Bed Corner Fence (Green),jp_only_event,low,"no EN row; dev texture name ""garden-wood-wall2""; proposed carried from TM"
assets/data/furnitureData.bin.mid,570,Description,コーナー用の花壇の柵。,,,jp_only_event,low,
assets/data/furnitureData.bin.mid,571,Name,花壇のコーナー柵（ピンク）,,Flower Bed Corner Fence (Pink),jp_only_event,low,"no EN row; dev texture name ""garden-wood-wall2""; proposed carried from TM"
assets/data/furnitureData.bin.mid,571,Description,コーナー用の花壇の柵。,,,jp_only_event,low,
assets/data/furnitureData.bin.mid,572,Name,花壇の壁,,Flower Bed Wall,jp_only_event,low,"no EN row; dev texture name ""garden-wood-outerwall""; proposed carried from TM"
assets/data/furnitureData.bin.mid,572,Description,個性的な壁で店の模様替え。,,,jp_only_event,low,
assets/data/furnitureData.bin.mid,573,Name,花壇の壁（黄）,,Flower Bed Wall (Yellow),jp_only_event,low,"no EN row; dev texture name ""garden-wood-outerwall""; proposed carried from TM"
assets/data/furnitureData.bin.mid,573,Description,個性的な壁で店の模様替え。,,,jp_only_event,low,
assets/data/furnitureData.bin.mid,574,Name,花壇の壁（緑）,,Flower Bed Wall (Green),jp_only_event,low,"no EN row; dev texture name ""garden-wood-outerwall""; proposed carried from TM"
assets/data/furnitureData.bin.mid,574,Description,個性的な壁で店の模様替え。,,,jp_only_event,low,
assets/data/furnitureData.bin.mid,575,Name,花壇の壁（ピンク）,,Flower Bed Wall (Pink),jp_only_event,low,"no EN row; dev texture name ""garden-wood-outerwall""; proposed carried from TM"
assets/data/furnitureData.bin.mid,575,Description,個性的な壁で店の模様替え。,,,jp_only_event,low,
assets/data/furnitureData.bin.mid,576,Name,復活の墓石(右手),,Revival Tombstone (Right),jp_only_event,low,"no EN row; dev texture name ""revivalstone""; proposed carried from TM"
assets/data/furnitureData.bin.mid,576,Description,１日１回、自分のカフェで１体のゾンビを復活できる。,,,jp_only_event,low,
assets/data/furnitureData.bin.mid,577,Name,草のオブジェ,,Grass Ornament,jp_only_event,low,"no EN row; dev texture name ""greenfenceA""; proposed carried from TM"
assets/data/furnitureData.bin.mid,577,Description,垣根でカフェの外面も美しく。,,,jp_only_event,low,
assets/data/furnitureData.bin.mid,578,Name,草のオブジェ花つき,,Flowering Grass Ornament,jp_only_event,low,"no EN row; dev texture name ""greenfenceB""; proposed carried from TM"
assets/data/furnitureData.bin.mid,578,Description,垣根でカフェの外面も美しく。,,,jp_only_event,low,
assets/data/furnitureData.bin.mid,579,Name,商業区１丁目の模型,,Downtown Block 1 Model,jp_only_event,low,"no EN row; dev texture name ""billA""; proposed carried from TM"
assets/data/furnitureData.bin.mid,579,Description,ミニチュアビルが立ち並ぶ模型。,,,jp_only_event,low,
assets/data/furnitureData.bin.mid,580,Name,商業区２丁目の模型,,Downtown Block 2 Model,jp_only_event,low,"no EN row; dev texture name ""billB""; proposed carried from TM"
assets/data/furnitureData.bin.mid,580,Description,ミニチュアビルが立ち並ぶ模型。,,,jp_only_event,low,
assets/data/furnitureData.bin.mid,581,Name,電波塔の模型,,Radio Tower Model,jp_only_event,low,"no EN row; dev texture name ""billC""; proposed carried from TM"
assets/data/furnitureData.bin.mid,581,Description,電波塔が客を操作してお金を自動集金する。,,,jp_only_event,low,
assets/data/furnitureData.bin.mid,582,Name,超高層ビルの模型,,Skyscraper Model,jp_only_event,low,"no EN row; dev texture name ""billD""; proposed carried from TM"
assets/data/furnitureData.bin.mid,582,Description,ミニチュア高層ビルの模型。XPマークが出たらタップ。最大40XPが手に入る。,,,jp_only_event,low,
assets/data/furnitureData.bin.mid,583,Name,都会の風景,,City Skyline,jp_only_event,low,"no EN row; dev texture name ""skywall""; proposed carried from TM"
assets/data/furnitureData.bin.mid,583,Description,都会の雰囲気をちょっとでも出したい人へ。,,,jp_only_event,low,
assets/data/furnitureData.bin.mid,584,Name,L字道路な床,,L-Road Floor,jp_only_event,low,"no EN row; dev texture name ""road06""; proposed carried from TM"
assets/data/furnitureData.bin.mid,584,Description,90度に曲がる恐怖の道路床。,,,jp_only_event,low,
assets/data/furnitureData.bin.mid,585,Name,交差点の床,,Intersection Floor,jp_only_event,low,"no EN row; dev texture name ""road07""; proposed carried from TM"
assets/data/furnitureData.bin.mid,585,Description,交差点な床。,,,jp_only_event,low,
assets/data/furnitureData.bin.mid,586,Name,直線道路の床,,Straight Road Floor,jp_only_event,low,"no EN row; dev texture name ""road01""; proposed carried from TM"
assets/data/furnitureData.bin.mid,586,Description,直線道路な床。,,,jp_only_event,low,
assets/data/furnitureData.bin.mid,587,Name,直線道路の床,,Straight Road Floor,jp_only_event,low,"no EN row; dev texture name ""road02""; proposed carried from TM"
assets/data/furnitureData.bin.mid,587,Description,直線道路な床。,,,jp_only_event,low,
assets/data/furnitureData.bin.mid,588,Name,L字道路な床,,L-Road Floor,jp_only_event,low,"no EN row; dev texture name ""road03""; proposed carried from TM"
assets/data/furnitureData.bin.mid,588,Description,90度に曲がる恐怖の道路床。,,,jp_only_event,low,
assets/data/furnitureData.bin.mid,589,Name,L字道路な床,,L-Road Floor,jp_only_event,low,"no EN row; dev texture name ""road04""; proposed carried from TM"
assets/data/furnitureData.bin.mid,589,Description,90度に曲がる恐怖の道路床。,,,jp_only_event,low,
assets/data/furnitureData.bin.mid,590,Name,L字道路な床,,L-Road Floor,jp_only_event,low,"no EN row; dev texture name ""road05""; proposed carried from TM"
assets/data/furnitureData.bin.mid,590,Description,90度に曲がる恐怖の道路床。,,,jp_only_event,low,
assets/data/furnitureData.bin.mid,591,Name,模型台の床,,Model Base Floor,jp_only_event,low,"no EN row; dev texture name ""road08""; proposed carried from TM"
assets/data/furnitureData.bin.mid,591,Description,模型を置くための床。道路な床と相性がいいかも。,,,jp_only_event,low,
assets/data/furnitureData.bin.mid,592,Name,発電所型コンロ,,Power Plant Stove,jp_only_event,low,"no EN row; dev texture name ""bill_stoves""; proposed carried from TM"
assets/data/furnitureData.bin.mid,592,Description,火力発電所を模したコンロ。調理時間10%減。,,,jp_only_event,low,
assets/data/furnitureData.bin.mid,593,Name,マンション型シンク,,Apartment Block Sink,jp_only_event,low,"no EN row; dev texture name ""bill_Counter""; proposed carried from TM"
assets/data/furnitureData.bin.mid,593,Description,大型マンションを模したシンク。模型家具とよくマッチする。,,,jp_only_event,low,
assets/data/furnitureData.bin.mid,594,Name,デパート型カウンター,,Department Store Counter,jp_only_event,low,"no EN row; dev texture name ""bill_sink""; proposed carried from TM"
assets/data/furnitureData.bin.mid,594,Description,大型デパートを模したカウンター。模型家具とよくマッチする。,,,jp_only_event,low,
assets/data/furnitureData.bin.mid,595,Name,中華ランプ,,Chinese Lamp,jp_only_event,low,"no EN row; dev texture name ""ChineseLanternRecolour2""; proposed carried from TM"
assets/data/furnitureData.bin.mid,595,Description,次世代省エネ照明器具。,,,jp_only_event,low,
assets/data/furnitureData.bin.mid,596,Name,大砲,,Cannon,jp_only_event,low,"no EN row; dev texture name ""Cannon_standard""; proposed carried from TM"
assets/data/furnitureData.bin.mid,596,Description,セメントだろうが、鉄板だろうがどんな場所にも生息できる。,,,jp_only_event,low,
assets/data/furnitureData.bin.mid,597,Name,神々しい床,Medieval Tile,Medieval Tile,direct_english_row,high,"texture ""MedievalTile"" ~ EN row 442"
assets/data/furnitureData.bin.mid,597,Description,神殿の床で店を神々しく模様替え。,Walk on this tile and remember the past.,Walk on this tile and remember the past.,direct_english_row,high,
assets/data/furnitureData.bin.mid,598,Name,神々しい壁,Stone Wall,Stone Wall,direct_english_row,high,"texture ""StoneWall"" ~ EN row 235"
assets/data/furnitureData.bin.mid,598,Description,神殿の壁で店を神々しく模様替え。,For that classic castle look.,For that classic castle look.,direct_english_row,high,
assets/data/furnitureData.bin.mid,599,Name,神々しい柱,,Divine Column,jp_only_event,low,"no EN row; dev texture name ""greekColumn""; proposed carried from TM"
assets/data/furnitureData.bin.mid,599,Description,神殿の柱で店を神々しく模様替え。,,,jp_only_event,low,
assets/data/furnitureData.bin.mid,600,Name,神々しいカウンター,,Divine Counter,jp_only_event,low,"no EN row; dev texture name ""counterGreek""; proposed carried from TM"
assets/data/furnitureData.bin.mid,600,Description,大地の女神ガイアにより創造された天界のカウンター。,,,jp_only_event,low,
assets/data/furnitureData.bin.mid,601,Name,神々しいコンロ,,Divine Stove,jp_only_event,low,"no EN row; dev texture name ""greekStove2""; proposed carried from TM"
assets/data/furnitureData.bin.mid,601,Description,火の神プロメテウスにより灯された天界のコンロ。,,,jp_only_event,low,
assets/data/furnitureData.bin.mid,602,Name,神々しいテーブル,Sleek table,Divine Table,same_art_or_category,low,"texture ""greekTable"" ~ EN row 109 (fuzzy 0.80 — verify, may be wrong item); proposed carried from TM"
assets/data/furnitureData.bin.mid,602,Description,名工ダイダロスによって手がけられた机。,A table so sleek you won't want to sully it with food.,,same_art_or_category,low,
assets/data/furnitureData.bin.mid,603,Name,神々しいイス,Sleek chair,Divine Chair,same_art_or_category,low,"texture ""greekChair"" ~ EN row 114 (fuzzy 0.80 — verify, may be wrong item); proposed carried from TM"
assets/data/furnitureData.bin.mid,603,Description,名工ダイダロスによって手がけられた椅子。,This chair is the epitome of ergonomic design.,,same_art_or_category,low,
assets/data/furnitureData.bin.mid,604,Name,アンプル：体力+1200,,Ampoule: Stamina +1200,jp_only_event,low,"no EN row; dev texture name ""ampoule_A""; proposed carried from TM"
assets/data/furnitureData.bin.mid,604,Description,「体力」の上限が+1200になる。,,,jp_only_event,low,
assets/data/furnitureData.bin.mid,605,Name,アンプル：体力+1400,,Ampoule: Stamina +1400,jp_only_event,low,"no EN row; dev texture name ""ampoule_A""; proposed carried from TM"
assets/data/furnitureData.bin.mid,605,Description,「体力」の上限が+1400になる。,,,jp_only_event,low,
assets/data/furnitureData.bin.mid,606,Name,アンプル：体力+1600,,Ampoule: Stamina +1600,jp_only_event,low,"no EN row; dev texture name ""ampoule_A""; proposed carried from TM"
assets/data/furnitureData.bin.mid,606,Description,「体力」の上限が+1600になる。,,,jp_only_event,low,
assets/data/furnitureData.bin.mid,607,Name,アンプル：体力+1800,,Ampoule: Stamina +1800,jp_only_event,low,"no EN row; dev texture name ""ampoule_A""; proposed carried from TM"
assets/data/furnitureData.bin.mid,607,Description,「体力」の上限が+1800になる。,,,jp_only_event,low,
assets/data/furnitureData.bin.mid,608,Name,アンプル：体力+2000,,Ampoule: Stamina +2000,jp_only_event,low,"no EN row; dev texture name ""ampoule_A""; proposed carried from TM"
assets/data/furnitureData.bin.mid,608,Description,「体力」の上限が+2000になる。,,,jp_only_event,low,
assets/data/furnitureData.bin.mid,609,Name,アンプル：攻撃力+10 スピード+10,,"Ampoule: Attack +10, Speed +10",jp_only_event,low,"no EN row; dev texture name ""ampoule_A""; proposed carried from TM"
assets/data/furnitureData.bin.mid,609,Description,「攻撃力」が+10 「スピード」が+10になる,,,jp_only_event,low,
assets/data/furnitureData.bin.mid,610,Name,アンプル：攻撃力+5,,Ampoule: Attack +5,jp_only_event,low,"no EN row; dev texture name ""ampoule_A""; proposed carried from TM"
assets/data/furnitureData.bin.mid,610,Description,「攻撃力」が+5になる,,,jp_only_event,low,
assets/data/furnitureData.bin.mid,611,Name,アンプル：スピード+5,,Ampoule: Speed +5,jp_only_event,low,"no EN row; dev texture name ""ampoule_A""; proposed carried from TM"
assets/data/furnitureData.bin.mid,611,Description,「スピード」が+5になる,,,jp_only_event,low,
assets/data/furnitureData.bin.mid,612,Name,アンプル：攻撃力+5 スピード+5,,"Ampoule: Attack +5, Speed +5",jp_only_event,low,"no EN row; dev texture name ""ampoule_A""; proposed carried from TM"
assets/data/furnitureData.bin.mid,612,Description,「攻撃力」が+5 「スピード」が+5になる,,,jp_only_event,low,
assets/data/furnitureData.bin.mid,613,Name,和室の床,,Tatami Floor,jp_only_event,low,"no EN row; dev texture name ""wa_tatamiA""; proposed carried from TM"
assets/data/furnitureData.bin.mid,613,Description,和を代表する床で模様替え。,,,jp_only_event,low,
assets/data/furnitureData.bin.mid,614,Name,和室の床,,Tatami Floor,jp_only_event,low,"no EN row; dev texture name ""wa_tatamiB""; proposed carried from TM"
assets/data/furnitureData.bin.mid,614,Description,和を代表する床で模様替え。,,,jp_only_event,low,
assets/data/furnitureData.bin.mid,615,Name,和室の壁,,Tatami Room Wall,jp_only_event,low,"no EN row; dev texture name ""wa_wallA""; proposed carried from TM"
assets/data/furnitureData.bin.mid,615,Description,高級な土と木を材料にした壁。,,,jp_only_event,low,
assets/data/furnitureData.bin.mid,616,Name,和室の障子,,Shoji Screen,jp_only_event,low,"no EN row; dev texture name ""wa_wallB""; proposed carried from TM"
assets/data/furnitureData.bin.mid,616,Description,高級な和紙を用いた障子。指で穴をあけてはいけない。,,,jp_only_event,low,
assets/data/furnitureData.bin.mid,617,Name,和室の竹,,Bamboo Decoration,jp_only_event,low,"no EN row; dev texture name ""wa_banboo""; proposed carried from TM"
assets/data/furnitureData.bin.mid,617,Description,竹のオブジェで和風にアレンジ。,,,jp_only_event,low,
assets/data/furnitureData.bin.mid,618,Name,和室のコンロ,,Irori Hearth,jp_only_event,low,"no EN row; dev texture name ""wa_irori""; proposed carried from TM"
assets/data/furnitureData.bin.mid,618,Description,職人が丹精込めて作成したコンロ。特別に鍋の見た目が変わる。,,,jp_only_event,low,
assets/data/furnitureData.bin.mid,619,Name,和室のカウンター,Space Counter,Tatami Room Counter,same_art_or_category,low,"texture ""wa_counter"" ~ EN row 328 (fuzzy 0.76 — verify, may be wrong item); proposed carried from TM"
assets/data/furnitureData.bin.mid,619,Description,和室にピッタリなカウンター。,Store your dishes here until you're ready to serve them.,,same_art_or_category,low,
assets/data/furnitureData.bin.mid,620,Name,和室のごみ箱,,Tatami Room Trash Bin,jp_only_event,low,"no EN row; dev texture name ""wa_dust""; proposed carried from TM"
assets/data/furnitureData.bin.mid,620,Description,消臭効果のある木製のごみ箱。,,,jp_only_event,low,
assets/data/furnitureData.bin.mid,621,Name,和室のポット,,Donabe Hot Pot,jp_only_event,low,"no EN row; dev texture name ""wa_nabeA""; proposed carried from TM"
assets/data/furnitureData.bin.mid,621,Description,ポット,,,jp_only_event,low,
assets/data/furnitureData.bin.mid,622,Name,焦げた和室のポット,,Burnt Donabe Hot Pot,jp_only_event,low,"no EN row; dev texture name ""wa_nabeB""; proposed carried from TM"
assets/data/furnitureData.bin.mid,622,Description,ポット,,,jp_only_event,low,
assets/data/furnitureData.bin.mid,623,Name,和室のテーブル,,Low Wooden Table,jp_only_event,low,"no EN row; dev texture name ""wa_table""; proposed carried from TM"
assets/data/furnitureData.bin.mid,623,Description,宴会にぴったりなテーブル。,,,jp_only_event,low,
assets/data/furnitureData.bin.mid,624,Name,和室のイス,,Zabuton Cushion,jp_only_event,low,"no EN row; dev texture name ""zabuton""; proposed carried from TM"
assets/data/furnitureData.bin.mid,624,Description,座布団を重ねたイス。重ねすぎるとバランスを崩すので注意。,,,jp_only_event,low,
assets/data/furnitureData.bin.mid,625,Name,和室のライト,,Paper Lamp,jp_only_event,low,"no EN row; dev texture name ""wa_light""; proposed carried from TM"
assets/data/furnitureData.bin.mid,625,Description,ぼんやりとした明かりのライト。,,,jp_only_event,low,
assets/data/furnitureData.bin.mid,626,Name,和室の灯篭,,Stone Lantern,jp_only_event,low,"no EN row; dev texture name ""wa_tourou""; proposed carried from TM"
assets/data/furnitureData.bin.mid,626,Description,鑑賞目的のためライトはつかない。,,,jp_only_event,low,
assets/data/furnitureData.bin.mid,627,Name,和室の壁掛け,,Tatami Room Wall Light,jp_only_event,low,"no EN row; dev texture name ""wall_light""; proposed carried from TM"
assets/data/furnitureData.bin.mid,627,Description,和室の壁に最適な壁掛け。,,,jp_only_event,low,
assets/data/furnitureData.bin.mid,628,Name,赤い壁,,Red Wall,jp_only_event,low,"no EN row; dev texture name ""wall""; proposed carried from TM"
assets/data/furnitureData.bin.mid,628,Description,大きな窓が特徴の赤い壁,,,jp_only_event,low,
assets/data/furnitureData.bin.mid,629,Name,緑の壁,,Green Wall,jp_only_event,low,"no EN row; dev texture name ""wall2""; proposed carried from TM"
assets/data/furnitureData.bin.mid,629,Description,大きな窓が特徴の緑の壁,,,jp_only_event,low,
assets/data/furnitureData.bin.mid,630,Name,ピンクの床,,Pink Floor,jp_only_event,low,"no EN row; dev texture name ""tile""; proposed carried from TM"
assets/data/furnitureData.bin.mid,630,Description,レトロな床で模様替え。,,,jp_only_event,low,
assets/data/furnitureData.bin.mid,631,Name,バイク,,Motorcycle,jp_only_event,low,"no EN row; dev texture name ""bike-out""; proposed carried from TM"
assets/data/furnitureData.bin.mid,631,Description,ワイルドなバイクで飾り付け。,,,jp_only_event,low,
assets/data/furnitureData.bin.mid,632,Name,駐輪場,,Bike Rack,jp_only_event,low,"no EN row; dev texture name ""load-out""; proposed carried from TM"
assets/data/furnitureData.bin.mid,632,Description,お客様のための駐輪場ではない。,,,jp_only_event,low,
assets/data/furnitureData.bin.mid,633,Name,車のコンロ,,Car Stove,jp_only_event,low,"no EN row; dev texture name ""cadillac-bbq""; proposed carried from TM"
assets/data/furnitureData.bin.mid,633,Description,強力なエンジンを利用したコンロ。,,,jp_only_event,low,
assets/data/furnitureData.bin.mid,634,Name,車のイス,,Car Chair,jp_only_event,low,"no EN row; dev texture name ""cadillac-chair""; proposed carried from TM"
assets/data/furnitureData.bin.mid,634,Description,子供も大喜びするイス。,,,jp_only_event,low,
assets/data/furnitureData.bin.mid,635,Name,車のカウンター,,Car Counter,jp_only_event,low,"no EN row; dev texture name ""cadillac-counter""; proposed carried from TM"
assets/data/furnitureData.bin.mid,635,Description,車の形をしているが普通のカウンター。,,,jp_only_event,low,
assets/data/furnitureData.bin.mid,636,Name,車のシンク,,Car Sink,jp_only_event,low,"no EN row; dev texture name ""cadillac-sink""; proposed carried from TM"
assets/data/furnitureData.bin.mid,636,Description,車の形をしているが普通のシンク。,,,jp_only_event,low,
assets/data/furnitureData.bin.mid,637,Name,車のテーブル,,Car Table,jp_only_event,low,"no EN row; dev texture name ""cadillac-table""; proposed carried from TM"
assets/data/furnitureData.bin.mid,637,Description,車にするためテーブル。,,,jp_only_event,low,
assets/data/furnitureData.bin.mid,638,Name,ジュークボックス,Jukebox,Jukebox,direct_english_row,high,"texture ""jukebox"" ~ EN row 81"
assets/data/furnitureData.bin.mid,638,Description,レトロな見た目だが最新式。,This happening jukebox will give your cafe extra cash. Just make sure you empty it when it's full.,This happening jukebox will give your cafe extra cash. Just make sure you empty it when it's full.,direct_english_row,high,
assets/data/furnitureData.bin.mid,639,Name,海辺の床,,Beach Sand Floor,jp_only_event,low,"no EN row; dev texture name ""sand_01""; proposed carried from TM"
assets/data/furnitureData.bin.mid,639,Description,波打ち際を演出するための床。,,,jp_only_event,low,
assets/data/furnitureData.bin.mid,640,Name,海辺の床,,Beach Sand Floor,jp_only_event,low,"no EN row; dev texture name ""sand_00""; proposed carried from TM"
assets/data/furnitureData.bin.mid,640,Description,波打ち際を演出するための床。,,,jp_only_event,low,
assets/data/furnitureData.bin.mid,641,Name,海辺の床,,Beach Sand Floor,jp_only_event,low,"no EN row; dev texture name ""sand_02""; proposed carried from TM"
assets/data/furnitureData.bin.mid,641,Description,波打ち際を演出するための床。,,,jp_only_event,low,
assets/data/furnitureData.bin.mid,642,Name,浮き輪の置物,,Swim Ring,jp_only_event,low,"no EN row; dev texture name ""ukiwa""; proposed carried from TM"
assets/data/furnitureData.bin.mid,642,Description,この浮き輪を飾ればリゾート気分になれるかも。,,,jp_only_event,low,
assets/data/furnitureData.bin.mid,643,Name,パラソル,,Parasol,jp_only_event,low,"no EN row; dev texture name ""parasoru""; proposed carried from TM"
assets/data/furnitureData.bin.mid,643,Description,このパラソルを飾ればリゾート気分になれるかも。,,,jp_only_event,low,
assets/data/furnitureData.bin.mid,644,Name,ヤシの木,,Palm Tree,jp_only_event,low,"no EN row; dev texture name ""yasinoki""; proposed carried from TM"
assets/data/furnitureData.bin.mid,644,Description,このヤシの木を飾ればリゾート気分になれるかも。,,,jp_only_event,low,
assets/data/furnitureData.bin.mid,645,Name,ハイビスカス赤,,Red Hibiscus,jp_only_event,low,"no EN row; dev texture name ""greenfenceC""; proposed carried from TM"
assets/data/furnitureData.bin.mid,645,Description,この花を飾れば南国気分になれる。,,,jp_only_event,low,
assets/data/furnitureData.bin.mid,646,Name,ハイビスカス紫,,Purple Hibiscus,jp_only_event,low,"no EN row; dev texture name ""greenfenceD""; proposed carried from TM"
assets/data/furnitureData.bin.mid,646,Description,この花を飾れば南国気分になれる。,,,jp_only_event,low,
assets/data/furnitureData.bin.mid,647,Name,アンプル：回復速度UP(Lv1),,Ampoule: Regen Up (Lv. 1),jp_only_event,low,"no EN row; dev texture name ""ampoule_A""; proposed carried from TM"
assets/data/furnitureData.bin.mid,647,Description,「体力」の回復が少し早くなる,,,jp_only_event,low,
assets/data/furnitureData.bin.mid,648,Name,アンプル：回復速度UP(Lv2),,Ampoule: Regen Up (Lv. 2),jp_only_event,low,"no EN row; dev texture name ""ampoule_A""; proposed carried from TM"
assets/data/furnitureData.bin.mid,648,Description,「体力」の回復が早くなる,,,jp_only_event,low,
assets/data/furnitureData.bin.mid,649,Name,アンプル：回復速度UP(Lv3),,Ampoule: Regen Up (Lv. 3),jp_only_event,low,"no EN row; dev texture name ""ampoule_A""; proposed carried from TM"
assets/data/furnitureData.bin.mid,649,Description,「体力」の回復がだいぶ早くなる,,,jp_only_event,low,
assets/data/furnitureData.bin.mid,650,Name,アンプル：攻撃力+15 スピード+15,,"Ampoule: Attack +15, Speed +15",jp_only_event,low,"no EN row; dev texture name ""ampoule_A""; proposed carried from TM"
assets/data/furnitureData.bin.mid,650,Description,「攻撃力」が+15 「スピード」が+15になる,,,jp_only_event,low,
assets/data/furnitureData.bin.mid,651,Name,アンプル：攻撃力+20 スピード+20,,"Ampoule: Attack +20, Speed +20",jp_only_event,low,"no EN row; dev texture name ""ampoule_A""; proposed carried from TM"
assets/data/furnitureData.bin.mid,651,Description,「攻撃力」が+20 「スピード」が+20になる,,,jp_only_event,low,
assets/data/furnitureData.bin.mid,652,Name,魔界の床,,Demon Realm Floor,jp_only_event,low,"no EN row; dev texture name ""board_deco3""; proposed carried from TM"
assets/data/furnitureData.bin.mid,652,Description,魔界を連想させるための床。,,,jp_only_event,low,
assets/data/furnitureData.bin.mid,653,Name,魔界の床,,Demon Realm Floor,jp_only_event,low,"no EN row; dev texture name ""board_deco2""; proposed carried from TM"
assets/data/furnitureData.bin.mid,653,Description,魔界を連想させるための床。,,,jp_only_event,low,
assets/data/furnitureData.bin.mid,654,Name,魔界の床,,Demon Realm Floor,jp_only_event,low,"no EN row; dev texture name ""board_deco.PNG""; proposed carried from TM"
assets/data/furnitureData.bin.mid,654,Description,魔界を連想させるための床。,,,jp_only_event,low,
assets/data/furnitureData.bin.mid,655,Name,魔界の床,,Demon Realm Floor,jp_only_event,low,"no EN row; dev texture name ""grass_rock""; proposed carried from TM"
assets/data/furnitureData.bin.mid,655,Description,魔界を連想させるための床。,,,jp_only_event,low,
assets/data/furnitureData.bin.mid,656,Name,魔界の壁,,Demon Realm Wall,jp_only_event,low,"no EN row; dev texture name ""halaven-Wall3""; proposed carried from TM"
assets/data/furnitureData.bin.mid,656,Description,魔界を連想させるための壁。,,,jp_only_event,low,
assets/data/furnitureData.bin.mid,657,Name,魔界のイス,,Demon Realm Chair,jp_only_event,low,"no EN row; dev texture name ""chair_tomb""; proposed carried from TM"
assets/data/furnitureData.bin.mid,657,Description,魔界に落ちている岩を再利用したイス。,,,jp_only_event,low,
assets/data/furnitureData.bin.mid,658,Name,魔界のテーブル,,Demon Realm Table,jp_only_event,low,"no EN row; dev texture name ""table_tomb""; proposed carried from TM"
assets/data/furnitureData.bin.mid,658,Description,魔界に落ちている岩を再利用したテーブル。,,,jp_only_event,low,
assets/data/furnitureData.bin.mid,659,Name,魔界のシンク,,Demon Realm Sink,jp_only_event,low,"no EN row; dev texture name ""haloven-sink""; proposed carried from TM"
assets/data/furnitureData.bin.mid,659,Description,魔界で流行しているシンク。,,,jp_only_event,low,
assets/data/furnitureData.bin.mid,660,Name,魔界のカウンター,,Demon Realm Counter,jp_only_event,low,"no EN row; dev texture name ""haloven-counter""; proposed carried from TM"
assets/data/furnitureData.bin.mid,660,Description,魔界で流行しているカウンター。,,,jp_only_event,low,
assets/data/furnitureData.bin.mid,661,Name,魔界のコンロ,,Demon Realm Stove,jp_only_event,low,"no EN row; dev texture name ""haloven-stove""; proposed carried from TM"
assets/data/furnitureData.bin.mid,661,Description,魔界の貴族が愛用するコンロ。調理時間20%減。,,,jp_only_event,low,
assets/data/furnitureData.bin.mid,662,Name,魔界の冷蔵庫,,Demon Realm Fridge,jp_only_event,low,"no EN row; dev texture name ""Fridge_tomb""; proposed carried from TM"
assets/data/furnitureData.bin.mid,662,Description,魔界で流行している冷蔵庫。獲物を保存しよう。,,,jp_only_event,low,
assets/data/furnitureData.bin.mid,663,Name,魔界の木,,Demon Realm Tree,jp_only_event,low,"no EN row; dev texture name ""cypress""; proposed carried from TM"
assets/data/furnitureData.bin.mid,663,Description,魔界にしか存在しない木。,,,jp_only_event,low,
assets/data/furnitureData.bin.mid,664,Name,魔界の墓,,Demon Realm Grave,jp_only_event,low,"no EN row; dev texture name ""Tomb1""; proposed carried from TM"
assets/data/furnitureData.bin.mid,664,Description,魔界で少し高価な墓。,,,jp_only_event,low,
assets/data/furnitureData.bin.mid,665,Name,魔界の墓,,Demon Realm Grave,jp_only_event,low,"no EN row; dev texture name ""tomb2""; proposed carried from TM"
assets/data/furnitureData.bin.mid,665,Description,魔界で手頃な価格の墓。,,,jp_only_event,low,
assets/data/furnitureData.bin.mid,666,Name,コブラの置物,,Cobra Statue,jp_only_event,low,"no EN row; dev texture name ""kobura""; proposed carried from TM"
assets/data/furnitureData.bin.mid,666,Description,「レッドスネーク カモン」とつぶやいてしまう置物。最大10XPが手に入る。,,,jp_only_event,low,
assets/data/furnitureData.bin.mid,667,Name,ロック床,,Mega Man Floor,jp_only_event,low,"no EN row; dev texture name ""Rockmantile1""; proposed carried from TM"
assets/data/furnitureData.bin.mid,667,Description,ロックマンコラボステージで使用された床。,,,jp_only_event,low,
assets/data/furnitureData.bin.mid,668,Name,ロック床,,Mega Man Floor,jp_only_event,low,"no EN row; dev texture name ""Rockmantile2""; proposed carried from TM"
assets/data/furnitureData.bin.mid,668,Description,ロックマンコラボステージで使用された床。,,,jp_only_event,low,
assets/data/furnitureData.bin.mid,669,Name,ロック床,,Mega Man Floor,jp_only_event,low,"no EN row; dev texture name ""Rockmantile3""; proposed carried from TM"
assets/data/furnitureData.bin.mid,669,Description,ロックマンコラボステージで使用された床。,,,jp_only_event,low,
assets/data/furnitureData.bin.mid,670,Name,ロック壁,,Mega Man Wall,jp_only_event,low,"no EN row; dev texture name ""Rockmanwall1""; proposed carried from TM"
assets/data/furnitureData.bin.mid,670,Description,ロックマンコラボステージで使用された壁。,,,jp_only_event,low,
assets/data/furnitureData.bin.mid,671,Name,ロック壁,,Mega Man Wall,jp_only_event,low,"no EN row; dev texture name ""Rockmanwall2""; proposed carried from TM"
assets/data/furnitureData.bin.mid,671,Description,ロックマンコラボステージで使用された壁。,,,jp_only_event,low,
assets/data/furnitureData.bin.mid,672,Name,ロック壁,,Mega Man Wall,jp_only_event,low,"no EN row; dev texture name ""Rockmanwall3""; proposed carried from TM"
assets/data/furnitureData.bin.mid,672,Description,ロックマンコラボステージで使用された壁。,,,jp_only_event,low,
assets/data/furnitureData.bin.mid,673,Name,ロックテーブル煉瓦,,Mega Man Table (Brick),jp_only_event,low,"no EN row; dev texture name ""Rockman_table1""; proposed carried from TM"
assets/data/furnitureData.bin.mid,673,Description,ロックマンコラボステージで使用されたテーブル。,,,jp_only_event,low,
assets/data/furnitureData.bin.mid,674,Name,ロックテーブル鬼,,Mega Man Table (Oni),jp_only_event,low,"no EN row; dev texture name ""Rockman_table2""; proposed carried from TM"
assets/data/furnitureData.bin.mid,674,Description,ロックマンコラボステージで使用されたテーブル。,,,jp_only_event,low,
assets/data/furnitureData.bin.mid,675,Name,ロックテーブルサイバー,,Mega Man Table (Cyber),jp_only_event,low,"no EN row; dev texture name ""Rockman_table3""; proposed carried from TM"
assets/data/furnitureData.bin.mid,675,Description,ロックマンコラボステージで使用されたテーブル。,,,jp_only_event,low,
assets/data/furnitureData.bin.mid,676,Name,ロック廃棄物,,Mega Man Scrap Pile,jp_only_event,low,"no EN row; dev texture name ""Rockman_scrap1""; proposed carried from TM"
assets/data/furnitureData.bin.mid,676,Description,ロックマンコラボステージで使用された廃棄物。,,,jp_only_event,low,
assets/data/furnitureData.bin.mid,677,Name,ロック廃棄物,,Mega Man Scrap Pile,jp_only_event,low,"no EN row; dev texture name ""Rockman_scrap2""; proposed carried from TM"
assets/data/furnitureData.bin.mid,677,Description,ロックマンコラボステージで使用された廃棄物。,,,jp_only_event,low,
assets/data/furnitureData.bin.mid,678,Name,ラッシュ,,Rush,jp_only_event,low,"no EN row; dev texture name ""Rockman_Rush""; proposed carried from TM"
assets/data/furnitureData.bin.mid,678,Description,ロックマンの犬型サポートロボット。,,,jp_only_event,low,
assets/data/furnitureData.bin.mid,679,Name,ロックオブジェ355,,Mega Man Pillar,jp_only_event,low,"no EN row; dev texture name ""Rockman_pillar""; proposed carried from TM"
assets/data/furnitureData.bin.mid,679,Description,ロックオブジェ,,,jp_only_event,low,
assets/data/furnitureData.bin.mid,680,Name,ロックイスロボ,,Mega Man Chair (Robot),jp_only_event,low,"no EN row; dev texture name ""Rockman_chair1""; proposed carried from TM"
assets/data/furnitureData.bin.mid,680,Description,ロックマンコラボステージで使用されたイス。,,,jp_only_event,low,
assets/data/furnitureData.bin.mid,681,Name,ロックイス雲,,Mega Man Chair (Cloud),jp_only_event,low,"no EN row; dev texture name ""Rockman_chair2""; proposed carried from TM"
assets/data/furnitureData.bin.mid,681,Description,ロックマンコラボステージで使用されたイス。,,,jp_only_event,low,
assets/data/furnitureData.bin.mid,682,Name,ロックイスサイバー,,Mega Man Chair (Cyber),jp_only_event,low,"no EN row; dev texture name ""Rockman_chair3""; proposed carried from TM"
assets/data/furnitureData.bin.mid,682,Description,ロックマンコラボステージで使用されたイス。,,,jp_only_event,low,
assets/data/furnitureData.bin.mid,683,Name,サイバーな床,,Cyber Floor,jp_only_event,low,"no EN row; dev texture name ""floortoron""; proposed carried from TM"
assets/data/furnitureData.bin.mid,683,Description,サイバー空間にするための床。,,,jp_only_event,low,
assets/data/furnitureData.bin.mid,684,Name,サイバーな壁,,Cyber Wall,jp_only_event,low,"no EN row; dev texture name ""walltoron""; proposed carried from TM"
assets/data/furnitureData.bin.mid,684,Description,サイバー空間にするための壁。,,,jp_only_event,low,
assets/data/furnitureData.bin.mid,685,Name,サイバーなイス,,Cyber Chair,jp_only_event,low,"no EN row; dev texture name ""Chair_Front""; proposed carried from TM"
assets/data/furnitureData.bin.mid,685,Description,サイバー空間で人気のイス。,,,jp_only_event,low,
assets/data/furnitureData.bin.mid,686,Name,サイバーなテーブル,Pub Table,Cyber Table,same_art_or_category,low,"texture ""table"" ~ EN row 227 (fuzzy 0.77 — verify, may be wrong item); proposed carried from TM"
assets/data/furnitureData.bin.mid,686,Description,サイバー空間で人気のテーブル。,A good place to have a pint with your mates.,,same_art_or_category,low,
assets/data/furnitureData.bin.mid,687,Name,サイバーなシンク,,Cyber Sink,jp_only_event,low,"no EN row; dev texture name ""sink""; proposed carried from TM"
assets/data/furnitureData.bin.mid,687,Description,サイバーなシンク。毎秒256バイト処理できる。,,,jp_only_event,low,
assets/data/furnitureData.bin.mid,688,Name,サイバーなカウンター,Dojo Counter,Cyber Counter,same_art_or_category,low,"texture ""counter"" ~ EN row 380 (fuzzy 0.78 — verify, may be wrong item); proposed carried from TM"
assets/data/furnitureData.bin.mid,688,Description,サイバーなカウンター。料理がおいしそうに見える。,This traditional-looking counter will give your cafe a rating bonus.,,same_art_or_category,low,
assets/data/furnitureData.bin.mid,689,Name,サイバーなコンロ,BBQ Stove,Cyber Stove,same_art_or_category,low,"texture ""stove"" ~ EN row 254 (fuzzy 0.77 — verify, may be wrong item); proposed carried from TM"
assets/data/furnitureData.bin.mid,689,Description,サイバーなコンロ。火を使わないで料理ができる。,Fire up the grill and get a small rating bonus.,,same_art_or_category,low,
assets/data/furnitureData.bin.mid,690,Name,サイバーな冷蔵庫,Ice Fridge,Cyber Fridge,same_art_or_category,low,"texture ""Fridge"" ~ EN row 260 (fuzzy 0.80 — verify, may be wrong item); proposed carried from TM"
assets/data/furnitureData.bin.mid,690,Description,サイバーな冷蔵庫。見た目以外は普通の冷蔵庫だ。,Earn extra coins and a rating bonus by selling frozen water.,,same_art_or_category,low,
assets/data/furnitureData.bin.mid,691,Name,ブルーシート1,,Blue Picnic Tarp 1,jp_only_event,low,"no EN row; dev texture name ""blueseat1""; proposed carried from TM"
assets/data/furnitureData.bin.mid,691,Description,花見をするための床。,,,jp_only_event,low,
assets/data/furnitureData.bin.mid,692,Name,ブルーシート2,,Blue Picnic Tarp 2,jp_only_event,low,"no EN row; dev texture name ""blueseat2""; proposed carried from TM"
assets/data/furnitureData.bin.mid,692,Description,花見をするための床。,,,jp_only_event,low,
assets/data/furnitureData.bin.mid,693,Name,ブルーシート3,,Blue Picnic Tarp 3,jp_only_event,low,"no EN row; dev texture name ""blueseat3""; proposed carried from TM"
assets/data/furnitureData.bin.mid,693,Description,花見をするための床。,,,jp_only_event,low,
assets/data/furnitureData.bin.mid,694,Name,ブルーシート4,,Blue Picnic Tarp 4,jp_only_event,low,"no EN row; dev texture name ""blueseat4""; proposed carried from TM"
assets/data/furnitureData.bin.mid,694,Description,花見をするための床。,,,jp_only_event,low,
assets/data/furnitureData.bin.mid,695,Name,ブルーシート5,,Blue Picnic Tarp 5,jp_only_event,low,"no EN row; dev texture name ""blueseat5""; proposed carried from TM"
assets/data/furnitureData.bin.mid,695,Description,花見をするための床。,,,jp_only_event,low,
assets/data/furnitureData.bin.mid,696,Name,レッドシート,,Red Picnic Tarp,jp_only_event,low,"no EN row; dev texture name ""redseat""; proposed carried from TM"
assets/data/furnitureData.bin.mid,696,Description,レッドカーペットで有名人をおもてなし。,,,jp_only_event,low,
assets/data/furnitureData.bin.mid,697,Name,桜の木,,Cherry Blossom Tree,jp_only_event,low,"no EN row; dev texture name ""sakura""; proposed carried from TM"
assets/data/furnitureData.bin.mid,697,Description,枯れない桜で花見客をＧＥＴ！店の評価が少し上がりやすくなる。,,,jp_only_event,low,
assets/data/furnitureData.bin.mid,698,Name,桜のびょうぶ,,Cherry Blossom Folding Screen,jp_only_event,low,"no EN row; dev texture name ""screne_ohina""; proposed carried from TM"
assets/data/furnitureData.bin.mid,698,Description,桜柄のびょうぶ。女の子によく似合う。,,,jp_only_event,low,
assets/data/furnitureData.bin.mid,699,Name,桜のぼんぼり,,Bonbori Lantern,jp_only_event,low,"no EN row; dev texture name ""bonbori""; proposed carried from TM"
assets/data/furnitureData.bin.mid,699,Description,桜柄のぼんぼり。女の子によく似合う。,,,jp_only_event,low,
assets/data/furnitureData.bin.mid,700,Name,桜の酒瓶,,Sake Bottle,jp_only_event,low,"no EN row; dev texture name ""sake""; proposed carried from TM"
assets/data/furnitureData.bin.mid,700,Description,桜の季節に公園でよく見かけるオブジェ。,,,jp_only_event,low,
assets/data/furnitureData.bin.mid,701,Name,冬の木,,Winter Tree,jp_only_event,low,"no EN row; dev texture name ""snowtree""; proposed carried from TM"
assets/data/furnitureData.bin.mid,701,Description,雪国から輸送した木。,,,jp_only_event,low,
assets/data/furnitureData.bin.mid,702,Name,鉢植え,Planter,Potted Plant,same_art_or_category,low,"texture ""plant"" ~ EN row 242 (fuzzy 0.83 — verify, may be wrong item); proposed carried from TM"
assets/data/furnitureData.bin.mid,702,Description,リラクゼーションの効果があるかもしれない鉢植え。,Plants bring much-needed oxygen to your customers.,,same_art_or_category,low,
assets/data/furnitureData.bin.mid,703,Name,鉢植え,Planter,Potted Plant,same_art_or_category,low,"texture ""plant"" ~ EN row 242 (fuzzy 0.83 — verify, may be wrong item); proposed carried from TM"
assets/data/furnitureData.bin.mid,703,Description,リラクゼーションの効果があるはずの鉢植え。,Plants bring much-needed oxygen to your customers.,,same_art_or_category,low,
assets/data/furnitureData.bin.mid,704,Name,鉢植え,Planter,Potted Plant,same_art_or_category,low,"texture ""plant"" ~ EN row 242 (fuzzy 0.83 — verify, may be wrong item); proposed carried from TM"
assets/data/furnitureData.bin.mid,704,Description,リラクゼーションの効果があるとウワサの鉢植え。,Plants bring much-needed oxygen to your customers.,,same_art_or_category,low,
assets/data/furnitureData.bin.mid,705,Name,丸テーブル,Pub Table,Round Table,same_art_or_category,low,"texture ""table"" ~ EN row 227 (fuzzy 0.77 — verify, may be wrong item); proposed carried from TM"
assets/data/furnitureData.bin.mid,705,Description,カドのない丸いテーブル。,A good place to have a pint with your mates.,,same_art_or_category,low,
assets/data/furnitureData.bin.mid,706,Name,丸テーブル,Pub Table,Round Table,same_art_or_category,low,"texture ""table"" ~ EN row 227 (fuzzy 0.77 — verify, may be wrong item); proposed carried from TM"
assets/data/furnitureData.bin.mid,706,Description,カドのない丸いテーブル。,A good place to have a pint with your mates.,,same_art_or_category,low,
assets/data/furnitureData.bin.mid,707,Name,カラフルテーブル,Pub Table,Colorful Table,same_art_or_category,low,"texture ""table"" ~ EN row 227 (fuzzy 0.77 — verify, may be wrong item); proposed carried from TM"
assets/data/furnitureData.bin.mid,707,Description,ポップなデザインのテーブル。,A good place to have a pint with your mates.,,same_art_or_category,low,
assets/data/furnitureData.bin.mid,708,Name,カラフルテーブル,Pub Table,Colorful Table,same_art_or_category,low,"texture ""table"" ~ EN row 227 (fuzzy 0.77 — verify, may be wrong item); proposed carried from TM"
assets/data/furnitureData.bin.mid,708,Description,ポップなデザインのテーブル。,A good place to have a pint with your mates.,,same_art_or_category,low,
assets/data/furnitureData.bin.mid,709,Name,イス,,Chair,jp_only_event,low,"no EN row; dev texture name ""chair""; proposed carried from TM"
assets/data/furnitureData.bin.mid,709,Description,ブラウンのイス。,,,jp_only_event,low,
assets/data/furnitureData.bin.mid,710,Name,イス,,Chair,jp_only_event,low,"no EN row; dev texture name ""chair""; proposed carried from TM"
assets/data/furnitureData.bin.mid,710,Description,ホワイトのイス。,,,jp_only_event,low,
assets/data/furnitureData.bin.mid,711,Name,イス,,Chair,jp_only_event,low,"no EN row; dev texture name ""chair""; proposed carried from TM"
assets/data/furnitureData.bin.mid,711,Description,カラフルなイス。,,,jp_only_event,low,
assets/data/furnitureData.bin.mid,712,Name,岩壁,,Rock Wall,jp_only_event,low,"no EN row; dev texture name ""wallfantasy2""; proposed carried from TM"
assets/data/furnitureData.bin.mid,712,Description,大自然の岩壁を削り取って作成した壁。,,,jp_only_event,low,
assets/data/furnitureData.bin.mid,713,Name,カラフルな壁,,Colorful Wall,jp_only_event,low,"no EN row; dev texture name ""wall""; proposed carried from TM"
assets/data/furnitureData.bin.mid,713,Description,女性に人気なカラフルな壁。,,,jp_only_event,low,
assets/data/furnitureData.bin.mid,714,Name,カラフルな壁,,Colorful Wall,jp_only_event,low,"no EN row; dev texture name ""wall""; proposed carried from TM"
assets/data/furnitureData.bin.mid,714,Description,女性に人気なカラフルな壁。,,,jp_only_event,low,
assets/data/furnitureData.bin.mid,715,Name,カラフルな壁,,Colorful Wall,jp_only_event,low,"no EN row; dev texture name ""wall""; proposed carried from TM"
assets/data/furnitureData.bin.mid,715,Description,女性に人気なカラフルな壁。,,,jp_only_event,low,
assets/data/furnitureData.bin.mid,716,Name,カラフルな壁,,Colorful Wall,jp_only_event,low,"no EN row; dev texture name ""wall""; proposed carried from TM"
assets/data/furnitureData.bin.mid,716,Description,女性に人気なカラフルな壁。,,,jp_only_event,low,
assets/data/furnitureData.bin.mid,717,Name,木製の壁,,Wooden Wall,jp_only_event,low,"no EN row; dev texture name ""wall""; proposed carried from TM"
assets/data/furnitureData.bin.mid,717,Description,木製の壁。ロッジなどでよく見かける。,,,jp_only_event,low,
assets/data/furnitureData.bin.mid,718,Name,木製の床,Wood Pub Floor,Wooden Floor,same_art_or_category,low,"texture ""wood-floor"" ~ EN row 224 (fuzzy 0.86 — verify, may be wrong item); proposed carried from TM"
assets/data/furnitureData.bin.mid,718,Description,木製の床。木の香りでリラックスしよう。,Like the floors of the public houses of old.,,same_art_or_category,low,
assets/data/furnitureData.bin.mid,719,Name,木製の床,Wood Pub Floor,Wooden Floor,same_art_or_category,low,"texture ""wood-floor"" ~ EN row 224 (fuzzy 0.86 — verify, may be wrong item); proposed carried from TM"
assets/data/furnitureData.bin.mid,719,Description,木製の床。木の香りでリラックスしよう。,Like the floors of the public houses of old.,,same_art_or_category,low,
assets/data/furnitureData.bin.mid,720,Name,木製の床,Wood Pub Floor,Wooden Floor,same_art_or_category,low,"texture ""wood-floor"" ~ EN row 224 (fuzzy 0.86 — verify, may be wrong item); proposed carried from TM"
assets/data/furnitureData.bin.mid,720,Description,木製の床。木の香りでリラックスしよう。,Like the floors of the public houses of old.,,same_art_or_category,low,
assets/data/furnitureData.bin.mid,721,Name,木製の床,Wood Pub Floor,Wooden Floor,same_art_or_category,low,"texture ""wood-floor"" ~ EN row 224 (fuzzy 0.86 — verify, may be wrong item); proposed carried from TM"
assets/data/furnitureData.bin.mid,721,Description,木製の床。木の香りでリラックスしよう。,Like the floors of the public houses of old.,,same_art_or_category,low,
assets/data/furnitureData.bin.mid,722,Name,木製の床,Wood Pub Floor,Wooden Floor,same_art_or_category,low,"texture ""wood-floor"" ~ EN row 224 (fuzzy 0.86 — verify, may be wrong item); proposed carried from TM"
assets/data/furnitureData.bin.mid,722,Description,木製の床。木の香りでリラックスしよう。,Like the floors of the public houses of old.,,same_art_or_category,low,
assets/data/furnitureData.bin.mid,723,Name,木製の床,Wood Pub Floor,Wooden Floor,same_art_or_category,low,"texture ""wood-floor"" ~ EN row 224 (fuzzy 0.86 — verify, may be wrong item); proposed carried from TM"
assets/data/furnitureData.bin.mid,723,Description,木製の床。木の香りでリラックスしよう。,Like the floors of the public houses of old.,,same_art_or_category,low,
assets/data/furnitureData.bin.mid,724,Name,マグマなイス,,Magma Chair,jp_only_event,low,"no EN row; dev texture name ""Chair_Front""; proposed carried from TM"
assets/data/furnitureData.bin.mid,724,Description,中にマグマが入っているので、熱くて長時間座れない。,,,jp_only_event,low,
assets/data/furnitureData.bin.mid,725,Name,マグマなテーブル,Pub Table,Magma Table,same_art_or_category,low,"texture ""table"" ~ EN row 227 (fuzzy 0.77 — verify, may be wrong item); proposed carried from TM"
assets/data/furnitureData.bin.mid,725,Description,中にマグマが入っているので、熱くてお皿を触れなくなるテーブル。,A good place to have a pint with your mates.,,same_art_or_category,low,
assets/data/furnitureData.bin.mid,726,Name,マグマなコンロ,,Magma Stove,jp_only_event,low,"no EN row; dev texture name ""stoves""; proposed carried from TM"
assets/data/furnitureData.bin.mid,726,Description,マグマの力で、超強力な火力を誇る。,,,jp_only_event,low,
assets/data/furnitureData.bin.mid,727,Name,マグマの床,,Magma Floor,jp_only_event,low,"no EN row; dev texture name ""tile""; proposed carried from TM"
assets/data/furnitureData.bin.mid,727,Description,マグマで溶かされた床。,,,jp_only_event,low,
assets/data/furnitureData.bin.mid,728,Name,温泉の壁,,Hot Spring Wall,jp_only_event,low,"no EN row; dev texture name ""wall""; proposed carried from TM"
assets/data/furnitureData.bin.mid,728,Description,上質の竹で作成した和風の壁。,,,jp_only_event,low,
assets/data/furnitureData.bin.mid,729,Name,温泉の床,,Hot Spring Floor,jp_only_event,low,"no EN row; dev texture name ""onsen-floor""; proposed carried from TM"
assets/data/furnitureData.bin.mid,729,Description,水面を模した床。,,,jp_only_event,low,
assets/data/furnitureData.bin.mid,730,Name,温泉のパーツ,,Hot Spring Section,jp_only_event,low,"no EN row; dev texture name ""onsen1""; proposed carried from TM"
assets/data/furnitureData.bin.mid,730,Description,水面と組み合わせるパーツ。,,,jp_only_event,low,
assets/data/furnitureData.bin.mid,731,Name,温泉のパーツ,,Hot Spring Section,jp_only_event,low,"no EN row; dev texture name ""onsen2""; proposed carried from TM"
assets/data/furnitureData.bin.mid,731,Description,水面と組み合わせるパーツ。,,,jp_only_event,low,
assets/data/furnitureData.bin.mid,732,Name,温泉のパーツ,,Hot Spring Section,jp_only_event,low,"no EN row; dev texture name ""onsen3""; proposed carried from TM"
assets/data/furnitureData.bin.mid,732,Description,水面と組み合わせるパーツ。,,,jp_only_event,low,
assets/data/furnitureData.bin.mid,733,Name,温泉のパーツ,,Hot Spring Section,jp_only_event,low,"no EN row; dev texture name ""onsen4""; proposed carried from TM"
assets/data/furnitureData.bin.mid,733,Description,水面と組み合わせるパーツ。,,,jp_only_event,low,
assets/data/furnitureData.bin.mid,734,Name,温泉のパーツ,,Hot Spring Section,jp_only_event,low,"no EN row; dev texture name ""onsen5""; proposed carried from TM"
assets/data/furnitureData.bin.mid,734,Description,水面と組み合わせるパーツ。,,,jp_only_event,low,
assets/data/furnitureData.bin.mid,735,Name,旅館の布団,,Ryokan Futon,jp_only_event,low,"no EN row; dev texture name ""huton""; proposed carried from TM"
assets/data/furnitureData.bin.mid,735,Description,布団がふっとん・・・。,,,jp_only_event,low,
assets/data/furnitureData.bin.mid,736,Name,風呂桶,,Bath Bucket,jp_only_event,low,"no EN row; dev texture name ""oke""; proposed carried from TM"
assets/data/furnitureData.bin.mid,736,Description,これは、コップではありません。風呂桶です。,,,jp_only_event,low,
assets/data/furnitureData.bin.mid,737,Name,旅館の壁,Wall Fan,Ryokan Wall,same_art_or_category,low,"texture ""wall_fence"" ~ EN row 386 (fuzzy 0.75 — verify, may be wrong item); proposed carried from TM"
assets/data/furnitureData.bin.mid,737,Description,匠がつくった障子。少しだけ店の評価が上がりやすい。,Welcome to ___the fan of the rising sun__�.,,same_art_or_category,low,
assets/data/furnitureData.bin.mid,738,Name,旅館の家具,,Ryokan Shelf,jp_only_event,low,"no EN row; dev texture name ""tana""; proposed carried from TM"
assets/data/furnitureData.bin.mid,738,Description,貴重品などをいれる家具。,,,jp_only_event,low,
assets/data/furnitureData.bin.mid,739,Name,旅館の傘,,Paper Umbrella,jp_only_event,low,"no EN row; dev texture name ""umbrella""; proposed carried from TM"
assets/data/furnitureData.bin.mid,739,Description,大きな傘。大きすぎて持ち運べません。,,,jp_only_event,low,
assets/data/furnitureData.bin.mid,740,Name,トタンの壁,Stone Wall,Corrugated Iron Wall,same_art_or_category,low,"texture ""totan_Wall"" ~ EN row 235 (fuzzy 0.78 — verify, may be wrong item); proposed carried from TM"
assets/data/furnitureData.bin.mid,740,Description,トタンに見せかけた壁。ベコベコする。,For that classic castle look.,,same_art_or_category,low,
assets/data/furnitureData.bin.mid,741,Name,BENKI,,Toilet,jp_only_event,low,"no EN row; dev texture name ""TOTO""; proposed carried from TM"
assets/data/furnitureData.bin.mid,741,Description,強力なパワーでなんでも流します。,,,jp_only_event,low,
assets/data/furnitureData.bin.mid,742,Name,ロッカー,,Locker,jp_only_event,low,"no EN row; dev texture name ""locker""; proposed carried from TM"
assets/data/furnitureData.bin.mid,742,Description,中に何が入っているかは秘密。,,,jp_only_event,low,
assets/data/furnitureData.bin.mid,743,Name,クリスマスツリー2015,,Christmas Tree 2015,jp_only_event,low,"no EN row; dev texture name ""tree""; proposed carried from TM"
assets/data/furnitureData.bin.mid,743,Description,ゾンビがクリスマスの飾り付けをするとこうなります。少しだけ店の評価が上がりやすくなる。,,,jp_only_event,low,
assets/data/furnitureData.bin.mid,744,Name,ダクト,,Air Duct,jp_only_event,low,"no EN row; dev texture name ""pipe""; proposed carried from TM"
assets/data/furnitureData.bin.mid,744,Description,外に何かを排出するダクト。,,,jp_only_event,low,
assets/data/furnitureData.bin.mid,745,Name,４周年の銅像,,4th Anniversary Statue,jp_only_event,low,"no EN row; dev texture name ""statue""; proposed carried from TM"
assets/data/furnitureData.bin.mid,745,Description,４周年を記念して造られた銅像。,,,jp_only_event,low,
assets/data/furnitureData.bin.mid,746,Name,パンダのイス,,Panda Chair,jp_only_event,low,"no EN row; dev texture name ""animalchair""; proposed carried from TM"
assets/data/furnitureData.bin.mid,746,Description,パンダのぬいぐるみ。イスとして使用できます。,,,jp_only_event,low,
assets/data/furnitureData.bin.mid,747,Name,ゾウのイス,,Elephant Chair,jp_only_event,low,"no EN row; dev texture name ""animalchair""; proposed carried from TM"
assets/data/furnitureData.bin.mid,747,Description,ゾウのぬいぐるみ。イスとして使用できます。,,,jp_only_event,low,
assets/data/furnitureData.bin.mid,748,Name,トラのイス,,Tiger Chair,jp_only_event,low,"no EN row; dev texture name ""animalchair""; proposed carried from TM"
assets/data/furnitureData.bin.mid,748,Description,トラのぬいぐるみ。イスとして使用できます。,,,jp_only_event,low,
assets/data/furnitureData.bin.mid,749,Name,ヒツジのイス,,Sheep Chair,jp_only_event,low,"no EN row; dev texture name ""animalchair""; proposed carried from TM"
assets/data/furnitureData.bin.mid,749,Description,ヒツジのぬいぐるみ。イスとして使用できます。,,,jp_only_event,low,
assets/data/furnitureData.bin.mid,750,Name,牧場の柵,,Ranch Fence,jp_only_event,low,"no EN row; dev texture name ""woodfence""; proposed carried from TM"
assets/data/furnitureData.bin.mid,750,Description,牧場の柵。上手に使って牧場を作ってみよう。,,,jp_only_event,low,
assets/data/furnitureData.bin.mid,751,Name,牧場の柵,,Ranch Fence,jp_only_event,low,"no EN row; dev texture name ""woodfence""; proposed carried from TM"
assets/data/furnitureData.bin.mid,751,Description,牧場の柵。上手に使って牧場を作ってみよう。,,,jp_only_event,low,
assets/data/furnitureData.bin.mid,752,Name,牧場の柵,,Ranch Fence,jp_only_event,low,"no EN row; dev texture name ""woodfence""; proposed carried from TM"
assets/data/furnitureData.bin.mid,752,Description,牧場の柵。上手に使って牧場を作ってみよう。,,,jp_only_event,low,
assets/data/furnitureData.bin.mid,753,Name,牧場の柵(カド),,Ranch Fence (Corner),jp_only_event,low,"no EN row; dev texture name ""woodfence""; proposed carried from TM"
assets/data/furnitureData.bin.mid,753,Description,牧場の柵。上手に使って牧場を作ってみよう。,,,jp_only_event,low,
assets/data/furnitureData.bin.mid,754,Name,牧場の柵(カド),,Ranch Fence (Corner),jp_only_event,low,"no EN row; dev texture name ""woodfence""; proposed carried from TM"
assets/data/furnitureData.bin.mid,754,Description,牧場の柵。上手に使って牧場を作ってみよう。,,,jp_only_event,low,
assets/data/furnitureData.bin.mid,755,Name,にわとり,,Chicken,jp_only_event,low,"no EN row; dev texture name ""animal""; proposed carried from TM"
assets/data/furnitureData.bin.mid,755,Description,にわとりのぬいぐるみ。早朝に鳴く機能はついていない。最大5XPが手に入る。,,,jp_only_event,low,
assets/data/furnitureData.bin.mid,756,Name,こぐまのテーブル,,Bear Cub Table,jp_only_event,low,"no EN row; dev texture name ""animalTable""; proposed carried from TM"
assets/data/furnitureData.bin.mid,756,Description,こぐまのテーブル。木彫り職人の力作？,,,jp_only_event,low,
assets/data/furnitureData.bin.mid,757,Name,ハロウィンの壁,,Halloween Wall,jp_only_event,low,"no EN row; dev texture name ""Wall_HW""; proposed carried from TM"
assets/data/furnitureData.bin.mid,757,Description,ハロウィンにしっくりあう壁。,,,jp_only_event,low,
assets/data/furnitureData.bin.mid,758,Name,ハロウィンの床,,Halloween Floor,jp_only_event,low,"no EN row; dev texture name ""tile_HW""; proposed carried from TM"
assets/data/furnitureData.bin.mid,758,Description,ハロウィンにしっくりあう床。,,,jp_only_event,low,
assets/data/furnitureData.bin.mid,759,Name,サンゴ,,Coral,jp_only_event,low,"no EN row; dev texture name ""sango""; proposed carried from TM"
assets/data/furnitureData.bin.mid,759,Description,海底に生える貴重なサンゴ。ゾンビもうっとり。,,,jp_only_event,low,
assets/data/furnitureData.bin.mid,760,Name,海底の石,,Seabed Rock,jp_only_event,low,"no EN row; dev texture name ""rock""; proposed carried from TM"
assets/data/furnitureData.bin.mid,760,Description,海底にある普通の石。,,,jp_only_event,low,
assets/data/furnitureData.bin.mid,761,Name,海底のテーブル,Pub Table,Seabed Table,same_art_or_category,low,"texture ""table"" ~ EN row 227 (fuzzy 0.77 — verify, may be wrong item); proposed carried from TM"
assets/data/furnitureData.bin.mid,761,Description,海底にある城からもらってきたテーブル。,A good place to have a pint with your mates.,,same_art_or_category,low,
assets/data/furnitureData.bin.mid,762,Name,海底のイス,,Seabed Chair,jp_only_event,low,"no EN row; dev texture name ""chair""; proposed carried from TM"
assets/data/furnitureData.bin.mid,762,Description,海底にある城からもらってきたイス。,,,jp_only_event,low,
assets/data/furnitureData.bin.mid,763,Name,ゆきだるま,,Snowman,jp_only_event,low,"no EN row; dev texture name ""snowman""; proposed carried from TM"
assets/data/furnitureData.bin.mid,763,Description,この雪だるまを飾れば、全ゾンビの回復速度が10%アップする。,,,jp_only_event,low,
assets/data/furnitureData.bin.mid,764,Name,雪の床1,Road tile,Snow Floor 1,same_art_or_category,low,"texture ""ground tile"" ~ EN row 191 (fuzzy 0.78 — verify, may be wrong item); proposed carried from TM"
assets/data/furnitureData.bin.mid,764,Description,この雪の床は解けることはない。,,,same_art_or_category,low,
assets/data/furnitureData.bin.mid,765,Name,雪の床2,,Snow Floor 2,jp_only_event,low,"no EN row; dev texture name ""block4 tile""; proposed carried from TM"
assets/data/furnitureData.bin.mid,765,Description,dummy,,,jp_only_event,low,
assets/data/furnitureData.bin.mid,766,Name,雪の床3,,Snow Floor 3,jp_only_event,low,"no EN row; dev texture name ""ground2 tile""; proposed carried from TM"
assets/data/furnitureData.bin.mid,766,Description,dummy,,,jp_only_event,low,
assets/data/furnitureData.bin.mid,767,Name,雪の床4,,Snow Floor 4,jp_only_event,low,"no EN row; dev texture name ""block1 tile""; proposed carried from TM"
assets/data/furnitureData.bin.mid,767,Description,dummy,,,jp_only_event,low,
assets/data/furnitureData.bin.mid,768,Name,雪の床5,,Snow Floor 5,jp_only_event,low,"no EN row; dev texture name ""block2 tile""; proposed carried from TM"
assets/data/furnitureData.bin.mid,768,Description,dummy,,,jp_only_event,low,
assets/data/furnitureData.bin.mid,769,Name,雪の柵,,Snow Fence,jp_only_event,low,"no EN row; dev texture name ""graveyard Wall""; proposed carried from TM"
assets/data/furnitureData.bin.mid,769,Description,雪が積もった柵。,,,jp_only_event,low,
assets/data/furnitureData.bin.mid,770,Name,海底の床,Loose tile,Seabed Floor,same_art_or_category,low,"texture ""seatile"" ~ EN row 181 (fuzzy 0.75 — verify, may be wrong item); proposed carried from TM"
assets/data/furnitureData.bin.mid,770,Description,海底のような砂を敷き詰めた床。,,,same_art_or_category,low,
assets/data/furnitureData.bin.mid,771,Name,海底の壁,Stone Wall,Seabed Wall,same_art_or_category,low,"texture ""seawall"" ~ EN row 235 (fuzzy 0.75 — verify, may be wrong item); proposed carried from TM"
assets/data/furnitureData.bin.mid,771,Description,海底のような壁紙を使用した壁。,For that classic castle look.,,same_art_or_category,low,
assets/data/furnitureData.bin.mid,772,Name,死目縄,,Cursed Shimenawa Rope,jp_only_event,low,"no EN row; dev texture name ""wallitem""; proposed carried from TM"
assets/data/furnitureData.bin.mid,772,Description,おめでたい時に飾ろう。少しだけ店の評価が上がりやすくなる。,,,jp_only_event,low,
assets/data/furnitureData.bin.mid,773,Name,さかな1,,Fish 1,jp_only_event,low,"no EN row; dev texture name ""fish""; proposed carried from TM"
assets/data/furnitureData.bin.mid,773,Description,空中に浮いた不思議な魚。,,,jp_only_event,low,
assets/data/furnitureData.bin.mid,774,Name,さかな2,,Fish 2,jp_only_event,low,"no EN row; dev texture name ""fish""; proposed carried from TM"
assets/data/furnitureData.bin.mid,774,Description,空中に浮いた不思議な魚。,,,jp_only_event,low,
assets/data/furnitureData.bin.mid,775,Name,タコ,,Octopus,jp_only_event,low,"no EN row; dev texture name ""fish""; proposed carried from TM"
assets/data/furnitureData.bin.mid,775,Description,海底のツボにいたタコ。,,,jp_only_event,low,
assets/data/furnitureData.bin.mid,776,Name,カニ,,Crab,jp_only_event,low,"no EN row; dev texture name ""fish""; proposed carried from TM"
assets/data/furnitureData.bin.mid,776,Description,海底にいるカニ。,,,jp_only_event,low,
assets/data/furnitureData.bin.mid,777,Name,神々のコンロ,,Olympian Stove,jp_only_event,low,"no EN row; dev texture name ""stoves""; proposed carried from TM"
assets/data/furnitureData.bin.mid,777,Description,神々が愛用するコンロ。調理時間30%減。,,,jp_only_event,low,
assets/data/furnitureData.bin.mid,778,Name,地球儀の置物,,Globe Statue,jp_only_event,low,"no EN row; dev texture name ""atlas""; proposed carried from TM"
assets/data/furnitureData.bin.mid,778,Description,ちきゅうぎ。,,,jp_only_event,low,
assets/data/furnitureData.bin.mid,779,Name,トロイの木馬,,Trojan Horse,jp_only_event,low,"no EN row; dev texture name ""trojan""; proposed carried from TM"
assets/data/furnitureData.bin.mid,779,Description,神々が愛用する木馬。全ゾンビの回復速度が10%アップする。(注意)この商品は１つしか所持できません。,,,jp_only_event,low,
assets/data/furnitureData.bin.mid,780,Name,神々の床,,Olympian Floor,jp_only_event,low,"no EN row; dev texture name ""tile""; proposed carried from TM"
assets/data/furnitureData.bin.mid,780,Description,神殿の雰囲気になる床。,,,jp_only_event,low,
assets/data/furnitureData.bin.mid,781,Name,神々の壁,,Olympian Wall,jp_only_event,low,"no EN row; dev texture name ""wall""; proposed carried from TM"
assets/data/furnitureData.bin.mid,781,Description,どこかで見たことのある顔がデザインされた壁。,,,jp_only_event,low,
assets/data/furnitureData.bin.mid,782,Name,テーブル,White tablecloth,Tablecloth Table,same_art_or_category,low,"texture ""tablecloth"" ~ EN row 160 (fuzzy 0.80 — verify, may be wrong item); proposed carried from TM"
assets/data/furnitureData.bin.mid,782,Description,海底にある城からもらってきたテーブル。,The most basic form of tablecloth.,,same_art_or_category,low,
assets/data/furnitureData.bin.mid,783,Name,ごみばこ,,Trash Bin,jp_only_event,low,"no EN row; dev texture name ""TrashBin_Red""; proposed carried from TM"
assets/data/furnitureData.bin.mid,783,Description,サイバーなシンク。毎秒256バイト処理できる。,,,jp_only_event,low,
assets/data/furnitureData.bin.mid,784,Name,ラック,,Book Rack,jp_only_event,low,"no EN row; dev texture name ""booklac""; proposed carried from TM"
assets/data/furnitureData.bin.mid,784,Description,おしゃれなラックで整理しよう。,,,jp_only_event,low,
assets/data/furnitureData.bin.mid,785,Name,テレビ,,TV,needs_human_review,low,"no EN row, no texture name; proposed carried from TM"
assets/data/furnitureData.bin.mid,785,Description,海底のツボにいたタコ。,,,jp_only_event,low,
assets/data/furnitureData.bin.mid,786,Name,ロックカウンター,Pub Table,Mega Man Counter,same_art_or_category,low,"texture ""table"" ~ EN row 227 (fuzzy 0.77 — verify, may be wrong item); proposed carried from TM"
assets/data/furnitureData.bin.mid,786,Description,ロックマンコラボステージで使用されたカウンター。,A good place to have a pint with your mates.,,same_art_or_category,low,
assets/data/furnitureData.bin.mid,787,Name,ロックトゲ,Pub Table,Mega Man Spikes,same_art_or_category,low,"texture ""table"" ~ EN row 227 (fuzzy 0.77 — verify, may be wrong item); proposed carried from TM"
assets/data/furnitureData.bin.mid,787,Description,ロックマンコラボステージで使用されたトゲ。,A good place to have a pint with your mates.,,same_art_or_category,low,
assets/data/furnitureData.bin.mid,788,Name,ロック床,,Mega Man Floor,jp_only_event,low,"no EN row; dev texture name ""tilel""; proposed carried from TM"
assets/data/furnitureData.bin.mid,788,Description,ロックマンコラボステージで使用された床。,,,jp_only_event,low,
assets/data/furnitureData.bin.mid,789,Name,ロック床,,Mega Man Floor,jp_only_event,low,"no EN row; dev texture name ""tilel""; proposed carried from TM"
assets/data/furnitureData.bin.mid,789,Description,ロックマンコラボステージで使用された床。,,,jp_only_event,low,
assets/data/furnitureData.bin.mid,790,Name,ロック壁,,Mega Man Wall,jp_only_event,low,"no EN row; dev texture name ""wall""; proposed carried from TM"
assets/data/furnitureData.bin.mid,790,Description,ロックマンコラボステージで使用された壁。,,,jp_only_event,low,
assets/data/furnitureData.bin.mid,791,Name,追加壁,Wall crack,Castle Wall,same_art_or_category,low,"texture ""Wall_clock"" ~ EN row 179 (fuzzy 0.78 — verify, may be wrong item); proposed carried from TM"
assets/data/furnitureData.bin.mid,791,Description,海底のような砂を敷き詰めた床。,,,same_art_or_category,low,
assets/data/furnitureData.bin.mid,792,Name,追加壁,Wall crack,Castle Wall,same_art_or_category,low,"texture ""Wall_clock"" ~ EN row 179 (fuzzy 0.78 — verify, may be wrong item); proposed carried from TM"
assets/data/furnitureData.bin.mid,792,Description,海底のような壁紙を使用した壁。,,,same_art_or_category,low,
assets/data/furnitureData.bin.mid,793,Name,城壁オブジェ,,Castle Wall Ornament,jp_only_event,low,"no EN row; dev texture name ""wall""; proposed carried from TM"
assets/data/furnitureData.bin.mid,793,Description,石を積み上げた壁。お城に使用されている。,,,jp_only_event,low,
assets/data/furnitureData.bin.mid,794,Name,戦のテーブル,Pub Table,War Camp Table,same_art_or_category,low,"texture ""table"" ~ EN row 227 (fuzzy 0.77 — verify, may be wrong item); proposed carried from TM"
assets/data/furnitureData.bin.mid,794,Description,戦国時代っぽいテーブル。,A good place to have a pint with your mates.,,same_art_or_category,low,
assets/data/furnitureData.bin.mid,795,Name,戦の柵1,Wall Fan,War Camp Fence 1,same_art_or_category,low,"texture ""wall_fence"" ~ EN row 386 (fuzzy 0.75 — verify, may be wrong item); proposed carried from TM"
assets/data/furnitureData.bin.mid,795,Description,戦国時代っぽい壁。,Welcome to ___the fan of the rising sun__�.,,same_art_or_category,low,
assets/data/furnitureData.bin.mid,796,Name,戦の柵2,Wall Fan,War Camp Fence 2,same_art_or_category,low,"texture ""wall_fence"" ~ EN row 386 (fuzzy 0.75 — verify, may be wrong item); proposed carried from TM"
assets/data/furnitureData.bin.mid,796,Description,戦国時代っぽい壁。,Welcome to ___the fan of the rising sun__�.,,same_art_or_category,low,
assets/data/furnitureData.bin.mid,797,Name,戦の旗,,War Banner,jp_only_event,low,"no EN row; dev texture name ""hata""; proposed carried from TM"
assets/data/furnitureData.bin.mid,797,Description,戦国時代っぽい旗。,,,jp_only_event,low,
assets/data/furnitureData.bin.mid,798,Name,戦の刀,,Katana Display,jp_only_event,low,"no EN row; dev texture name ""katana""; proposed carried from TM"
assets/data/furnitureData.bin.mid,798,Description,刀を使うゾンビもたまにはいます。,,,jp_only_event,low,
assets/data/furnitureData.bin.mid,799,Name,戦のイス,,War Camp Stool,jp_only_event,low,"no EN row; dev texture name ""chair""; proposed carried from TM"
assets/data/furnitureData.bin.mid,799,Description,戦国時代っぽいイス。,,,jp_only_event,low,
assets/data/furnitureData.bin.mid,800,Name,武将の銅像,,Warlord Statue,jp_only_event,low,"no EN row; dev texture name ""statue""; proposed carried from TM"
assets/data/furnitureData.bin.mid,800,Description,戦国時代で活躍したゾンビの銅像。,,,jp_only_event,low,
assets/data/furnitureData.bin.mid,801,Name,アンプル：攻撃力+30,,Ampoule: Attack +30,jp_only_event,low,"no EN row; dev texture name ""ampoule_A""; proposed carried from TM"
assets/data/furnitureData.bin.mid,801,Description,「攻撃力」が+30になる,,,jp_only_event,low,
assets/data/furnitureData.bin.mid,802,Name,アンプル：スピード+30,,Ampoule: Speed +30,jp_only_event,low,"no EN row; dev texture name ""ampoule_A""; proposed carried from TM"
assets/data/furnitureData.bin.mid,802,Description,「スピード」が+30になる,,,jp_only_event,low,
assets/data/furnitureData.bin.mid,803,Name,アンプル：体力+2500,,Ampoule: Stamina +2500,jp_only_event,low,"no EN row; dev texture name ""ampoule_A""; proposed carried from TM"
assets/data/furnitureData.bin.mid,803,Description,「体力」の上限が+2500になる。,,,jp_only_event,low,
assets/data/furnitureData.bin.mid,804,Name,アンプル：体力+300 攻撃力+5,,"Ampoule: Stamina +300, Attack +5",jp_only_event,low,"no EN row; dev texture name ""ampoule_A""; proposed carried from TM"
assets/data/furnitureData.bin.mid,804,Description,「体力」が+300 「攻撃力」が+5 になる,,,jp_only_event,low,
assets/data/furnitureData.bin.mid,805,Name,アンプル：体力+600 攻撃力+10,,"Ampoule: Stamina +600, Attack +10",jp_only_event,low,"no EN row; dev texture name ""ampoule_A""; proposed carried from TM"
assets/data/furnitureData.bin.mid,805,Description,「体力」が+600 「攻撃力」が+10 になる,,,jp_only_event,low,
assets/data/furnitureData.bin.mid,806,Name,アンプル：体力+1000 攻撃力+15,,"Ampoule: Stamina +1000, Attack +15",jp_only_event,low,"no EN row; dev texture name ""ampoule_A""; proposed carried from TM"
assets/data/furnitureData.bin.mid,806,Description,「体力」が+1000 「攻撃力」が+15 になる,,,jp_only_event,low,
assets/data/furnitureData.bin.mid,807,Name,アンプル：体力+600 スピード+5,,"Ampoule: Stamina +600, Speed +5",jp_only_event,low,"no EN row; dev texture name ""ampoule_A""; proposed carried from TM"
assets/data/furnitureData.bin.mid,807,Description,「体力」が+600 「スピード」が+5になる,,,jp_only_event,low,
assets/data/furnitureData.bin.mid,808,Name,アンプル：体力+1200 スピード+10,,"Ampoule: Stamina +1200, Speed +10",jp_only_event,low,"no EN row; dev texture name ""ampoule_A""; proposed carried from TM"
assets/data/furnitureData.bin.mid,808,Description,「体力」が+1200 「スピード」が+10になる,,,jp_only_event,low,
assets/data/furnitureData.bin.mid,809,Name,アンプル：体力+1800 スピード+15,,"Ampoule: Stamina +1800, Speed +15",jp_only_event,low,"no EN row; dev texture name ""ampoule_A""; proposed carried from TM"
assets/data/furnitureData.bin.mid,809,Description,「体力」が+1800 「スピード」が+15になる,,,jp_only_event,low,
assets/data/furnitureData.bin.mid,810,Name,アンプル：体力+1000 攻撃力+10 スピード+10,,"Ampoule: Stamina +1000, Attack +10, Speed +10",jp_only_event,low,"no EN row; dev texture name ""ampoule_A""; proposed carried from TM"
assets/data/furnitureData.bin.mid,810,Description,「体力」が+1000 「攻撃力」が+10 「スピード」が+10になる,,,jp_only_event,low,
assets/data/furnitureData.bin.mid,811,Name,バルーン,,Balloon,jp_only_event,low,"no EN row; dev texture name ""balloon""; proposed carried from TM"
assets/data/furnitureData.bin.mid,811,Description,ファンシーなバルーン。,,,jp_only_event,low,
assets/data/furnitureData.bin.mid,812,Name,テーブル（バルーン）,Pub Table,Balloon Table,same_art_or_category,low,"texture ""table"" ~ EN row 227 (fuzzy 0.77 — verify, may be wrong item); proposed carried from TM"
assets/data/furnitureData.bin.mid,812,Description,ファンシーになるテーブル。,A good place to have a pint with your mates.,,same_art_or_category,low,
assets/data/furnitureData.bin.mid,813,Name,バルーン(青),,Balloon (Blue),jp_only_event,low,"no EN row; dev texture name ""balloon""; proposed carried from TM"
assets/data/furnitureData.bin.mid,813,Description,ファンシーなバルーン。,,,jp_only_event,low,
assets/data/furnitureData.bin.mid,814,Name,バルーン（黄）,,Balloon (Yellow),jp_only_event,low,"no EN row; dev texture name ""balloon""; proposed carried from TM"
assets/data/furnitureData.bin.mid,814,Description,ファンシーなバルーン。,,,jp_only_event,low,
assets/data/furnitureData.bin.mid,815,Name,バルーン（赤）,,Balloon (Red),jp_only_event,low,"no EN row; dev texture name ""balloon""; proposed carried from TM"
assets/data/furnitureData.bin.mid,815,Description,ファンシーなバルーン。,,,jp_only_event,low,
assets/data/furnitureData.bin.mid,816,Name,バルーン（白）,,Balloon (White),jp_only_event,low,"no EN row; dev texture name ""balloon""; proposed carried from TM"
assets/data/furnitureData.bin.mid,816,Description,ファンシーなバルーン。,,,jp_only_event,low,
assets/data/furnitureData.bin.mid,817,Name,バルーン（白花）,,Balloon (White Flower),jp_only_event,low,"no EN row; dev texture name ""balloon""; proposed carried from TM"
assets/data/furnitureData.bin.mid,817,Description,ファンシーなバルーン。,,,jp_only_event,low,
assets/data/furnitureData.bin.mid,818,Name,バルーン（黄華）,,Balloon (Yellow Flower),jp_only_event,low,"no EN row; dev texture name ""balloon""; proposed carried from TM"
assets/data/furnitureData.bin.mid,818,Description,ファンシーなバルーン。,,,jp_only_event,low,
assets/data/furnitureData.bin.mid,819,Name,レンガ壁1,,Brick Wall 1,jp_only_event,low,"no EN row; dev texture name ""block3 tile""; proposed carried from TM"
assets/data/furnitureData.bin.mid,819,Description,レンガ風の壁紙でおしゃれにしよう。,,,jp_only_event,low,
assets/data/furnitureData.bin.mid,820,Name,レンガ壁2,Wall crack,Brick Wall 2,same_art_or_category,low,"texture ""Wall_clock"" ~ EN row 179 (fuzzy 0.78 — verify, may be wrong item); proposed carried from TM"
assets/data/furnitureData.bin.mid,820,Description,レンガ風の壁紙でおしゃれにしよう。,,,same_art_or_category,low,
assets/data/furnitureData.bin.mid,821,Name,レンガ壁3,,Brick Wall 3,jp_only_event,low,"no EN row; dev texture name ""wall""; proposed carried from TM"
assets/data/furnitureData.bin.mid,821,Description,レンガ風の壁紙でおしゃれにしよう。,,,jp_only_event,low,
assets/data/furnitureData.bin.mid,822,Name,レンガ壁4,,Brick Wall 4,jp_only_event,low,"no EN row; dev texture name ""wa_tatamiC""; proposed carried from TM"
assets/data/furnitureData.bin.mid,822,Description,レンガ風の壁紙でおしゃれにしよう。,,,jp_only_event,low,
assets/data/furnitureData.bin.mid,823,Name,ドラゴンのコンロ,BBQ Stove,Dragon Stove,same_art_or_category,low,"texture ""stove"" ~ EN row 254 (fuzzy 0.77 — verify, may be wrong item); proposed carried from TM"
assets/data/furnitureData.bin.mid,823,Description,ドラゴンの口から注がれるマグマでどんな料理も即座に完成。調理時間40%減。,Fire up the grill and get a small rating bonus.,,same_art_or_category,low,
assets/data/furnitureData.bin.mid,824,Name,剣の壁掛け,,Wall-Mounted Sword,jp_only_event,low,"no EN row; dev texture name ""sword""; proposed carried from TM"
assets/data/furnitureData.bin.mid,824,Description,中世な雰囲気を出す一級品。少しだけ店の評価が上がりやすくなる。,,,jp_only_event,low,
assets/data/furnitureData.bin.mid,825,Name,宝箱,,Treasure Chest,jp_only_event,low,"no EN row; dev texture name ""box""; proposed carried from TM"
assets/data/furnitureData.bin.mid,825,Description,勇者の為にカフェ内に宝箱を配置してあげよう。少しだけ店の評価が上がりやすくなる。,,,jp_only_event,low,
assets/data/furnitureData.bin.mid,826,Name,王家のテーブル,Pub Table,Royal Table,same_art_or_category,low,"texture ""table"" ~ EN row 227 (fuzzy 0.77 — verify, may be wrong item); proposed carried from TM"
assets/data/furnitureData.bin.mid,826,Description,王家の血を引き継ぐ者だけが使用することを許されたテーブル。,A good place to have a pint with your mates.,,same_art_or_category,low,
assets/data/furnitureData.bin.mid,827,Name,王家のイス,,Royal Chair,jp_only_event,low,"no EN row; dev texture name ""chair""; proposed carried from TM"
assets/data/furnitureData.bin.mid,827,Description,王家の血を引き継ぐ者だけが使用することを許されたイス。,,,jp_only_event,low,
assets/data/furnitureData.bin.mid,828,Name,王家の柱,,Royal Column,jp_only_event,low,"no EN row; dev texture name ""greekColumn""; proposed carried from TM"
assets/data/furnitureData.bin.mid,828,Description,王家を代々支え続けた立派な柱。,,,jp_only_event,low,
assets/data/furnitureData.bin.mid,829,Name,王家のステンドグラス,Pub Window,Royal Stained Glass,same_art_or_category,low,"texture ""window"" ~ EN row 228 (fuzzy 0.80 — verify, may be wrong item); proposed carried from TM"
assets/data/furnitureData.bin.mid,829,Description,王家に光を注いだ豪華なステンドグラス。,Don't be a tosser! Get this window.,,same_art_or_category,low,
assets/data/furnitureData.bin.mid,830,Name,宝の地図,,Treasure Map,jp_only_event,low,"no EN row; dev texture name ""map""; proposed carried from TM"
assets/data/furnitureData.bin.mid,830,Description,王家の秘法が隠されていると噂される宝の地図。,,,jp_only_event,low,
assets/data/furnitureData.bin.mid,831,Name,魔王のイス,,Demon King's Throne,jp_only_event,low,"no EN row; dev texture name ""chair""; proposed carried from TM"
assets/data/furnitureData.bin.mid,831,Description,魔王を倒した後に戦利品として持って帰ったといわれるイス。,,,jp_only_event,low,
assets/data/furnitureData.bin.mid,832,Name,HWビル,,Halloween Tower,jp_only_event,low,"no EN row; dev texture name ""HWA""; proposed carried from TM"
assets/data/furnitureData.bin.mid,832,Description,HW用,,,jp_only_event,low,
assets/data/furnitureData.bin.mid,833,Name,HWはか,,Halloween Grave,jp_only_event,low,"no EN row; dev texture name ""HWB""; proposed carried from TM"
assets/data/furnitureData.bin.mid,833,Description,HW用,,,jp_only_event,low,
assets/data/furnitureData.bin.mid,834,Name,HWかぼちゃ,,Halloween Pumpkin,jp_only_event,low,"no EN row; dev texture name ""HWC""; proposed carried from TM"
assets/data/furnitureData.bin.mid,834,Description,HW用,,,jp_only_event,low,
