source_file,record_index,field,jp_text,english_reference,proposed_english,match_type,confidence,notes
assets/data/characterData.bin.mid,0,Name,,Man,Cashier,same_art_or_category,medium,"art ""generic/"" -> EN row 0 (2 JP rows share this art; qualifier needed); proposed carried from TM"
assets/data/characterData.bin.mid,0,HumanDescription,ごく普通の腹ペコの客。,"Just your average, hungry customer.","Just  your average, hungry customer.",same_art_or_category,medium,proposed carried from TM
assets/data/characterData.bin.mid,0,ZombieDescription,ごく普通の脳に飢えたゾンビ。,"Just your average, brain-hungry zombie.","Just  your average, brain-hungry zombie.",same_art_or_category,medium,proposed carried from TM
assets/data/characterData.bin.mid,1,Name,,Senior,Senior,direct_english_row,high,"art ""oldman/faris"" -> EN row 1"
assets/data/characterData.bin.mid,1,HumanDescription,ごく普通の腹ペコの客。,"Just your average, hungry customer.","Just your average, hungry customer.",direct_english_row,high,
assets/data/characterData.bin.mid,1,ZombieDescription,ごく普通の脳に飢えたゾンビ。,"Just your average, brain-hungry zombie.","Just your average, brain-hungry zombie.",direct_english_row,high,
assets/data/characterData.bin.mid,2,Name,,Woman,Cashier,same_art_or_category,medium,"art ""genericfemale/"" -> EN row 2 (2 JP rows share this art; qualifier needed); proposed carried from TM"
assets/data/characterData.bin.mid,2,HumanDescription,ごく普通の腹ペコの客。,"Just  your average, hungry customer.","Just  your average, hungry customer.",same_art_or_category,medium,proposed carried from TM
assets/data/characterData.bin.mid,2,ZombieDescription,ごく普通の脳に飢えたゾンビ。,"Just  your average, brain-hungry zombie.","Just  your average, brain-hungry zombie.",same_art_or_category,medium,proposed carried from TM
assets/data/characterData.bin.mid,3,Name,,Hipster,Hipster,direct_english_row,high,"art ""generic/omar"" -> EN row 3"
assets/data/characterData.bin.mid,3,HumanDescription,ごく普通の腹ペコの客。,"Just  your average, hungry customer.","Just  your average, hungry customer.",direct_english_row,high,
assets/data/characterData.bin.mid,3,ZombieDescription,ごく普通の脳に飢えたゾンビ。,"Just  your average, brain-hungry zombie.","Just  your average, brain-hungry zombie.",direct_english_row,high,
assets/data/characterData.bin.mid,4,Name,,Cashier,Cashier,direct_english_row,high,"art ""genericfemale/cutegirl"" -> EN row 4"
assets/data/characterData.bin.mid,4,HumanDescription,ごく普通の腹ペコの客。,"Just  your average, hungry customer.","Just  your average, hungry customer.",direct_english_row,high,
assets/data/characterData.bin.mid,4,ZombieDescription,ごく普通の脳に飢えたゾンビ。,"Just  your average, brain-hungry zombie.","Just  your average, brain-hungry zombie.",direct_english_row,high,
assets/data/characterData.bin.mid,5,Name,怠け者,Couch Potato,Couch Potato,same_art_or_category,medium,"art ""nerd/faris"" -> EN row 5 (15 JP rows share this art; qualifier needed); proposed carried from TM"
assets/data/characterData.bin.mid,5,HumanDescription,空腹を満たすため、重い腰を上げた。,He's taking a break from loafing to fill his stomach.,,same_art_or_category,medium,
assets/data/characterData.bin.mid,5,ZombieDescription,職歴のない平凡なゾンビ。,A somewhat mediocre zombie with no previous job experience.,,same_art_or_category,medium,
assets/data/characterData.bin.mid,6,Name,怠け者,Woman,Couch Potato,same_art_or_category,medium,"art ""genericfemale/"" -> EN row 2 (2 JP rows share this art; qualifier needed); proposed carried from TM"
assets/data/characterData.bin.mid,6,HumanDescription,空腹を満たすため、重い腰を上げた。,"Just  your average, hungry customer.",,same_art_or_category,medium,
assets/data/characterData.bin.mid,6,ZombieDescription,職歴のない平凡なゾンビ。,"Just  your average, brain-hungry zombie.",,same_art_or_category,medium,
assets/data/characterData.bin.mid,7,Name,テレフォンアポインター,Man,Telemarketer,same_art_or_category,medium,"art ""generic/"" -> EN row 0 (2 JP rows share this art; qualifier needed); proposed carried from TM"
assets/data/characterData.bin.mid,7,HumanDescription,長距離電話サービス変更の勧誘が、唯一の特技。,"Just your average, hungry customer.",,same_art_or_category,medium,
assets/data/characterData.bin.mid,7,ZombieDescription,人間の時は理不尽な客にやる気を失っていた、ゾンビになって恩返し。,"Just your average, brain-hungry zombie.",,same_art_or_category,medium,
assets/data/characterData.bin.mid,8,Name,テレフォンアポインター,Telemarketer,Telemarketer,same_art_or_category,medium,"art ""generic/businesswoman"" -> EN row 8 (2 JP rows share this art; qualifier needed); proposed carried from TM"
assets/data/characterData.bin.mid,8,HumanDescription,長距離電話サービス変更の勧誘が、唯一の特技。,The only thing she knows how to do is convince people to switch long-distance plans.,,same_art_or_category,medium,
assets/data/characterData.bin.mid,8,ZombieDescription,人間の時は理不尽な客にやる気を失っていた、ゾンビになって恩返し。,"In life, she was sapped of her will to live by brain-dead customers. In death, she's returning the favor.",,same_art_or_category,medium,
assets/data/characterData.bin.mid,9,Name,教師,Teacher,Teacher,direct_english_row,high,"art ""nerd/generic"" -> EN row 9"
assets/data/characterData.bin.mid,9,HumanDescription,おいしい物を食べさせないと、居残りさせられる。,"Give him a good meal, or he'll give you detention.","Give him a good meal, or he'll give you detention.",direct_english_row,high,
assets/data/characterData.bin.mid,9,ZombieDescription,使わない脳をいただきます。まあ、どちらにしろいただきます。,"If he can't  feed your brain, he'll eat it instead. Ah, who're we kidding? He'll eat it anyway.","If he can't  feed your brain, he'll eat it instead. Ah, who're we kidding? He'll eat it anyway.",direct_english_row,high,
assets/data/characterData.bin.mid,10,Name,教師,Teacher,Teacher,direct_english_row,high,"art ""nerd/oldlady"" -> EN row 10"
assets/data/characterData.bin.mid,10,HumanDescription,おいしい物を食べさせないと、居残りさせられる。,"Give her a good meal, or she'll give you detention.","Give her a good meal, or she'll give you detention.",direct_english_row,high,
assets/data/characterData.bin.mid,10,ZombieDescription,使わない脳をいただきます。まあ、どちらにしろいただきます。,"If she can't  feed your brain, she'll eat it instead. Ah, who're we kidding? She'll eat it anyway.","If she can't  feed your brain, she'll eat it instead. Ah, who're we kidding? She'll eat it anyway.",direct_english_row,high,
assets/data/characterData.bin.mid,11,Name,会計士,Accountant,Accountant,same_art_or_category,medium,"art ""businessman/oldman"" -> EN row 11 (4 JP rows share this art; qualifier needed); proposed carried from TM"
assets/data/characterData.bin.mid,11,HumanDescription,計算は、ランチより集中力が必要。,Crunching numbers takes more concentration than nibbling on lunch.,,same_art_or_category,medium,
assets/data/characterData.bin.mid,11,ZombieDescription,計算は、血肉をすするより難しい。,Crunching numbers takes more concentration than nibbling flesh.,,same_art_or_category,medium,
assets/data/characterData.bin.mid,12,Name,ヨガの先生,Yoga Instructor,Yoga Instructor,direct_english_row,high,"art ""firefighter/cutegirl"" -> EN row 12"
assets/data/characterData.bin.mid,12,HumanDescription,体をねじると、健康的な食欲がわいてくる。,All that  physical contortion builds up a healthy appetite.,All that  physical contortion builds up a healthy appetite.,direct_english_row,high,
assets/data/characterData.bin.mid,12,ZombieDescription,体をねじると、健康的な食欲がわいてくる。あ、お腹すいた。,All that  physical contortion builds up a healthy appetite. For brains.,All that  physical contortion builds up a healthy appetite. For brains.,direct_english_row,high,
assets/data/characterData.bin.mid,13,Name,ビジネスマン,Businessman,Businessman,same_art_or_category,medium,"art ""businessman/faris"" -> EN row 13 (3 JP rows share this art; qualifier needed); proposed carried from TM"
assets/data/characterData.bin.mid,13,HumanDescription,職場のゾンビ。生きてはいるが、死んでいるような毎日。,He's a cubicle zombie. He's just not dead yet.,,same_art_or_category,medium,
assets/data/characterData.bin.mid,13,ZombieDescription,元会社勤めのゾンビ、生きている実感を取り戻した。,He's a former cubicle zombie who now has better working hours and a brain-inclusive benefit  package.,,same_art_or_category,medium,
assets/data/characterData.bin.mid,14,Name,ビジネスマン,Businessman,Businessman,same_art_or_category,medium,"art ""businessman/"" -> EN row 14 (7 JP rows share this art; qualifier needed); proposed carried from TM"
assets/data/characterData.bin.mid,14,HumanDescription,職場のゾンビ。生きてはいるが、死んでいるような毎日。,He's a cubicle zombie. He's just not dead yet.,,same_art_or_category,medium,
assets/data/characterData.bin.mid,14,ZombieDescription,元会社勤めのゾンビ、生きている実感を取り戻した。,He's a former cubicle zombie who now has better working hours and a brain-inclusive benefit  package.,,same_art_or_category,medium,
assets/data/characterData.bin.mid,15,Name,OL,Businesswoman,Businesswoman,same_art_or_category,medium,"art ""businesswoman/"" -> EN row 15 (7 JP rows share this art; qualifier needed); proposed carried from TM"
assets/data/characterData.bin.mid,15,HumanDescription,職場のゾンビ。生きてはいるが、死んでいるような毎日。,She's a cubicle zombie. She's just not dead yet.,,same_art_or_category,medium,
assets/data/characterData.bin.mid,15,ZombieDescription,元会社勤めのゾンビ、生きている実感を取り戻した。,She's a former cubicle zombie who now has better working hours and a brain-inclusive benefit  package.,,same_art_or_category,medium,
assets/data/characterData.bin.mid,16,Name,政治家,Businessman,Politician,same_art_or_category,medium,"art ""businessman/"" -> EN row 14 (7 JP rows share this art; qualifier needed); proposed carried from TM"
assets/data/characterData.bin.mid,16,HumanDescription,票を得ようと食後のコーヒーを飲みにきている。,He's a cubicle zombie. He's just not dead yet.,,same_art_or_category,medium,
assets/data/characterData.bin.mid,16,ZombieDescription,国民のために尽くすのはやめ、今では客のために料理を出す。,He's a former cubicle zombie who now has better working hours and a brain-inclusive benefit  package.,,same_art_or_category,medium,
assets/data/characterData.bin.mid,17,Name,政治家,Businesswoman,Politician,same_art_or_category,medium,"art ""businesswoman/"" -> EN row 15 (7 JP rows share this art; qualifier needed); proposed carried from TM"
assets/data/characterData.bin.mid,17,HumanDescription,票を得ようと食後のコーヒーを飲みにきている。,She's a cubicle zombie. She's just not dead yet.,,same_art_or_category,medium,
assets/data/characterData.bin.mid,17,ZombieDescription,国民のために尽くすのはやめ、今では客のために料理を出す。,She's a former cubicle zombie who now has better working hours and a brain-inclusive benefit  package.,,same_art_or_category,medium,
assets/data/characterData.bin.mid,18,Name,企業幹部,Businessman,Executive,same_art_or_category,medium,"art ""businessman/"" -> EN row 14 (7 JP rows share this art; qualifier needed); proposed carried from TM"
assets/data/characterData.bin.mid,18,HumanDescription,中間管理職の立場を利用してランチにきた仕事の虫。,He's a cubicle zombie. He's just not dead yet.,,same_art_or_category,medium,
assets/data/characterData.bin.mid,18,ZombieDescription,ライバル店の常連を虜にするため尽力している。,He's a former cubicle zombie who now has better working hours and a brain-inclusive benefit  package.,,same_art_or_category,medium,
assets/data/characterData.bin.mid,19,Name,企業幹部,Businesswoman,Executive,same_art_or_category,medium,"art ""businesswoman/"" -> EN row 15 (7 JP rows share this art; qualifier needed); proposed carried from TM"
assets/data/characterData.bin.mid,19,HumanDescription,中間管理職の立場を利用してランチにきた仕事の虫。,She's a cubicle zombie. She's just not dead yet.,,same_art_or_category,medium,
assets/data/characterData.bin.mid,19,ZombieDescription,ライバル店の常連を虜にするため尽力している。,She's a former cubicle zombie who now has better working hours and a brain-inclusive benefit  package.,,same_art_or_category,medium,
assets/data/characterData.bin.mid,20,Name,社長,Businessman,CEO,same_art_or_category,medium,"art ""businessman/"" -> EN row 14 (7 JP rows share this art; qualifier needed); proposed carried from TM"
assets/data/characterData.bin.mid,20,HumanDescription,ハイレベルな企業戦略を用いて食事をとる。,He's a cubicle zombie. He's just not dead yet.,,same_art_or_category,medium,
assets/data/characterData.bin.mid,20,ZombieDescription,商談のコツを知っている。禁断の取引もバッチリ。,He's a former cubicle zombie who now has better working hours and a brain-inclusive benefit  package.,,same_art_or_category,medium,
assets/data/characterData.bin.mid,21,Name,社長,Businesswoman,CEO,same_art_or_category,medium,"art ""businesswoman/"" -> EN row 15 (7 JP rows share this art; qualifier needed); proposed carried from TM"
assets/data/characterData.bin.mid,21,HumanDescription,ハイレベルな企業戦略を用いて食事をとる。,She's a cubicle zombie. She's just not dead yet.,,same_art_or_category,medium,
assets/data/characterData.bin.mid,21,ZombieDescription,商談のコツを知っている。禁断の取引もバッチリ。,She's a former cubicle zombie who now has better working hours and a brain-inclusive benefit  package.,,same_art_or_category,medium,
assets/data/characterData.bin.mid,22,Name,退職者,Retiree,Retiree,same_art_or_category,medium,"art ""oldman/"" -> EN row 22 (2 JP rows share this art; qualifier needed); proposed carried from TM"
assets/data/characterData.bin.mid,22,HumanDescription,注文を決めるのに20分も費やすことで、隠居生活を謳歌している。,He's enjoying his retirement by taking 20 minutes to decide what he wants to eat.,,same_art_or_category,medium,
assets/data/characterData.bin.mid,22,ZombieDescription,隠居生活の良さは何でも食べられること。脳だってペロリ。,The best  part  of retirement  is not  having to watch what  you eat. Like brains.,,same_art_or_category,medium,
assets/data/characterData.bin.mid,23,Name,退職者,Retiree,Retiree,same_art_or_category,medium,"art ""genericfemale/oldlady"" -> EN row 23 (2 JP rows share this art; qualifier needed); proposed carried from TM"
assets/data/characterData.bin.mid,23,HumanDescription,注文を決めるのに20分も費やすことで、隠居生活を謳歌している。,She's enjoying her retirement by taking 20 minutes to decide what she wants to eat.,,same_art_or_category,medium,
assets/data/characterData.bin.mid,23,ZombieDescription,隠居生活の良さは何でも食べられること。脳だってペロリ。,The best  part  of retirement  is not  having to watch what  you eat. Like brains.,,same_art_or_category,medium,
assets/data/characterData.bin.mid,24,Name,退役軍人,Veteran,Veteran,same_art_or_category,medium,"art ""firefighter/oldman"" -> EN row 24 (2 JP rows share this art; qualifier needed); proposed carried from TM"
assets/data/characterData.bin.mid,24,HumanDescription,世界大戦で戦った猛者だが、好物はスープ。,"He's fought in wars, ya know. World Wars. Now he's ordering the soup.",,same_art_or_category,medium,
assets/data/characterData.bin.mid,24,ZombieDescription,世界大戦では敵を恐怖に震わせ、今では客を歓喜に震わす。,"He's tough. He's fought  in wars, ya know. World Wars. Now he's serving your customers.",,same_art_or_category,medium,
assets/data/characterData.bin.mid,25,Name,100歳,Retiree,Centenarian,same_art_or_category,medium,"art ""oldman/"" -> EN row 22 (2 JP rows share this art; qualifier needed); proposed carried from TM"
assets/data/characterData.bin.mid,25,HumanDescription,100歳、メニューもろくに読めない。,He's enjoying his retirement by taking 20 minutes to decide what he wants to eat.,,same_art_or_category,medium,
assets/data/characterData.bin.mid,25,ZombieDescription,100歳、店内を歩くこともままならない。ましてや客を食べるなんてできない。,The best  part  of retirement  is not  having to watch what  you eat. Like brains.,,same_art_or_category,medium,
assets/data/characterData.bin.mid,26,Name,10代,Teenager,Teenager,same_art_or_category,medium,"art ""teen/"" -> EN row 26 (8 JP rows share this art; qualifier needed); proposed carried from TM"
assets/data/characterData.bin.mid,26,HumanDescription,若さに満ちあふれている。でも、口答えばかり。,He's full of youthful energy and backtalk.,,same_art_or_category,medium,
assets/data/characterData.bin.mid,26,ZombieDescription,若さに満ちあふれている。車を買うために貯金中、ついつい客を食べちゃうかも。,He's full of youthful energy and he might impulsively pick off your customers while he saves up for a car.,,same_art_or_category,medium,
assets/data/characterData.bin.mid,27,Name,パンク,Teenager,Punk,same_art_or_category,medium,"art ""teen/"" -> EN row 26 (8 JP rows share this art; qualifier needed); proposed carried from TM"
assets/data/characterData.bin.mid,27,HumanDescription,苦情ばかりでチップはほとんど置いていかない。,He's full of youthful energy and backtalk.,,same_art_or_category,medium,
assets/data/characterData.bin.mid,27,ZombieDescription,客を追いかけ回し、脳を食べてしまう。,He's full of youthful energy and he might impulsively pick off your customers while he saves up for a car.,,same_art_or_category,medium,
assets/data/characterData.bin.mid,28,Name,落ちこぼれ,Underachiever,Underachiever,direct_english_row,high,"art ""teen/omar"" -> EN row 28"
assets/data/characterData.bin.mid,28,HumanDescription,作文をサボって食事を食べる。,He's getting a bite to eat while he avoids writing an essay.,He's getting a bite to eat while he avoids writing an essay.,direct_english_row,high,
assets/data/characterData.bin.mid,28,ZombieDescription,脳を使うのは大嫌いだったが、今はどんな脳でも食べる。,He never did like homework. Now he eats any brains he can get  his hands on.,He never did like homework. Now he eats any brains he can get  his hands on.,direct_english_row,high,
assets/data/characterData.bin.mid,29,Name,クラスの笑い者,Teenager,Class Clown,same_art_or_category,medium,"art ""teen/"" -> EN row 26 (8 JP rows share this art; qualifier needed); proposed carried from TM"
assets/data/characterData.bin.mid,29,HumanDescription,どれだけ居残りさせても、自分はスターだと信じ込んでいる。,He's full of youthful energy and backtalk.,,same_art_or_category,medium,
assets/data/characterData.bin.mid,29,ZombieDescription,目立ちたい訳ではない、ただ脳が食べたいだけ。,He's full of youthful energy and he might impulsively pick off your customers while he saves up for a car.,,same_art_or_category,medium,
assets/data/characterData.bin.mid,30,Name,オタク,Nerd,Nerd,same_art_or_category,medium,"art ""nerd/"" -> EN row 30 (3 JP rows share this art; qualifier needed); proposed carried from TM"
assets/data/characterData.bin.mid,30,HumanDescription,残っている昼食代を使おうとしている。,"He's still got  his lunch money, and he intends to spend it.",,same_art_or_category,medium,
assets/data/characterData.bin.mid,30,ZombieDescription,かつてはクラス代表の座を追い求めていたが、今ではライバル店の常連客を追い求める。,"He used to run for class President, now he just runs. Fast. And hunts down enemy clientele.",,same_art_or_category,medium,
assets/data/characterData.bin.mid,31,Name,数学マニア,Mathlete,Mathlete,direct_english_row,high,"art ""businessman/nerd"" -> EN row 31"
assets/data/characterData.bin.mid,31,HumanDescription,おいしい食事に飢えている。デザートはパイ（円周率）。,"He's hungry for a good meal, and afterwards, some pi.","He's hungry for a good meal, and afterwards, some pi.",direct_english_row,high,
assets/data/characterData.bin.mid,31,ZombieDescription,暗算と同じくらい速く、脳をたいらげる。,He can eat  brains as fast as he can do calculus in his head.,He can eat  brains as fast as he can do calculus in his head.,direct_english_row,high,
assets/data/characterData.bin.mid,32,Name,情報主任,CIO,CIO,direct_english_row,high,"art ""oldman/nerd"" -> EN row 32"
assets/data/characterData.bin.mid,32,HumanDescription,IT関係の億万長者。金の稼ぎ方を熟知している。,Software billionaire.  This guy knows how to make money.,Software billionaire.  This guy knows how to make money.,direct_english_row,high,
assets/data/characterData.bin.mid,32,ZombieDescription,元億万長者、チップは非課税。,Ex-billionaire.  Does not declare his tips as taxable income.,Ex-billionaire.  Does not declare his tips as taxable income.,direct_english_row,high,
assets/data/characterData.bin.mid,33,Name,肉体労働者,Construction Worker,Construction Worker,same_art_or_category,medium,"art ""teen/constructionworker"" -> EN row 33 (2 JP rows share this art; qualifier needed); proposed carried from TM"
assets/data/characterData.bin.mid,33,HumanDescription,16トンの荷物を運んでも、酒と少しのパンが買えるだけ。,"You load sixteen tons, what do ya get? Something to drink and something on bread.",,same_art_or_category,medium,
assets/data/characterData.bin.mid,33,ZombieDescription,怪力の持ち主。使い古した作業ブーツが自慢。,Fights with the strength of Samson and serves with all the charm of an old work boot.,,same_art_or_category,medium,
assets/data/characterData.bin.mid,34,Name,エンジニア,Engineer,Engineer,direct_english_row,high,"art ""constructionworker/"" -> EN row 34"
assets/data/characterData.bin.mid,34,HumanDescription,仕事に戻る前に、手早く昼食を済ませる建築技師。,He's a construction engineer that  needs a quick bite before he gets back on the job.,He's a construction engineer that  needs a quick bite before he gets back on the job.,direct_english_row,high,
assets/data/characterData.bin.mid,34,ZombieDescription,元建築技師。ゾンビになっても設計はお手の物。,He used to be a construction engineer. Now he engineers the PAIN.,He used to be a construction engineer. Now he engineers the PAIN.,direct_english_row,high,
assets/data/characterData.bin.mid,35,Name,現場監督,Foreman,Foreman,direct_english_row,high,"art ""businessman/constructionworker"" -> EN row 35"
assets/data/characterData.bin.mid,35,HumanDescription,現場から離れた場所で昼食をとる。,He's takin' a break from the jobsite to get  his lunch.,He's takin' a break from the jobsite to get  his lunch.,direct_english_row,high,
assets/data/characterData.bin.mid,35,ZombieDescription,完全武装で準備万端。,Foremanned is forearmed. To the teeth.,Foremanned is forearmed. To the teeth.,direct_english_row,high,
assets/data/characterData.bin.mid,36,Name,警官,Cop,Cop,direct_english_row,high,"art ""officer/"" -> EN row 36"
assets/data/characterData.bin.mid,36,HumanDescription,巡回中に地元のレストランに立ち寄る。,He's swingin' by his local food joint  while he's on his beat.,He's swingin' by his local food joint  while he's on his beat.,direct_english_row,high,
assets/data/characterData.bin.mid,36,ZombieDescription,今でも勤務中。容疑者には黙秘権を与えよう、脳をくれたらね。,He's still on duty. You have the right  to remain silent... after he eats your brains.,He's still on duty. You have the right  to remain silent... after he eats your brains.,direct_english_row,high,
assets/data/characterData.bin.mid,37,Name,交通警官,Traffic Cop,Traffic Cop,direct_english_row,high,"art ""constructionworker/officer"" -> EN row 37"
assets/data/characterData.bin.mid,37,HumanDescription,交通整理はお手の物。いつでも冷静。,"He knows how to direct  traffic, and keep a cool head.","He knows how to direct  traffic, and keep a cool head.",direct_english_row,high,
assets/data/characterData.bin.mid,37,ZombieDescription,人の扱いは慣れたもの。頭は常に冷静だが客へのよだれが止まらない。,"Knows how to handle customers, and keep a cool head.  Other heads he might eat.","Knows how to handle customers, and keep a cool head.  Other heads he might eat.",direct_english_row,high,
assets/data/characterData.bin.mid,38,Name,巡査部長,Sergeant,Sergeant,same_art_or_category,medium,"art ""businessman/officer"" -> EN row 38 (2 JP rows share this art; qualifier needed); proposed carried from TM"
assets/data/characterData.bin.mid,38,HumanDescription,警察のトップ。部下全員に本日のスペシャルランチを食べにこいと命じている。,The head of the police dept. is calling all units to come have the lunch special.,,same_art_or_category,medium,
assets/data/characterData.bin.mid,38,ZombieDescription,警察の元トップ。仕事をしながらも、客を守る。,The former head of the police dept. This is one zombie that knows how to serve and protect.,,same_art_or_category,medium,
assets/data/characterData.bin.mid,39,Name,地元の英雄,Local Hero,Local Hero,same_art_or_category,medium,"art ""officer/omar"" -> EN row 39 (3 JP rows share this art; qualifier needed); proposed carried from TM"
assets/data/characterData.bin.mid,39,HumanDescription,客を手伝い、そして守る。,He both serves and protects your customers.,,same_art_or_category,medium,
assets/data/characterData.bin.mid,39,ZombieDescription,あなたの店の客を守り、その他の店の客を食らう。,"He both serves and protects YOUR customers, but not anybody else's...",,same_art_or_category,medium,
assets/data/characterData.bin.mid,40,Name,ボクサー,Boxer,Boxer,same_art_or_category,medium,"art ""boxer/"" -> EN row 40 (8 JP rows share this art; qualifier needed); proposed carried from TM"
assets/data/characterData.bin.mid,40,HumanDescription,チョウのように舞い、ハチのように刺す。そして馬のように食べる。,"Floats like a butterfly, stings like a bee. Eats like a horse.",,same_art_or_category,medium,
assets/data/characterData.bin.mid,40,ZombieDescription,チョウのように舞い、ハチのように刺す。そして誰でも食らう。,"Floats like a butterfly, stings like a bee. Eats just about anybody.",,same_art_or_category,medium,
assets/data/characterData.bin.mid,41,Name,ボクサーくずれ,Boxer,Washed-Up Boxer,same_art_or_category,medium,"art ""boxer/"" -> EN row 40 (8 JP rows share this art; qualifier needed); proposed carried from TM"
assets/data/characterData.bin.mid,41,HumanDescription,優勝候補も、今ではただのランチにきた客。,"Floats like a butterfly, stings like a bee. Eats like a horse.",,same_art_or_category,medium,
assets/data/characterData.bin.mid,41,ZombieDescription,かつての誇り高きファイター、今は客を襲って栄光を取り戻す。,"Floats like a butterfly, stings like a bee. Eats just about anybody.",,same_art_or_category,medium,
assets/data/characterData.bin.mid,42,Name,チャンピオン,Boxer,Champion,same_art_or_category,medium,"art ""boxer/"" -> EN row 40 (8 JP rows share this art; qualifier needed); proposed carried from TM"
assets/data/characterData.bin.mid,42,HumanDescription,ヘビー級王者は空腹相手にもノックアウトを狙う。,"Floats like a butterfly, stings like a bee. Eats like a horse.",,same_art_or_category,medium,
assets/data/characterData.bin.mid,42,ZombieDescription,自称史上最強のゾンビ！存在感抜群で、客を魅了する。,"Floats like a butterfly, stings like a bee. Eats just about anybody.",,same_art_or_category,medium,
assets/data/characterData.bin.mid,43,Name,アメフト選手,Football Player,Football Player,direct_english_row,high,"art ""footballplayer/"" -> EN row 43"
assets/data/characterData.bin.mid,43,HumanDescription,マッスル、ハッスル！,He's got a lot of muscle and a lot  of hustle.,He's got a lot of muscle and a lot  of hustle.,direct_english_row,high,
assets/data/characterData.bin.mid,43,ZombieDescription,マッスル、ハッスル、タックル！,He's got  a lot  of muscle and a lot of hustle. He'll tackle anything with brains.,He's got  a lot  of muscle and a lot of hustle. He'll tackle anything with brains.,direct_english_row,high,
assets/data/characterData.bin.mid,44,Name,控え選手,Benchwarmer,Benchwarmer,direct_english_row,high,"art ""generic/footballplayer"" -> EN row 44"
assets/data/characterData.bin.mid,44,HumanDescription,今でもチームを支えているとママに励まされている。,His mom says he's still helping the team.,His mom says he's still helping the team.,direct_english_row,high,
assets/data/characterData.bin.mid,44,ZombieDescription,ヘルメットで頭部は安全。だが頭に大事なものは詰まっていない。,His helmet  protects his head.  Not that there's much in there worth protecting.,His helmet  protects his head.  Not that there's much in there worth protecting.,direct_english_row,high,
assets/data/characterData.bin.mid,45,Name,花形選手,Star Player,Star Player,same_art_or_category,medium,"art ""footballplayer/generic"" -> EN row 45 (3 JP rows share this art; qualifier needed); proposed carried from TM"
assets/data/characterData.bin.mid,45,HumanDescription,ハイズマン賞受賞選手。食べる気満々で来店した。,"He's won the Heisman Trophy, now he's down for a big meal.",,same_art_or_category,medium,
assets/data/characterData.bin.mid,45,ZombieDescription,客の頭がアメフトのボールに見える。,This football star's tried pigskin. Now he wants human flesh.,,same_art_or_category,medium,
assets/data/characterData.bin.mid,46,Name,ピエロ,Clown,Clown,direct_english_row,high,"art ""clown/"" -> EN row 46"
assets/data/characterData.bin.mid,46,HumanDescription,愉快な常連客になるはず。,He makes for an amusing addition to your clientele.,He makes for an amusing addition to your clientele.,direct_english_row,high,
assets/data/characterData.bin.mid,46,ZombieDescription,脳と冗談のオチに飢えている。,He's hungry for brains and a good punch line.,He's hungry for brains and a good punch line.,direct_english_row,high,
assets/data/characterData.bin.mid,47,Name,とぼけたピエロ,Stoogey the Clown,Stoogey the Clown,same_art_or_category,medium,"art ""teen/clown"" -> EN row 47 (4 JP rows share this art; qualifier needed); proposed carried from TM"
assets/data/characterData.bin.mid,47,HumanDescription,笑いをとるのはお手の物。でも、人を愛せない。,Stoogey the clown knows how to make people laugh. If only Stoogey could love.,,same_art_or_category,medium,
assets/data/characterData.bin.mid,47,ZombieDescription,笑いをとるのはお手の物。でも、最後に笑うのは彼自身だ。,Stoogey the clown knew how to make people laugh. Now it is Stoogey who will have the last  laugh.,,same_art_or_category,medium,
assets/data/characterData.bin.mid,48,Name,消防士,Fire Fighter,Fire Fighter,direct_english_row,high,"art ""firefighter/"" -> EN row 48"
assets/data/characterData.bin.mid,48,HumanDescription,この消防士の空腹を満たすことができるのは君だけ。,Only YOU can prevent  this Firefighter from going away hungry.,Only YOU can prevent  this Firefighter from going away hungry.,direct_english_row,high,
assets/data/characterData.bin.mid,48,ZombieDescription,この腹ペコ消防士の空腹を満たすことができるのは君だけ。,Only YOU can prevent  this Firefighter from going away hungry by getting him some brains.,Only YOU can prevent  this Firefighter from going away hungry by getting him some brains.,direct_english_row,high,
assets/data/characterData.bin.mid,49,Name,消防署長,Fire Chief,Fire Chief,direct_english_row,high,"art ""businessman/firefighter"" -> EN row 49"
assets/data/characterData.bin.mid,49,HumanDescription,消火活動やビルの立入検査でお腹はペコペコ。,Putting out  fires and inspecting buildings really works up an appetite.,Putting out  fires and inspecting buildings really works up an appetite.,direct_english_row,high,
assets/data/characterData.bin.mid,49,ZombieDescription,消火活動やビルの立入検査でお腹はペコペコ。,Putting out  fires and inspecting buildings really works up an appetite...for BRAINS!!,Putting out  fires and inspecting buildings really works up an appetite...for BRAINS!!,direct_english_row,high,
assets/data/characterData.bin.mid,50,Name,力士,Sumo Wrestler,Sumo Wrestler,same_art_or_category,medium,"art ""sumowrestler/"" -> EN row 50 (5 JP rows share this art; qualifier needed); proposed carried from TM"
assets/data/characterData.bin.mid,50,HumanDescription,1日の消費カロリーは、驚愕の2万キロカロリー。,"He consumes 20,000 calories a day, which most  people find quite terrifying.",,same_art_or_category,medium,
assets/data/characterData.bin.mid,50,ZombieDescription,普通よりかなり体重が重いが俊足。,"He outweighs all his victims by at least  100lbs, but he's light on his feet.",,same_art_or_category,medium,
assets/data/characterData.bin.mid,51,Name,セレブ,Celebrity,Celebrity,same_art_or_category,medium,"art ""model/"" -> EN row 51 (5 JP rows share this art; qualifier needed); proposed carried from TM"
assets/data/characterData.bin.mid,51,HumanDescription,ゴシップ紙の記者やマスコミから身を隠す時に来店する。,She eats here when she's busy ducking the tabloid reporters and the paparazzi.,,same_art_or_category,medium,
assets/data/characterData.bin.mid,51,ZombieDescription,ゴシップ紙の記者に悩まされていたが、食べてしまった。,"She used to have a problem with tabloid reporters, but ate them.",,same_art_or_category,medium,
assets/data/characterData.bin.mid,52,Name,スーパーモデル,Celebrity,Supermodel,same_art_or_category,medium,"art ""model/"" -> EN row 51 (5 JP rows share this art; qualifier needed); proposed carried from TM"
assets/data/characterData.bin.mid,52,HumanDescription,写真撮影の前に、ノンカロリーのおやつを食べにきた。,She eats here when she's busy ducking the tabloid reporters and the paparazzi.,,same_art_or_category,medium,
assets/data/characterData.bin.mid,52,ZombieDescription,かつては拒食症に苦しんでいたが、今は過食症。客と料理を混ぜて食べてしまうかも。,"She used to have a problem with tabloid reporters, but ate them.",,same_art_or_category,medium,
assets/data/characterData.bin.mid,53,Name,映画スター,Celebrity,Movie Star,same_art_or_category,medium,"art ""model/"" -> EN row 51 (5 JP rows share this art; qualifier needed); proposed carried from TM"
assets/data/characterData.bin.mid,53,HumanDescription,受賞経験のある女優が初めて来店。,She eats here when she's busy ducking the tabloid reporters and the paparazzi.,,same_art_or_category,medium,
assets/data/characterData.bin.mid,53,ZombieDescription,ゾンビとなった今でもその笑顔が武器、あなたのどこを食べていいのかしら？,"She used to have a problem with tabloid reporters, but ate them.",,same_art_or_category,medium,
assets/data/characterData.bin.mid,54,Name,ライバルのシェフ,Enemy Chef,Enemy Chef,direct_english_row,high,"art ""enemyChef/"" -> EN row 54"
assets/data/characterData.bin.mid,54,HumanDescription,店の料理長。,"He's the head chef of this establishment, and he won't go down without a fight.","He's the head chef of this establishment, and he won't go down without a fight.",direct_english_row,high,
assets/data/characterData.bin.mid,54,ZombieDescription,店の料理長。,"He's the head chef of this establishment, and he won't go down without a fight.","He's the head chef of this establishment, and he won't go down without a fight.",direct_english_row,high,
assets/data/characterData.bin.mid,55,Name,シェフ,Chef,Chef,same_art_or_category,medium,"art ""enemyChef/generic"" -> EN row 55 (2 JP rows share this art; qualifier needed); proposed carried from TM"
assets/data/characterData.bin.mid,55,HumanDescription,高級店の料理長。,He's the Head Chef of this fine establishment.,,same_art_or_category,medium,
assets/data/characterData.bin.mid,55,ZombieDescription,店の料理長。,The head chef of the cafe.,"He's the head chef of this establishment, and he won't go down without a fight.",same_art_or_category,medium,proposed carried from TM
assets/data/characterData.bin.mid,56,Name,シェフ,Chef,Chef,same_art_or_category,medium,"art ""enemyChef/genericfemale"" -> EN row 56 (2 JP rows share this art; qualifier needed); proposed carried from TM"
assets/data/characterData.bin.mid,56,HumanDescription,高級店の料理長。,She's the Head Chef of this fine establishment.,,same_art_or_category,medium,
assets/data/characterData.bin.mid,56,ZombieDescription,店の料理長。,The head chef of the cafe.,"He's the head chef of this establishment, and he won't go down without a fight.",same_art_or_category,medium,proposed carried from TM
assets/data/characterData.bin.mid,57,Name,シェフ,Chef,Chef,same_art_or_category,medium,"art ""enemyChef/businessman"" -> EN row 57 (2 JP rows share this art; qualifier needed); proposed carried from TM"
assets/data/characterData.bin.mid,57,HumanDescription,一番の得意メニューはランチメニュー。,His core competencies include cooking your lunch.,,same_art_or_category,medium,
assets/data/characterData.bin.mid,57,ZombieDescription,店の料理長。,The head chef of the cafe.,"He's the head chef of this establishment, and he won't go down without a fight.",same_art_or_category,medium,proposed carried from TM
assets/data/characterData.bin.mid,58,Name,シェフ,Chef,Chef,same_art_or_category,medium,"art ""enemyChef/businesswoman"" -> EN row 58 (2 JP rows share this art; qualifier needed); proposed carried from TM"
assets/data/characterData.bin.mid,58,HumanDescription,今までの仕事に別れを告げてエプロンを身につけた。,She's traded her 4x4 cubicle for a Chef's apron.,,same_art_or_category,medium,
assets/data/characterData.bin.mid,58,ZombieDescription,店の料理長。,The head chef of the cafe.,"He's the head chef of this establishment, and he won't go down without a fight.",same_art_or_category,medium,proposed carried from TM
assets/data/characterData.bin.mid,59,Name,シェフ,Chef,Chef,same_art_or_category,medium,"art ""enemyChef/cutegirl"" -> EN row 59 (2 JP rows share this art; qualifier needed); proposed carried from TM"
assets/data/characterData.bin.mid,59,HumanDescription,数々のライバルを蹴落として今の地位を得た。,She's broken through the glass ceiling of zombie restaurant management.,,same_art_or_category,medium,
assets/data/characterData.bin.mid,59,ZombieDescription,店の料理長。,The head chef of the cafe.,"He's the head chef of this establishment, and he won't go down without a fight.",same_art_or_category,medium,proposed carried from TM
assets/data/characterData.bin.mid,60,Name,シェフ,Chef,Chef,same_art_or_category,medium,"art ""enemyChef/teen"" -> EN row 60 (2 JP rows share this art; qualifier needed); proposed carried from TM"
assets/data/characterData.bin.mid,60,HumanDescription,料理するには十分。だが酒を出すには若すぎる。,"Old enough to cook your food, too young to serve you beer.",,same_art_or_category,medium,
assets/data/characterData.bin.mid,60,ZombieDescription,店の料理長。,The head chef of the cafe.,"He's the head chef of this establishment, and he won't go down without a fight.",same_art_or_category,medium,proposed carried from TM
assets/data/characterData.bin.mid,61,Name,シェフ,Chef,Chef,same_art_or_category,medium,"art ""enemyChef/faris"" -> EN row 61 (2 JP rows share this art; qualifier needed); proposed carried from TM"
assets/data/characterData.bin.mid,61,HumanDescription,「興味深い」料理を出す、才能あるシェフ。,"He's a talented chef with some ""interesting"" things on the menu.",,same_art_or_category,medium,
assets/data/characterData.bin.mid,61,ZombieDescription,店の料理長。,The head chef of the cafe.,"He's the head chef of this establishment, and he won't go down without a fight.",same_art_or_category,medium,proposed carried from TM
assets/data/characterData.bin.mid,62,Name,シェフ,Chef,Chef,same_art_or_category,medium,"art ""enemyChef/nerd"" -> EN row 62 (2 JP rows share this art; qualifier needed); proposed carried from TM"
assets/data/characterData.bin.mid,62,HumanDescription,店の売上着服中！,Now he's taking YOUR lunch money.,,same_art_or_category,medium,
assets/data/characterData.bin.mid,62,ZombieDescription,店の料理長。,The head chef of the cafe.,"He's the head chef of this establishment, and he won't go down without a fight.",same_art_or_category,medium,proposed carried from TM
assets/data/characterData.bin.mid,63,Name,シェフ,Chef,Chef,same_art_or_category,medium,"art ""enemyChef/omar"" -> EN row 63 (2 JP rows share this art; qualifier needed); proposed carried from TM"
assets/data/characterData.bin.mid,63,HumanDescription,厨房で使える優れた能力を持つ。,He's got mad skillz in the kitchen.,,same_art_or_category,medium,
assets/data/characterData.bin.mid,63,ZombieDescription,店の料理長。,The head chef of the cafe.,"He's the head chef of this establishment, and he won't go down without a fight.",same_art_or_category,medium,proposed carried from TM
assets/data/characterData.bin.mid,64,Name,ライバルシェフ,Enemy Chef,Enemy Chef,same_art_or_category,medium,"art ""enemyChef/enemychefgeneric"" -> EN row 64 (2 JP rows share this art; qualifier needed); proposed carried from TM"
assets/data/characterData.bin.mid,64,HumanDescription,店の料理長。,"He's the head chef of this establishment, and he won't go down without a fight.","He's the head chef of this establishment, and he won't go down without a fight.",same_art_or_category,medium,proposed carried from TM
assets/data/characterData.bin.mid,64,ZombieDescription,店の料理長。,"He's the head chef of this establishment, and he won't go down without a fight.","He's the head chef of this establishment, and he won't go down without a fight.",same_art_or_category,medium,proposed carried from TM
assets/data/characterData.bin.mid,65,Name,ライバルシェフ,Enemy Chef,Enemy Chef,same_art_or_category,medium,"art ""enemyChef/enemychefdiner"" -> EN row 65 (2 JP rows share this art; qualifier needed); proposed carried from TM"
assets/data/characterData.bin.mid,65,HumanDescription,店の料理長。,"He's the head chef of this establishment, and he won't go down without a fight.","He's the head chef of this establishment, and he won't go down without a fight.",same_art_or_category,medium,proposed carried from TM
assets/data/characterData.bin.mid,65,ZombieDescription,店の料理長。,"He's the head chef of this establishment, and he won't go down without a fight.","He's the head chef of this establishment, and he won't go down without a fight.",same_art_or_category,medium,proposed carried from TM
assets/data/characterData.bin.mid,66,Name,ライバルシェフ,Enemy Chef,Enemy Chef,same_art_or_category,medium,"art ""enemyChef/enemychefitalian"" -> EN row 66 (2 JP rows share this art; qualifier needed); proposed carried from TM"
assets/data/characterData.bin.mid,66,HumanDescription,店の料理長。,"He's the head chef of this establishment, and he won't go down without a fight.","He's the head chef of this establishment, and he won't go down without a fight.",same_art_or_category,medium,proposed carried from TM
assets/data/characterData.bin.mid,66,ZombieDescription,店の料理長。,"He's the head chef of this establishment, and he won't go down without a fight.","He's the head chef of this establishment, and he won't go down without a fight.",same_art_or_category,medium,proposed carried from TM
assets/data/characterData.bin.mid,67,Name,ライバルシェフ,Enemy Chef,Enemy Chef,same_art_or_category,medium,"art ""enemyChef/enemychefasian"" -> EN row 67 (2 JP rows share this art; qualifier needed); proposed carried from TM"
assets/data/characterData.bin.mid,67,HumanDescription,店の料理長。,"He's the head chef of this establishment, and he won't go down without a fight.","He's the head chef of this establishment, and he won't go down without a fight.",same_art_or_category,medium,proposed carried from TM
assets/data/characterData.bin.mid,67,ZombieDescription,店の料理長。,"He's the head chef of this establishment, and he won't go down without a fight.","He's the head chef of this establishment, and he won't go down without a fight.",same_art_or_category,medium,proposed carried from TM
assets/data/characterData.bin.mid,68,Name,ライバルシェフ,Enemy Chef,Enemy Chef,same_art_or_category,medium,"art ""enemyChef/enemycheftexmex"" -> EN row 68 (2 JP rows share this art; qualifier needed); proposed carried from TM"
assets/data/characterData.bin.mid,68,HumanDescription,店の料理長。,"He's the head chef of this establishment, and he won't go down without a fight.","He's the head chef of this establishment, and he won't go down without a fight.",same_art_or_category,medium,proposed carried from TM
assets/data/characterData.bin.mid,68,ZombieDescription,店の料理長。,"He's the head chef of this establishment, and he won't go down without a fight.","He's the head chef of this establishment, and he won't go down without a fight.",same_art_or_category,medium,proposed carried from TM
assets/data/characterData.bin.mid,69,Name,ライバルシェフ,Enemy Chef,Enemy Chef,same_art_or_category,medium,"art ""enemyChef/enemychefpub"" -> EN row 69 (2 JP rows share this art; qualifier needed); proposed carried from TM"
assets/data/characterData.bin.mid,69,HumanDescription,店の料理長。,"He's the head chef of this establishment, and he won't go down without a fight.","He's the head chef of this establishment, and he won't go down without a fight.",same_art_or_category,medium,proposed carried from TM
assets/data/characterData.bin.mid,69,ZombieDescription,店の料理長。,"He's the head chef of this establishment, and he won't go down without a fight.","He's the head chef of this establishment, and he won't go down without a fight.",same_art_or_category,medium,proposed carried from TM
assets/data/characterData.bin.mid,70,Name,ライバルシェフ,Enemy Chef,Enemy Chef,same_art_or_category,medium,"art ""enemyChef/enemycheffrench"" -> EN row 70 (2 JP rows share this art; qualifier needed); proposed carried from TM"
assets/data/characterData.bin.mid,70,HumanDescription,店の料理長。,"He's the head chef of this establishment, and he won't go down without a fight.","He's the head chef of this establishment, and he won't go down without a fight.",same_art_or_category,medium,proposed carried from TM
assets/data/characterData.bin.mid,70,ZombieDescription,店の料理長。,"He's the head chef of this establishment, and he won't go down without a fight.","He's the head chef of this establishment, and he won't go down without a fight.",same_art_or_category,medium,proposed carried from TM
assets/data/characterData.bin.mid,71,Name,マッドサイエンティストシェフ,Mad Scientist Chef,Mad Scientist Chef,same_art_or_category,medium,"art ""enemyChef/enemychefscientist"" -> EN row 71 (2 JP rows share this art; qualifier needed); proposed carried from TM"
assets/data/characterData.bin.mid,71,HumanDescription,まずは店の成功。次は、世界征服やな！,"First, a successful cafe. Next step: the WORLD!",,same_art_or_category,medium,
assets/data/characterData.bin.mid,71,ZombieDescription,店の料理長。,"He's the head chef of this establishment, and he won't go down without a fight.","He's the head chef of this establishment, and he won't go down without a fight.",same_art_or_category,medium,proposed carried from TM
assets/data/characterData.bin.mid,72,Name,シェフ,Chef,Chef,same_art_or_category,medium,"art ""enemyChef/generic"" -> EN row 55 (2 JP rows share this art; qualifier needed); proposed carried from TM"
assets/data/characterData.bin.mid,72,HumanDescription,店の料理長。,He's the Head Chef of this fine establishment.,"He's the head chef of this establishment, and he won't go down without a fight.",same_art_or_category,medium,proposed carried from TM
assets/data/characterData.bin.mid,72,ZombieDescription,店を取り仕切るゾンビ。,The head chef of the cafe.,,same_art_or_category,medium,
assets/data/characterData.bin.mid,73,Name,シェフ,Chef,Chef,same_art_or_category,medium,"art ""enemyChef/genericfemale"" -> EN row 56 (2 JP rows share this art; qualifier needed); proposed carried from TM"
assets/data/characterData.bin.mid,73,HumanDescription,店の料理長。,She's the Head Chef of this fine establishment.,"He's the head chef of this establishment, and he won't go down without a fight.",same_art_or_category,medium,proposed carried from TM
assets/data/characterData.bin.mid,73,ZombieDescription,店を取り仕切るゾンビ。,The head chef of the cafe.,,same_art_or_category,medium,
assets/data/characterData.bin.mid,74,Name,シェフ,Chef,Chef,same_art_or_category,medium,"art ""enemyChef/businessman"" -> EN row 57 (2 JP rows share this art; qualifier needed); proposed carried from TM"
assets/data/characterData.bin.mid,74,HumanDescription,店の料理長。,His core competencies include cooking your lunch.,"He's the head chef of this establishment, and he won't go down without a fight.",same_art_or_category,medium,proposed carried from TM
assets/data/characterData.bin.mid,74,ZombieDescription,パラダイムシフトで、脳の獲得を第一目標にする。,The head chef of the cafe.,,same_art_or_category,medium,
assets/data/characterData.bin.mid,75,Name,シェフ,Chef,Chef,same_art_or_category,medium,"art ""enemyChef/businesswoman"" -> EN row 58 (2 JP rows share this art; qualifier needed); proposed carried from TM"
assets/data/characterData.bin.mid,75,HumanDescription,店の料理長。,She's traded her 4x4 cubicle for a Chef's apron.,"He's the head chef of this establishment, and he won't go down without a fight.",same_art_or_category,medium,proposed carried from TM
assets/data/characterData.bin.mid,75,ZombieDescription,脳マネジメントの最先端を走る。,The head chef of the cafe.,,same_art_or_category,medium,
assets/data/characterData.bin.mid,76,Name,シェフ,Chef,Chef,same_art_or_category,medium,"art ""enemyChef/cutegirl"" -> EN row 59 (2 JP rows share this art; qualifier needed); proposed carried from TM"
assets/data/characterData.bin.mid,76,HumanDescription,店の料理長。,She's broken through the glass ceiling of zombie restaurant management.,"He's the head chef of this establishment, and he won't go down without a fight.",same_art_or_category,medium,proposed carried from TM
assets/data/characterData.bin.mid,76,ZombieDescription,数々のライバルをおいしく頂きました。,The head chef of the cafe.,,same_art_or_category,medium,
assets/data/characterData.bin.mid,77,Name,シェフ,Chef,Chef,same_art_or_category,medium,"art ""enemyChef/teen"" -> EN row 60 (2 JP rows share this art; qualifier needed); proposed carried from TM"
assets/data/characterData.bin.mid,77,HumanDescription,店の料理長。,"Old enough to cook your food, too young to serve you beer.","He's the head chef of this establishment, and he won't go down without a fight.",same_art_or_category,medium,proposed carried from TM
assets/data/characterData.bin.mid,77,ZombieDescription,憧れのファーストフード店の仕事を得た、ファーストな彼を要チェック。,The head chef of the cafe.,,same_art_or_category,medium,
assets/data/characterData.bin.mid,78,Name,シェフ,Chef,Chef,same_art_or_category,medium,"art ""enemyChef/faris"" -> EN row 61 (2 JP rows share this art; qualifier needed); proposed carried from TM"
assets/data/characterData.bin.mid,78,HumanDescription,店の料理長。,"He's a talented chef with some ""interesting"" things on the menu.","He's the head chef of this establishment, and he won't go down without a fight.",same_art_or_category,medium,proposed carried from TM
assets/data/characterData.bin.mid,78,ZombieDescription,味が分からないのにメニューを変えるなんておかしな話だ。,The head chef of the cafe.,,same_art_or_category,medium,
assets/data/characterData.bin.mid,79,Name,シェフ,Chef,Chef,same_art_or_category,medium,"art ""enemyChef/nerd"" -> EN row 62 (2 JP rows share this art; qualifier needed); proposed carried from TM"
assets/data/characterData.bin.mid,79,HumanDescription,店の料理長。,Now he's taking YOUR lunch money.,"He's the head chef of this establishment, and he won't go down without a fight.",same_art_or_category,medium,proposed carried from TM
assets/data/characterData.bin.mid,79,ZombieDescription,パンツを食いこまされた上に、脳を食いつくされた。,The head chef of the cafe.,,same_art_or_category,medium,
assets/data/characterData.bin.mid,80,Name,リアリティ番組のスター,Celebrity,Reality TV Star,same_art_or_category,medium,"art ""model/"" -> EN row 51 (5 JP rows share this art; qualifier needed); proposed carried from TM"
assets/data/characterData.bin.mid,80,HumanDescription,一般人より少しだけ有名。,She eats here when she's busy ducking the tabloid reporters and the paparazzi.,,same_art_or_category,medium,
assets/data/characterData.bin.mid,80,ZombieDescription,投票で国を追い出された。,"She used to have a problem with tabloid reporters, but ate them.",,same_art_or_category,medium,
assets/data/characterData.bin.mid,81,Name,横綱,Sumo Wrestler,Yokozuna,same_art_or_category,medium,"art ""sumowrestler/"" -> EN row 50 (5 JP rows share this art; qualifier needed); proposed carried from TM"
assets/data/characterData.bin.mid,81,HumanDescription,底なしの食欲を満たすために来店した。,"He consumes 20,000 calories a day, which most  people find quite terrifying.",,same_art_or_category,medium,
assets/data/characterData.bin.mid,81,ZombieDescription,まだまだ食べ足りない！！,"He outweighs all his victims by at least  100lbs, but he's light on his feet.",,same_art_or_category,medium,
assets/data/characterData.bin.mid,82,Name,横綱,Sumo Wrestler,Yokozuna,same_art_or_category,medium,"art ""sumowrestler/"" -> EN row 50 (5 JP rows share this art; qualifier needed); proposed carried from TM"
assets/data/characterData.bin.mid,82,HumanDescription,底なしの食欲を満たすために来店した。,"He consumes 20,000 calories a day, which most  people find quite terrifying.",,same_art_or_category,medium,
assets/data/characterData.bin.mid,82,ZombieDescription,まだまだ食べ足りない！！,"He outweighs all his victims by at least  100lbs, but he's light on his feet.",,same_art_or_category,medium,
assets/data/characterData.bin.mid,83,Name,ミドル級,Boxer,Middleweight,same_art_or_category,medium,"art ""boxer/"" -> EN row 40 (8 JP rows share this art; qualifier needed); proposed carried from TM"
assets/data/characterData.bin.mid,83,HumanDescription,グローブをつけたまま、どうやって食べる？,"Floats like a butterfly, stings like a bee. Eats like a horse.",,same_art_or_category,medium,
assets/data/characterData.bin.mid,83,ZombieDescription,ゾンビカフェで彼の本当の闘いが始まる。,"Floats like a butterfly, stings like a bee. Eats just about anybody.",,same_art_or_category,medium,
assets/data/characterData.bin.mid,84,Name,ミドル級,Boxer,Middleweight,same_art_or_category,medium,"art ""boxer/"" -> EN row 40 (8 JP rows share this art; qualifier needed); proposed carried from TM"
assets/data/characterData.bin.mid,84,HumanDescription,グローブをつけたまま、どうやって食べる？,"Floats like a butterfly, stings like a bee. Eats like a horse.",,same_art_or_category,medium,
assets/data/characterData.bin.mid,84,ZombieDescription,ゾンビカフェで彼の本当の闘いが始まる。,"Floats like a butterfly, stings like a bee. Eats just about anybody.",,same_art_or_category,medium,
assets/data/characterData.bin.mid,85,Name,シェフ,Chef,Chef,same_art_or_category,medium,"art ""enemyChef/omar"" -> EN row 63 (2 JP rows share this art; qualifier needed); proposed carried from TM"
assets/data/characterData.bin.mid,85,HumanDescription,店の料理長。,He's got mad skillz in the kitchen.,"He's the head chef of this establishment, and he won't go down without a fight.",same_art_or_category,medium,proposed carried from TM
assets/data/characterData.bin.mid,85,ZombieDescription,本日のスペシャルは側脳を添えた脳。,The head chef of the cafe.,,same_art_or_category,medium,
assets/data/characterData.bin.mid,86,Name,ベテラン刑事,Veteran Cop,Veteran Cop,direct_english_row,high,"art ""officer/oldman"" -> EN row 86"
assets/data/characterData.bin.mid,86,HumanDescription,今でも犯罪撲滅と、大きなサンドイッチに挑む。,He's still taking a bite out of crime...and his favorite sandwich.,He's still taking a bite out of crime...and his favorite sandwich.,direct_english_row,high,
assets/data/characterData.bin.mid,86,ZombieDescription,今でも犯罪撲滅に頭をひねり、頭を食らう。,He's still taking a bite out of crime...and some customers.,He's still taking a bite out of crime...and some customers.,direct_english_row,high,
assets/data/characterData.bin.mid,87,Name,アメフト選手,Football Player,Football Player,same_art_or_category,medium,"art ""enemyChef/footballplayer"" -> EN row 87 (2 JP rows share this art; qualifier needed); proposed carried from TM"
assets/data/characterData.bin.mid,87,HumanDescription,マッスル、ハッスル！,He's got  a lot  of muscle and a lot of hustle.,He's got a lot of muscle and a lot  of hustle.,same_art_or_category,medium,proposed carried from TM
assets/data/characterData.bin.mid,87,ZombieDescription,マッスル、ハッスル、タックル！,He's got  a lot  of muscle and a lot of hustle. He'll tackle anything with brains.,He's got  a lot  of muscle and a lot of hustle. He'll tackle anything with brains.,same_art_or_category,medium,proposed carried from TM
assets/data/characterData.bin.mid,88,Name,エンジニア,Engineer,Engineer,same_art_or_category,medium,"art ""enemyChef/constructionworker"" -> EN row 88 (2 JP rows share this art; qualifier needed); proposed carried from TM"
assets/data/characterData.bin.mid,88,HumanDescription,彼が設計しているのがゾンビロボットである事は秘密だ。,The cafe is just a cover for the army of zombie-powered robots he's designing.,,same_art_or_category,medium,
assets/data/characterData.bin.mid,88,ZombieDescription,元建築技師。ゾンビになっても設計はお手の物。,He used to be a construction engineer. Now he engineers the PAIN.,He used to be a construction engineer. Now he engineers the PAIN.,same_art_or_category,medium,proposed carried from TM
assets/data/characterData.bin.mid,89,Name,退職者,Retiree,Retiree,same_art_or_category,medium,"art ""enemyChef/oldlady"" -> EN row 89 (2 JP rows share this art; qualifier needed); proposed carried from TM"
assets/data/characterData.bin.mid,89,HumanDescription,年をとっているが、ゾンビ毒で若さを保つ。,"She's may be getting on in years, but the customers she feeds zombie toxin to keep getting younger.",,same_art_or_category,medium,
assets/data/characterData.bin.mid,89,ZombieDescription,年をとらないゾンビにとって、年齢は大した問題じゃない。,Age is less of an issue when you're an ageless undead.,,same_art_or_category,medium,
assets/data/characterData.bin.mid,90,Name,退役軍人,Veteran,Veteran,same_art_or_category,medium,"art ""enemyChef/oldman"" -> EN row 90 (2 JP rows share this art; qualifier needed); proposed carried from TM"
assets/data/characterData.bin.mid,90,HumanDescription,戦争では敵の生血をすすり、今ではスープをすする。,"He's fought  in wars, ya know. World Wars. Now he's ordering the soup.",,same_art_or_category,medium,
assets/data/characterData.bin.mid,90,ZombieDescription,戦争では敵を恐怖に震わせ、今では客を歓喜に震わす。,"He's tough. He's fought  in wars, ya know. World Wars. Now he's serving your customers.",,same_art_or_category,medium,
assets/data/characterData.bin.mid,91,Name,チャンピオン,The Champ,Champion,same_art_or_category,medium,"art ""enemyChef/boxer"" -> EN row 91 (3 JP rows share this art; qualifier needed); proposed carried from TM"
assets/data/characterData.bin.mid,91,HumanDescription,ヘビー級王者は空腹にノックアウト寸前。,This heavyweight  champ just wants to KO his hunger.,,same_art_or_category,medium,
assets/data/characterData.bin.mid,91,ZombieDescription,自称史上最強のゾンビ！存在感抜群で、客を魅了する。,(Self-proclaimed) greatest  zombie of all time! Packs a punch and charms the customers.,,same_art_or_category,medium,
assets/data/characterData.bin.mid,92,Name,地元の英雄,Local Hero,Local Hero,same_art_or_category,medium,"art ""enemyChef/officer"" -> EN row 92 (2 JP rows share this art; qualifier needed); proposed carried from TM"
assets/data/characterData.bin.mid,92,HumanDescription,客を手伝い、そして守る。,He both serves and protects your customers.,,same_art_or_category,medium,
assets/data/characterData.bin.mid,92,ZombieDescription,あなたの店の客を守り、その他の店の客を食らう。,"He both serves and protects YOUR customers, but  not  anybody else's...",,same_art_or_category,medium,
assets/data/characterData.bin.mid,93,Name,とぼけたピエロ,Stoogey the Clown,Stoogey the Clown,same_art_or_category,medium,"art ""enemyChef/clown"" -> EN row 93 (2 JP rows share this art; qualifier needed); proposed carried from TM"
assets/data/characterData.bin.mid,93,HumanDescription,笑いをとるのはお手の物。でも、人を愛せない。,Stoogey the clown knows how to make people laugh. If only Stoogey could love.,,same_art_or_category,medium,
assets/data/characterData.bin.mid,93,ZombieDescription,笑いをとるのはお手の物。でも、最後に笑うのは彼自身。,Stoogey the clown knew how to make people laugh. Now it  is Stoogey who will have the last  laugh.,,same_art_or_category,medium,
assets/data/characterData.bin.mid,94,Name,消防署長,Fire Chief,Fire Chief,same_art_or_category,medium,"art ""enemyChef/firefighter"" -> EN row 94 (2 JP rows share this art; qualifier needed); proposed carried from TM"
assets/data/characterData.bin.mid,94,HumanDescription,消火活動やビルの立入検査でお腹はペコペコ。,Putting out fires and inspecting buildings really works up an appetite.,Putting out  fires and inspecting buildings really works up an appetite.,same_art_or_category,medium,proposed carried from TM
assets/data/characterData.bin.mid,94,ZombieDescription,消火活動やビルの立入検査でお腹はペコペコ。,Putting out  fires and inspecting buildings really works up an appetite...for BRAINS!!,Putting out  fires and inspecting buildings really works up an appetite...for BRAINS!!,same_art_or_category,medium,proposed carried from TM
assets/data/characterData.bin.mid,95,Name,横綱,Yokozuna,Yokozuna,same_art_or_category,medium,"art ""enemyChef/sumowrestler"" -> EN row 95 (2 JP rows share this art; qualifier needed); proposed carried from TM"
assets/data/characterData.bin.mid,95,HumanDescription,体重は数百キロ。さらに増やすために来店した。,"He weighs a quarter of a ton, and he's here to gain more.",,same_art_or_category,medium,
assets/data/characterData.bin.mid,95,ZombieDescription,現役時代からの底なしの食欲！食べ足りない！！,"He weighs a quarter of a ton, and he's still hungry...for BRAINS!",,same_art_or_category,medium,
assets/data/characterData.bin.mid,96,Name,映画スター,Movie Star,Movie Star,same_art_or_category,medium,"art ""enemyChef/model"" -> EN row 96 (2 JP rows share this art; qualifier needed); proposed carried from TM"
assets/data/characterData.bin.mid,96,HumanDescription,受賞経験のある女優が初めて来店。,The award-winning actress makes her debut in your restaurant.,,same_art_or_category,medium,
assets/data/characterData.bin.mid,96,ZombieDescription,あなたのどこを食べていいのかしら？,Doesn't  she look familiar? All she has to do is flash her toothless smile and the customers line up for brain removal.,,same_art_or_category,medium,
assets/data/characterData.bin.mid,97,Name,アメフト選手,Football Player,Football Player,same_art_or_category,medium,"art ""enemyChef/footballplayer"" -> EN row 87 (2 JP rows share this art; qualifier needed); proposed carried from TM"
assets/data/characterData.bin.mid,97,HumanDescription,マッスル、ハッスル！,He's got  a lot  of muscle and a lot of hustle.,He's got a lot of muscle and a lot  of hustle.,same_art_or_category,medium,proposed carried from TM
assets/data/characterData.bin.mid,97,ZombieDescription,マッスル、ハッスル、タックル！,He's got  a lot  of muscle and a lot of hustle. He'll tackle anything with brains.,He's got  a lot  of muscle and a lot of hustle. He'll tackle anything with brains.,same_art_or_category,medium,proposed carried from TM
assets/data/characterData.bin.mid,98,Name,エンジニア,Engineer,Engineer,same_art_or_category,medium,"art ""enemyChef/constructionworker"" -> EN row 88 (2 JP rows share this art; qualifier needed); proposed carried from TM"
assets/data/characterData.bin.mid,98,HumanDescription,彼が設計しているのがゾンビロボットである事は秘密だ。,The cafe is just a cover for the army of zombie-powered robots he's designing.,,same_art_or_category,medium,
assets/data/characterData.bin.mid,98,ZombieDescription,元建築技師。ゾンビになっても設計はお手の物。,He used to be a construction engineer. Now he engineers the PAIN.,He used to be a construction engineer. Now he engineers the PAIN.,same_art_or_category,medium,proposed carried from TM
assets/data/characterData.bin.mid,99,Name,退職者,Retiree,Retiree,same_art_or_category,medium,"art ""enemyChef/oldlady"" -> EN row 89 (2 JP rows share this art; qualifier needed); proposed carried from TM"
assets/data/characterData.bin.mid,99,HumanDescription,年をとっているが、ゾンビ毒で若さを保つ。,"She's may be getting on in years, but the customers she feeds zombie toxin to keep getting younger.",,same_art_or_category,medium,
assets/data/characterData.bin.mid,99,ZombieDescription,年をとらないゾンビにとっては、年齢は大した問題じゃない。,Age is less of an issue when you're an ageless undead.,,same_art_or_category,medium,
assets/data/characterData.bin.mid,100,Name,退役軍人,Veteran,Veteran,same_art_or_category,medium,"art ""enemyChef/oldman"" -> EN row 90 (2 JP rows share this art; qualifier needed); proposed carried from TM"
assets/data/characterData.bin.mid,100,HumanDescription,戦争では敵の生血をすすり、今ではスープをすする。,"He's fought  in wars, ya know. World Wars. Now he's ordering the soup.",,same_art_or_category,medium,
assets/data/characterData.bin.mid,100,ZombieDescription,戦争では敵を恐怖に震わせ、今では客を歓喜に震わす。,"He's tough. He's fought  in wars, ya know. World Wars. Now he's serving your customers.",,same_art_or_category,medium,
assets/data/characterData.bin.mid,101,Name,チャンピオン,The Champ,Champion,same_art_or_category,medium,"art ""enemyChef/boxer"" -> EN row 91 (3 JP rows share this art; qualifier needed); proposed carried from TM"
assets/data/characterData.bin.mid,101,HumanDescription,ヘビー級王者は空腹相手にもノックアウトを狙う。,This heavyweight  champ just wants to KO his hunger.,,same_art_or_category,medium,
assets/data/characterData.bin.mid,101,ZombieDescription,自称史上最強のゾンビ！存在感抜群で、客を魅了する。,(Self-proclaimed) greatest  zombie of all time! Packs a punch and charms the customers.,,same_art_or_category,medium,
assets/data/characterData.bin.mid,102,Name,地元の英雄,Local Hero,Local Hero,same_art_or_category,medium,"art ""enemyChef/officer"" -> EN row 92 (2 JP rows share this art; qualifier needed); proposed carried from TM"
assets/data/characterData.bin.mid,102,HumanDescription,客を手伝い、そして守る。,He both serves and protects your customers.,,same_art_or_category,medium,
assets/data/characterData.bin.mid,102,ZombieDescription,あなたの店の客を守り、その他の店の客を食らう。,"He both serves and protects YOUR customers, but  not  anybody else's...",,same_art_or_category,medium,
assets/data/characterData.bin.mid,103,Name,とぼけたピエロ,Stoogey the Clown,Stoogey the Clown,same_art_or_category,medium,"art ""enemyChef/clown"" -> EN row 93 (2 JP rows share this art; qualifier needed); proposed carried from TM"
assets/data/characterData.bin.mid,103,HumanDescription,笑いをとるのはお手の物。でも、人を愛せない。,Stoogey the clown knows how to make people laugh. If only Stoogey could love.,,same_art_or_category,medium,
assets/data/characterData.bin.mid,103,ZombieDescription,笑いをとるのはお手の物。でも、最後に笑うのは彼自身。,Stoogey the clown knew how to make people laugh. Now it  is Stoogey who will have the last  laugh.,,same_art_or_category,medium,
assets/data/characterData.bin.mid,104,Name,消防署長,Fire Chief,Fire Chief,same_art_or_category,medium,"art ""enemyChef/firefighter"" -> EN row 94 (2 JP rows share this art; qualifier needed); proposed carried from TM"
assets/data/characterData.bin.mid,104,HumanDescription,消火活動やビルの立入検査でお腹はペコペコ。,Putting out fires and inspecting buildings really works up an appetite.,Putting out  fires and inspecting buildings really works up an appetite.,same_art_or_category,medium,proposed carried from TM
assets/data/characterData.bin.mid,104,ZombieDescription,消火活動やビルの立入検査でお腹はペコペコ。,Putting out  fires and inspecting buildings really works up an appetite...for BRAINS!!,Putting out  fires and inspecting buildings really works up an appetite...for BRAINS!!,same_art_or_category,medium,proposed carried from TM
assets/data/characterData.bin.mid,105,Name,横綱,Yokozuna,Yokozuna,same_art_or_category,medium,"art ""enemyChef/sumowrestler"" -> EN row 95 (2 JP rows share this art; qualifier needed); proposed carried from TM"
assets/data/characterData.bin.mid,105,HumanDescription,体重は数百キロ。さらに増やすために来店した。,"He weighs a quarter of a ton, and he's here to gain more.",,same_art_or_category,medium,
assets/data/characterData.bin.mid,105,ZombieDescription,現役時代からの底なしの食欲！食べ足りない！！,"He weighs a quarter of a ton, and he's still hungry...for BRAINS!",,same_art_or_category,medium,
assets/data/characterData.bin.mid,106,Name,映画スター,Movie Star,Movie Star,same_art_or_category,medium,"art ""enemyChef/model"" -> EN row 96 (2 JP rows share this art; qualifier needed); proposed carried from TM"
assets/data/characterData.bin.mid,106,HumanDescription,受賞経験のある女優が初めて来店。,The award-winning actress makes her debut in your restaurant.,,same_art_or_category,medium,
assets/data/characterData.bin.mid,106,ZombieDescription,あなたのどこを食べていいのかしら？,Doesn't  she look familiar? All she has to do is flash her toothless smile and the customers line up for brain removal.,,same_art_or_category,medium,
assets/data/characterData.bin.mid,107,Name,ロボット,Robo,Robo,direct_english_row,high,"art ""robot/"" -> EN row 107"
assets/data/characterData.bin.mid,107,HumanDescription,ロボット・デス！ドモ・アリガト♪,"Domo arigato, Chef Roboto.","Domo arigato, Chef Roboto.",direct_english_row,high,
assets/data/characterData.bin.mid,107,ZombieDescription,ロボット、ゾンビ。最高ネ。,Part Robot. Part Zombie. All AWESOME.,Part Robot. Part Zombie. All AWESOME.,direct_english_row,high,
assets/data/characterData.bin.mid,108,Name,ジャック船長,Captain Jack,Captain Jack,direct_english_row,high,"art ""pirate/"" -> EN row 108"
assets/data/characterData.bin.mid,108,HumanDescription,チップは多めに。さもないと処刑！,"Yarrr! Ye better be givin' him a good tip, or you'll be walkin' the plank!","Yarrr! Ye better be givin' him a good tip, or you'll be walkin' the plank!",direct_english_row,high,
assets/data/characterData.bin.mid,108,ZombieDescription,海の墓場から戻ったばかり。脳を奪い、うまい料理を作る。,"Straight from Davy Jones' locker, he be plunderin' brains and cookin' up a fine meal.","Straight from Davy Jones' locker, he be plunderin' brains and cookin' up a fine meal.",direct_english_row,high,
assets/data/characterData.bin.mid,109,Name,カフェのシェフ,Enemy Chef,Café Chef,same_art_or_category,medium,"art ""enemyChef/enemychefgeneric"" -> EN row 64 (2 JP rows share this art; qualifier needed); proposed carried from TM"
assets/data/characterData.bin.mid,109,HumanDescription,単なる被害者、ではなく被害シェフ。,"He's the head chef of this establishment, and he won't go down without a fight.",,same_art_or_category,medium,
assets/data/characterData.bin.mid,109,ZombieDescription,店の料理長。,"He's the head chef of this establishment, and he won't go down without a fight.","He's the head chef of this establishment, and he won't go down without a fight.",same_art_or_category,medium,proposed carried from TM
assets/data/characterData.bin.mid,110,Name,ダイナーのシェフ,Enemy Chef,Diner Chef,same_art_or_category,medium,"art ""enemyChef/enemychefdiner"" -> EN row 65 (2 JP rows share this art; qualifier needed); proposed carried from TM"
assets/data/characterData.bin.mid,110,HumanDescription,ポーチドエッグを2個のせたトーストに牛乳。そしてシェフの脳を少し。,"He's the head chef of this establishment, and he won't go down without a fight.",,same_art_or_category,medium,
assets/data/characterData.bin.mid,110,ZombieDescription,店の料理長。,"He's the head chef of this establishment, and he won't go down without a fight.","He's the head chef of this establishment, and he won't go down without a fight.",same_art_or_category,medium,proposed carried from TM
assets/data/characterData.bin.mid,111,Name,イタリア料理シェフ,Enemy Chef,Italian Chef,same_art_or_category,medium,"art ""enemyChef/enemychefitalian"" -> EN row 66 (2 JP rows share this art; qualifier needed); proposed carried from TM"
assets/data/characterData.bin.mid,111,HumanDescription,今なら脳を頼むと、ガーリックトーストが無料で付いてくる。,"He's the head chef of this establishment, and he won't go down without a fight.",,same_art_or_category,medium,
assets/data/characterData.bin.mid,111,ZombieDescription,店の料理長。,"He's the head chef of this establishment, and he won't go down without a fight.","He's the head chef of this establishment, and he won't go down without a fight.",same_art_or_category,medium,proposed carried from TM
assets/data/characterData.bin.mid,112,Name,アジア料理シェフ,Enemy Chef,Asian Chef,same_art_or_category,medium,"art ""enemyChef/enemychefasian"" -> EN row 67 (2 JP rows share this art; qualifier needed); proposed carried from TM"
assets/data/characterData.bin.mid,112,HumanDescription,おみくじにショットガンを持ち歩けとは書いてなかった。,"He's the head chef of this establishment, and he won't go down without a fight.",,same_art_or_category,medium,
assets/data/characterData.bin.mid,112,ZombieDescription,店の料理長。,"He's the head chef of this establishment, and he won't go down without a fight.","He's the head chef of this establishment, and he won't go down without a fight.",same_art_or_category,medium,proposed carried from TM
assets/data/characterData.bin.mid,113,Name,メキシコ料理シェフ,Enemy Chef,Tex-Mex Chef,same_art_or_category,medium,"art ""enemyChef/enemycheftexmex"" -> EN row 68 (2 JP rows share this art; qualifier needed); proposed carried from TM"
assets/data/characterData.bin.mid,113,HumanDescription,このシェフの脳にかぶりつけば、気分は国境の南。,"He's the head chef of this establishment, and he won't go down without a fight.",,same_art_or_category,medium,
assets/data/characterData.bin.mid,113,ZombieDescription,店の料理長。,"He's the head chef of this establishment, and he won't go down without a fight.","He's the head chef of this establishment, and he won't go down without a fight.",same_art_or_category,medium,proposed carried from TM
assets/data/characterData.bin.mid,114,Name,パブのシェフ,Enemy Chef,Pub Chef,same_art_or_category,medium,"art ""enemyChef/enemychefpub"" -> EN row 69 (2 JP rows share this art; qualifier needed); proposed carried from TM"
assets/data/characterData.bin.mid,114,HumanDescription,ビールを飲んで、脳を盗め。,"He's the head chef of this establishment, and he won't go down without a fight.",,same_art_or_category,medium,
assets/data/characterData.bin.mid,114,ZombieDescription,店の料理長。,"He's the head chef of this establishment, and he won't go down without a fight.","He's the head chef of this establishment, and he won't go down without a fight.",same_art_or_category,medium,proposed carried from TM
assets/data/characterData.bin.mid,115,Name,フランス料理シェフ,Enemy Chef,French Chef,same_art_or_category,medium,"art ""enemyChef/enemycheffrench"" -> EN row 70 (2 JP rows share this art; qualifier needed); proposed carried from TM"
assets/data/characterData.bin.mid,115,HumanDescription,脳だけは名コック級。,"He's the head chef of this establishment, and he won't go down without a fight.",,same_art_or_category,medium,
assets/data/characterData.bin.mid,115,ZombieDescription,店の料理長。,"He's the head chef of this establishment, and he won't go down without a fight.","He's the head chef of this establishment, and he won't go down without a fight.",same_art_or_category,medium,proposed carried from TM
assets/data/characterData.bin.mid,116,Name,マッドサイエンティストシェフ,Mad Scientist Chef,Mad Scientist Chef,same_art_or_category,medium,"art ""enemyChef/enemychefscientist"" -> EN row 71 (2 JP rows share this art; qualifier needed); proposed carried from TM"
assets/data/characterData.bin.mid,116,HumanDescription,まずは店の成功。次は、世界征服やな！,"First, a successful cafe. Next step: the WORLD!",,same_art_or_category,medium,
assets/data/characterData.bin.mid,116,ZombieDescription,店の料理長。,"He's the head chef of this establishment, and he won't go down without a fight.","He's the head chef of this establishment, and he won't go down without a fight.",same_art_or_category,medium,proposed carried from TM
assets/data/characterData.bin.mid,117,Name,一等兵,Private,Private,direct_english_row,high,"art ""military/teen"" -> EN row 117"
assets/data/characterData.bin.mid,117,HumanDescription,12時、カフェに集合。,He's reporting for lunch at 1200 hrs.,He's reporting for lunch at 1200 hrs.,direct_english_row,high,
assets/data/characterData.bin.mid,117,ZombieDescription,一番下っ端のゾンビ。,He's the lowest rank of undead.,He's the lowest rank of undead.,direct_english_row,high,
assets/data/characterData.bin.mid,118,Name,大佐,Colonel,Colonel,same_art_or_category,medium,"art ""military/businessman"" -> EN row 118 (3 JP rows share this art; qualifier needed); proposed carried from TM"
assets/data/characterData.bin.mid,118,HumanDescription,空腹こそ最大の体調不良。,Hunger is his major malfunction.,,same_art_or_category,medium,
assets/data/characterData.bin.mid,118,ZombieDescription,脳の配分がない日には無断外出する。,He goes AWOL if he doesn't get his daily ration of brains.,,same_art_or_category,medium,
assets/data/characterData.bin.mid,119,Name,伍長,Corporal,Corporal,same_art_or_category,medium,"art ""military/military"" -> EN row 119 (2 JP rows share this art; qualifier needed); proposed carried from TM"
assets/data/characterData.bin.mid,119,HumanDescription,Ｆ・Ｏ・Ｏ・Ｄ！,He's in here for some Foxtrot Oscar Oscar Delta.,,same_art_or_category,medium,
assets/data/characterData.bin.mid,119,ZombieDescription,Z・O・M・B・I・E！,Zulu Oscar Mike Bravo India Echo!,,same_art_or_category,medium,
assets/data/characterData.bin.mid,120,Name,老いぼれヒッピー,Old Hippie,Old Hippie,same_art_or_category,medium,"art ""hippie/oldman"" -> EN row 120 (2 JP rows share this art; qualifier needed); proposed carried from TM"
assets/data/characterData.bin.mid,120,HumanDescription,アイツは有機食材にこだわっている。,He's all about the organic ingredients.,,same_art_or_category,medium,
assets/data/characterData.bin.mid,120,ZombieDescription,60年代を覚えてたら、食べられずに済んだのに。,"If you remember the 60s, he didn't eat you.",,same_art_or_category,medium,
assets/data/characterData.bin.mid,121,Name,青年ヒッピー,Young Male Hippie,Young Male Hippie,same_art_or_category,medium,"art ""hippie/teen"" -> EN row 121 (2 JP rows share this art; qualifier needed); proposed carried from TM"
assets/data/characterData.bin.mid,121,HumanDescription,最高のガスパチョを作る。,This guy makes a groovy bowl of gazspacho.,,same_art_or_category,medium,
assets/data/characterData.bin.mid,121,ZombieDescription,今では、自由な思想を持つ脳に夢中。,"He's into a new type of ""head trip"" now.",,same_art_or_category,medium,
assets/data/characterData.bin.mid,122,Name,女性ヒッピー,Young Female Hippie,Young Female Hippie,same_art_or_category,medium,"art ""hippie/hippie"" -> EN row 122 (2 JP rows share this art; qualifier needed); proposed carried from TM"
assets/data/characterData.bin.mid,122,HumanDescription,エンドウ豆も試してみてと言っている。,"All she is saying, is just give peas a chance.",,same_art_or_category,medium,
assets/data/characterData.bin.mid,122,ZombieDescription,脳のノリを感じている。,She's hip to the brain movement.,,same_art_or_category,medium,
assets/data/characterData.bin.mid,123,Name,大佐シェフ,Corporal Chef,Corporal Chef,same_art_or_category,medium,"art ""enemyChef/military"" -> EN row 123 (2 JP rows share this art; qualifier needed); proposed carried from TM"
assets/data/characterData.bin.mid,123,HumanDescription,何が食べたいかって？「クソ食らえ」だね！,"When he asks you what you'll have, tell him nuts!",,same_art_or_category,medium,
assets/data/characterData.bin.mid,123,ZombieDescription,寝起きの香りが大好き。,He loves the smell of brains in the morning.,,same_art_or_category,medium,
assets/data/characterData.bin.mid,124,Name,ヒッピーシェフ,Hippie Chef,Hippie Chef,same_art_or_category,medium,"art ""enemyChef/hippie"" -> EN row 124 (2 JP rows share this art; qualifier needed); proposed carried from TM"
assets/data/characterData.bin.mid,124,HumanDescription,オーガニック食材にこだわっている。,She's all about the organic ingredients.,,same_art_or_category,medium,
assets/data/characterData.bin.mid,124,ZombieDescription,彼女の脳は有機栽培で育てられ収穫された。,Her brains are organically grown and harvested.,,same_art_or_category,medium,
assets/data/characterData.bin.mid,125,Name,大佐シェフ,Corporal Chef,Corporal Chef,same_art_or_category,medium,"art ""enemyChef/military"" -> EN row 123 (2 JP rows share this art; qualifier needed); proposed carried from TM"
assets/data/characterData.bin.mid,125,HumanDescription,何が食べたいかって？「クソ食らえ」だね！,"When he asks you what you'll have, tell him nuts!",,same_art_or_category,medium,
assets/data/characterData.bin.mid,125,ZombieDescription,寝起きの香りが大好き。,He loves the smell of brains in the morning.,,same_art_or_category,medium,
assets/data/characterData.bin.mid,126,Name,ヒッピーシェフ,Hippie Chef,Hippie Chef,same_art_or_category,medium,"art ""enemyChef/hippie"" -> EN row 124 (2 JP rows share this art; qualifier needed); proposed carried from TM"
assets/data/characterData.bin.mid,126,HumanDescription,オーガニック食材にこだわっている。,She's all about the organic ingredients.,,same_art_or_category,medium,
assets/data/characterData.bin.mid,126,ZombieDescription,彼女の脳は有機栽培で育てられ収穫された。,Her brains are organically grown and harvested.,,same_art_or_category,medium,
assets/data/characterData.bin.mid,127,Name,フランケン,Frankenstein,Frankenstein,direct_english_row,high,"art ""enemyChef/Frankenstein"" -> EN row 127"
assets/data/characterData.bin.mid,127,HumanDescription,ゾンビの元祖。あだ名はフランク。,The ORIGINAL zombie. His friends call him Frank.,The ORIGINAL zombie. His friends call him Frank.,direct_english_row,high,
assets/data/characterData.bin.mid,127,ZombieDescription,ゾンビの元祖。あだ名はフランク。,The ORIGINAL zombie. His friends call him Frank.,The ORIGINAL zombie. His friends call him Frank.,direct_english_row,high,
assets/data/characterData.bin.mid,128,Name,ミイラ女のシェフ,Mummy Chef,Mummy Chef,direct_english_row,high,"art ""FrankieFemaleMummy/femaleMummy"" -> EN row 128"
assets/data/characterData.bin.mid,128,HumanDescription,古代から働くシングルマザー。,"She's a single, working mummy.","She's a single, working mummy.",direct_english_row,high,
assets/data/characterData.bin.mid,128,ZombieDescription,古代から働くシングルマザー。,"She's a single, working mummy.","She's a single, working mummy.",direct_english_row,high,
assets/data/characterData.bin.mid,129,Name,ミイラ男のシェフ,Male Mummy Chef,Male Mummy Chef,direct_english_row,high,"art ""FrankieMaleMummy/maleMummy"" -> EN row 129"
assets/data/characterData.bin.mid,129,HumanDescription,ミイラ取りがミイラになり、それから月給取りになった。,He's all wrapped up in his job.,He's all wrapped up in his job.,direct_english_row,high,
assets/data/characterData.bin.mid,129,ZombieDescription,ミイラ取りがミイラになり、それから月給取りになった。,He's all wrapped up in his job.,He's all wrapped up in his job.,direct_english_row,high,
assets/data/characterData.bin.mid,130,Name,魔女のシェフ,Witch Chef,Witch Chef,direct_english_row,high,"art ""FrankieWitch/witch"" -> EN row 130"
assets/data/characterData.bin.mid,130,HumanDescription,チップをやらないとイモリに変身させられる。,"Tip her, or she'll turn you into a newt.","Tip her, or she'll turn you into a newt.",direct_english_row,high,
assets/data/characterData.bin.mid,130,ZombieDescription,チップをやらないとイモリに変身させられる。,"Tip her, or she'll turn you into a newt.","Tip her, or she'll turn you into a newt.",direct_english_row,high,
assets/data/characterData.bin.mid,131,Name,狼男のシェフ,Wolfman Chef,Wolfman Chef,direct_english_row,high,"art ""FrankieWolfman/wolfman"" -> EN row 131"
assets/data/characterData.bin.mid,131,HumanDescription,正真正銘の狼男。70'sの洋楽に夢中。,"A serious werewolf.  You can clap for him, but do you dig him?","A serious werewolf.  You can clap for him, but do you dig him?",direct_english_row,high,
assets/data/characterData.bin.mid,131,ZombieDescription,“ウルフマンに拍手を”が大好き。,"Clap for the wolfman, you're gonna dig him 'til the day you die.","Clap for the wolfman, you're gonna dig him 'til the day you die.",direct_english_row,high,
assets/data/characterData.bin.mid,132,Name,ミイラ女,Mummy,Mummy Woman,same_art_or_category,medium,"art ""femaleMummy/femaleMummy"" -> EN row 132 (2 JP rows share this art; qualifier needed); proposed carried from TM"
assets/data/characterData.bin.mid,132,HumanDescription,古着の包帯で切り詰めた生活を送るシングルマザー。,She's a single mummy on a budget.,,same_art_or_category,medium,
assets/data/characterData.bin.mid,132,ZombieDescription,ただひたむきに働くミイラ。,"She's a single-minded, working mummy.",,same_art_or_category,medium,
assets/data/characterData.bin.mid,133,Name,ミイラ男,Mummy,Mummy Man,same_art_or_category,medium,"art ""maleMummy/maleMummy"" -> EN row 133 (2 JP rows share this art; qualifier needed); proposed carried from TM"
assets/data/characterData.bin.mid,133,HumanDescription,まともなサンドイッチにありつくまで3000年も待った。,"He's waited 3,000 years to get a decent sandwich.",,same_art_or_category,medium,
assets/data/characterData.bin.mid,133,ZombieDescription,店のメニューを読むのに没頭している。,He's wrapped up in your cafe's menu.,,same_art_or_category,medium,
assets/data/characterData.bin.mid,134,Name,魔女,Witch,Witch,same_art_or_category,medium,"art ""witch/witch"" -> EN row 134 (2 JP rows share this art; qualifier needed); proposed carried from TM"
assets/data/characterData.bin.mid,134,HumanDescription,好きなサイドメニューはイモリの目玉焼きとカエルの足。,She likes her eye of newt and toe of frog on the side.,,same_art_or_category,medium,
assets/data/characterData.bin.mid,134,ZombieDescription,この店はほうきを“駐める”場所をもっと工夫すべきだと思っている。,She thinks your cafe needs better broomstick parking.,,same_art_or_category,medium,
assets/data/characterData.bin.mid,135,Name,人狼,Werewolf,Werewolf,same_art_or_category,medium,"art ""wolfman/wolfman"" -> EN row 135 (9 JP rows share this art; qualifier needed); proposed carried from TM"
assets/data/characterData.bin.mid,135,HumanDescription,正真正銘の狼男。70'sの洋楽に夢中。,"A serious werewolf.  You can clap for him, but do you dig him?","A serious werewolf.  You can clap for him, but do you dig him?",same_art_or_category,medium,proposed carried from TM
assets/data/characterData.bin.mid,135,ZombieDescription,満月の夜はいつも、大皿に盛った生肉を食べる。,He likes to eat a big plate of raw meat during a full moon.,,same_art_or_category,medium,
assets/data/characterData.bin.mid,136,Name,メイド,,,jp_only_event,low,"JP-only; art ""maid/maid"""
assets/data/characterData.bin.mid,136,HumanDescription,メイドカフェの店員で本職は別。,,,jp_only_event,low,
assets/data/characterData.bin.mid,136,ZombieDescription,死ぬまで尽くしてたら本当に死んじゃった。,,,jp_only_event,low,
assets/data/characterData.bin.mid,137,Name,執事,,,jp_only_event,low,"JP-only; art ""butler/butler"""
assets/data/characterData.bin.mid,137,HumanDescription,メイドたちを取りまとめる影の支配者。,,,jp_only_event,low,
assets/data/characterData.bin.mid,137,ZombieDescription,メイドたちを取りまとめる影の支配者。,,,jp_only_event,low,
assets/data/characterData.bin.mid,138,Name,メイドロボ,,,jp_only_event,low,"JP-only; art ""maid/maid"""
assets/data/characterData.bin.mid,138,HumanDescription,自分のご主人様を探し続けるけなげなロボット,,,jp_only_event,low,
assets/data/characterData.bin.mid,138,ZombieDescription,一見メイドだが戦闘用。サービスはガサツ。,,,jp_only_event,low,
assets/data/characterData.bin.mid,139,Name,メイドカフェの敵メイド,,,jp_only_event,low,"JP-only; art ""MaidCafeMaid/MaidCafeMaid"""
assets/data/characterData.bin.mid,139,HumanDescription,メイドカフェの店員で本職は別。,,,jp_only_event,low,
assets/data/characterData.bin.mid,139,ZombieDescription,死ぬまで尽くしてたら本当に死んじゃった。,,,jp_only_event,low,
assets/data/characterData.bin.mid,140,Name,メイドカフェの敵オタク,,,jp_only_event,low,"JP-only; art ""MaidCafeNerd/MaidCafeNerd"""
assets/data/characterData.bin.mid,140,HumanDescription,店の売上着服中！,,,jp_only_event,low,
assets/data/characterData.bin.mid,140,ZombieDescription,店の料理長。,,"He's the head chef of this establishment, and he won't go down without a fight.",jp_only_event,low,proposed carried from TM
assets/data/characterData.bin.mid,141,Name,ストロー級,Boxer,Strawweight,same_art_or_category,medium,"art ""boxer/"" -> EN row 40 (8 JP rows share this art; qualifier needed); proposed carried from TM"
assets/data/characterData.bin.mid,141,HumanDescription,減量中ですが、何か？,"Floats like a butterfly, stings like a bee. Eats like a horse.",,same_art_or_category,medium,
assets/data/characterData.bin.mid,141,ZombieDescription,リングにいた頃よりずっとハングリー。,"Floats like a butterfly, stings like a bee. Eats just about anybody.",,same_art_or_category,medium,
assets/data/characterData.bin.mid,142,Name,ウエルター級,Boxer,Welterweight,same_art_or_category,medium,"art ""boxer/"" -> EN row 40 (8 JP rows share this art; qualifier needed); proposed carried from TM"
assets/data/characterData.bin.mid,142,HumanDescription,パンチドランカーはランチにもメロメロ。,"Floats like a butterfly, stings like a bee. Eats like a horse.",,same_art_or_category,medium,
assets/data/characterData.bin.mid,142,ZombieDescription,拳ばかりか、いまや存在が凶器登録。,"Floats like a butterfly, stings like a bee. Eats just about anybody.",,same_art_or_category,medium,
assets/data/characterData.bin.mid,143,Name,２階級制覇,Boxer,Two-Division Champ,same_art_or_category,medium,"art ""boxer/"" -> EN row 40 (8 JP rows share this art; qualifier needed); proposed carried from TM"
assets/data/characterData.bin.mid,143,HumanDescription,全ての歓声は俺のモノ。それがたとえカフェでもだ！,"Floats like a butterfly, stings like a bee. Eats like a horse.",,same_art_or_category,medium,
assets/data/characterData.bin.mid,143,ZombieDescription,どこまでも喰らいつく彼に敗北の文字はない。,"Floats like a butterfly, stings like a bee. Eats just about anybody.",,same_art_or_category,medium,
assets/data/characterData.bin.mid,144,Name,ビジネスマン＋１,Businessman,Businessman +1,same_art_or_category,medium,"art ""businessman/faris"" -> EN row 13 (3 JP rows share this art; qualifier needed); proposed carried from TM"
assets/data/characterData.bin.mid,144,HumanDescription,今日もドライアイ。クロスワードパズルのやりすぎで。,He's a cubicle zombie. He's just not dead yet.,,same_art_or_category,medium,
assets/data/characterData.bin.mid,144,ZombieDescription,ドライアイの心配はない。眼球落としたので。,He's a former cubicle zombie who now has better working hours and a brain-inclusive benefit  package.,,same_art_or_category,medium,
assets/data/characterData.bin.mid,145,Name,企業戦士,Businessman,Corporate Warrior,same_art_or_category,medium,"art ""businessman/faris"" -> EN row 13 (3 JP rows share this art; qualifier needed); proposed carried from TM"
assets/data/characterData.bin.mid,145,HumanDescription,この国の経済のために心血を注ぐデキる男。睡眠は3時間。,He's a cubicle zombie. He's just not dead yet.,,same_art_or_category,medium,
assets/data/characterData.bin.mid,145,ZombieDescription,この国の経済のために脳ミソを欲している。,He's a former cubicle zombie who now has better working hours and a brain-inclusive benefit  package.,,same_art_or_category,medium,
assets/data/characterData.bin.mid,146,Name,会計士＋１,Accountant,Accountant +1,same_art_or_category,medium,"art ""businessman/oldman"" -> EN row 11 (4 JP rows share this art; qualifier needed); proposed carried from TM"
assets/data/characterData.bin.mid,146,HumanDescription,大企業も担当するスペシャリスト。,Crunching numbers takes more concentration than nibbling on lunch.,,same_art_or_category,medium,
assets/data/characterData.bin.mid,146,ZombieDescription,食べた脳みその収支を計算中。,Crunching numbers takes more concentration than nibbling flesh.,,same_art_or_category,medium,
assets/data/characterData.bin.mid,147,Name,警部,Sergeant,Police Inspector,same_art_or_category,medium,"art ""businessman/officer"" -> EN row 38 (2 JP rows share this art; qualifier needed); proposed carried from TM"
assets/data/characterData.bin.mid,147,HumanDescription,難事件もランチ中に片づける鬼警部。,The head of the police dept. is calling all units to come have the lunch special.,,same_art_or_category,medium,
assets/data/characterData.bin.mid,147,ZombieDescription,いまや全ての難事件は彼が引き金。,The former head of the police dept. This is one zombie that knows how to serve and protect.,,same_art_or_category,medium,
assets/data/characterData.bin.mid,148,Name,政治家くずれ,Businessman,Washed-Up Politician,same_art_or_category,medium,"art ""businessman/"" -> EN row 14 (7 JP rows share this art; qualifier needed); proposed carried from TM"
assets/data/characterData.bin.mid,148,HumanDescription,賄賂とハンドバーガーが大好物。,He's a cubicle zombie. He's just not dead yet.,,same_art_or_category,medium,
assets/data/characterData.bin.mid,148,ZombieDescription,賄賂と脳みそが大好物。,He's a former cubicle zombie who now has better working hours and a brain-inclusive benefit  package.,,same_art_or_category,medium,
assets/data/characterData.bin.mid,149,Name,官僚,Businessman,Bureaucrat,same_art_or_category,medium,"art ""businessman/"" -> EN row 14 (7 JP rows share this art; qualifier needed); proposed carried from TM"
assets/data/characterData.bin.mid,149,HumanDescription,彼のランチは、あなたの税金で支えられています。,He's a cubicle zombie. He's just not dead yet.,,same_art_or_category,medium,
assets/data/characterData.bin.mid,149,ZombieDescription,彼のランチのため、脳税にご協力ください。,He's a former cubicle zombie who now has better working hours and a brain-inclusive benefit  package.,,same_art_or_category,medium,
assets/data/characterData.bin.mid,150,Name,大臣,,,jp_only_event,low,"JP-only; art ""butler/oldman"""
assets/data/characterData.bin.mid,150,HumanDescription,ランチ中に次の選挙でのコピーを検討中。,,,jp_only_event,low,
assets/data/characterData.bin.mid,150,ZombieDescription,「ゾンビ大臣」って案外キャッチーだと思っている。,,,jp_only_event,low,
assets/data/characterData.bin.mid,151,Name,監査役,Businessman,Auditor,same_art_or_category,medium,"art ""businessman/"" -> EN row 14 (7 JP rows share this art; qualifier needed); proposed carried from TM"
assets/data/characterData.bin.mid,151,HumanDescription,業務効率と適正化を計るため、ランチは社長のポケットマネーで。,He's a cubicle zombie. He's just not dead yet.,,same_art_or_category,medium,
assets/data/characterData.bin.mid,151,ZombieDescription,業務効率と適正化を計るため、ランチは社長で。,He's a former cubicle zombie who now has better working hours and a brain-inclusive benefit  package.,,same_art_or_category,medium,
assets/data/characterData.bin.mid,152,Name,OL＋１,Businesswoman,Businesswoman +1,same_art_or_category,medium,"art ""businesswoman/"" -> EN row 15 (7 JP rows share this art; qualifier needed); proposed carried from TM"
assets/data/characterData.bin.mid,152,HumanDescription,恋と仕事を両立させるキャリアウーマン。,She's a cubicle zombie. She's just not dead yet.,,same_art_or_category,medium,
assets/data/characterData.bin.mid,152,ZombieDescription,恋を捨てて食欲に生きるキャリアウーマン。,She's a former cubicle zombie who now has better working hours and a brain-inclusive benefit  package.,,same_art_or_category,medium,
assets/data/characterData.bin.mid,153,Name,企業戦士,Businesswoman,Corporate Warrior,same_art_or_category,medium,"art ""businesswoman/"" -> EN row 15 (7 JP rows share this art; qualifier needed); proposed carried from TM"
assets/data/characterData.bin.mid,153,HumanDescription,仕事が楽しくて仕方ないお年頃。ランチはいつもサラダとコーヒーだけ。,She's a cubicle zombie. She's just not dead yet.,,same_art_or_category,medium,
assets/data/characterData.bin.mid,153,ZombieDescription,仕事以外の楽しみを知ってしまった。ランチはいつも2人前。,She's a former cubicle zombie who now has better working hours and a brain-inclusive benefit  package.,,same_art_or_category,medium,
assets/data/characterData.bin.mid,154,Name,ボーイ,,,jp_only_event,low,"JP-only; art ""butler/faris"""
assets/data/characterData.bin.mid,154,HumanDescription,優美かつ軽快なフットワークで快適なお食事をご提供。,,,jp_only_event,low,
assets/data/characterData.bin.mid,154,ZombieDescription,お客様のオーダーには笑顔でかぶりつく。,,,jp_only_event,low,
assets/data/characterData.bin.mid,155,Name,指揮者,,,jp_only_event,low,"JP-only; art ""butler/businesswoman"""
assets/data/characterData.bin.mid,155,HumanDescription,彼女の生み出すハーモニーは世界から称賛を受けている。,,,jp_only_event,low,
assets/data/characterData.bin.mid,155,ZombieDescription,腐臭、脳みそ、あーうー♪のハーモニーをお楽しみください。,,,jp_only_event,low,
assets/data/characterData.bin.mid,156,Name,ミイラ女＋１,Mummy,Mummy Woman +1,same_art_or_category,medium,"art ""femaleMummy/femaleMummy"" -> EN row 132 (2 JP rows share this art; qualifier needed); proposed carried from TM"
assets/data/characterData.bin.mid,156,HumanDescription,食べこぼしたときの包帯の交換が結構面倒。,She's a single mummy on a budget.,,same_art_or_category,medium,
assets/data/characterData.bin.mid,156,ZombieDescription,テーブルクロスはいらない。布ならほら、ここに。,"She's a single-minded, working mummy.",,same_art_or_category,medium,
assets/data/characterData.bin.mid,157,Name,ミイラ男＋１,Mummy,Mummy Man +1,same_art_or_category,medium,"art ""maleMummy/maleMummy"" -> EN row 133 (2 JP rows share this art; qualifier needed); proposed carried from TM"
assets/data/characterData.bin.mid,157,HumanDescription,お化粧がちょっと濃いめ。,"He's waited 3,000 years to get a decent sandwich.",,same_art_or_category,medium,
assets/data/characterData.bin.mid,157,ZombieDescription,お肌のカサカサに効くメニューを考案中。,He's wrapped up in your cafe's menu.,,same_art_or_category,medium,
assets/data/characterData.bin.mid,158,Name,ヨガの大先生,,,jp_only_event,low,"JP-only; art ""firefighter/oldlady"""
assets/data/characterData.bin.mid,158,HumanDescription,あらゆるヨガを習得した大先生。あとは雲にのるだけ。,,,jp_only_event,low,
assets/data/characterData.bin.mid,158,ZombieDescription,あらゆるヨガを習得した大先生。朝のストレッチはかかせない。,,,jp_only_event,low,
assets/data/characterData.bin.mid,159,Name,ヨガの達人,,,jp_only_event,low,"JP-only; art ""firefighter/oldlady"""
assets/data/characterData.bin.mid,159,HumanDescription,修行を積みすぎてそろそろ悟りを開く頃。,,,jp_only_event,low,
assets/data/characterData.bin.mid,159,ZombieDescription,ゾンビになって無我の境地を知った。あ、でも脳ミソがそこに。,,,jp_only_event,low,
assets/data/characterData.bin.mid,160,Name,退役軍人＋１,Veteran,Veteran +1,same_art_or_category,medium,"art ""firefighter/oldman"" -> EN row 24 (2 JP rows share this art; qualifier needed); proposed carried from TM"
assets/data/characterData.bin.mid,160,HumanDescription,彼の戦略に助けられた兵士は数知れない。好物はドーナツ。,"He's fought in wars, ya know. World Wars. Now he's ordering the soup.",,same_art_or_category,medium,
assets/data/characterData.bin.mid,160,ZombieDescription,彼のホフク前進に足を取られた客は数知れない。,"He's tough. He's fought  in wars, ya know. World Wars. Now he's serving your customers.",,same_art_or_category,medium,
assets/data/characterData.bin.mid,161,Name,伝説の選手,Star Player,Legendary Player,same_art_or_category,medium,"art ""footballplayer/generic"" -> EN row 45 (3 JP rows share this art; qualifier needed); proposed carried from TM"
assets/data/characterData.bin.mid,161,HumanDescription,「00の彗星」とは彼のこと。妻はアナウンサー。,"He's won the Heisman Trophy, now he's down for a big meal.",,same_art_or_category,medium,
assets/data/characterData.bin.mid,161,ZombieDescription,「00のゾンビ」とは彼のこと。妻は最近見かけない。,This football star's tried pigskin. Now he wants human flesh.,,same_art_or_category,medium,
assets/data/characterData.bin.mid,162,Name,アイアムレジェンド,Star Player,I Am Legend,same_art_or_category,medium,"art ""footballplayer/generic"" -> EN row 45 (3 JP rows share this art; qualifier needed); proposed carried from TM"
assets/data/characterData.bin.mid,162,HumanDescription,スーパーボウルMVP連続受賞選手。妻はスーパーモデル。,"He's won the Heisman Trophy, now he's down for a big meal.",,same_art_or_category,medium,
assets/data/characterData.bin.mid,162,ZombieDescription,ゾンビはアメフトに似ている、と彼は語る。妻は最近見かけない。,This football star's tried pigskin. Now he wants human flesh.,,same_art_or_category,medium,
assets/data/characterData.bin.mid,163,Name,テレフォンアポインター＋１,Telemarketer,Telemarketer +1,same_art_or_category,medium,"art ""generic/businesswoman"" -> EN row 8 (2 JP rows share this art; qualifier needed); proposed carried from TM"
assets/data/characterData.bin.mid,163,HumanDescription,どんなクレームもやんわり対応、円満解決。,The only thing she knows how to do is convince people to switch long-distance plans.,,same_art_or_category,medium,
assets/data/characterData.bin.mid,163,ZombieDescription,どんなクレームもドロリと対応、襲撃強襲。,"In life, she was sapped of her will to live by brain-dead customers. In death, she's returning the favor.",,same_art_or_category,medium,
assets/data/characterData.bin.mid,164,Name,怠け者＋１,Couch Potato,Couch Potato +1,same_art_or_category,medium,"art ""nerd/faris"" -> EN row 5 (15 JP rows share this art; qualifier needed); proposed carried from TM"
assets/data/characterData.bin.mid,164,HumanDescription,そういえばゴハンまだだった、と2日ぶりに気がついた。,He's taking a break from loafing to fill his stomach.,,same_art_or_category,medium,
assets/data/characterData.bin.mid,164,ZombieDescription,そういえばゴハンまだだった、と2秒ぶりに気が付いた。,A somewhat mediocre zombie with no previous job experience.,,same_art_or_category,medium,
assets/data/characterData.bin.mid,165,Name,退職者＋１,Retiree,Retiree +1,same_art_or_category,medium,"art ""genericfemale/oldlady"" -> EN row 23 (2 JP rows share this art; qualifier needed); proposed carried from TM"
assets/data/characterData.bin.mid,165,HumanDescription,「私が若いころは…」が口癖。,She's enjoying her retirement by taking 20 minutes to decide what she wants to eat.,,same_art_or_category,medium,
assets/data/characterData.bin.mid,165,ZombieDescription,「私が人間のころは…」が口癖。,The best  part  of retirement  is not  having to watch what  you eat. Like brains.,,same_art_or_category,medium,
assets/data/characterData.bin.mid,166,Name,手遅れヒッピー,Old Hippie,Hopeless Hippie,same_art_or_category,medium,"art ""hippie/oldman"" -> EN row 120 (2 JP rows share this art; qualifier needed); proposed carried from TM"
assets/data/characterData.bin.mid,166,HumanDescription,センスとノリは一級品。,He's all about the organic ingredients.,,same_art_or_category,medium,
assets/data/characterData.bin.mid,166,ZombieDescription,ゾンビになってもセンスは失わない。,"If you remember the 60s, he didn't eat you.",,same_art_or_category,medium,
assets/data/characterData.bin.mid,167,Name,青年ヒッピー＋１,Young Male Hippie,Young Male Hippie +1,same_art_or_category,medium,"art ""hippie/teen"" -> EN row 121 (2 JP rows share this art; qualifier needed); proposed carried from TM"
assets/data/characterData.bin.mid,167,HumanDescription,将来を考えないことが美学。,This guy makes a groovy bowl of gazspacho.,,same_art_or_category,medium,
assets/data/characterData.bin.mid,167,ZombieDescription,ある意味彼の思い通りの人生になった。,"He's into a new type of ""head trip"" now.",,same_art_or_category,medium,
assets/data/characterData.bin.mid,168,Name,女性ヒッピー＋１,Young Female Hippie,Young Female Hippie +1,same_art_or_category,medium,"art ""hippie/hippie"" -> EN row 122 (2 JP rows share this art; qualifier needed); proposed carried from TM"
assets/data/characterData.bin.mid,168,HumanDescription,昼食は手早く済ます方。,"All she is saying, is just give peas a chance.",,same_art_or_category,medium,
assets/data/characterData.bin.mid,168,ZombieDescription,あの頃に戻る方が良かったか分からない。,She's hip to the brain movement.,,same_art_or_category,medium,
assets/data/characterData.bin.mid,169,Name,ヒッピーオタク,,,jp_only_event,low,"JP-only; art ""hippie/nerd"""
assets/data/characterData.bin.mid,169,HumanDescription,気持ちと情熱だけは誰にも負けない。,,,jp_only_event,low,
assets/data/characterData.bin.mid,169,ZombieDescription,俺　T・U・E・E・E！！,,,jp_only_event,low,
assets/data/characterData.bin.mid,170,Name,元伍長,,,jp_only_event,low,"JP-only; art ""businessman/military"""
assets/data/characterData.bin.mid,170,HumanDescription,まだまだ現役。,,,jp_only_event,low,
assets/data/characterData.bin.mid,170,ZombieDescription,まだまだ現役。されど現役より弱し。,,,jp_only_event,low,
assets/data/characterData.bin.mid,171,Name,女兵士,,,jp_only_event,low,"JP-only; art ""military/cutegirl"""
assets/data/characterData.bin.mid,171,HumanDescription,サバイバルナイフで料理を嗜む。,,,jp_only_event,low,
assets/data/characterData.bin.mid,171,ZombieDescription,今は指を切っても問題ない身体になった。,,,jp_only_event,low,
assets/data/characterData.bin.mid,172,Name,超女兵士,,,jp_only_event,low,"JP-only; art ""military/cutegirl"""
assets/data/characterData.bin.mid,172,HumanDescription,グリンベレーに配属された経験がある。,,,jp_only_event,low,
assets/data/characterData.bin.mid,172,ZombieDescription,グリンベレー時代よりも過激な毎日を送っている。,,,jp_only_event,low,
assets/data/characterData.bin.mid,173,Name,中尉,Colonel,Lieutenant,same_art_or_category,medium,"art ""military/businessman"" -> EN row 118 (3 JP rows share this art; qualifier needed); proposed carried from TM"
assets/data/characterData.bin.mid,173,HumanDescription,イエッサーだけでこの地位に上り詰めた。,Hunger is his major malfunction.,,same_art_or_category,medium,
assets/data/characterData.bin.mid,173,ZombieDescription,イエッサーと答える気力もない。,He goes AWOL if he doesn't get his daily ration of brains.,,same_art_or_category,medium,
assets/data/characterData.bin.mid,174,Name,大尉,Colonel,Captain,same_art_or_category,medium,"art ""military/businessman"" -> EN row 118 (3 JP rows share this art; qualifier needed); proposed carried from TM"
assets/data/characterData.bin.mid,174,HumanDescription,核爆弾発射のスイッチを押したいと思っている。,Hunger is his major malfunction.,,same_art_or_category,medium,
assets/data/characterData.bin.mid,174,ZombieDescription,押したいものは人生のリセットボタンに変わった。,He goes AWOL if he doesn't get his daily ration of brains.,,same_art_or_category,medium,
assets/data/characterData.bin.mid,175,Name,少将,Corporal,Major General,same_art_or_category,medium,"art ""military/military"" -> EN row 119 (2 JP rows share this art; qualifier needed); proposed carried from TM"
assets/data/characterData.bin.mid,175,HumanDescription,三度の飯より戦争大好き！！,He's in here for some Foxtrot Oscar Oscar Delta.,,same_art_or_category,medium,
assets/data/characterData.bin.mid,175,ZombieDescription,配膳する食事に手をつけないように我慢している。,Zulu Oscar Mike Bravo India Echo!,,same_art_or_category,medium,
assets/data/characterData.bin.mid,176,Name,元帥,,,jp_only_event,low,"JP-only; art ""military/oldman"""
assets/data/characterData.bin.mid,176,HumanDescription,かつてのカリスマ性はもうない。,,,jp_only_event,low,
assets/data/characterData.bin.mid,176,ZombieDescription,第二の人生を歩み始めた。,,,jp_only_event,low,
assets/data/characterData.bin.mid,177,Name,ウルトラモデル,Celebrity,Ultra Model,same_art_or_category,medium,"art ""model/"" -> EN row 51 (5 JP rows share this art; qualifier needed); proposed carried from TM"
assets/data/characterData.bin.mid,177,HumanDescription,国際的に超有名なモデル。,She eats here when she's busy ducking the tabloid reporters and the paparazzi.,,same_art_or_category,medium,
assets/data/characterData.bin.mid,177,ZombieDescription,腐っても国際的に超有名なモデル。,"She used to have a problem with tabloid reporters, but ate them.",,same_art_or_category,medium,
assets/data/characterData.bin.mid,178,Name,女子アナ,Businesswoman,News Anchor,same_art_or_category,medium,"art ""businesswoman/"" -> EN row 15 (7 JP rows share this art; qualifier needed); proposed carried from TM"
assets/data/characterData.bin.mid,178,HumanDescription,野球選手と結婚したのは高校時代からの計画通り。,She's a cubicle zombie. She's just not dead yet.,,same_art_or_category,medium,
assets/data/characterData.bin.mid,178,ZombieDescription,世界初、滑舌のいいゾンビ。,She's a former cubicle zombie who now has better working hours and a brain-inclusive benefit  package.,,same_art_or_category,medium,
assets/data/characterData.bin.mid,179,Name,教頭,,,jp_only_event,low,"JP-only; art ""businessman/generic"""
assets/data/characterData.bin.mid,179,HumanDescription,早く校長になりたいが、それまで体が持つか心配。,,,jp_only_event,low,
assets/data/characterData.bin.mid,179,ZombieDescription,ゾンビになる前も後も校長に言うことは同じ。あーうー。,,,jp_only_event,low,
assets/data/characterData.bin.mid,180,Name,教頭,,,jp_only_event,low,"JP-only; art ""businessman/oldlady"""
assets/data/characterData.bin.mid,180,HumanDescription,やんちゃな生徒にどんな罰を与えるかで頭がいっぱい。,,,jp_only_event,low,
assets/data/characterData.bin.mid,180,ZombieDescription,やんちゃな生徒に与える罰はもう決定。いただきます。,,,jp_only_event,low,
assets/data/characterData.bin.mid,181,Name,校長,Accountant,Principal,same_art_or_category,medium,"art ""businessman/oldman"" -> EN row 11 (4 JP rows share this art; qualifier needed); proposed carried from TM"
assets/data/characterData.bin.mid,181,HumanDescription,生徒一人頭の学費を計算中。,Crunching numbers takes more concentration than nibbling on lunch.,,same_art_or_category,medium,
assets/data/characterData.bin.mid,181,ZombieDescription,生徒一人頭の脳ミソを計算中。,Crunching numbers takes more concentration than nibbling flesh.,,same_art_or_category,medium,
assets/data/characterData.bin.mid,182,Name,校長,,Principal,jp_only_event,low,"JP-only; art ""businesswoman/oldlady""; proposed carried from TM"
assets/data/characterData.bin.mid,182,HumanDescription,優秀な子供をスカウトしにきている。,,,jp_only_event,low,
assets/data/characterData.bin.mid,182,ZombieDescription,優秀な子供は食べてみないとわからない。食べてもわからない。,,,jp_only_event,low,
assets/data/characterData.bin.mid,183,Name,教育委員会長,Accountant,School Board Chief,same_art_or_category,medium,"art ""businessman/oldman"" -> EN row 11 (4 JP rows share this art; qualifier needed); proposed carried from TM"
assets/data/characterData.bin.mid,183,HumanDescription,生徒も教師も校長も、彼の前ではただの子羊。,Crunching numbers takes more concentration than nibbling on lunch.,,same_art_or_category,medium,
assets/data/characterData.bin.mid,183,ZombieDescription,生徒も教師も校長も、彼の前ではただのゴハン。,Crunching numbers takes more concentration than nibbling flesh.,,same_art_or_category,medium,
assets/data/characterData.bin.mid,184,Name,妄想戦士,Nerd,Daydream Warrior,same_art_or_category,medium,"art ""nerd/"" -> EN row 30 (3 JP rows share this art; qualifier needed); proposed carried from TM"
assets/data/characterData.bin.mid,184,HumanDescription,俺の嫁をさがしている。,"He's still got  his lunch money, and he intends to spend it.",,same_art_or_category,medium,
assets/data/characterData.bin.mid,184,ZombieDescription,ゾンビというシチュエーションにちょっと萌（笑,"He used to run for class President, now he just runs. Fast. And hunts down enemy clientele.",,same_art_or_category,medium,
assets/data/characterData.bin.mid,185,Name,ゲームプログラマー,Nerd,Game Programmer,same_art_or_category,medium,"art ""nerd/"" -> EN row 30 (3 JP rows share this art; qualifier needed); proposed carried from TM"
assets/data/characterData.bin.mid,185,HumanDescription,彼の頭は0と1でできているともっぱらの評判。,"He's still got  his lunch money, and he intends to spend it.",,same_art_or_category,medium,
assets/data/characterData.bin.mid,185,ZombieDescription,彼の頭はnullだともっぱらの評判。,"He used to run for class President, now he just runs. Fast. And hunts down enemy clientele.",,same_art_or_category,medium,
assets/data/characterData.bin.mid,186,Name,ネゴシエイター,,,jp_only_event,low,"JP-only; art ""officer/boxer"""
assets/data/characterData.bin.mid,186,HumanDescription,犯罪者との交渉のエキスパート。巧みな心理戦が得意。,,,jp_only_event,low,
assets/data/characterData.bin.mid,186,ZombieDescription,オーダーしたいなら脳と交換だ。ただいま交渉中。,,,jp_only_event,low,
assets/data/characterData.bin.mid,187,Name,ネゴシエイター＋１,,,jp_only_event,low,"JP-only; art ""officer/boxer"""
assets/data/characterData.bin.mid,187,HumanDescription,彼に交渉させれば、どんな敵でも降伏の白旗をあげる。,,,jp_only_event,low,
assets/data/characterData.bin.mid,187,ZombieDescription,彼の説得でゾンビ化した客がちらほら。,,,jp_only_event,low,
assets/data/characterData.bin.mid,188,Name,秘密警察,Local Hero,Secret Police,same_art_or_category,medium,"art ""officer/omar"" -> EN row 39 (3 JP rows share this art; qualifier needed); proposed carried from TM"
assets/data/characterData.bin.mid,188,HumanDescription,街に紛れ、カフェに紛れて、人を守ります。,He both serves and protects your customers.,,same_art_or_category,medium,
assets/data/characterData.bin.mid,188,ZombieDescription,街に紛れ、カフェに紛れて、アレを食べている。,"He both serves and protects YOUR customers, but not anybody else's...",,same_art_or_category,medium,
assets/data/characterData.bin.mid,189,Name,幕外,Sumo Wrestler,Rookie Sumo,same_art_or_category,medium,"art ""sumowrestler/"" -> EN row 50 (5 JP rows share this art; qualifier needed); proposed carried from TM"
assets/data/characterData.bin.mid,189,HumanDescription,ちゃんこ鍋の後のデザートを食べに来た。,"He consumes 20,000 calories a day, which most  people find quite terrifying.",,same_art_or_category,medium,
assets/data/characterData.bin.mid,189,ZombieDescription,ここで修行してゾンビちゃんこ鍋店を開店したい,"He outweighs all his victims by at least  100lbs, but he's light on his feet.",,same_art_or_category,medium,
assets/data/characterData.bin.mid,190,Name,大関,Sumo Wrestler,Ozeki,same_art_or_category,medium,"art ""sumowrestler/"" -> EN row 50 (5 JP rows share this art; qualifier needed); proposed carried from TM"
assets/data/characterData.bin.mid,190,HumanDescription,カロリー摂るならフライドチキンでしょ。,"He consumes 20,000 calories a day, which most  people find quite terrifying.",,same_art_or_category,medium,
assets/data/characterData.bin.mid,190,ZombieDescription,むっちりモチ肌のゾンビ。,"He outweighs all his victims by at least  100lbs, but he's light on his feet.",,same_art_or_category,medium,
assets/data/characterData.bin.mid,191,Name,10代＋１,Teenager,Teenager +1,same_art_or_category,medium,"art ""teen/"" -> EN row 26 (8 JP rows share this art; qualifier needed); proposed carried from TM"
assets/data/characterData.bin.mid,191,HumanDescription,ナイフみたいに尖っていても、根は優しい子。,He's full of youthful energy and backtalk.,,same_art_or_category,medium,
assets/data/characterData.bin.mid,191,ZombieDescription,根は優しいが、脳は欲しい。悩める10代。,He's full of youthful energy and he might impulsively pick off your customers while he saves up for a car.,,same_art_or_category,medium,
assets/data/characterData.bin.mid,192,Name,なりたてピエロ,Stoogey the Clown,Rookie Clown,same_art_or_category,medium,"art ""teen/clown"" -> EN row 47 (4 JP rows share this art; qualifier needed); proposed carried from TM"
assets/data/characterData.bin.mid,192,HumanDescription,これから道化道を学ぼうとしている。,Stoogey the clown knows how to make people laugh. If only Stoogey could love.,,same_art_or_category,medium,
assets/data/characterData.bin.mid,192,ZombieDescription,道化道を究めるのに必要な時間を手に入れた。,Stoogey the clown knew how to make people laugh. Now it is Stoogey who will have the last  laugh.,,same_art_or_category,medium,
assets/data/characterData.bin.mid,193,Name,おまぬけピエロ,Stoogey the Clown,Goofy Clown,same_art_or_category,medium,"art ""teen/clown"" -> EN row 47 (4 JP rows share this art; qualifier needed); proposed carried from TM"
assets/data/characterData.bin.mid,193,HumanDescription,笑いをとるのはお手の物。,Stoogey the clown knows how to make people laugh. If only Stoogey could love.,,same_art_or_category,medium,
assets/data/characterData.bin.mid,193,ZombieDescription,自分では中々笑えない。,Stoogey the clown knew how to make people laugh. Now it is Stoogey who will have the last  laugh.,,same_art_or_category,medium,
assets/data/characterData.bin.mid,194,Name,ピエロマスター,Stoogey the Clown,Clown Master,same_art_or_category,medium,"art ""teen/clown"" -> EN row 47 (4 JP rows share this art; qualifier needed); proposed carried from TM"
assets/data/characterData.bin.mid,194,HumanDescription,笑うことが生涯で最大の至福！！,Stoogey the clown knows how to make people laugh. If only Stoogey could love.,,same_art_or_category,medium,
assets/data/characterData.bin.mid,194,ZombieDescription,笑うことはゾンビになった今も忘れない。,Stoogey the clown knew how to make people laugh. Now it is Stoogey who will have the last  laugh.,,same_art_or_category,medium,
assets/data/characterData.bin.mid,195,Name,現場の鬼,Construction Worker,Demon Foreman,same_art_or_category,medium,"art ""teen/constructionworker"" -> EN row 33 (2 JP rows share this art; qualifier needed); proposed carried from TM"
assets/data/characterData.bin.mid,195,HumanDescription,今日も脳死して荷物を運び続ける。,"You load sixteen tons, what do ya get? Something to drink and something on bread.",,same_art_or_category,medium,
assets/data/characterData.bin.mid,195,ZombieDescription,「こんな仕事はへっちゃらサ」が口癖。,Fights with the strength of Samson and serves with all the charm of an old work boot.,,same_art_or_category,medium,
assets/data/characterData.bin.mid,196,Name,ミュージシャン気取り,Teenager,Wannabe Musician,same_art_or_category,medium,"art ""teen/"" -> EN row 26 (8 JP rows share this art; qualifier needed); proposed carried from TM"
assets/data/characterData.bin.mid,196,HumanDescription,人生の選択を間違えようとしている。,He's full of youthful energy and backtalk.,,same_art_or_category,medium,
assets/data/characterData.bin.mid,196,ZombieDescription,きちんとカフェ勤めができるか不安。,He's full of youthful energy and he might impulsively pick off your customers while he saves up for a car.,,same_art_or_category,medium,
assets/data/characterData.bin.mid,197,Name,インディーズバンド,Teenager,Indie Rocker,same_art_or_category,medium,"art ""teen/"" -> EN row 26 (8 JP rows share this art; qualifier needed); proposed carried from TM"
assets/data/characterData.bin.mid,197,HumanDescription,これからが正念場。,He's full of youthful energy and backtalk.,,same_art_or_category,medium,
assets/data/characterData.bin.mid,197,ZombieDescription,これで彼も人気モノ！！,He's full of youthful energy and he might impulsively pick off your customers while he saves up for a car.,,same_art_or_category,medium,
assets/data/characterData.bin.mid,198,Name,プロロッカー,Teenager,Pro Rocker,same_art_or_category,medium,"art ""teen/"" -> EN row 26 (8 JP rows share this art; qualifier needed); proposed carried from TM"
assets/data/characterData.bin.mid,198,HumanDescription,レコーディングの合間にカフェは欠かせない。,He's full of youthful energy and backtalk.,,same_art_or_category,medium,
assets/data/characterData.bin.mid,198,ZombieDescription,レコーディングの合間にカフェは欠かせない。,He's full of youthful energy and he might impulsively pick off your customers while he saves up for a car.,,same_art_or_category,medium,
assets/data/characterData.bin.mid,199,Name,プロロッカー＋１,Teenager,Pro Rocker +1,same_art_or_category,medium,"art ""teen/"" -> EN row 26 (8 JP rows share this art; qualifier needed); proposed carried from TM"
assets/data/characterData.bin.mid,199,HumanDescription,お忍びで休憩に来て曲を考える。,He's full of youthful energy and backtalk.,,same_art_or_category,medium,
assets/data/characterData.bin.mid,199,ZombieDescription,作曲と接客は通じるものがある。,He's full of youthful energy and he might impulsively pick off your customers while he saves up for a car.,,same_art_or_category,medium,
assets/data/characterData.bin.mid,200,Name,魔女長,Witch,Head Witch,same_art_or_category,medium,"art ""witch/witch"" -> EN row 134 (2 JP rows share this art; qualifier needed); proposed carried from TM"
assets/data/characterData.bin.mid,200,HumanDescription,縁起の悪いものを集めるのが趣味。,She likes her eye of newt and toe of frog on the side.,,same_art_or_category,medium,
assets/data/characterData.bin.mid,200,ZombieDescription,サバトの進行役。店を黒塗りにしたがる。,She thinks your cafe needs better broomstick parking.,,same_art_or_category,medium,
assets/data/characterData.bin.mid,201,Name,魔女っ娘,,,jp_only_event,low,"JP-only; art ""witch/majokko"""
assets/data/characterData.bin.mid,201,HumanDescription,私は元気です！,,,jp_only_event,low,
assets/data/characterData.bin.mid,201,ZombieDescription,デッキブラシにまたがるのが夢。,,,jp_only_event,low,
assets/data/characterData.bin.mid,202,Name,人狼王,Werewolf,Werewolf King,same_art_or_category,medium,"art ""wolfman/wolfman"" -> EN row 135 (9 JP rows share this art; qualifier needed); proposed carried from TM"
assets/data/characterData.bin.mid,202,HumanDescription,見かけはただの人狼だが若干威厳がある。,"A serious werewolf.  You can clap for him, but do you dig him?",,same_art_or_category,medium,
assets/data/characterData.bin.mid,202,ZombieDescription,世襲制で王様になったが、実力は本物だ。,He likes to eat a big plate of raw meat during a full moon.,,same_art_or_category,medium,
assets/data/characterData.bin.mid,203,Name,究極の人狼,Werewolf,Ultimate Werewolf,same_art_or_category,medium,"art ""wolfman/wolfman"" -> EN row 135 (9 JP rows share this art; qualifier needed); proposed carried from TM"
assets/data/characterData.bin.mid,203,HumanDescription,究極すぎてただの狼になってしまうこともある。,"A serious werewolf.  You can clap for him, but do you dig him?",,same_art_or_category,medium,
assets/data/characterData.bin.mid,203,ZombieDescription,あまりにもスゴイため映画化されそうな人狼。,He likes to eat a big plate of raw meat during a full moon.,,same_art_or_category,medium,
assets/data/characterData.bin.mid,204,Name,秘密警察署長,Local Hero,Secret Police Chief,same_art_or_category,medium,"art ""officer/omar"" -> EN row 39 (3 JP rows share this art; qualifier needed); proposed carried from TM"
assets/data/characterData.bin.mid,204,HumanDescription,街に紛れ、カフェに紛れて、人を守ります。,He both serves and protects your customers.,,same_art_or_category,medium,
assets/data/characterData.bin.mid,204,ZombieDescription,署長であることは家族にも秘密だ。,"He both serves and protects YOUR customers, but not anybody else's...",,same_art_or_category,medium,
assets/data/characterData.bin.mid,205,Name,バイトリーダー,Couch Potato,Shift Leader,same_art_or_category,medium,"art ""nerd/faris"" -> EN row 5 (15 JP rows share this art; qualifier needed); proposed carried from TM"
assets/data/characterData.bin.mid,205,HumanDescription,リーダーたる者、他店の調査は怠らない。,He's taking a break from loafing to fill his stomach.,,same_art_or_category,medium,
assets/data/characterData.bin.mid,205,ZombieDescription,この店のリーダーになるために客を食べる。,A somewhat mediocre zombie with no previous job experience.,,same_art_or_category,medium,
assets/data/characterData.bin.mid,206,Name,バイト戦士,Couch Potato,Part-Time Warrior,same_art_or_category,medium,"art ""nerd/faris"" -> EN row 5 (15 JP rows share this art; qualifier needed); proposed carried from TM"
assets/data/characterData.bin.mid,206,HumanDescription,バイトと言えども誇りを持って生きている。,He's taking a break from loafing to fill his stomach.,,same_art_or_category,medium,
assets/data/characterData.bin.mid,206,ZombieDescription,バイトリーダーから昇格したものの社員にはなれず。,A somewhat mediocre zombie with no previous job experience.,,same_art_or_category,medium,
assets/data/characterData.bin.mid,207,Name,フランケンボクサー,,,jp_only_event,low,"JP-only; art ""boxer/Frankenstein"""
assets/data/characterData.bin.mid,207,HumanDescription,ボクシング、やろうかな。,,,jp_only_event,low,
assets/data/characterData.bin.mid,207,ZombieDescription,ボクシング始めました。,,,jp_only_event,low,
assets/data/characterData.bin.mid,208,Name,フランケンビジネス,,,jp_only_event,low,"JP-only; art ""businessman/Frankenstein"""
assets/data/characterData.bin.mid,208,HumanDescription,一流大学卒業。,,,jp_only_event,low,
assets/data/characterData.bin.mid,208,ZombieDescription,怪力＆頭脳明晰。,,,jp_only_event,low,
assets/data/characterData.bin.mid,209,Name,フランケンアーミー,,,jp_only_event,low,"JP-only; art ""military/Frankenstein"""
assets/data/characterData.bin.mid,209,HumanDescription,この国を憂い始めた。,,,jp_only_event,low,
assets/data/characterData.bin.mid,209,ZombieDescription,軍隊に入る必要もない程強い。,,,jp_only_event,low,
assets/data/characterData.bin.mid,210,Name,マッドサイエンティスト,,,jp_only_event,low,"JP-only; art ""Rare_enemychefscientist/Rare_enemychefscientist"""
assets/data/characterData.bin.mid,210,HumanDescription,まずは店の成功。次は、世界征服やな！,,,jp_only_event,low,
assets/data/characterData.bin.mid,210,ZombieDescription,こうなったら自分を改造や！,,,jp_only_event,low,
assets/data/characterData.bin.mid,211,Name,ロボット,,Robo,jp_only_event,low,"JP-only; art ""Rare_robot/Rare_robot""; proposed carried from TM"
assets/data/characterData.bin.mid,211,HumanDescription,ロボット・デス！ドモ・アリガト♪,,"Domo arigato, Chef Roboto.",jp_only_event,low,proposed carried from TM
assets/data/characterData.bin.mid,211,ZombieDescription,ロボット、ゾンビ。最高ネ。,,Part Robot. Part Zombie. All AWESOME.,jp_only_event,low,proposed carried from TM
assets/data/characterData.bin.mid,212,Name,海賊,,,jp_only_event,low,"JP-only; art ""Rare_pirate/Rare_pirate"""
assets/data/characterData.bin.mid,212,HumanDescription,チップは多めに。さもないと処刑！,,"Yarrr! Ye better be givin' him a good tip, or you'll be walkin' the plank!",jp_only_event,low,proposed carried from TM
assets/data/characterData.bin.mid,212,ZombieDescription,海の墓場から戻ったばかり。脳を奪い、うまい料理を作る。,,"Straight from Davy Jones' locker, he be plunderin' brains and cookin' up a fine meal.",jp_only_event,low,proposed carried from TM
assets/data/characterData.bin.mid,213,Name,執事,,,jp_only_event,low,"JP-only; art ""Rare_butler/Rare_butler"""
assets/data/characterData.bin.mid,213,HumanDescription,メイドたちを取りまとめる影の支配者。,,,jp_only_event,low,
assets/data/characterData.bin.mid,213,ZombieDescription,メイドカフェの運営にも飽きて原点回帰。,,,jp_only_event,low,
assets/data/characterData.bin.mid,214,Name,東洋のゾンビ,,,jp_only_event,low,"JP-only; art ""Kyonshi_child/Kyonshi_child"""
assets/data/characterData.bin.mid,214,HumanDescription,東洋のゾンビ。札を取るまで顔が分からない。,,,jp_only_event,low,
assets/data/characterData.bin.mid,214,ZombieDescription,東洋ゾンビ界のマスコット的存在。漫画化されたこともある。,,,jp_only_event,low,
assets/data/characterData.bin.mid,215,Name,東洋のゾンビ,,,jp_only_event,low,"JP-only; art ""Kyonshi_man/Kyonshi_man"""
assets/data/characterData.bin.mid,215,HumanDescription,東洋のゾンビ。札を取るまで顔が分からない。,,,jp_only_event,low,
assets/data/characterData.bin.mid,215,ZombieDescription,功夫を使うとりわけ一般的な東洋のゾンビだ。,,,jp_only_event,low,
assets/data/characterData.bin.mid,216,Name,東洋のゾンビ,,,jp_only_event,low,"JP-only; art ""Kyonshi_woman/Kyonshi_woman"""
assets/data/characterData.bin.mid,216,HumanDescription,東洋のゾンビ。札を取るまで顔が分からない。,,,jp_only_event,low,
assets/data/characterData.bin.mid,216,ZombieDescription,ゾンビ美女も当然武術の達人。,,,jp_only_event,low,
assets/data/characterData.bin.mid,217,Name,東洋のゾンビ,,,jp_only_event,low,"JP-only; art ""KyonshiShop_man/KyonshiShop_man"""
assets/data/characterData.bin.mid,217,HumanDescription,長年の修行の末、カフェを開店した,,,jp_only_event,low,
assets/data/characterData.bin.mid,217,ZombieDescription,長年の修行の末、カフェを開店した,,,jp_only_event,low,
assets/data/characterData.bin.mid,218,Name,東洋のゾンビショップの東洋のゾンビチャイルド,,,jp_only_event,low,"JP-only; art ""KyonshiShop_child/KyonshiShop_child"""
assets/data/characterData.bin.mid,218,HumanDescription,東洋のゾンビ。札を取るまで顔が分からない。,,,jp_only_event,low,
assets/data/characterData.bin.mid,218,ZombieDescription,東洋のゾンビ界のマスコット的存在。漫画化されたこともある。,,,jp_only_event,low,
assets/data/characterData.bin.mid,219,Name,東洋のゾンビショップの東洋のゾンビウーマン,,,jp_only_event,low,"JP-only; art ""KyonshiShop_woman/KyonshiShop_woman"""
assets/data/characterData.bin.mid,219,HumanDescription,東洋のゾンビ。札を取るまで顔が分からない。,,,jp_only_event,low,
assets/data/characterData.bin.mid,219,ZombieDescription,東洋のゾンビ美女も当然武術の達人。,,,jp_only_event,low,
assets/data/characterData.bin.mid,220,Name,アジアンゾンビスター,,,jp_only_event,low,"JP-only; art ""Kyonshi_child/Kyonshi_child"""
assets/data/characterData.bin.mid,220,HumanDescription,東洋のゾンビ。札を取るまで顔が分からない。,,,jp_only_event,low,
assets/data/characterData.bin.mid,220,ZombieDescription,一世をふうびしたアジアのスター。ゾンビカフェで再起を狙う。,,,jp_only_event,low,
assets/data/characterData.bin.mid,221,Name,メイドロボＭｋ－２,,,jp_only_event,low,"JP-only; art ""maid/Rare_robot"""
assets/data/characterData.bin.mid,221,HumanDescription,ゴシュジンサマ！ワタシ、ガンバル！,,,jp_only_event,low,
assets/data/characterData.bin.mid,221,ZombieDescription,サービス面、その他を改良したメイドロボの２号機。サービスはていねい。,,,jp_only_event,low,
assets/data/characterData.bin.mid,222,Name,フランケンの花嫁,Bride of Frankenstein,Bride of Frankenstein,direct_english_row,high,"art ""femaleMummy/BrideOfFrankenstein"" -> EN row 136"
assets/data/characterData.bin.mid,222,HumanDescription,人間だったころをいまいち思い出せない。,She's Alive! Well as much as a re-animated corpse can be.,She's Alive! Well as much as a re-animated corpse can be.,direct_english_row,high,
assets/data/characterData.bin.mid,222,ZombieDescription,なんて生き生きした骸なんだ！,She's Alive! Well as much as a re-animated corpse can be.,She's Alive! Well as much as a re-animated corpse can be.,direct_english_row,high,
assets/data/characterData.bin.mid,223,Name,エイリアン,,,jp_only_event,low,"JP-only; art ""Rare_robot/Martian"""
assets/data/characterData.bin.mid,223,HumanDescription,地球の料理に感動して侵略を決意した。,,,jp_only_event,low,
assets/data/characterData.bin.mid,223,ZombieDescription,指導者のもとへ私を連れていけ！最高のサービスを提供しよう。,,,jp_only_event,low,
assets/data/characterData.bin.mid,224,Name,レプラコーン,Evil Leprechaun,Evil Leprechaun,direct_english_row,high,"art ""enemyChef/Leprechaun"" -> EN row 138"
assets/data/characterData.bin.mid,224,HumanDescription,彼がいれば運が良ければ調理し終わった料理をアップグレードしてくれる。,"He has luck on his side, he even has the chance of upgrading your recipes when they are done cooking","He has luck on his side, he even has the chance of upgrading your recipes when they are done cooking",direct_english_row,high,
assets/data/characterData.bin.mid,224,ZombieDescription,彼がいれば運が良ければ調理し終わった料理をアップグレードしてくれる。,"He has luck on his side, he even has the chance of upgrading your recipes when they are done cooking.","He has luck on his side, he even has the chance of upgrading your recipes when they are done cooking.",direct_english_row,high,
assets/data/characterData.bin.mid,225,Name,ラーメン屋店員,,,jp_only_event,low,"JP-only; art ""Kyonshi_man/generic"""
assets/data/characterData.bin.mid,225,HumanDescription,ニンニクマシマシ魔法の言葉。,,,jp_only_event,low,
assets/data/characterData.bin.mid,225,ZombieDescription,ゾンビになって濃い味が好きになった。,,,jp_only_event,low,
assets/data/characterData.bin.mid,226,Name,ラーメン屋店員,,,jp_only_event,low,"JP-only; art ""Kyonshi_woman/cutegirl"""
assets/data/characterData.bin.mid,226,HumanDescription,イケメンとつけ麺が好き。,,,jp_only_event,low,
assets/data/characterData.bin.mid,226,ZombieDescription,新メニューゾンビラーメンを開発中。,,,jp_only_event,low,
assets/data/characterData.bin.mid,227,Name,ラーメン屋店長,,,jp_only_event,low,"JP-only; art ""Kyonshi_man/omar"""
assets/data/characterData.bin.mid,227,HumanDescription,脱サラしてラーメン屋をはじめた。,,,jp_only_event,low,
assets/data/characterData.bin.mid,227,ZombieDescription,夢半ばでニンゲンをやめてゾンビになった。,,,jp_only_event,low,
assets/data/characterData.bin.mid,228,Name,非業のレーサー,,,jp_only_event,low,"JP-only; art ""maleRacer/faris"""
assets/data/characterData.bin.mid,228,HumanDescription,スピードに囚われた人気レーサー,,,jp_only_event,low,
assets/data/characterData.bin.mid,228,ZombieDescription,非業の死を遂げたレーサー,,,jp_only_event,low,
assets/data/characterData.bin.mid,229,Name,非業のレースクイーン,,,jp_only_event,low,"JP-only; art ""femaleRacer/model"""
assets/data/characterData.bin.mid,229,HumanDescription,スピードに魅せられた人気レースクイーン,,,jp_only_event,low,
assets/data/characterData.bin.mid,229,ZombieDescription,非業の死を遂げたレースクイーン,,,jp_only_event,low,
assets/data/characterData.bin.mid,230,Name,親方,,,jp_only_event,low,"JP-only; art ""firefighter/sumowrestler"""
assets/data/characterData.bin.mid,230,HumanDescription,体力だけは現役を維持している。,,,jp_only_event,low,
assets/data/characterData.bin.mid,230,ZombieDescription,ゾンビ弟子のシゴキに励む。,,,jp_only_event,low,
assets/data/characterData.bin.mid,231,Name,モヒカン,,,jp_only_event,low,"JP-only; art ""teen/boxer"""
assets/data/characterData.bin.mid,231,HumanDescription,よく行くコンビニの店員からそう呼ばれている,,,jp_only_event,low,
assets/data/characterData.bin.mid,231,ZombieDescription,ゾンビになっても自由人,,,jp_only_event,low,
assets/data/characterData.bin.mid,232,Name,土管工,,,jp_only_event,low,"JP-only; art ""clown/firefighter"""
assets/data/characterData.bin.mid,232,HumanDescription,ヒゲにオーバーオールが正装です,,,jp_only_event,low,
assets/data/characterData.bin.mid,232,ZombieDescription,高いところから落ちても死なない,,,jp_only_event,low,
assets/data/characterData.bin.mid,233,Name,大道芸人,,,jp_only_event,low,"JP-only; art ""generic/clown"""
assets/data/characterData.bin.mid,233,HumanDescription,昔ながらの大道芸が得意,,,jp_only_event,low,
assets/data/characterData.bin.mid,233,ZombieDescription,ゾンビになって体を張った芸ができるようになった,,,jp_only_event,low,
assets/data/characterData.bin.mid,234,Name,消KAレッド,,,jp_only_event,low,"JP-only; art ""Ranger_Red/Ranger_Red"""
assets/data/characterData.bin.mid,234,HumanDescription,地球の平和を守るため、今日も走れ！休むなレッド！,,,jp_only_event,low,
assets/data/characterData.bin.mid,234,ZombieDescription,ダイナマイトファイアーキーーーック！,,,jp_only_event,low,
assets/data/characterData.bin.mid,235,Name,HAKA士ブルー,,,jp_only_event,low,"JP-only; art ""Ranger_Blue/Ranger_Blue"""
assets/data/characterData.bin.mid,235,HumanDescription,この右腕で溶接もラクラク！どうも、開発担当ブルーです。,,,jp_only_event,low,
assets/data/characterData.bin.mid,235,ZombieDescription,スクランブルスクリューパーーーンチ！,,,jp_only_event,low,
assets/data/characterData.bin.mid,236,Name,ドスKOIイエロー,,,jp_only_event,low,"JP-only; art ""Ranger_Yellow/Ranger_Yellow"""
assets/data/characterData.bin.mid,236,HumanDescription,とりあえずアレ喰っとくか、アレ！のイエロー。,,,jp_only_event,low,
assets/data/characterData.bin.mid,236,ZombieDescription,ダイナマイトドスコイチョーーーップ！,,,jp_only_event,low,
assets/data/characterData.bin.mid,237,Name,軍SOグリーン,,,jp_only_event,low,"JP-only; art ""Ranger_Green/Ranger_Green"""
assets/data/characterData.bin.mid,237,HumanDescription,ブラックでもよかったとか言わない。グリーンだっていいじゃない。,,,jp_only_event,low,
assets/data/characterData.bin.mid,237,ZombieDescription,ミラクルボディスラッシャーーー！,,,jp_only_event,low,
assets/data/characterData.bin.mid,238,Name,コスPlayX2000ピンク,,,jp_only_event,low,"JP-only; art ""Ranger_Pink/Ranger_Pink"""
assets/data/characterData.bin.mid,238,HumanDescription,ロボだって、女のコだもん♪お茶の間のお父さんのためのピンク。,,,jp_only_event,low,
assets/data/characterData.bin.mid,238,ZombieDescription,コズミックファイナルウィーーーンク！,,,jp_only_event,low,
assets/data/characterData.bin.mid,239,Name,？？？,,,jp_only_event,low,"JP-only; art ""businessman/unknown"""
assets/data/characterData.bin.mid,239,HumanDescription,不明,,,jp_only_event,low,
assets/data/characterData.bin.mid,239,ZombieDescription,不明,,,jp_only_event,low,
assets/data/characterData.bin.mid,240,Name,下忍,,,jp_only_event,low,"JP-only; art ""Ninjaman/Ninjaman"""
assets/data/characterData.bin.mid,240,HumanDescription,駅前のニンジャスクールに通っている。,,,jp_only_event,low,
assets/data/characterData.bin.mid,240,ZombieDescription,土日はカフェでバイト。平日は修行にはげむ。,,,jp_only_event,low,
assets/data/characterData.bin.mid,241,Name,中忍,,,jp_only_event,low,"JP-only; art ""Ninjawoman/Ninjawoman"""
assets/data/characterData.bin.mid,241,HumanDescription,ええ、網タイツはこの時代からあったんです。,,,jp_only_event,low,
assets/data/characterData.bin.mid,241,ZombieDescription,忍法！お代官様ご無体な！！,,,jp_only_event,low,
assets/data/characterData.bin.mid,242,Name,上忍,,,jp_only_event,low,"JP-only; art ""Ninjaman/Ninjaman"""
assets/data/characterData.bin.mid,242,HumanDescription,忍者界の中間管理職でござるよ。,,,jp_only_event,low,
assets/data/characterData.bin.mid,242,ZombieDescription,母さん、気配が薄くてオーダーが取れません。,,,jp_only_event,low,
assets/data/characterData.bin.mid,243,Name,特忍,,,jp_only_event,low,"JP-only; art ""Ninjawoman/Ninjawoman"""
assets/data/characterData.bin.mid,243,HumanDescription,いくつになっても老けない。忍術というより最早ヨウカ…グバッ,,,jp_only_event,low,
assets/data/characterData.bin.mid,243,ZombieDescription,今や文字通り色んな意味でヨウカ…グバッ,,,jp_only_event,low,
assets/data/characterData.bin.mid,244,Name,お頭,,,jp_only_event,low,"JP-only; art ""Ninjareader/Ninjareader"""
assets/data/characterData.bin.mid,244,HumanDescription,三代目お頭とはワシじゃけぇ！,,,jp_only_event,low,
assets/data/characterData.bin.mid,244,ZombieDescription,これで二代目お頭を越えられるケンのぅ…,,,jp_only_event,low,
assets/data/characterData.bin.mid,245,Name,お頭,,,jp_only_event,low,"JP-only; art ""Ninjareader/Ninjareader"""
assets/data/characterData.bin.mid,245,HumanDescription,三代目お頭とはワシじゃけぇ！,,,jp_only_event,low,
assets/data/characterData.bin.mid,245,ZombieDescription,これで二代目お頭を越えられるケンのぅ…,,,jp_only_event,low,
assets/data/characterData.bin.mid,246,Name,火星人サイエンティスト,Martian Scientist,Martian Scientist,direct_english_row,high,"art ""martian1/martian1"" -> EN row 139"
assets/data/characterData.bin.mid,246,HumanDescription,この火星人は人体実験を行い弱点を研究している。,"This martian is here to study you, and find your weakness.","This martian is here to study you, and find your weakness.",direct_english_row,high,
assets/data/characterData.bin.mid,246,ZombieDescription,この火星人をカフェで働かせるのが理論的だ。,It's only logical that you will have him serving in your cafe.,It's only logical that you will have him serving in your cafe.,direct_english_row,high,
assets/data/characterData.bin.mid,247,Name,火星人ソルジャー,Martian Soldier,Martian Soldier,same_art_or_category,medium,"art ""martian2/martian2"" -> EN row 140 (4 JP rows share this art; qualifier needed); proposed carried from TM"
assets/data/characterData.bin.mid,247,HumanDescription,この火星人は用心棒兼食料調達係だ。,"This martian is here to protect the others, and get some food.",,same_art_or_category,medium,
assets/data/characterData.bin.mid,247,ZombieDescription,光線銃はいつもフルパワー！,"Unfortunately he never sets anything to stun, so watch out for those rowdy customers.",,same_art_or_category,medium,
assets/data/characterData.bin.mid,248,Name,火星人コマンダー,Martian Commander,Martian Commander,same_art_or_category,medium,"art ""martian3/martian3"" -> EN row 141 (2 JP rows share this art; qualifier needed); proposed carried from TM"
assets/data/characterData.bin.mid,248,HumanDescription,この火星人が司令塔だ。,This martian gives the orders.,,same_art_or_category,medium,
assets/data/characterData.bin.mid,248,ZombieDescription,単調な演説で洗脳するぞ！,He's prone to giving long boisterous speeches to motivate his team,,same_art_or_category,medium,
assets/data/characterData.bin.mid,249,Name,火星人ドクター,Martian Doctor,Martian Doctor,direct_english_row,high,"art ""martian4/martian4"" -> EN row 142"
assets/data/characterData.bin.mid,249,HumanDescription,この火星人は全ての炭素系生物を癒すエキスパートだ。,This martian is an expert in healing all carbon based life forms.,This martian is an expert in healing all carbon based life forms.,direct_english_row,high,
assets/data/characterData.bin.mid,249,ZombieDescription,皆彼が医者である事を忘れている。,"The commander always fails to realize that he's a doctor, so he's constantly telling everyone.","The commander always fails to realize that he's a doctor, so he's constantly telling everyone.",direct_english_row,high,
assets/data/characterData.bin.mid,250,Name,火星人ブレイン,,,jp_only_event,low,"JP-only; art ""MarsAlien/MarsAlien"""
assets/data/characterData.bin.mid,250,HumanDescription,火星人の親玉だ。,,,jp_only_event,low,
assets/data/characterData.bin.mid,250,ZombieDescription,タコと間違われることもしばしば,,,jp_only_event,low,
assets/data/characterData.bin.mid,251,Name,金星人,,,jp_only_event,low,"JP-only; art ""Venusian/Venusian"""
assets/data/characterData.bin.mid,251,HumanDescription,地球のカフェに感動して来店した,,,jp_only_event,low,
assets/data/characterData.bin.mid,251,ZombieDescription,海産物に似ているので地球人からよく狙われる,,,jp_only_event,low,
assets/data/characterData.bin.mid,252,Name,金星人シェフ,,,jp_only_event,low,"JP-only; art ""Venusian/Venusian"""
assets/data/characterData.bin.mid,252,HumanDescription,地球のカフェに感動して来店した,,,jp_only_event,low,
assets/data/characterData.bin.mid,252,ZombieDescription,海産物に似ているので地球人からよく狙われる,,,jp_only_event,low,
assets/data/characterData.bin.mid,253,Name,豪力の滅兎,,,jp_only_event,low,"JP-only; art ""Ninjaman/footballplayer"""
assets/data/characterData.bin.mid,253,HumanDescription,忍者四天王が一人！豪力の滅兎！（通り名）,,,jp_only_event,low,
assets/data/characterData.bin.mid,253,ZombieDescription,メットがむれやすいのが悩み。,,,jp_only_event,low,
assets/data/characterData.bin.mid,254,Name,疾風の卑妃,,,jp_only_event,low,"JP-only; art ""Ninjawoman/hippie"""
assets/data/characterData.bin.mid,254,HumanDescription,忍者四天王が一人！疾風の卑妃！（通り名）,,,jp_only_event,low,
assets/data/characterData.bin.mid,254,ZombieDescription,卑妃はヒッピーと読む。,,,jp_only_event,low,
assets/data/characterData.bin.mid,255,Name,勤勉の龍,,,jp_only_event,low,"JP-only; art ""Ninjaman/faris"""
assets/data/characterData.bin.mid,255,HumanDescription,忍者四天王が一人！勤勉の龍！（通り名）,,,jp_only_event,low,
assets/data/characterData.bin.mid,255,ZombieDescription,他のに比べていまいち個性がナイ,,,jp_only_event,low,
assets/data/characterData.bin.mid,256,Name,チップの独,,,jp_only_event,low,"JP-only; art ""Ninjaman/Rare_enemychefscientist"""
assets/data/characterData.bin.mid,256,HumanDescription,忍者四天王が一人！チップの独！（通り名）,,,jp_only_event,low,
assets/data/characterData.bin.mid,256,ZombieDescription,見たらんかい！こいつが忍法チップストームや！,,,jp_only_event,low,
assets/data/characterData.bin.mid,257,Name,エイリアン忍者,,,jp_only_event,low,"JP-only; art ""Ninjaman/Venusian"""
assets/data/characterData.bin.mid,257,HumanDescription,東洋かぶれの金星人。,,,jp_only_event,low,
assets/data/characterData.bin.mid,257,ZombieDescription,カフェでもちびっこに大人気のスーパー宇宙人,,,jp_only_event,low,
assets/data/characterData.bin.mid,258,Name,スケルトン,,,jp_only_event,low,"JP-only; art ""skelton/skelton"""
assets/data/characterData.bin.mid,258,HumanDescription,骨になっても腹は減るんです。,,,jp_only_event,low,
assets/data/characterData.bin.mid,258,ZombieDescription,生前自分が誰だったかも思い出せない。,,,jp_only_event,low,
assets/data/characterData.bin.mid,259,Name,ブロンズナイト,,,jp_only_event,low,"JP-only; art ""Brondsknight/Brondsknight"""
assets/data/characterData.bin.mid,259,HumanDescription,鎧を着ていると食べにくくて仕方がない。,,,jp_only_event,low,
assets/data/characterData.bin.mid,259,ZombieDescription,サビる上に腐って大変。,,,jp_only_event,low,
assets/data/characterData.bin.mid,260,Name,シルバーナイト,Knight in Armor,Silver Knight,same_art_or_category,medium,"art ""knight/knight"" -> EN row 189 (3 JP rows share this art; qualifier needed); proposed carried from TM"
assets/data/characterData.bin.mid,260,HumanDescription,銀の鎧は抗菌仕様。,"In shining armor, he is trained to protect and serve.",,same_art_or_category,medium,
assets/data/characterData.bin.mid,260,ZombieDescription,鎧は抗菌。中身は腐敗。,This knight is going mental! Better keep him unarmed.,,same_art_or_category,medium,
assets/data/characterData.bin.mid,261,Name,ゴールドナイト,,,jp_only_event,low,"JP-only; art ""Goldknight/Goldknight"""
assets/data/characterData.bin.mid,261,HumanDescription,黄金に輝く騎士。自慢の鎧が重くて動きにくい。,,,jp_only_event,low,
assets/data/characterData.bin.mid,261,ZombieDescription,ゾンビになってしまうと、もはや黄金は重いだけ。,,,jp_only_event,low,
assets/data/characterData.bin.mid,262,Name,ダイヤモンドナイト,,,jp_only_event,low,"JP-only; art ""Diamondknight/Diamondknight"""
assets/data/characterData.bin.mid,262,HumanDescription,伝説のダイヤモンドの鎧は値段も伝説級。,,,jp_only_event,low,
assets/data/characterData.bin.mid,262,ZombieDescription,後をつければダイヤが落ちてるかも！？,,,jp_only_event,low,
assets/data/characterData.bin.mid,263,Name,スケルトンナイト銅,,,jp_only_event,low,"JP-only; art ""Brondsknight/skelton"""
assets/data/characterData.bin.mid,263,HumanDescription,鎧は重いが体重が軽い。,,,jp_only_event,low,
assets/data/characterData.bin.mid,263,ZombieDescription,ゲームではいつも敵キャラ。,,,jp_only_event,low,
assets/data/characterData.bin.mid,264,Name,スケルトンナイト銀,,,jp_only_event,low,"JP-only; art ""knight/skelton"""
assets/data/characterData.bin.mid,264,HumanDescription,鎧の中はただの骨。,,,jp_only_event,low,
assets/data/characterData.bin.mid,264,ZombieDescription,敵キャラとしては中級の実力。,,,jp_only_event,low,
assets/data/characterData.bin.mid,265,Name,スケルトンナイト金,,,jp_only_event,low,"JP-only; art ""Goldknight/skelton"""
assets/data/characterData.bin.mid,265,HumanDescription,鎧の中に猫を飼ってるかも？,,,jp_only_event,low,
assets/data/characterData.bin.mid,265,ZombieDescription,最後の迷宮に出てくるクラスの骨。,,,jp_only_event,low,
assets/data/characterData.bin.mid,266,Name,ダイヤモンドスケルトン,,,jp_only_event,low,"JP-only; art ""Diamondknight/skelton"""
assets/data/characterData.bin.mid,266,HumanDescription,ダイヤの鎧は魔王からもらった。,,,jp_only_event,low,
assets/data/characterData.bin.mid,266,ZombieDescription,ボスクラスの骨。,,,jp_only_event,low,
assets/data/characterData.bin.mid,267,Name,ホッケーマスクＦＲＩ,,,jp_only_event,low,"JP-only; art ""jasonA/jasonA"""
assets/data/characterData.bin.mid,267,HumanDescription,実はのこぎりの使い方を知らない。,,,jp_only_event,low,
assets/data/characterData.bin.mid,267,ZombieDescription,キ・キ・キ・キ・・・マ・マ・マ・マ,,,jp_only_event,low,
assets/data/characterData.bin.mid,268,Name,ホッケーマスクＳＡＴ,,,jp_only_event,low,"JP-only; art ""jasonB/jasonB"""
assets/data/characterData.bin.mid,268,HumanDescription,休日は自慢の包丁でゾンビ料理を作って過ごす。,,,jp_only_event,low,
assets/data/characterData.bin.mid,268,ZombieDescription,14日は土曜日だ。,,,jp_only_event,low,
assets/data/characterData.bin.mid,269,Name,ホッケーマスクＳＵＮ,,,jp_only_event,low,"JP-only; art ""jasonC/jasonC"""
assets/data/characterData.bin.mid,269,HumanDescription,また月曜日が来る恐怖。,,,jp_only_event,low,
assets/data/characterData.bin.mid,269,ZombieDescription,毎日、湖の底から出勤している。,,,jp_only_event,low,
assets/data/characterData.bin.mid,270,Name,死のセールスマン,,,jp_only_event,low,"JP-only; art ""reaperA/reaperA"""
assets/data/characterData.bin.mid,270,HumanDescription,昼間は目立つ。,,,jp_only_event,low,
assets/data/characterData.bin.mid,270,ZombieDescription,趣味はいたずら電話。,,,jp_only_event,low,
assets/data/characterData.bin.mid,271,Name,死の宅配業者,,,jp_only_event,low,"JP-only; art ""reaperB/reaperB"""
assets/data/characterData.bin.mid,271,HumanDescription,自慢の衣装は手作り。,,,jp_only_event,low,
assets/data/characterData.bin.mid,271,ZombieDescription,最近クイズにハマっている。,,,jp_only_event,low,
assets/data/characterData.bin.mid,272,Name,死の職員,,,jp_only_event,low,"JP-only; art ""reaperC/reaperC"""
assets/data/characterData.bin.mid,272,HumanDescription,ハロウィンになると仲間が増えるので嬉しい。,,,jp_only_event,low,
assets/data/characterData.bin.mid,272,ZombieDescription,復讐のことはもうどうでもよくなった。,,,jp_only_event,low,
assets/data/characterData.bin.mid,273,Name,空手師範・柔,,,jp_only_event,low,"JP-only; art ""dojokarateA/dojokarateA"""
assets/data/characterData.bin.mid,273,HumanDescription,力の拳をひらりとかわす。最近体力が衰え気味。,,,jp_only_event,low,
assets/data/characterData.bin.mid,273,ZombieDescription,素早く相手を倒し、そして食う。,,,jp_only_event,low,
assets/data/characterData.bin.mid,274,Name,空手師範・剛,,,jp_only_event,low,"JP-only; art ""dojokarateB/dojokarateB"""
assets/data/characterData.bin.mid,274,HumanDescription,とにかく力で押すスタイル。最近体力が衰え気味。,,,jp_only_event,low,
assets/data/characterData.bin.mid,274,ZombieDescription,ゾンビになっても自慢のアフロは衰えない。,,,jp_only_event,low,
assets/data/characterData.bin.mid,275,Name,空手師範・空,,,jp_only_event,low,"JP-only; art ""dojokarateC/dojokarateC"""
assets/data/characterData.bin.mid,275,HumanDescription,かつては倒される度に強くなってきた。でも体力は衰え気味。,,,jp_only_event,low,
assets/data/characterData.bin.mid,275,ZombieDescription,今は空腹が最大の敵。,,,jp_only_event,low,
assets/data/characterData.bin.mid,276,Name,ホッケーマスクＭＯＮ,,,jp_only_event,low,"JP-only; art ""jasonD/jasonD"""
assets/data/characterData.bin.mid,276,HumanDescription,ドリルは私のロマン。,,,jp_only_event,low,
assets/data/characterData.bin.mid,276,ZombieDescription,金曜日だけの営業では食っていけなくなった。,,,jp_only_event,low,
assets/data/characterData.bin.mid,277,Name,ホッケーマスクＴＵＥ,,,jp_only_event,low,"JP-only; art ""jasonE/jasonE"""
assets/data/characterData.bin.mid,277,HumanDescription,こう見えてもアイスホッケーは得意じゃない。,,,jp_only_event,low,
assets/data/characterData.bin.mid,277,ZombieDescription,NYへ行くつもりがLAに着いた。,,,jp_only_event,low,
assets/data/characterData.bin.mid,278,Name,ホッケーマスクＷＥＤ,,,jp_only_event,low,"JP-only; art ""jasonF/jasonF"""
assets/data/characterData.bin.mid,278,HumanDescription,俺のはホッケーマスクじゃなくてぷるるんパック。,,,jp_only_event,low,
assets/data/characterData.bin.mid,278,ZombieDescription,やたらシャワーシーンに出くわす。,,,jp_only_event,low,
assets/data/characterData.bin.mid,279,Name,ホッケーマスクＴＨＵ,,,jp_only_event,low,"JP-only; art ""jasonG/jasonG"""
assets/data/characterData.bin.mid,279,HumanDescription,実は中身はイケメン。,,,jp_only_event,low,
assets/data/characterData.bin.mid,279,ZombieDescription,休憩中にいちゃいちゃしてるカップルを狙う。,,,jp_only_event,low,
assets/data/characterData.bin.mid,280,Name,相撲格闘家,,,jp_only_event,low,"JP-only; art ""dojokarateB/sumowrestler"""
assets/data/characterData.bin.mid,280,HumanDescription,角界を引退し、スポーツ冒険家を名乗る。どんな職業なのかは現在考え中。,,,jp_only_event,low,
assets/data/characterData.bin.mid,280,ZombieDescription,八百長は許さずガチで食いつく。,,,jp_only_event,low,
assets/data/characterData.bin.mid,281,Name,愚霊死柔術格闘家,,,jp_only_event,low,"JP-only; art ""dojokarateA/boxer"""
assets/data/characterData.bin.mid,281,HumanDescription,100戦無敗の柔術家。現在は事実上の引退状態だが、闘争意欲は健在。,,,jp_only_event,low,
assets/data/characterData.bin.mid,281,ZombieDescription,かつての無敗男も、ゾンビになってからは連敗中。,,,jp_only_event,low,
assets/data/characterData.bin.mid,282,Name,路上ファイター,,,jp_only_event,low,"JP-only; art ""dojokarateC/teen"""
assets/data/characterData.bin.mid,282,HumanDescription,今日こそは手から何か出るんじゃないかと試行錯誤中。,,,jp_only_event,low,
assets/data/characterData.bin.mid,282,ZombieDescription,自分より強いヤツを探していたが、今は自分より美味そうなヤツを探す日々。,,,jp_only_event,low,
assets/data/characterData.bin.mid,283,Name,サンジェルマン伯爵,,,jp_only_event,low,"JP-only; art ""DraculaA/DraculaA"""
assets/data/characterData.bin.mid,283,HumanDescription,少しのズレも妥協しない几帳面さがウリ。,,,jp_only_event,low,
assets/data/characterData.bin.mid,283,ZombieDescription,血を吸うよりも、端から順番に脳を食べたい。,,,jp_only_event,low,
assets/data/characterData.bin.mid,284,Name,ヨンジェルマン伯爵,,,jp_only_event,low,"JP-only; art ""DraculaA/DraculaB"""
assets/data/characterData.bin.mid,284,HumanDescription,不老不死で数千年は生きているというウワサ。,,,jp_only_event,low,
assets/data/characterData.bin.mid,284,ZombieDescription,自由に暮らしたいけど脳が食べたいから渋々カフェで働く日々。,,,jp_only_event,low,
assets/data/characterData.bin.mid,285,Name,ゴジェルマン伯爵,,,jp_only_event,low,"JP-only; art ""DraculaA/DraculaC"""
assets/data/characterData.bin.mid,285,HumanDescription,朝は苦手。でも夜も眠いから苦手。,,,jp_only_event,low,
assets/data/characterData.bin.mid,285,ZombieDescription,太陽に当たっても死ななくなった。というか死ねなくなった。,,,jp_only_event,low,
assets/data/characterData.bin.mid,286,Name,フランケン甲型,,,jp_only_event,low,"JP-only; art ""FrankensteinB/Frankenstein"""
assets/data/characterData.bin.mid,286,HumanDescription,フランケンの進化型１号機。じつはやさしい心を持つ。,,,jp_only_event,low,
assets/data/characterData.bin.mid,286,ZombieDescription,フランケンの進化型１号機改。少し速い。,,,jp_only_event,low,
assets/data/characterData.bin.mid,287,Name,フランケン乙型,,,jp_only_event,low,"JP-only; art ""FrankensteinB/FrankensteinB"""
assets/data/characterData.bin.mid,287,HumanDescription,フランケンの進化型２号機。婚活中。,,,jp_only_event,low,
assets/data/characterData.bin.mid,287,ZombieDescription,フランケンの進化型２号機改。バランスが良い。,,,jp_only_event,low,
assets/data/characterData.bin.mid,288,Name,フランケン丙型,,,jp_only_event,low,"JP-only; art ""FrankensteinB/FrankensteinC"""
assets/data/characterData.bin.mid,288,HumanDescription,フランケンの進化型３号機。自分を作った博士を探している。,,,jp_only_event,low,
assets/data/characterData.bin.mid,288,ZombieDescription,フランケンの進化型３号機改。力が強い。,,,jp_only_event,low,
assets/data/characterData.bin.mid,289,Name,一狼,,,jp_only_event,low,"JP-only; art ""wolfman/wolfmanC"""
assets/data/characterData.bin.mid,289,HumanDescription,何故旅に出たのか、それは彼のみが知る。,,,jp_only_event,low,
assets/data/characterData.bin.mid,289,ZombieDescription,長い旅を終え、帰ってきた人狼。,,,jp_only_event,low,
assets/data/characterData.bin.mid,290,Name,次狼,,,jp_only_event,low,"JP-only; art ""wolfman/wolfmanB"""
assets/data/characterData.bin.mid,290,HumanDescription,旅の途中に何があったのか、それは彼（？）のみが知る。,,,jp_only_event,low,
assets/data/characterData.bin.mid,290,ZombieDescription,長い旅を終え、帰ってきたら少し雰囲気が変わっていた人狼。,,,jp_only_event,low,
assets/data/characterData.bin.mid,291,Name,中年隊ＮＯＲＴＨ,,,jp_only_event,low,"JP-only; art ""tyunenA/dojokarateA"""
assets/data/characterData.bin.mid,291,HumanDescription,３４歳でデビューした。,,,jp_only_event,low,
assets/data/characterData.bin.mid,291,ZombieDescription,歌っておどって脳をこぼす。,,,jp_only_event,low,
assets/data/characterData.bin.mid,292,Name,中年隊ＷＥＳＴ,,,jp_only_event,low,"JP-only; art ""tyunenA/dojokarateB"""
assets/data/characterData.bin.mid,292,HumanDescription,プロダクションが脱演歌を試みた。,,,jp_only_event,low,
assets/data/characterData.bin.mid,292,ZombieDescription,プロダクションの方針でゾンビになった。,,,jp_only_event,low,
assets/data/characterData.bin.mid,293,Name,中年隊ＳＯＵＴＨ,,,jp_only_event,low,"JP-only; art ""tyunenA/dojokarateC"""
assets/data/characterData.bin.mid,293,HumanDescription,月曜日からパチンコ屋に通っている。,,,jp_only_event,low,
assets/data/characterData.bin.mid,293,ZombieDescription,ゾンビになってセンターを狙う。,,,jp_only_event,low,
assets/data/characterData.bin.mid,294,Name,サイコラビット,,,jp_only_event,low,"JP-only; art ""clown/costume_a"""
assets/data/characterData.bin.mid,294,HumanDescription,これをかぶることで世界が変わった。,,,jp_only_event,low,
assets/data/characterData.bin.mid,294,ZombieDescription,夢をあたえて脳を奪う。,,,jp_only_event,low,
assets/data/characterData.bin.mid,295,Name,サイコタイガー,,,jp_only_event,low,"JP-only; art ""clown/costume_b"""
assets/data/characterData.bin.mid,295,HumanDescription,言葉によるコミュニケーションは苦手。,,,jp_only_event,low,
assets/data/characterData.bin.mid,295,ZombieDescription,脱ぐと中身もいっしょに取れる。,,,jp_only_event,low,
assets/data/characterData.bin.mid,296,Name,サイコパンダ,,,jp_only_event,low,"JP-only; art ""clown/costume_c"""
assets/data/characterData.bin.mid,296,HumanDescription,このカフェにはビジネスできた。,,,jp_only_event,low,
assets/data/characterData.bin.mid,296,ZombieDescription,時給２００グラム。,,,jp_only_event,low,
assets/data/characterData.bin.mid,297,Name,カウボーイ,Cowboy,Cowboy,direct_english_row,high,"art ""cowboy/cowboy"" -> EN row 149"
assets/data/characterData.bin.mid,297,HumanDescription,カントリーを歌わせれば天下一品！,There's no rhinestones on this cowboy.,There's no rhinestones on this cowboy.,direct_english_row,high,
assets/data/characterData.bin.mid,297,ZombieDescription,ゾンビになって音程がとれなくなった。,"He used to be a member of a posse, now he's part of a horde.","He used to be a member of a posse, now he's part of a horde.",direct_english_row,high,
assets/data/characterData.bin.mid,298,Name,ラムズヘッド,,,jp_only_event,low,"JP-only; art ""akumaA/akumaA"""
assets/data/characterData.bin.mid,298,HumanDescription,語尾にメェが付いてしまう癖がコンプレックス。,,,jp_only_event,low,
assets/data/characterData.bin.mid,298,ZombieDescription,ヤギとして暮らすかヒツジとして暮らすか悩み中。,,,jp_only_event,low,
assets/data/characterData.bin.mid,299,Name,シープヘッド,,,jp_only_event,low,"JP-only; art ""akumaB/akumaB"""
assets/data/characterData.bin.mid,299,HumanDescription,牛肉が好き。ラム肉は苦手。,,,jp_only_event,low,
assets/data/characterData.bin.mid,299,ZombieDescription,悪魔を廃業してゾンビに転職。,,,jp_only_event,low,
assets/data/characterData.bin.mid,300,Name,ゴートヘッド,,,jp_only_event,low,"JP-only; art ""akumaC/akumaC"""
assets/data/characterData.bin.mid,300,HumanDescription,ツノのお手入れには余念がない。,,,jp_only_event,low,
assets/data/characterData.bin.mid,300,ZombieDescription,腕力が自慢。計算は苦手。,,,jp_only_event,low,
assets/data/characterData.bin.mid,301,Name,シープヘッドシェフ,,,jp_only_event,low,"JP-only; art ""enemyChef/akumaB"""
assets/data/characterData.bin.mid,301,HumanDescription,人間の胃袋をつかむため地底からやってきた。,,,jp_only_event,low,
assets/data/characterData.bin.mid,301,ZombieDescription,人間の胃袋をつかむため地底からやってきた。,,,jp_only_event,low,
assets/data/characterData.bin.mid,302,Name,人狼騎士,,,jp_only_event,low,"JP-only; art ""Goldknight/wolfman"""
assets/data/characterData.bin.mid,302,HumanDescription,黄金の鎧は父から受け継いだ。手入れが面倒。,,,jp_only_event,low,
assets/data/characterData.bin.mid,302,ZombieDescription,黄金に輝く狼騎士。こう見えても正義の味方。,,,jp_only_event,low,
assets/data/characterData.bin.mid,303,Name,フルアーマーロボ,,,jp_only_event,low,"JP-only; art ""knight/Rare_robot"""
assets/data/characterData.bin.mid,303,HumanDescription,メタルコーティングされた強化型ロボ。,,,jp_only_event,low,
assets/data/characterData.bin.mid,303,ZombieDescription,最近関節からサビが出る。,,,jp_only_event,low,
assets/data/characterData.bin.mid,304,Name,デーモン忍者,,,jp_only_event,low,"JP-only; art ""Ninjaman/akumaC"""
assets/data/characterData.bin.mid,304,HumanDescription,東洋かぶれの悪魔。東洋だけど妖怪じゃなくて悪魔。,,,jp_only_event,low,
assets/data/characterData.bin.mid,304,ZombieDescription,ここに居ると人間を食べられるので、カフェで働くのは趣味みたいなもの。,,,jp_only_event,low,
assets/data/characterData.bin.mid,305,Name,サイコウルフ,,,jp_only_event,low,"JP-only; art ""clown/costume_d"""
assets/data/characterData.bin.mid,305,HumanDescription,ショーではいつも悪役を演じさせられる。,,,jp_only_event,low,
assets/data/characterData.bin.mid,305,ZombieDescription,月夜に吠える、着ぐるみ界の一匹狼。,,,jp_only_event,low,
assets/data/characterData.bin.mid,306,Name,サイコチキン,,,jp_only_event,low,"JP-only; art ""clown/costume_e"""
assets/data/characterData.bin.mid,306,HumanDescription,から揚げが怖い。,,,jp_only_event,low,
assets/data/characterData.bin.mid,306,ZombieDescription,誰にもチキンと呼ばせない。,,,jp_only_event,low,
assets/data/characterData.bin.mid,307,Name,サイコマウス,,,jp_only_event,low,"JP-only; art ""clown/costume_f"""
assets/data/characterData.bin.mid,307,HumanDescription,大陸の方にある夢の国からやってきた。,,,jp_only_event,low,
assets/data/characterData.bin.mid,307,ZombieDescription,遊園地での営業はもう飽きた。,,,jp_only_event,low,
assets/data/characterData.bin.mid,308,Name,ドラキュラレディ,,,jp_only_event,low,"JP-only; art ""DraculaA/Dracula_fami"""
assets/data/characterData.bin.mid,308,HumanDescription,毎朝髪の毛を巻くのに５時間かかる。,,,jp_only_event,low,
assets/data/characterData.bin.mid,308,ZombieDescription,趣味で集めているガバスの有効期限が心配。,,,jp_only_event,low,
assets/data/characterData.bin.mid,309,Name,ナイトシェフ,,,jp_only_event,low,"JP-only; art ""enemyChef/Goldknight"""
assets/data/characterData.bin.mid,309,HumanDescription,無し,,,jp_only_event,low,
assets/data/characterData.bin.mid,309,ZombieDescription,無し,,,jp_only_event,low,
assets/data/characterData.bin.mid,310,Name,ナイト店員Ａ,,,jp_only_event,low,"JP-only; art ""Brondsknight/Brondsknight"""
assets/data/characterData.bin.mid,310,HumanDescription,無し,,,jp_only_event,low,
assets/data/characterData.bin.mid,310,ZombieDescription,無し,,,jp_only_event,low,
assets/data/characterData.bin.mid,311,Name,ナイト店員Ｂ,Knight in Armor,Knight Clerk B,same_art_or_category,medium,"art ""knight/knight"" -> EN row 189 (3 JP rows share this art; qualifier needed); proposed carried from TM"
assets/data/characterData.bin.mid,311,HumanDescription,無し,"In shining armor, he is trained to protect and serve.",,same_art_or_category,medium,
assets/data/characterData.bin.mid,311,ZombieDescription,無し,This knight is going mental! Better keep him unarmed.,,same_art_or_category,medium,
assets/data/characterData.bin.mid,312,Name,吸血シェフ,,,jp_only_event,low,"JP-only; art ""enemyChef/DraculaA"""
assets/data/characterData.bin.mid,312,HumanDescription,無し,,,jp_only_event,low,
assets/data/characterData.bin.mid,312,ZombieDescription,無し,,,jp_only_event,low,
assets/data/characterData.bin.mid,313,Name,吸血店員Ａ,,,jp_only_event,low,"JP-only; art ""DraculaA/DraculaB"""
assets/data/characterData.bin.mid,313,HumanDescription,無し,,,jp_only_event,low,
assets/data/characterData.bin.mid,313,ZombieDescription,無し,,,jp_only_event,low,
assets/data/characterData.bin.mid,314,Name,吸血店員Ｂ,,,jp_only_event,low,"JP-only; art ""DraculaA/DraculaC"""
assets/data/characterData.bin.mid,314,HumanDescription,無し,,,jp_only_event,low,
assets/data/characterData.bin.mid,314,ZombieDescription,無し,,,jp_only_event,low,
assets/data/characterData.bin.mid,315,Name,ホッケーマスクシェフ,,,jp_only_event,low,"JP-only; art ""enemyChef/jasonA"""
assets/data/characterData.bin.mid,315,HumanDescription,無し,,,jp_only_event,low,
assets/data/characterData.bin.mid,315,ZombieDescription,無し,,,jp_only_event,low,
assets/data/characterData.bin.mid,316,Name,ホッケーマスク店員Ａ,,,jp_only_event,low,"JP-only; art ""jasonB/jasonB"""
assets/data/characterData.bin.mid,316,HumanDescription,無し,,,jp_only_event,low,
assets/data/characterData.bin.mid,316,ZombieDescription,無し,,,jp_only_event,low,
assets/data/characterData.bin.mid,317,Name,ホッケーマスク店員Ｂ,,,jp_only_event,low,"JP-only; art ""jasonC/jasonC"""
assets/data/characterData.bin.mid,317,HumanDescription,無し,,,jp_only_event,low,
assets/data/characterData.bin.mid,317,ZombieDescription,無し,,,jp_only_event,low,
assets/data/characterData.bin.mid,318,Name,死神シェフ,,,jp_only_event,low,"JP-only; art ""enemyChef/reaperB"""
assets/data/characterData.bin.mid,318,HumanDescription,無し,,,jp_only_event,low,
assets/data/characterData.bin.mid,318,ZombieDescription,無し,,,jp_only_event,low,
assets/data/characterData.bin.mid,319,Name,死神店員Ａ,,,jp_only_event,low,"JP-only; art ""reaperA/reaperA"""
assets/data/characterData.bin.mid,319,HumanDescription,無し,,,jp_only_event,low,
assets/data/characterData.bin.mid,319,ZombieDescription,無し,,,jp_only_event,low,
assets/data/characterData.bin.mid,320,Name,死神店員Ｂ,,,jp_only_event,low,"JP-only; art ""reaperC/reaperC"""
assets/data/characterData.bin.mid,320,HumanDescription,無し,,,jp_only_event,low,
assets/data/characterData.bin.mid,320,ZombieDescription,無し,,,jp_only_event,low,
assets/data/characterData.bin.mid,321,Name,メイドシェフ,,,jp_only_event,low,"JP-only; art ""butler/butler"""
assets/data/characterData.bin.mid,321,HumanDescription,無し,,,jp_only_event,low,
assets/data/characterData.bin.mid,321,ZombieDescription,無し,,,jp_only_event,low,
assets/data/characterData.bin.mid,322,Name,メイド店員Ａ,,,jp_only_event,low,"JP-only; art ""maid/maid"""
assets/data/characterData.bin.mid,322,HumanDescription,無し,,,jp_only_event,low,
assets/data/characterData.bin.mid,322,ZombieDescription,無し,,,jp_only_event,low,
assets/data/characterData.bin.mid,323,Name,メイド店員Ｂ,,,jp_only_event,low,"JP-only; art ""maid/Rare_robot"""
assets/data/characterData.bin.mid,323,HumanDescription,無し,,,jp_only_event,low,
assets/data/characterData.bin.mid,323,ZombieDescription,無し,,,jp_only_event,low,
assets/data/characterData.bin.mid,324,Name,着ぐるみシェフ,,,jp_only_event,low,"JP-only; art ""enemyChef/costume_a"""
assets/data/characterData.bin.mid,324,HumanDescription,無し,,,jp_only_event,low,
assets/data/characterData.bin.mid,324,ZombieDescription,無し,,,jp_only_event,low,
assets/data/characterData.bin.mid,325,Name,着ぐるみ店員Ａ,,,jp_only_event,low,"JP-only; art ""clown/costume_b"""
assets/data/characterData.bin.mid,325,HumanDescription,無し,,,jp_only_event,low,
assets/data/characterData.bin.mid,325,ZombieDescription,無し,,,jp_only_event,low,
assets/data/characterData.bin.mid,326,Name,着ぐるみ店員Ｂ,,,jp_only_event,low,"JP-only; art ""clown/costume_c"""
assets/data/characterData.bin.mid,326,HumanDescription,無し,,,jp_only_event,low,
assets/data/characterData.bin.mid,326,ZombieDescription,無し,,,jp_only_event,low,
assets/data/characterData.bin.mid,327,Name,宇宙人シェフ,,,jp_only_event,low,"JP-only; art ""enemyChef/Venusian"""
assets/data/characterData.bin.mid,327,HumanDescription,無し,,,jp_only_event,low,
assets/data/characterData.bin.mid,327,ZombieDescription,無し,,,jp_only_event,low,
assets/data/characterData.bin.mid,328,Name,宇宙人店員Ａ,Martian Soldier,Alien Clerk A,same_art_or_category,medium,"art ""martian2/martian2"" -> EN row 140 (4 JP rows share this art; qualifier needed); proposed carried from TM"
assets/data/characterData.bin.mid,328,HumanDescription,無し,"This martian is here to protect the others, and get some food.",,same_art_or_category,medium,
assets/data/characterData.bin.mid,328,ZombieDescription,無し,"Unfortunately he never sets anything to stun, so watch out for those rowdy customers.",,same_art_or_category,medium,
assets/data/characterData.bin.mid,329,Name,宇宙人店員Ｂ,Martian Commander,Alien Clerk B,same_art_or_category,medium,"art ""martian3/martian3"" -> EN row 141 (2 JP rows share this art; qualifier needed); proposed carried from TM"
assets/data/characterData.bin.mid,329,HumanDescription,無し,This martian gives the orders.,,same_art_or_category,medium,
assets/data/characterData.bin.mid,329,ZombieDescription,無し,He's prone to giving long boisterous speeches to motivate his team,,same_art_or_category,medium,
assets/data/characterData.bin.mid,330,Name,格闘家シェフ,,,jp_only_event,low,"JP-only; art ""enemyChef/dojokarateA"""
assets/data/characterData.bin.mid,330,HumanDescription,無し,,,jp_only_event,low,
assets/data/characterData.bin.mid,330,ZombieDescription,無し,,,jp_only_event,low,
assets/data/characterData.bin.mid,331,Name,格闘家店員Ａ,,,jp_only_event,low,"JP-only; art ""dojokarateB/dojokarateB"""
assets/data/characterData.bin.mid,331,HumanDescription,無し,,,jp_only_event,low,
assets/data/characterData.bin.mid,331,ZombieDescription,無し,,,jp_only_event,low,
assets/data/characterData.bin.mid,332,Name,格闘家店員Ｂ,,,jp_only_event,low,"JP-only; art ""dojokarateC/dojokarateC"""
assets/data/characterData.bin.mid,332,HumanDescription,無し,,,jp_only_event,low,
assets/data/characterData.bin.mid,332,ZombieDescription,無し,,,jp_only_event,low,
assets/data/characterData.bin.mid,333,Name,合金ゴールドナイト,,,jp_only_event,low,"JP-only; art ""Goldknight/Goldknight"""
assets/data/characterData.bin.mid,333,HumanDescription,黄金に輝く騎士。自慢の合金鎧が重くて動きにくい。,,,jp_only_event,low,
assets/data/characterData.bin.mid,333,ZombieDescription,希少な合金に興味はない。,,,jp_only_event,low,
assets/data/characterData.bin.mid,334,Name,超合金ゴールドナイト,,,jp_only_event,low,"JP-only; art ""Goldknight/Goldknight"""
assets/data/characterData.bin.mid,334,HumanDescription,黄金に輝く騎士。自慢の超合金鎧が重くて動きにくい。,,,jp_only_event,low,
assets/data/characterData.bin.mid,334,ZombieDescription,希少な超合金に興味はない。,,,jp_only_event,low,
assets/data/characterData.bin.mid,335,Name,ジュウサンジェルマン伯爵,,,jp_only_event,low,"JP-only; art ""DraculaA/DraculaA"""
assets/data/characterData.bin.mid,335,HumanDescription,好きな血液型はＡ型。,,,jp_only_event,low,
assets/data/characterData.bin.mid,335,ZombieDescription,几帳面な弟が一人、兄が一人居る。,,,jp_only_event,low,
assets/data/characterData.bin.mid,336,Name,ニジュウサンジェルマン伯爵,,,jp_only_event,low,"JP-only; art ""DraculaA/DraculaA"""
assets/data/characterData.bin.mid,336,HumanDescription,好きな血液型はＡ型。,,,jp_only_event,low,
assets/data/characterData.bin.mid,336,ZombieDescription,几帳面な兄が二人いる。,,,jp_only_event,low,
assets/data/characterData.bin.mid,337,Name,ゴーリーマスクＴＨＵ,,,jp_only_event,low,"JP-only; art ""jasonA/jasonA"""
assets/data/characterData.bin.mid,337,HumanDescription,チェーンソーに飽きてきた。,,,jp_only_event,low,
assets/data/characterData.bin.mid,337,ZombieDescription,最近、ドリルに付け替えようか悩み中。,,,jp_only_event,low,
assets/data/characterData.bin.mid,338,Name,ゴーリーマスクＷＥＤ,,,jp_only_event,low,"JP-only; art ""jasonA/jasonA"""
assets/data/characterData.bin.mid,338,HumanDescription,チェーンソーに飽きてきた。,,,jp_only_event,low,
assets/data/characterData.bin.mid,338,ZombieDescription,最近、ドリルに付け替えようか悩み中。,,,jp_only_event,low,
assets/data/characterData.bin.mid,339,Name,死長,,,jp_only_event,low,"JP-only; art ""reaperB/reaperB"""
assets/data/characterData.bin.mid,339,HumanDescription,自慢の衣装は結構動きにくい。,,,jp_only_event,low,
assets/data/characterData.bin.mid,339,ZombieDescription,やたら電話をかける。,,,jp_only_event,low,
assets/data/characterData.bin.mid,340,Name,死科医,,,jp_only_event,low,"JP-only; art ""reaperB/reaperB"""
assets/data/characterData.bin.mid,340,HumanDescription,自慢の衣装は結構動きにくい。,,,jp_only_event,low,
assets/data/characterData.bin.mid,340,ZombieDescription,やたら電話をかける。,,,jp_only_event,low,
assets/data/characterData.bin.mid,341,Name,凶メイド,,,jp_only_event,low,"JP-only; art ""maid/maid"""
assets/data/characterData.bin.mid,341,HumanDescription,メイドカフェの店員。,,,jp_only_event,low,
assets/data/characterData.bin.mid,341,ZombieDescription,ご主人様を食べちゃった。,,,jp_only_event,low,
assets/data/characterData.bin.mid,342,Name,最凶メイド,,,jp_only_event,low,"JP-only; art ""maid/maid"""
assets/data/characterData.bin.mid,342,HumanDescription,メイドカフェの店員。,,,jp_only_event,low,
assets/data/characterData.bin.mid,342,ZombieDescription,ご主人様を食べちゃった。,,,jp_only_event,low,
assets/data/characterData.bin.mid,343,Name,悪サイコラビット,,,jp_only_event,low,"JP-only; art ""clown/costume_a"""
assets/data/characterData.bin.mid,343,HumanDescription,うさぎが一番のお気に入り。,,,jp_only_event,low,
assets/data/characterData.bin.mid,343,ZombieDescription,夢をあたえて脳をたくさん奪う。,,,jp_only_event,low,
assets/data/characterData.bin.mid,344,Name,極悪サイコラビット,,,jp_only_event,low,"JP-only; art ""clown/costume_a"""
assets/data/characterData.bin.mid,344,HumanDescription,うさぎが一番のお気に入り。,,,jp_only_event,low,
assets/data/characterData.bin.mid,344,ZombieDescription,夢をあたえて脳をたくさん奪う。,,,jp_only_event,low,
assets/data/characterData.bin.mid,345,Name,レアな宇宙人,Martian Soldier,Rare Alien,same_art_or_category,medium,"art ""martian2/martian2"" -> EN row 140 (4 JP rows share this art; qualifier needed); proposed carried from TM"
assets/data/characterData.bin.mid,345,HumanDescription,故郷は絶滅寸前の宇宙人。,"This martian is here to protect the others, and get some food.",,same_art_or_category,medium,
assets/data/characterData.bin.mid,345,ZombieDescription,一族の新天地を求めて宇宙を旅する。,"Unfortunately he never sets anything to stun, so watch out for those rowdy customers.",,same_art_or_category,medium,
assets/data/characterData.bin.mid,346,Name,超レアな宇宙人,Martian Soldier,Super Rare Alien,same_art_or_category,medium,"art ""martian2/martian2"" -> EN row 140 (4 JP rows share this art; qualifier needed); proposed carried from TM"
assets/data/characterData.bin.mid,346,HumanDescription,故郷は絶滅寸前の宇宙人。,"This martian is here to protect the others, and get some food.",,same_art_or_category,medium,
assets/data/characterData.bin.mid,346,ZombieDescription,一族の新天地を求めて宇宙を旅する。,"Unfortunately he never sets anything to stun, so watch out for those rowdy customers.",,same_art_or_category,medium,
assets/data/characterData.bin.mid,347,Name,凶格闘家,,,jp_only_event,low,"JP-only; art ""dojokarateA/dojokarateA"""
assets/data/characterData.bin.mid,347,HumanDescription,若さを取り戻した格闘家。,,,jp_only_event,low,
assets/data/characterData.bin.mid,347,ZombieDescription,一撃必殺で相手を倒し、そして食う。,,,jp_only_event,low,
assets/data/characterData.bin.mid,348,Name,最凶格闘家,,,jp_only_event,low,"JP-only; art ""dojokarateA/dojokarateA"""
assets/data/characterData.bin.mid,348,HumanDescription,若さを取り戻した格闘家。,,,jp_only_event,low,
assets/data/characterData.bin.mid,348,ZombieDescription,一撃必殺で相手を倒し、そして食う。,,,jp_only_event,low,
assets/data/characterData.bin.mid,349,Name,消KAレッドＲＸ,,,jp_only_event,low,"JP-only; art ""clown/Ranger_Red"""
assets/data/characterData.bin.mid,349,HumanDescription,地球の平和を守るため、レッドが帰ってきたぞ！,,,jp_only_event,low,
assets/data/characterData.bin.mid,349,ZombieDescription,ダイナマイトＲＸファイアーキーーーック！,,,jp_only_event,low,
assets/data/characterData.bin.mid,350,Name,HAKA士ブルーＧ,,,jp_only_event,low,"JP-only; art ""Ninjaman/Ranger_Blue"""
assets/data/characterData.bin.mid,350,HumanDescription,レッドのライバル的存在。時期リーダーを狙っている！,,,jp_only_event,low,
assets/data/characterData.bin.mid,350,ZombieDescription,スクランブルシュリケンパーーーンチ！,,,jp_only_event,low,
assets/data/characterData.bin.mid,351,Name,ドスKOIイエローマッスル,,,jp_only_event,low,"JP-only; art ""dojokarateC/Ranger_Yellow"""
assets/data/characterData.bin.mid,351,HumanDescription,とりあえずアレ喰っとくか、アレ！二杯目！,,,jp_only_event,low,
assets/data/characterData.bin.mid,351,ZombieDescription,ダイナマイトドスコイオカワリ！,,,jp_only_event,low,
assets/data/characterData.bin.mid,352,Name,軍SOグリーンＪ,,,jp_only_event,low,"JP-only; art ""jasonA/Ranger_Green"""
assets/data/characterData.bin.mid,352,HumanDescription,またグリーンかよとか言わない。地味だけど実力派。,,,jp_only_event,low,
assets/data/characterData.bin.mid,352,ZombieDescription,ミラクルチェーンソークラッシャーーー！,,,jp_only_event,low,
assets/data/characterData.bin.mid,353,Name,コスPlayX4000ピンク,,,jp_only_event,low,"JP-only; art ""Venusian/Ranger_Pink"""
assets/data/characterData.bin.mid,353,HumanDescription,お茶の間のお父さんのためのピンクがパワーアップして帰ってきた。,,,jp_only_event,low,
assets/data/characterData.bin.mid,353,ZombieDescription,コズミックファイナルウィーーーンク！リターンズ！,,,jp_only_event,low,
assets/data/characterData.bin.mid,354,Name,サイコライオン,,,jp_only_event,low,"JP-only; art ""clown/costume_g"""
assets/data/characterData.bin.mid,354,HumanDescription,メスライオンの着ぐるみを持っている人募集中。,,,jp_only_event,low,
assets/data/characterData.bin.mid,354,ZombieDescription,着ぐるみ界の王者。働くのは嫌い。,,,jp_only_event,low,
assets/data/characterData.bin.mid,355,Name,サファイアナイト,,,jp_only_event,low,"JP-only; art ""Brondsknight02/Brondsknight"""
assets/data/characterData.bin.mid,355,HumanDescription,サファイアの鎧を身にまとった騎士。非常に希少で高価。,,,jp_only_event,low,
assets/data/characterData.bin.mid,355,ZombieDescription,高価な鎧を狙う悪党たちに狙われていて、いつも疲れ気味。,,,jp_only_event,low,
assets/data/characterData.bin.mid,356,Name,オパールナイト,,,jp_only_event,low,"JP-only; art ""knight02/knight"""
assets/data/characterData.bin.mid,356,HumanDescription,オパールの鎧を身にまとった騎士。非常に希少で高価。,,,jp_only_event,low,
assets/data/characterData.bin.mid,356,ZombieDescription,虹色にも見える輝きはゾンビをも惑わす力があるらしい。,,,jp_only_event,low,
assets/data/characterData.bin.mid,357,Name,トパーズナイト,,,jp_only_event,low,"JP-only; art ""Goldknight02/Goldknight"""
assets/data/characterData.bin.mid,357,HumanDescription,トパーズの鎧を身にまとった騎士。非常に希少で高価。,,,jp_only_event,low,
assets/data/characterData.bin.mid,357,ZombieDescription,鎧が壊れるたびに修理代がバカにならない。,,,jp_only_event,low,
assets/data/characterData.bin.mid,358,Name,サファイアスケルトン,,,jp_only_event,low,"JP-only; art ""Brondsknight02/skelton"""
assets/data/characterData.bin.mid,358,HumanDescription,サファイアの鎧を身にまとったガイコツ騎士。非常に希少で高価。,,,jp_only_event,low,
assets/data/characterData.bin.mid,358,ZombieDescription,鎧の手入れに没頭するあまり、中身がなくなってしまった。,,,jp_only_event,low,
assets/data/characterData.bin.mid,359,Name,オパールスケルトン,,,jp_only_event,low,"JP-only; art ""knight02/skelton"""
assets/data/characterData.bin.mid,359,HumanDescription,オパールの鎧を身にまとったガイコツ騎士。非常に希少で高価。,,,jp_only_event,low,
assets/data/characterData.bin.mid,359,ZombieDescription,脳みそがなくなった今、鎧の価値は無意味。,,,jp_only_event,low,
assets/data/characterData.bin.mid,360,Name,トパーズスケルトン,,,jp_only_event,low,"JP-only; art ""Goldknight02/skelton"""
assets/data/characterData.bin.mid,360,HumanDescription,トパーズの鎧を身にまとったガイコツ騎士。非常に希少で高価。,,,jp_only_event,low,
assets/data/characterData.bin.mid,360,ZombieDescription,無尽蔵の体力でタフな仕事もこなす。給料は宝石代に消える。,,,jp_only_event,low,
assets/data/characterData.bin.mid,361,Name,ヒーローシェフ,,Hero Chef,jp_only_event,low,"JP-only; art ""enemyChef/Ranger_RedB""; proposed carried from TM"
assets/data/characterData.bin.mid,361,HumanDescription,無し,,,jp_only_event,low,
assets/data/characterData.bin.mid,361,ZombieDescription,無し,,,jp_only_event,low,
assets/data/characterData.bin.mid,362,Name,ヒーロー店員Ａ,,Hero Clerk A,jp_only_event,low,"JP-only; art ""Ranger_BlueB/Ranger_BlueB""; proposed carried from TM"
assets/data/characterData.bin.mid,362,HumanDescription,無し,,,jp_only_event,low,
assets/data/characterData.bin.mid,362,ZombieDescription,無し,,,jp_only_event,low,
assets/data/characterData.bin.mid,363,Name,ヒーロー店員Ｂ,,Hero Clerk B,jp_only_event,low,"JP-only; art ""Ranger_PinkB/Ranger_PinkB""; proposed carried from TM"
assets/data/characterData.bin.mid,363,HumanDescription,無し,,,jp_only_event,low,
assets/data/characterData.bin.mid,363,ZombieDescription,無し,,,jp_only_event,low,
assets/data/characterData.bin.mid,364,Name,デビルシェフ,,,jp_only_event,low,"JP-only; art ""enemyChef/akumaA"""
assets/data/characterData.bin.mid,364,HumanDescription,無し,,,jp_only_event,low,
assets/data/characterData.bin.mid,364,ZombieDescription,無し,,,jp_only_event,low,
assets/data/characterData.bin.mid,365,Name,デビル店員Ａ,,,jp_only_event,low,"JP-only; art ""akumaB/akumaB"""
assets/data/characterData.bin.mid,365,HumanDescription,無し,,,jp_only_event,low,
assets/data/characterData.bin.mid,365,ZombieDescription,無し,,,jp_only_event,low,
assets/data/characterData.bin.mid,366,Name,デビル店員Ｂ,,,jp_only_event,low,"JP-only; art ""akumaC/akumaC"""
assets/data/characterData.bin.mid,366,HumanDescription,無し,,,jp_only_event,low,
assets/data/characterData.bin.mid,366,ZombieDescription,無し,,,jp_only_event,low,
assets/data/characterData.bin.mid,367,Name,スモーシェフ,,,jp_only_event,low,"JP-only; art ""enemyChef/sumowrestlerB"""
assets/data/characterData.bin.mid,367,HumanDescription,無し,,,jp_only_event,low,
assets/data/characterData.bin.mid,367,ZombieDescription,無し,,,jp_only_event,low,
assets/data/characterData.bin.mid,368,Name,スモー店員Ａ,,,jp_only_event,low,"JP-only; art ""sumowrestlerD/sumowrestlerC"""
assets/data/characterData.bin.mid,368,HumanDescription,無し,,,jp_only_event,low,
assets/data/characterData.bin.mid,368,ZombieDescription,無し,,,jp_only_event,low,
assets/data/characterData.bin.mid,369,Name,スモー店員Ｂ,,,jp_only_event,low,"JP-only; art ""sumowrestlerD/sumowrestler"""
assets/data/characterData.bin.mid,369,HumanDescription,無し,,,jp_only_event,low,
assets/data/characterData.bin.mid,369,ZombieDescription,無し,,,jp_only_event,low,
assets/data/characterData.bin.mid,370,Name,飲茶シェフ,,,jp_only_event,low,"JP-only; art ""enemyChef/KyonshiB"""
assets/data/characterData.bin.mid,370,HumanDescription,無し,,,jp_only_event,low,
assets/data/characterData.bin.mid,370,ZombieDescription,無し,,,jp_only_event,low,
assets/data/characterData.bin.mid,371,Name,飲茶店員Ａ,,,jp_only_event,low,"JP-only; art ""Kyonshi_man/Kyonshi_man"""
assets/data/characterData.bin.mid,371,HumanDescription,無し,,,jp_only_event,low,
assets/data/characterData.bin.mid,371,ZombieDescription,無し,,,jp_only_event,low,
assets/data/characterData.bin.mid,372,Name,飲茶店員Ｂ,,,jp_only_event,low,"JP-only; art ""Kyonshi_woman/Kyonshi_woman"""
assets/data/characterData.bin.mid,372,HumanDescription,無し,,,jp_only_event,low,
assets/data/characterData.bin.mid,372,ZombieDescription,無し,,,jp_only_event,low,
assets/data/characterData.bin.mid,373,Name,忍者シェフ,,,jp_only_event,low,"JP-only; art ""enemyChef/Ninjakamen"""
assets/data/characterData.bin.mid,373,HumanDescription,無し,,,jp_only_event,low,
assets/data/characterData.bin.mid,373,ZombieDescription,無し,,,jp_only_event,low,
assets/data/characterData.bin.mid,374,Name,忍者店員Ａ,,,jp_only_event,low,"JP-only; art ""Ninjaman/Ninjaman"""
assets/data/characterData.bin.mid,374,HumanDescription,無し,,,jp_only_event,low,
assets/data/characterData.bin.mid,374,ZombieDescription,無し,,,jp_only_event,low,
assets/data/characterData.bin.mid,375,Name,忍者店員Ｂ,,,jp_only_event,low,"JP-only; art ""Ninjawoman/Ninjawoman"""
assets/data/characterData.bin.mid,375,HumanDescription,無し,,,jp_only_event,low,
assets/data/characterData.bin.mid,375,ZombieDescription,無し,,,jp_only_event,low,
assets/data/characterData.bin.mid,376,Name,フランケンシェフ,,,jp_only_event,low,"JP-only; art ""enemyChef/FrankensteinD"""
assets/data/characterData.bin.mid,376,HumanDescription,無し,,,jp_only_event,low,
assets/data/characterData.bin.mid,376,ZombieDescription,無し,,,jp_only_event,low,
assets/data/characterData.bin.mid,377,Name,フランケン店員Ａ,,,jp_only_event,low,"JP-only; art ""FrankensteinB/FrankensteinB"""
assets/data/characterData.bin.mid,377,HumanDescription,無し,,,jp_only_event,low,
assets/data/characterData.bin.mid,377,ZombieDescription,無し,,,jp_only_event,low,
assets/data/characterData.bin.mid,378,Name,フランケン店員Ｂ,,,jp_only_event,low,"JP-only; art ""FrankensteinB/FrankensteinC"""
assets/data/characterData.bin.mid,378,HumanDescription,無し,,,jp_only_event,low,
assets/data/characterData.bin.mid,378,ZombieDescription,無し,,,jp_only_event,low,
assets/data/characterData.bin.mid,379,Name,ミリタリーシェフ,,,jp_only_event,low,"JP-only; art ""enemyChef/Gasmask"""
assets/data/characterData.bin.mid,379,HumanDescription,無し,,,jp_only_event,low,
assets/data/characterData.bin.mid,379,ZombieDescription,無し,,,jp_only_event,low,
assets/data/characterData.bin.mid,380,Name,ミリタリー店員Ａ,,,jp_only_event,low,"JP-only; art ""militaryC/militaryC"""
assets/data/characterData.bin.mid,380,HumanDescription,無し,,,jp_only_event,low,
assets/data/characterData.bin.mid,380,ZombieDescription,無し,,,jp_only_event,low,
assets/data/characterData.bin.mid,381,Name,ミリタリー店員Ｂ,,,jp_only_event,low,"JP-only; art ""militaryB/militaryB"""
assets/data/characterData.bin.mid,381,HumanDescription,無し,,,jp_only_event,low,
assets/data/characterData.bin.mid,381,ZombieDescription,無し,,,jp_only_event,low,
assets/data/characterData.bin.mid,382,Name,スケルトンシェフ,,,jp_only_event,low,"JP-only; art ""enemyChef/skelton"""
assets/data/characterData.bin.mid,382,HumanDescription,無し,,,jp_only_event,low,
assets/data/characterData.bin.mid,382,ZombieDescription,無し,,,jp_only_event,low,
assets/data/characterData.bin.mid,383,Name,スケルトン店員Ａ,,,jp_only_event,low,"JP-only; art ""skelton/skelton"""
assets/data/characterData.bin.mid,383,HumanDescription,無し,,,jp_only_event,low,
assets/data/characterData.bin.mid,383,ZombieDescription,無し,,,jp_only_event,low,
assets/data/characterData.bin.mid,384,Name,スケルトン店員Ｂ,,,jp_only_event,low,"JP-only; art ""skelton/skelton"""
assets/data/characterData.bin.mid,384,HumanDescription,無し,,,jp_only_event,low,
assets/data/characterData.bin.mid,384,ZombieDescription,無し,,,jp_only_event,low,
assets/data/characterData.bin.mid,385,Name,人狼シェフ,,,jp_only_event,low,"JP-only; art ""enemyChef/wolfmanD"""
assets/data/characterData.bin.mid,385,HumanDescription,無し,,,jp_only_event,low,
assets/data/characterData.bin.mid,385,ZombieDescription,無し,,,jp_only_event,low,
assets/data/characterData.bin.mid,386,Name,人狼店員Ａ,,,jp_only_event,low,"JP-only; art ""wolfman/wolfmanC"""
assets/data/characterData.bin.mid,386,HumanDescription,無し,,,jp_only_event,low,
assets/data/characterData.bin.mid,386,ZombieDescription,無し,,,jp_only_event,low,
assets/data/characterData.bin.mid,387,Name,人狼店員Ｂ,,,jp_only_event,low,"JP-only; art ""wolfman/wolfmanB"""
assets/data/characterData.bin.mid,387,HumanDescription,無し,,,jp_only_event,low,
assets/data/characterData.bin.mid,387,ZombieDescription,無し,,,jp_only_event,low,
assets/data/characterData.bin.mid,388,Name,邪悪なシープヘッド,,,jp_only_event,low,"JP-only; art ""akumaE/akumaE"""
assets/data/characterData.bin.mid,388,HumanDescription,最近ラム肉に興味がある。,,,jp_only_event,low,
assets/data/characterData.bin.mid,388,ZombieDescription,ラム肉料理はじめました。,,,jp_only_event,low,
assets/data/characterData.bin.mid,389,Name,邪悪なゴートヘッド,,,jp_only_event,low,"JP-only; art ""akumaF/akumaF"""
assets/data/characterData.bin.mid,389,HumanDescription,ヒヅメがあるのに靴を履かされているのが不満。,,,jp_only_event,low,
assets/data/characterData.bin.mid,389,ZombieDescription,なんだか歩きにくい。,,,jp_only_event,low,
assets/data/characterData.bin.mid,390,Name,邪悪なホースヘッド,,,jp_only_event,low,"JP-only; art ""akumaD/akumaD"""
assets/data/characterData.bin.mid,390,HumanDescription,悪魔界で出世を目論むが、見た目がザコっぽいのでうまくいかない。,,,jp_only_event,low,
assets/data/characterData.bin.mid,390,ZombieDescription,ツノがあるので牛に間違われるのが嫌。,,,jp_only_event,low,
assets/data/characterData.bin.mid,391,Name,邪悪なラムズヘッド,,,jp_only_event,low,"JP-only; art ""akumaA/akumaA"""
assets/data/characterData.bin.mid,391,HumanDescription,俺は悪魔だメェ！強いんだメェ！,,,jp_only_event,low,
assets/data/characterData.bin.mid,391,ZombieDescription,長らく迷っていたがヤギとして暮らすことを決意。,,,jp_only_event,low,
assets/data/characterData.bin.mid,392,Name,北の横綱,,,jp_only_event,low,"JP-only; art ""sumowrestlerD/sumowrestlerD"""
assets/data/characterData.bin.mid,392,HumanDescription,はるか北の国の横綱。裸では寒い。,,,jp_only_event,low,
assets/data/characterData.bin.mid,392,ZombieDescription,はるか北の国の横綱。寒いのは感じない。,,,jp_only_event,low,
assets/data/characterData.bin.mid,393,Name,南の横綱,,,jp_only_event,low,"JP-only; art ""sumowrestlerD/sumowrestlerC"""
assets/data/characterData.bin.mid,393,HumanDescription,南国の横綱。陽気なリズムで敵を倒す。,,,jp_only_event,low,
assets/data/characterData.bin.mid,393,ZombieDescription,南国の横綱。陽気なリズムで脳を食う。,,,jp_only_event,low,
assets/data/characterData.bin.mid,394,Name,東の横綱,,,jp_only_event,low,"JP-only; art ""sumowrestlerD/sumowrestlerB"""
assets/data/characterData.bin.mid,394,HumanDescription,横綱の中でも、とっても強い人。,,,jp_only_event,low,
assets/data/characterData.bin.mid,394,ZombieDescription,横綱の中でも、とっても強いゾンビ。,,,jp_only_event,low,
assets/data/characterData.bin.mid,395,Name,西の横綱,,,jp_only_event,low,"JP-only; art ""sumowrestler/sumowrestlerC"""
assets/data/characterData.bin.mid,395,HumanDescription,横綱の中でも、とっても偉い人。,,,jp_only_event,low,
assets/data/characterData.bin.mid,395,ZombieDescription,横綱の中でも、とっても偉いゾンビ。,,,jp_only_event,low,
assets/data/characterData.bin.mid,396,Name,餃子王のゾンビ,,,jp_only_event,low,"JP-only; art ""KyonshiD/KyonshiD"""
assets/data/characterData.bin.mid,396,HumanDescription,一日百万個売れる餃子を作るのが夢。,,,jp_only_event,low,
assets/data/characterData.bin.mid,396,ZombieDescription,ゾンビ餃子に最も合う脳を探し求めている料理人。,,,jp_only_event,low,
assets/data/characterData.bin.mid,397,Name,チャーハン王のゾンビ,,,jp_only_event,low,"JP-only; art ""KyonshiC/KyonshiC"""
assets/data/characterData.bin.mid,397,HumanDescription,チャーハンを素早く炒めて仕上げるのが得意。,,,jp_only_event,low,
assets/data/characterData.bin.mid,397,ZombieDescription,最高のゾンビチャーハンを炒めるためだけに腕を改造した。,,,jp_only_event,low,
assets/data/characterData.bin.mid,398,Name,ラーメン王のゾンビ,,,jp_only_event,low,"JP-only; art ""KyonshiB/KyonshiB"""
assets/data/characterData.bin.mid,398,HumanDescription,ラーメン一筋20年。店舗拡大中！,,,jp_only_event,low,
assets/data/characterData.bin.mid,398,ZombieDescription,素材にこだわって客の脳を食べています。,,,jp_only_event,low,
assets/data/characterData.bin.mid,399,Name,肉まん王のゾンビ,,,jp_only_event,low,"JP-only; art ""Kyonshi_man/Kyonshi_man"""
assets/data/characterData.bin.mid,399,HumanDescription,変な具材で新しい肉まんを開発中。,,,jp_only_event,low,
assets/data/characterData.bin.mid,399,ZombieDescription,あやしい肉ならいくらでも手に入る。,,,jp_only_event,low,
assets/data/characterData.bin.mid,400,Name,乱破衆・哀,,,jp_only_event,low,"JP-only; art ""NinjamanB/NinjamanB"""
assets/data/characterData.bin.mid,400,HumanDescription,涙を誘う小話で相手を油断させる。,,,jp_only_event,low,
assets/data/characterData.bin.mid,400,ZombieDescription,油断した相手の脳は残らずたいらげる。,,,jp_only_event,low,
assets/data/characterData.bin.mid,401,Name,乱破衆・怖,,,jp_only_event,low,"JP-only; art ""NinjamanC/NinjamanC"""
assets/data/characterData.bin.mid,401,HumanDescription,深夜に怖い話をさせたら右に出るものはいない。,,,jp_only_event,low,
assets/data/characterData.bin.mid,401,ZombieDescription,怖い話好きが高じてゾンビになってしまった。,,,jp_only_event,low,
assets/data/characterData.bin.mid,402,Name,乱破衆・怒,,,jp_only_event,low,"JP-only; art ""Ninjakamen/Ninjakamen"""
assets/data/characterData.bin.mid,402,HumanDescription,怒りの面からは表情がうかがえないが、実は優しいヤツ。,,,jp_only_event,low,
assets/data/characterData.bin.mid,402,ZombieDescription,鬼の形相で脳みそを食らう、伝説の忍者。,,,jp_only_event,low,
assets/data/characterData.bin.mid,403,Name,乱破頭,,,jp_only_event,low,"JP-only; art ""Ninjareader/Ninjareader"""
assets/data/characterData.bin.mid,403,HumanDescription,乱破衆三代目お頭とはワシじゃけぇ！,,,jp_only_event,low,
assets/data/characterData.bin.mid,403,ZombieDescription,これで乱破衆二代目お頭を越えられるケンのぅ…,,,jp_only_event,low,
assets/data/characterData.bin.mid,404,Name,フランケン丁型,,,jp_only_event,low,"JP-only; art ""FrankensteinF/FrankensteinF"""
assets/data/characterData.bin.mid,404,HumanDescription,肩がこるのは腕の鉄球がおもいからだ。,,,jp_only_event,low,
assets/data/characterData.bin.mid,404,ZombieDescription,頭のねじを回せば、少しは賢くなるかもしれない。,,,jp_only_event,low,
assets/data/characterData.bin.mid,405,Name,フランケン戊型,,,jp_only_event,low,"JP-only; art ""FrankensteinE/FrankensteinC"""
assets/data/characterData.bin.mid,405,HumanDescription,もう彼の手で小鳥たちをやさしくなでてやることはできない。,,,jp_only_event,low,
assets/data/characterData.bin.mid,405,ZombieDescription,フンガー！フンガー！,,,jp_only_event,low,
assets/data/characterData.bin.mid,406,Name,フランケン己型,,,jp_only_event,low,"JP-only; art ""FrankensteinD/FrankensteinD"""
assets/data/characterData.bin.mid,406,HumanDescription,カプセルが割れると元気がなくなる。,,,jp_only_event,low,
assets/data/characterData.bin.mid,406,ZombieDescription,カプセルの力でパワーがみなぎる！,,,jp_only_event,low,
assets/data/characterData.bin.mid,407,Name,フランケン庚型,,,jp_only_event,low,"JP-only; art ""FrankensteinD/Frankenstein"""
assets/data/characterData.bin.mid,407,HumanDescription,彼が一番欲しいものは悲しい時に涙が出る機能だ。,,,jp_only_event,low,
assets/data/characterData.bin.mid,407,ZombieDescription,気は優しくて力持ち。,,,jp_only_event,low,
assets/data/characterData.bin.mid,408,Name,特殊部隊アルファ,,,jp_only_event,low,"JP-only; art ""militaryB/militaryB"""
assets/data/characterData.bin.mid,408,HumanDescription,昼に食べる軍用ゾンビ弁当が生きがい。,,,jp_only_event,low,
assets/data/characterData.bin.mid,408,ZombieDescription,昼に食べる脳が生きがい。,,,jp_only_event,low,
assets/data/characterData.bin.mid,409,Name,特殊部隊ブラボー,,,jp_only_event,low,"JP-only; art ""militaryC/militaryC"""
assets/data/characterData.bin.mid,409,HumanDescription,つい先日、戦地から帰還。,,,jp_only_event,low,
assets/data/characterData.bin.mid,409,ZombieDescription,戦地から帰還したらゾンビになっていた。,,,jp_only_event,low,
assets/data/characterData.bin.mid,410,Name,特殊部隊チャーリー,,,jp_only_event,low,"JP-only; art ""militaryB/Gasmask"""
assets/data/characterData.bin.mid,410,HumanDescription,マスクの中身は謎。,,,jp_only_event,low,
assets/data/characterData.bin.mid,410,ZombieDescription,マスクの中でガスが発生するので意味が無い。,,,jp_only_event,low,
assets/data/characterData.bin.mid,411,Name,特殊部隊デルタ,,,jp_only_event,low,"JP-only; art ""Gasmask/Gasmask"""
assets/data/characterData.bin.mid,411,HumanDescription,特殊部隊期待の新星。,,,jp_only_event,low,
assets/data/characterData.bin.mid,411,ZombieDescription,任務には忠実なつもり。でも脳の誘惑には弱い。,,,jp_only_event,low,
assets/data/characterData.bin.mid,412,Name,海賊スケルトン,,,jp_only_event,low,"JP-only; art ""skeltonD/skeltonD"""
assets/data/characterData.bin.mid,412,HumanDescription,有名な海賊のなれの果て。自慢のフックだけが形をとどめている。,,,jp_only_event,low,
assets/data/characterData.bin.mid,412,ZombieDescription,財宝をよこせ！脳をよこせ！,,,jp_only_event,low,
assets/data/characterData.bin.mid,413,Name,琥珀スケルトン,,,jp_only_event,low,"JP-only; art ""skeltonC/skeltonC"""
assets/data/characterData.bin.mid,413,HumanDescription,なめてみると甘いかもしれない。,,,jp_only_event,low,
assets/data/characterData.bin.mid,413,ZombieDescription,何故だか分からないがアリが寄ってくる。,,,jp_only_event,low,
assets/data/characterData.bin.mid,414,Name,クリスタルスケルトン,,,jp_only_event,low,"JP-only; art ""skeltonB/skeltonB"""
assets/data/characterData.bin.mid,414,HumanDescription,透き通るようなクリスタルボディは誰の手によって作られたのか謎。,,,jp_only_event,low,
assets/data/characterData.bin.mid,414,ZombieDescription,あらゆる光線を跳ね返す体は、もはやゾンビの域を超えている。,,,jp_only_event,low,
assets/data/characterData.bin.mid,415,Name,カルシウムキング,,,jp_only_event,low,"JP-only; art ""skelton/skelton"""
assets/data/characterData.bin.mid,415,HumanDescription,白銀のスケルトン王。炭酸飲料が怖い。,,,jp_only_event,low,
assets/data/characterData.bin.mid,415,ZombieDescription,骨だけは健康！,,,jp_only_event,low,
assets/data/characterData.bin.mid,416,Name,極上の人狼,,,jp_only_event,low,"JP-only; art ""wolfmanD/wolfmanD"""
assets/data/characterData.bin.mid,416,HumanDescription,ノミじゃないけどちょっと顔がかゆい。,,,jp_only_event,low,
assets/data/characterData.bin.mid,416,ZombieDescription,ほんとうにノミじゃないけど顔がかゆい。,,,jp_only_event,low,
assets/data/characterData.bin.mid,417,Name,至高の人狼,,,jp_only_event,low,"JP-only; art ""wolfmanF/wolfmanF"""
assets/data/characterData.bin.mid,417,HumanDescription,人狼として毛並みを大事にしていきたいと思っている。,,,jp_only_event,low,
assets/data/characterData.bin.mid,417,ZombieDescription,ゾンビになっても肌の色が見えないから意外と気にならない,,,jp_only_event,low,
assets/data/characterData.bin.mid,418,Name,典雅な人狼王,,,jp_only_event,low,"JP-only; art ""wolfmanE/wolfmanE"""
assets/data/characterData.bin.mid,418,HumanDescription,毛深いって言われると傷つく。,,,jp_only_event,low,
assets/data/characterData.bin.mid,418,ZombieDescription,毛…って言われた時点で脳を食べる,,,jp_only_event,low,
assets/data/characterData.bin.mid,419,Name,優雅な人狼王,,,jp_only_event,low,"JP-only; art ""wolfmanD/wolfman"""
assets/data/characterData.bin.mid,419,HumanDescription,人狼の誇りを保つため遠吠えはやめない。,,,jp_only_event,low,
assets/data/characterData.bin.mid,419,ZombieDescription,脳を食べた後は遠吠えの伸びが良い,,,jp_only_event,low,
assets/data/characterData.bin.mid,420,Name,ゴーリーマスクＳＵＮ,,,jp_only_event,low,"JP-only; art ""jasonJ/jasonJ"""
assets/data/characterData.bin.mid,420,HumanDescription,日曜日は市場に出かける。,,,jp_only_event,low,
assets/data/characterData.bin.mid,420,ZombieDescription,テュリャ　テュリャ　テュリャ　テュリャ　リャ,,,jp_only_event,low,
assets/data/characterData.bin.mid,421,Name,ゴーリーマスクＳＡＴ,,,jp_only_event,low,"JP-only; art ""jasonI/jasonI"""
assets/data/characterData.bin.mid,421,HumanDescription,土曜日はおしゃべりばかりしている。,,,jp_only_event,low,
assets/data/characterData.bin.mid,421,ZombieDescription,テュリャ　テュリャ　テュリャ　テュリャ　リャ,,,jp_only_event,low,
assets/data/characterData.bin.mid,422,Name,ゴーリーマスクＦＲＩ,,,jp_only_event,low,"JP-only; art ""jasonH/jasonH"""
assets/data/characterData.bin.mid,422,HumanDescription,金曜日は糸巻しない。,,,jp_only_event,low,
assets/data/characterData.bin.mid,422,ZombieDescription,テュリャ　テュリャ　テュリャ　テュリャ　リャ,,,jp_only_event,low,
assets/data/characterData.bin.mid,423,Name,死験官,,,jp_only_event,low,"JP-only; art ""reaperoffA/reaperoffA"""
assets/data/characterData.bin.mid,423,HumanDescription,夏は暑いのが難点。,,,jp_only_event,low,
assets/data/characterData.bin.mid,423,ZombieDescription,暑さを感じなくなって意外と快適。,,,jp_only_event,low,
assets/data/characterData.bin.mid,424,Name,死圧師,,,jp_only_event,low,"JP-only; art ""reaperoffB/reaperoffB"""
assets/data/characterData.bin.mid,424,HumanDescription,つぶらな瞳が可愛いといわれる。,,,jp_only_event,low,
assets/data/characterData.bin.mid,424,ZombieDescription,包丁持って近づくのが趣味。,,,jp_only_event,low,
assets/data/characterData.bin.mid,425,Name,弁護死,,,jp_only_event,low,"JP-only; art ""reaperoffC/reaperoffC"""
assets/data/characterData.bin.mid,425,HumanDescription,引っ込み思案なだけなのに誤解されがち。,,,jp_only_event,low,
assets/data/characterData.bin.mid,425,ZombieDescription,脳を吸うときはちょっと顔を出す。,,,jp_only_event,low,
assets/data/characterData.bin.mid,426,Name,ロクジェルマン伯爵,,,jp_only_event,low,"JP-only; art ""DraculaD/DraculaD"""
assets/data/characterData.bin.mid,426,HumanDescription,ワイングラスに血を入れるのは邪道。,,,jp_only_event,low,
assets/data/characterData.bin.mid,426,ZombieDescription,血と脳を混ぜたら味の革命が起きた。,,,jp_only_event,low,
assets/data/characterData.bin.mid,427,Name,ナナジェルマン伯爵,,,jp_only_event,low,"JP-only; art ""DraculaD/DraculaE"""
assets/data/characterData.bin.mid,427,HumanDescription,若ければ男女関係なく吸いたいのは秘密。,,,jp_only_event,low,
assets/data/characterData.bin.mid,427,ZombieDescription,ゾンビになっても血の味が忘れられないからおやつにする。,,,jp_only_event,low,
assets/data/characterData.bin.mid,428,Name,ハチジェルマン伯爵,,,jp_only_event,low,"JP-only; art ""DraculaD/DraculaF"""
assets/data/characterData.bin.mid,428,HumanDescription,日が昇るとウツな気分になるのでふて寝する。,,,jp_only_event,low,
assets/data/characterData.bin.mid,428,ZombieDescription,コウモリになれなくなるとは想定外だった。,,,jp_only_event,low,
assets/data/characterData.bin.mid,429,Name,三女メイド,,,jp_only_event,low,"JP-only; art ""maidB/maidB"""
assets/data/characterData.bin.mid,429,HumanDescription,そばかすだってお気に入り。,,,jp_only_event,low,
assets/data/characterData.bin.mid,429,ZombieDescription,気に入った客には積極的に接客！,,,jp_only_event,low,
assets/data/characterData.bin.mid,430,Name,次女メイド,,,jp_only_event,low,"JP-only; art ""maidC/maidC"""
assets/data/characterData.bin.mid,430,HumanDescription,こう見えて尽くすタイプ。,,,jp_only_event,low,
assets/data/characterData.bin.mid,430,ZombieDescription,夢はステキなお嫁さん！年下の脳が好き。,,,jp_only_event,low,
assets/data/characterData.bin.mid,431,Name,長女メイド,,,jp_only_event,low,"JP-only; art ""maidD/maidD"""
assets/data/characterData.bin.mid,431,HumanDescription,髪型の悪口を言われるとゾンビでも容赦しない。,,,jp_only_event,low,
assets/data/characterData.bin.mid,431,ZombieDescription,ゾンビになってもそのワイルドさは変わらない。,,,jp_only_event,low,
assets/data/characterData.bin.mid,432,Name,クリス,Couch Potato,Chris,same_art_or_category,medium,"art ""nerd/faris"" -> EN row 5 (15 JP rows share this art; qualifier needed); proposed carried from TM"
assets/data/characterData.bin.mid,432,HumanDescription,BH6,He's taking a break from loafing to fill his stomach.,,same_art_or_category,medium,
assets/data/characterData.bin.mid,432,ZombieDescription,BH6,A somewhat mediocre zombie with no previous job experience.,,same_art_or_category,medium,
assets/data/characterData.bin.mid,433,Name,レオン,Couch Potato,Leon,same_art_or_category,medium,"art ""nerd/faris"" -> EN row 5 (15 JP rows share this art; qualifier needed); proposed carried from TM"
assets/data/characterData.bin.mid,433,HumanDescription,BH6,He's taking a break from loafing to fill his stomach.,,same_art_or_category,medium,
assets/data/characterData.bin.mid,433,ZombieDescription,BH6,A somewhat mediocre zombie with no previous job experience.,,same_art_or_category,medium,
assets/data/characterData.bin.mid,434,Name,ジェイク,Couch Potato,Jake,same_art_or_category,medium,"art ""nerd/faris"" -> EN row 5 (15 JP rows share this art; qualifier needed); proposed carried from TM"
assets/data/characterData.bin.mid,434,HumanDescription,BH6,He's taking a break from loafing to fill his stomach.,,same_art_or_category,medium,
assets/data/characterData.bin.mid,434,ZombieDescription,BH6,A somewhat mediocre zombie with no previous job experience.,,same_art_or_category,medium,
assets/data/characterData.bin.mid,435,Name,ピアーズ,Couch Potato,Piers,same_art_or_category,medium,"art ""nerd/faris"" -> EN row 5 (15 JP rows share this art; qualifier needed); proposed carried from TM"
assets/data/characterData.bin.mid,435,HumanDescription,BH6,He's taking a break from loafing to fill his stomach.,,same_art_or_category,medium,
assets/data/characterData.bin.mid,435,ZombieDescription,BH6,A somewhat mediocre zombie with no previous job experience.,,same_art_or_category,medium,
assets/data/characterData.bin.mid,436,Name,シェリー,Couch Potato,Sherry,same_art_or_category,medium,"art ""nerd/faris"" -> EN row 5 (15 JP rows share this art; qualifier needed); proposed carried from TM"
assets/data/characterData.bin.mid,436,HumanDescription,BH6,He's taking a break from loafing to fill his stomach.,,same_art_or_category,medium,
assets/data/characterData.bin.mid,436,ZombieDescription,BH6,A somewhat mediocre zombie with no previous job experience.,,same_art_or_category,medium,
assets/data/characterData.bin.mid,437,Name,ヘレナ,Couch Potato,Helena,same_art_or_category,medium,"art ""nerd/faris"" -> EN row 5 (15 JP rows share this art; qualifier needed); proposed carried from TM"
assets/data/characterData.bin.mid,437,HumanDescription,BH6,He's taking a break from loafing to fill his stomach.,,same_art_or_category,medium,
assets/data/characterData.bin.mid,437,ZombieDescription,BH6,A somewhat mediocre zombie with no previous job experience.,,same_art_or_category,medium,
assets/data/characterData.bin.mid,438,Name,エイダ,Couch Potato,Ada,same_art_or_category,medium,"art ""nerd/faris"" -> EN row 5 (15 JP rows share this art; qualifier needed); proposed carried from TM"
assets/data/characterData.bin.mid,438,HumanDescription,BH6,He's taking a break from loafing to fill his stomach.,,same_art_or_category,medium,
assets/data/characterData.bin.mid,438,ZombieDescription,BH6,A somewhat mediocre zombie with no previous job experience.,,same_art_or_category,medium,
assets/data/characterData.bin.mid,439,Name,フランケン,,Frankenstein,jp_only_event,low,"JP-only; art ""FrankensteinB/Frankenstein""; proposed carried from TM"
assets/data/characterData.bin.mid,439,HumanDescription,寝て起きたらフランケンになっていたが気にしない。,,,jp_only_event,low,
assets/data/characterData.bin.mid,439,ZombieDescription,フランケンからゾンビになっても気にしない。,,,jp_only_event,low,
assets/data/characterData.bin.mid,440,Name,イエローヒーロー,,,jp_only_event,low,"JP-only; art ""Ranger_Yellow/Ranger_Yellow"""
assets/data/characterData.bin.mid,440,HumanDescription,カレーを煮込む時間で世界を狙う。,,,jp_only_event,low,
assets/data/characterData.bin.mid,440,ZombieDescription,今はもうカレーより脳みそを食べたい。,,,jp_only_event,low,
assets/data/characterData.bin.mid,441,Name,ファイター,,,jp_only_event,low,"JP-only; art ""dojokarateB/dojokarateB"""
assets/data/characterData.bin.mid,441,HumanDescription,戦うために生まれてきた！と路上で叫ぶのが趣味。,,,jp_only_event,low,
assets/data/characterData.bin.mid,441,ZombieDescription,腕をもいで投げると強いことに気付く。,,,jp_only_event,low,
assets/data/characterData.bin.mid,442,Name,グリーンヒーロー,,,jp_only_event,low,"JP-only; art ""Ranger_Green/Ranger_Green"""
assets/data/characterData.bin.mid,442,HumanDescription,植物に優しいキャラ付けをされている。,,,jp_only_event,low,
assets/data/characterData.bin.mid,442,ZombieDescription,ヒーロースーツの下も緑色になった。,,,jp_only_event,low,
assets/data/characterData.bin.mid,443,Name,空手家,,,jp_only_event,low,"JP-only; art ""dojokarateC/dojokarateC"""
assets/data/characterData.bin.mid,443,HumanDescription,瓦を割るのはもったいないのではと少し思っている。,,,jp_only_event,low,
assets/data/characterData.bin.mid,443,ZombieDescription,瓦の代わりに頭を割りたい。,,,jp_only_event,low,
assets/data/characterData.bin.mid,444,Name,ピンクヒーロー,,,jp_only_event,low,"JP-only; art ""Ranger_Pink/Ranger_Pink"""
assets/data/characterData.bin.mid,444,HumanDescription,ホワイトとの壮絶な戦いに勝利したのが誇り。,,,jp_only_event,low,
assets/data/characterData.bin.mid,444,ZombieDescription,ホワイト以上のライバルを探し求めている。,,,jp_only_event,low,
assets/data/characterData.bin.mid,445,Name,家庭警備員,,,jp_only_event,low,"JP-only; art ""militaryC/militaryC"""
assets/data/characterData.bin.mid,445,HumanDescription,家庭の平和を守り続けることが生きがい。,,,jp_only_event,low,
assets/data/characterData.bin.mid,445,ZombieDescription,ちょっとかじったら家庭不和に陥った。,,,jp_only_event,low,
assets/data/characterData.bin.mid,446,Name,ブルーヒーロー,,,jp_only_event,low,"JP-only; art ""Ranger_Blue/Ranger_Blue"""
assets/data/characterData.bin.mid,446,HumanDescription,危険なアクションはスタントマンにお願いしたい考え。,,,jp_only_event,low,
assets/data/characterData.bin.mid,446,ZombieDescription,死なないからスタントマンがいらなくなった。,,,jp_only_event,low,
assets/data/characterData.bin.mid,447,Name,金星人Ⅱ,,,jp_only_event,low,"JP-only; art ""Venusian/Venusian"""
assets/data/characterData.bin.mid,447,HumanDescription,地球人の生態を調べるためにやってきた。,,,jp_only_event,low,
assets/data/characterData.bin.mid,447,ZombieDescription,宇宙人もゾンビになると脳みそが好物になると報告する。,,,jp_only_event,low,
assets/data/characterData.bin.mid,448,Name,レッドヒーロー,,,jp_only_event,low,"JP-only; art ""Ranger_Red/Ranger_Red"""
assets/data/characterData.bin.mid,448,HumanDescription,子供に憧れられてちょっと天狗気味になっている。,,,jp_only_event,low,
assets/data/characterData.bin.mid,448,ZombieDescription,憧れの対象から恐怖の対象へシフトチェンジ,,,jp_only_event,low,
assets/data/characterData.bin.mid,449,Name,お頭代理,,,jp_only_event,low,"JP-only; art ""Ninjareader/Ninjareader"""
assets/data/characterData.bin.mid,449,HumanDescription,お頭の留守を任される責任ある立場。,,,jp_only_event,low,
assets/data/characterData.bin.mid,449,ZombieDescription,お頭を食べてしまえば代理じゃなくなると策略中。,,,jp_only_event,low,
assets/data/characterData.bin.mid,450,Name,家庭警備スペシャリスト,,,jp_only_event,low,"JP-only; art ""militaryB/Gasmask"""
assets/data/characterData.bin.mid,450,HumanDescription,家庭問題に対するスペシャリスト。,,,jp_only_event,low,
assets/data/characterData.bin.mid,450,ZombieDescription,ゾンビになって家庭にひびが入りつつある。,,,jp_only_event,low,
assets/data/characterData.bin.mid,451,Name,いぶし銀ナイト,Knight in Armor,Burnished Knight,same_art_or_category,medium,"art ""knight/knight"" -> EN row 189 (3 JP rows share this art; qualifier needed); proposed carried from TM"
assets/data/characterData.bin.mid,451,HumanDescription,鎧の下は渋くて恰好いいと噂になっている。,"In shining armor, he is trained to protect and serve.",,same_art_or_category,medium,
assets/data/characterData.bin.mid,451,ZombieDescription,何を守るかを見失いつつも脳みそがうまい。,This knight is going mental! Better keep him unarmed.,,same_art_or_category,medium,
assets/data/characterData.bin.mid,452,Name,横綱見習い,,,jp_only_event,low,"JP-only; art ""sumowrestlerD/sumowrestlerC"""
assets/data/characterData.bin.mid,452,HumanDescription,真面目に稽古をして横綱を目指す。,,,jp_only_event,low,
assets/data/characterData.bin.mid,452,ZombieDescription,ゾンビパワーで横綱の座を狙う。,,,jp_only_event,low,
assets/data/characterData.bin.mid,453,Name,サイコラット,,,jp_only_event,low,"JP-only; art ""clown/costume_f"""
assets/data/characterData.bin.mid,453,HumanDescription,頭がちょっと重いからぐらぐらしている。,,,jp_only_event,low,
assets/data/characterData.bin.mid,453,ZombieDescription,着ぐるみの中で食事を済ます技術を会得。,,,jp_only_event,low,
assets/data/characterData.bin.mid,454,Name,死の宣伝マン,,,jp_only_event,low,"JP-only; art ""reaperoffC/reaperoffC"""
assets/data/characterData.bin.mid,454,HumanDescription,世に死の素晴らしさを宣伝したいと思っている。,,,jp_only_event,low,
assets/data/characterData.bin.mid,454,ZombieDescription,世にゾンビの素晴らしさを宣伝したいと思っている。,,,jp_only_event,low,
assets/data/characterData.bin.mid,455,Name,アイアンボクサー,,,jp_only_event,low,"JP-only; art ""boxer_a/boxer_a"""
assets/data/characterData.bin.mid,455,HumanDescription,オレがすべてだ！オレだけをみてろ！,,,jp_only_event,low,
assets/data/characterData.bin.mid,455,ZombieDescription,見るにたえない美しさだ。,,,jp_only_event,low,
assets/data/characterData.bin.mid,456,Name,アウトボクサー,,,jp_only_event,low,"JP-only; art ""boxer_a/boxer_b"""
assets/data/characterData.bin.mid,456,HumanDescription,蝶のように舞い蜂のように刺す事を目指している。,,,jp_only_event,low,
assets/data/characterData.bin.mid,456,ZombieDescription,泥のように溶け、サメのように噛む事を目指している。,,,jp_only_event,low,
assets/data/characterData.bin.mid,457,Name,インボクサー,,,jp_only_event,low,"JP-only; art ""boxer_c/boxer_c"""
assets/data/characterData.bin.mid,457,HumanDescription,一試合すればカフェが買える。,,,jp_only_event,low,
assets/data/characterData.bin.mid,457,ZombieDescription,一試合２８００グラムの契約。,,,jp_only_event,low,
assets/data/characterData.bin.mid,458,Name,スモーキンボクサー,,,jp_only_event,low,"JP-only; art ""boxer_b/boxer_b"""
assets/data/characterData.bin.mid,458,HumanDescription,どんな攻撃でもリズミカルに避ける。,,,jp_only_event,low,
assets/data/characterData.bin.mid,458,ZombieDescription,どんな攻撃でもヌルリとよける。,,,jp_only_event,low,
assets/data/characterData.bin.mid,459,Name,ボクサーシェフ,The Champ,The Champ,same_art_or_category,medium,"art ""enemyChef/boxer"" -> EN row 91 (3 JP rows share this art; qualifier needed); proposed carried from TM"
assets/data/characterData.bin.mid,459,HumanDescription,無し,This heavyweight  champ just wants to KO his hunger.,,same_art_or_category,medium,
assets/data/characterData.bin.mid,459,ZombieDescription,無し,(Self-proclaimed) greatest  zombie of all time! Packs a punch and charms the customers.,,same_art_or_category,medium,
assets/data/characterData.bin.mid,460,Name,ボクサー店員Ａ,,,jp_only_event,low,"JP-only; art ""boxer/boxer_a"""
assets/data/characterData.bin.mid,460,HumanDescription,無し,,,jp_only_event,low,
assets/data/characterData.bin.mid,460,ZombieDescription,無し,,,jp_only_event,low,
assets/data/characterData.bin.mid,461,Name,ボクサー店員Ｂ,,,jp_only_event,low,"JP-only; art ""boxer/boxer_c"""
assets/data/characterData.bin.mid,461,HumanDescription,無し,,,jp_only_event,low,
assets/data/characterData.bin.mid,461,ZombieDescription,無し,,,jp_only_event,low,
assets/data/characterData.bin.mid,462,Name,悪の人形,,,jp_only_event,low,"JP-only; art ""chucky_a/chucky_a"""
assets/data/characterData.bin.mid,462,HumanDescription,人形なのになぜか、刑事を恨んでいる。,,,jp_only_event,low,
assets/data/characterData.bin.mid,462,ZombieDescription,誕生日を知らないことに気づいた。,,,jp_only_event,low,
assets/data/characterData.bin.mid,463,Name,魔の人形,,,jp_only_event,low,"JP-only; art ""chucky_b/chucky_b"""
assets/data/characterData.bin.mid,463,HumanDescription,人形なのになぜか、家族を恨んでいる。,,,jp_only_event,low,
assets/data/characterData.bin.mid,463,ZombieDescription,自分の脳が無いことに気づいた。,,,jp_only_event,low,
assets/data/characterData.bin.mid,464,Name,死の人形,,,jp_only_event,low,"JP-only; art ""chucky_c/chucky_c"""
assets/data/characterData.bin.mid,464,HumanDescription,人形なのになぜか、結婚相手を探している。,,,jp_only_event,low,
assets/data/characterData.bin.mid,464,ZombieDescription,結婚願望が、脳への欲求に変わった。,,,jp_only_event,low,
assets/data/characterData.bin.mid,465,Name,ジャックの人形,,,jp_only_event,low,"JP-only; art ""clown/chucky_a"""
assets/data/characterData.bin.mid,465,HumanDescription,人形なのになぜか、子供を欲しいと思っている。,,,jp_only_event,low,
assets/data/characterData.bin.mid,465,ZombieDescription,小さい脳が欲しいと思っている。,,,jp_only_event,low,
assets/data/characterData.bin.mid,466,Name,人形シェフ,,,jp_only_event,low,"JP-only; art ""enemyChef/chucky_a"""
assets/data/characterData.bin.mid,466,HumanDescription,無し,,,jp_only_event,low,
assets/data/characterData.bin.mid,466,ZombieDescription,無し,,,jp_only_event,low,
assets/data/characterData.bin.mid,467,Name,人形店員Ａ,,,jp_only_event,low,"JP-only; art ""clown/chucky_b"""
assets/data/characterData.bin.mid,467,HumanDescription,無し,,,jp_only_event,low,
assets/data/characterData.bin.mid,467,ZombieDescription,無し,,,jp_only_event,low,
assets/data/characterData.bin.mid,468,Name,人形店員Ｂ,,,jp_only_event,low,"JP-only; art ""clown/chucky_c"""
assets/data/characterData.bin.mid,468,HumanDescription,無し,,,jp_only_event,low,
assets/data/characterData.bin.mid,468,ZombieDescription,無し,,,jp_only_event,low,
assets/data/characterData.bin.mid,469,Name,流星の保安官,,,jp_only_event,low,"JP-only; art ""cowboy_a/cowboy_a"""
assets/data/characterData.bin.mid,469,HumanDescription,別れは早いほうがいい・・・。,,,jp_only_event,low,
assets/data/characterData.bin.mid,469,ZombieDescription,ようやくタバコの味がわかるようになってきた。,,,jp_only_event,low,
assets/data/characterData.bin.mid,470,Name,新星の保安官,,,jp_only_event,low,"JP-only; art ""cowboy_b/cowboy_b"""
assets/data/characterData.bin.mid,470,HumanDescription,オレをくそったれにする酒をもってこい。,,,jp_only_event,low,
assets/data/characterData.bin.mid,470,ZombieDescription,生まれ変わってくそったれになった。,,,jp_only_event,low,
assets/data/characterData.bin.mid,471,Name,凶星の保安官,,,jp_only_event,low,"JP-only; art ""cowboy_c/cowboy"""
assets/data/characterData.bin.mid,471,HumanDescription,鋭い目で常に皆を監視している。,,,jp_only_event,low,
assets/data/characterData.bin.mid,471,ZombieDescription,人の脳に対して常に監視をしている。,,,jp_only_event,low,
assets/data/characterData.bin.mid,472,Name,超新星の保安官,,,jp_only_event,low,"JP-only; art ""cowboy_c/cowboy_c"""
assets/data/characterData.bin.mid,472,HumanDescription,このカフェはまるでイナゴのむれだな。,,,jp_only_event,low,
assets/data/characterData.bin.mid,472,ZombieDescription,イナゴにもおとる役立たずだ。,,,jp_only_event,low,
assets/data/characterData.bin.mid,473,Name,保安官シェフ,,,jp_only_event,low,"JP-only; art ""enemyChef/cowboy"""
assets/data/characterData.bin.mid,473,HumanDescription,無し,,,jp_only_event,low,
assets/data/characterData.bin.mid,473,ZombieDescription,無し,,,jp_only_event,low,
assets/data/characterData.bin.mid,474,Name,保安官店員Ａ,,,jp_only_event,low,"JP-only; art ""cowboy/cowboy_c"""
assets/data/characterData.bin.mid,474,HumanDescription,無し,,,jp_only_event,low,
assets/data/characterData.bin.mid,474,ZombieDescription,無し,,,jp_only_event,low,
assets/data/characterData.bin.mid,475,Name,保安官店員Ｂ,,,jp_only_event,low,"JP-only; art ""cowboy/cowboy_a"""
assets/data/characterData.bin.mid,475,HumanDescription,無し,,,jp_only_event,low,
assets/data/characterData.bin.mid,475,ZombieDescription,無し,,,jp_only_event,low,
assets/data/characterData.bin.mid,476,Name,ニコラオス,,,jp_only_event,low,"JP-only; art ""santa_a/santa_a"""
assets/data/characterData.bin.mid,476,HumanDescription,クリスマスを邪魔する者には一切の容赦をしない。,,,jp_only_event,low,
assets/data/characterData.bin.mid,476,ZombieDescription,容赦なくクリスマスパーティー会場を襲撃する。,,,jp_only_event,low,
assets/data/characterData.bin.mid,477,Name,ニコライ,,,jp_only_event,low,"JP-only; art ""santa_b/santa_b"""
assets/data/characterData.bin.mid,477,HumanDescription,みんなのクリスマスを守るために命をかける。,,,jp_only_event,low,
assets/data/characterData.bin.mid,477,ZombieDescription,クリスマスという言葉を恐怖の呪文に変えてやろうと思っている。,,,jp_only_event,low,
assets/data/characterData.bin.mid,478,Name,ニコラス,,,jp_only_event,low,"JP-only; art ""santa_c/santa_c"""
assets/data/characterData.bin.mid,478,HumanDescription,プレゼントの重みは笑顔の重みと思って耐えている。,,,jp_only_event,low,
assets/data/characterData.bin.mid,478,ZombieDescription,プレゼントの袋から赤いものが滴って困っている。,,,jp_only_event,low,
assets/data/characterData.bin.mid,479,Name,サイコルドルフ,,,jp_only_event,low,"JP-only; art ""clown/costume_H"""
assets/data/characterData.bin.mid,479,HumanDescription,とても暖かい着ぐるみで冬を満喫している。,,,jp_only_event,low,
assets/data/characterData.bin.mid,479,ZombieDescription,血で染め上げた真っ赤な鼻が自慢。,,,jp_only_event,low,
assets/data/characterData.bin.mid,480,Name,サンタシェフ,,,jp_only_event,low,"JP-only; art ""enemyChef/santa_a"""
assets/data/characterData.bin.mid,480,HumanDescription,無し,,,jp_only_event,low,
assets/data/characterData.bin.mid,480,ZombieDescription,無し,,,jp_only_event,low,
assets/data/characterData.bin.mid,481,Name,サンタ店員Ａ,,,jp_only_event,low,"JP-only; art ""enemyChef/santa_b"""
assets/data/characterData.bin.mid,481,HumanDescription,無し,,,jp_only_event,low,
assets/data/characterData.bin.mid,481,ZombieDescription,無し,,,jp_only_event,low,
assets/data/characterData.bin.mid,482,Name,サンタ店員Ｂ,,,jp_only_event,low,"JP-only; art ""enemyChef/santa_c"""
assets/data/characterData.bin.mid,482,HumanDescription,無し,,,jp_only_event,low,
assets/data/characterData.bin.mid,482,ZombieDescription,無し,,,jp_only_event,low,
assets/data/characterData.bin.mid,483,Name,ホース・デモンズ,,,jp_only_event,low,"JP-only; art ""demonreaper_a/demonreaper_a"""
assets/data/characterData.bin.mid,483,HumanDescription,頭を使い、世の中を支配するため腹ごしらえをする。,,,jp_only_event,low,
assets/data/characterData.bin.mid,483,ZombieDescription,頭を使った分、脳を食べないと落ち着かない。,,,jp_only_event,low,
assets/data/characterData.bin.mid,484,Name,シープ・デモンズ,,,jp_only_event,low,"JP-only; art ""demonreaper_b/demonreaper_b"""
assets/data/characterData.bin.mid,484,HumanDescription,力で世の中を支配する前に、腹ごしらえをする。,,,jp_only_event,low,
assets/data/characterData.bin.mid,484,ZombieDescription,暴れすぎて脳を食べてもお腹いっぱいにならない。,,,jp_only_event,low,
assets/data/characterData.bin.mid,485,Name,ゴート・デモンズ,,,jp_only_event,low,"JP-only; art ""demonreaper_c/demonreaper_c"""
assets/data/characterData.bin.mid,485,HumanDescription,反抗するものは、すべて極刑としてきた。,,,jp_only_event,low,
assets/data/characterData.bin.mid,485,ZombieDescription,極刑しても、脳が食べれないことを知った。,,,jp_only_event,low,
assets/data/characterData.bin.mid,486,Name,FRY・ハーミット,,,jp_only_event,low,"JP-only; art ""jsonreaper_a/jsonreaper_a"""
assets/data/characterData.bin.mid,486,HumanDescription,仮面の奥では何を考えているかわからない。,,,jp_only_event,low,
assets/data/characterData.bin.mid,486,ZombieDescription,仮面の奥では脳への食欲以外考えられない。,,,jp_only_event,low,
assets/data/characterData.bin.mid,487,Name,SAT・ハーミット,,,jp_only_event,low,"JP-only; art ""jsonreaper_b/jsonreaper_b"""
assets/data/characterData.bin.mid,487,HumanDescription,土曜日にこれからどうするか考えている。,,,jp_only_event,low,
assets/data/characterData.bin.mid,487,ZombieDescription,生まれ変わって友達が出来た。,,,jp_only_event,low,
assets/data/characterData.bin.mid,488,Name,SUN・ハーミット,,,jp_only_event,low,"JP-only; art ""jsonreaper_c/jsonreaper_c"""
assets/data/characterData.bin.mid,488,HumanDescription,日曜日になにをしようか考える。,,,jp_only_event,low,
assets/data/characterData.bin.mid,488,ZombieDescription,何も、考えられなかった。,,,jp_only_event,low,
assets/data/characterData.bin.mid,489,Name,スカル・デス,,,jp_only_event,low,"JP-only; art ""skullreaper_a/skullreaper_a"""
assets/data/characterData.bin.mid,489,HumanDescription,骨になっても服は着るよ。,,,jp_only_event,low,
assets/data/characterData.bin.mid,489,ZombieDescription,ゾンビになっても服は着るよ。,,,jp_only_event,low,
assets/data/characterData.bin.mid,490,Name,ヒカル・デス,,,jp_only_event,low,"JP-only; art ""skullreaper_b/skullreaper_b"""
assets/data/characterData.bin.mid,490,HumanDescription,キラキラしていて、とても目立つ。,,,jp_only_event,low,
assets/data/characterData.bin.mid,490,ZombieDescription,ゾンビになってもキラキラしている。,,,jp_only_event,low,
assets/data/characterData.bin.mid,491,Name,マバユイ・デス,,,jp_only_event,low,"JP-only; art ""skullreaper_c/skullreaper_c"""
assets/data/characterData.bin.mid,491,HumanDescription,すごくキラキラしていて、見てる人は目がくらむ。,,,jp_only_event,low,
assets/data/characterData.bin.mid,491,ZombieDescription,ゾンビになっても、眩しいくらいに光ってる。,,,jp_only_event,low,
assets/data/characterData.bin.mid,492,Name,シュリンプ・レッド,,,jp_only_event,low,"JP-only; art ""shrimpA/shrimpA"""
assets/data/characterData.bin.mid,492,HumanDescription,昔は生き生きしていた。,,,jp_only_event,low,
assets/data/characterData.bin.mid,492,ZombieDescription,今は、忙しすぎて常に頭が茹で上がってる。,,,jp_only_event,low,
assets/data/characterData.bin.mid,493,Name,シュリンプ・ブルー,,,jp_only_event,low,"JP-only; art ""shrimpB/shrimpB"""
assets/data/characterData.bin.mid,493,HumanDescription,早く動く事が楽しくて仕方がなかった。,,,jp_only_event,low,
assets/data/characterData.bin.mid,493,ZombieDescription,忙しすぎるのも考えないといけないと分かった。,,,jp_only_event,low,
assets/data/characterData.bin.mid,494,Name,シュリンプ・パープル,,,jp_only_event,low,"JP-only; art ""shrimpC/shrimpC"""
assets/data/characterData.bin.mid,494,HumanDescription,海の幸をいっぱい食べていた。,,,jp_only_event,low,
assets/data/characterData.bin.mid,494,ZombieDescription,脳の幸を食べたいと夢見ている。,,,jp_only_event,low,
assets/data/characterData.bin.mid,495,Name,ピストル・シュリンプ,,,jp_only_event,low,"JP-only; art ""jasonC/shrimpB"""
assets/data/characterData.bin.mid,495,HumanDescription,いつもパン！パン！って音をだす。,,,jp_only_event,low,
assets/data/characterData.bin.mid,495,ZombieDescription,いつもウー、ウー、って声をだす。,,,jp_only_event,low,
assets/data/characterData.bin.mid,496,Name,シュリンプシェフ,,,jp_only_event,low,"JP-only; art ""enemyChef/shrimpA"""
assets/data/characterData.bin.mid,496,HumanDescription,無し,,,jp_only_event,low,
assets/data/characterData.bin.mid,496,ZombieDescription,無し,,,jp_only_event,low,
assets/data/characterData.bin.mid,497,Name,シュリンプ店員Ａ,,,jp_only_event,low,"JP-only; art ""enemyChef/shrimpB"""
assets/data/characterData.bin.mid,497,HumanDescription,無し,,,jp_only_event,low,
assets/data/characterData.bin.mid,497,ZombieDescription,無し,,,jp_only_event,low,
assets/data/characterData.bin.mid,498,Name,シュリンプ店員B,,,jp_only_event,low,"JP-only; art ""enemyChef/shrimpC"""
assets/data/characterData.bin.mid,498,HumanDescription,無し,,,jp_only_event,low,
assets/data/characterData.bin.mid,498,ZombieDescription,無し,,,jp_only_event,low,
assets/data/characterData.bin.mid,499,Name,サイキッカー,,,jp_only_event,low,"JP-only; art ""psychicA/dojokarateA"""
assets/data/characterData.bin.mid,499,HumanDescription,夜道では手を前に出して歩く。,,,jp_only_event,low,
assets/data/characterData.bin.mid,499,ZombieDescription,手を緑色に光らせる方法を探っている。,,,jp_only_event,low,
assets/data/characterData.bin.mid,500,Name,サイコメトラー,,,jp_only_event,low,"JP-only; art ""psychicA/dojokarateB"""
assets/data/characterData.bin.mid,500,HumanDescription,超能力者として名を覇している。,,,jp_only_event,low,
assets/data/characterData.bin.mid,500,ZombieDescription,超能力者として脳を吸い取ることができる。,,,jp_only_event,low,
assets/data/characterData.bin.mid,501,Name,サイキックハンド,,,jp_only_event,low,"JP-only; art ""psychicA/dojokarateC"""
assets/data/characterData.bin.mid,501,HumanDescription,「ハンドパワーです」って一回言いたい。,,,jp_only_event,low,
assets/data/characterData.bin.mid,501,ZombieDescription,「ゾンビパワーです」ですべて解決。,,,jp_only_event,low,
assets/data/characterData.bin.mid,502,Name,サイキック中年,,,jp_only_event,low,"JP-only; art ""psychicB/dojokarateC"""
assets/data/characterData.bin.mid,502,HumanDescription,敵に触れるだけで倒すことができる。,,,jp_only_event,low,
assets/data/characterData.bin.mid,502,ZombieDescription,脳みそを手に持つと幻想的に光ることに感動した。,,,jp_only_event,low,
assets/data/characterData.bin.mid,503,Name,ペーパーバッグ,,,jp_only_event,low,"JP-only; art ""businesswoman/boxmanC"""
assets/data/characterData.bin.mid,503,HumanDescription,紙袋につけるリボンは毎日厳選している。,,,jp_only_event,low,
assets/data/characterData.bin.mid,503,ZombieDescription,カワイイ紙袋をくれるショップが大好き。,,,jp_only_event,low,
assets/data/characterData.bin.mid,504,Name,バケツ,,,jp_only_event,low,"JP-only; art ""boxmanB/boxmanB"""
assets/data/characterData.bin.mid,504,HumanDescription,頭のバケツは軽量設計なので動きやすい。,,,jp_only_event,low,
assets/data/characterData.bin.mid,504,ZombieDescription,廊下で立たされた思い出を胸に抱き続けている。,,,jp_only_event,low,
assets/data/characterData.bin.mid,505,Name,ダンボール,,,jp_only_event,low,"JP-only; art ""military/boxmanA"""
assets/data/characterData.bin.mid,505,HumanDescription,ロゴを入れて歩き回ることで生計を立てている。,,,jp_only_event,low,
assets/data/characterData.bin.mid,505,ZombieDescription,ロゴをつけてもケチな広告費しかもらえないのでゾンビに転身。,,,jp_only_event,low,
assets/data/characterData.bin.mid,506,Name,プラスチックダンボール,,,jp_only_event,low,"JP-only; art ""dojokarateC/boxmanA"""
assets/data/characterData.bin.mid,506,HumanDescription,みかんの段ボールもかわいいな、と思っている。,,,jp_only_event,low,
assets/data/characterData.bin.mid,506,ZombieDescription,朝はどの段ボールをかぶろうか一時間悩む。,,,jp_only_event,low,
assets/data/characterData.bin.mid,507,Name,レッドドラゴノイド,,,jp_only_event,low,"JP-only; art ""akumaA/dragonA"""
assets/data/characterData.bin.mid,507,HumanDescription,ドラゴンとして一度は空を飛んでみたい。,,,jp_only_event,low,
assets/data/characterData.bin.mid,507,ZombieDescription,ドラゴンのときに何を食べていたのかを思い出せないくらい脳がうまい。,,,jp_only_event,low,
assets/data/characterData.bin.mid,508,Name,グリーンドラゴノイド,,,jp_only_event,low,"JP-only; art ""akumaA/dragonB"""
assets/data/characterData.bin.mid,508,HumanDescription,雨を降らせることができる、と中学生時代はよく考えた。,,,jp_only_event,low,
assets/data/characterData.bin.mid,508,ZombieDescription,ゾンビになって血の雨を降らせることができるようになった。,,,jp_only_event,low,
assets/data/characterData.bin.mid,509,Name,ブルードラゴノイド,,,jp_only_event,low,"JP-only; art ""akumaA/dragonC"""
assets/data/characterData.bin.mid,509,HumanDescription,逆鱗は母親にも触らせたことがない。,,,jp_only_event,low,
assets/data/characterData.bin.mid,509,ZombieDescription,逆鱗を触られたら脳を食う。,,,jp_only_event,low,
assets/data/characterData.bin.mid,510,Name,ドラゴノイド,,,jp_only_event,low,"JP-only; art ""akumaE/dragonA"""
assets/data/characterData.bin.mid,510,HumanDescription,ドラゴンって希少価値高くね？といいすぎて周りと距離ができた。,,,jp_only_event,low,
assets/data/characterData.bin.mid,510,ZombieDescription,ゾンビのドラゴンって希少価値高くね？といいすぎて友人が減った。,,,jp_only_event,low,
assets/data/characterData.bin.mid,511,Name,熱血マスクレスラー,,,jp_only_event,low,"JP-only; art ""maskedA/maskedA"""
assets/data/characterData.bin.mid,511,HumanDescription,そうだね、プロテインって大事だね。,,,jp_only_event,low,
assets/data/characterData.bin.mid,511,ZombieDescription,そうだね、脳みそって大事だね。,,,jp_only_event,low,
assets/data/characterData.bin.mid,512,Name,悪のマスクレスラー,,,jp_only_event,low,"JP-only; art ""maskedB/maskedB"""
assets/data/characterData.bin.mid,512,HumanDescription,得意技はパイルドライバー。,,,jp_only_event,low,
assets/data/characterData.bin.mid,512,ZombieDescription,パイルドライバーからの脳みそ一気食い。,,,jp_only_event,low,
assets/data/characterData.bin.mid,513,Name,正義のマスクレスラー,,,jp_only_event,low,"JP-only; art ""maskedC/maskedC"""
assets/data/characterData.bin.mid,513,HumanDescription,リングの上で生涯を終えたい。,,,jp_only_event,low,
assets/data/characterData.bin.mid,513,ZombieDescription,リングの上で脳みそをゲットしたい。,,,jp_only_event,low,
assets/data/characterData.bin.mid,514,Name,毒霧レスラー,,,jp_only_event,low,"JP-only; art ""maskedD/maskedA"""
assets/data/characterData.bin.mid,514,HumanDescription,毒霧をうまくはけるようになって一人前。,,,jp_only_event,low,
assets/data/characterData.bin.mid,514,ZombieDescription,毒霧は目に吹き付けるのが基本。,,,jp_only_event,low,
assets/data/characterData.bin.mid,515,Name,灼熱の人狼ナイト,,,jp_only_event,low,"JP-only; art ""nightR/wolfmanC"""
assets/data/characterData.bin.mid,515,HumanDescription,騎士道精神を守り続けていく。,,,jp_only_event,low,
assets/data/characterData.bin.mid,515,ZombieDescription,騎士道で脳食は禁じられていない・・・はず。,,,jp_only_event,low,
assets/data/characterData.bin.mid,516,Name,鋼鉄の人狼ナイト,,,jp_only_event,low,"JP-only; art ""nightR/wolfmanD"""
assets/data/characterData.bin.mid,516,HumanDescription,鎧の重みは使命の重み！,,,jp_only_event,low,
assets/data/characterData.bin.mid,516,ZombieDescription,鎧が重すぎてたまに落とす。,,,jp_only_event,low,
assets/data/characterData.bin.mid,517,Name,咆哮の人狼ナイト,,,jp_only_event,low,"JP-only; art ""nightR/wolfmanE"""
assets/data/characterData.bin.mid,517,HumanDescription,朝目が覚めるとすでに鎧を着ている。,,,jp_only_event,low,
assets/data/characterData.bin.mid,517,ZombieDescription,鎧が恰好よすぎて鏡の前でうっとりする。,,,jp_only_event,low,
assets/data/characterData.bin.mid,518,Name,人狼ナイト,,,jp_only_event,low,"JP-only; art ""nightB/wolfmanC"""
assets/data/characterData.bin.mid,518,HumanDescription,最近太って鎧の中がパツパツ。,,,jp_only_event,low,
assets/data/characterData.bin.mid,518,ZombieDescription,鎧でたまに肉が挟まれて痛い。,,,jp_only_event,low,
assets/data/characterData.bin.mid,519,Name,森のゴブリン,,,jp_only_event,low,"JP-only; art ""nightB/GoblinA"""
assets/data/characterData.bin.mid,519,HumanDescription,精霊ですっていうと疑われる。,,,jp_only_event,low,
assets/data/characterData.bin.mid,519,ZombieDescription,ゴブリン一族きっての脳みそ好き。,,,jp_only_event,low,
assets/data/characterData.bin.mid,520,Name,岩場のゴブリン,,,jp_only_event,low,"JP-only; art ""nightB/GoblinB"""
assets/data/characterData.bin.mid,520,HumanDescription,イタズラをすることを至上の喜びとしている。,,,jp_only_event,low,
assets/data/characterData.bin.mid,520,ZombieDescription,通りすがりに腕を落とすイタズラにはまっている。,,,jp_only_event,low,
assets/data/characterData.bin.mid,521,Name,鉱山のゴブリン,,,jp_only_event,low,"JP-only; art ""nightB/GoblinC"""
assets/data/characterData.bin.mid,521,HumanDescription,役者を夢見て演技力を鍛えている。,,,jp_only_event,low,
assets/data/characterData.bin.mid,521,ZombieDescription,指輪が出てる映画に出演したい。,,,jp_only_event,low,
assets/data/characterData.bin.mid,522,Name,荒野のゴブリン,,,jp_only_event,low,"JP-only; art ""nightR/GoblinA"""
assets/data/characterData.bin.mid,522,HumanDescription,ヘルメットが重くても敏捷に動くことができる。,,,jp_only_event,low,
assets/data/characterData.bin.mid,522,ZombieDescription,素早く動いて素早く食う！,,,jp_only_event,low,
assets/data/characterData.bin.mid,523,Name,インビジブル芸人,,,jp_only_event,low,"JP-only; art ""InvisiblemanA/InvisiblemanA"""
assets/data/characterData.bin.mid,523,HumanDescription,お笑い芸人を目指している。,,,jp_only_event,low,
assets/data/characterData.bin.mid,523,ZombieDescription,透明なので顔芸で笑わせられない。,,,jp_only_event,low,
assets/data/characterData.bin.mid,524,Name,インビジブルリーマン,,,jp_only_event,low,"JP-only; art ""InvisiblemanB/InvisiblemanB"""
assets/data/characterData.bin.mid,524,HumanDescription,世界中の男からうらやましがられる。,,,jp_only_event,low,
assets/data/characterData.bin.mid,524,ZombieDescription,銭湯に行くのは素人。,,,jp_only_event,low,
assets/data/characterData.bin.mid,525,Name,インビジブルレディ,,,jp_only_event,low,"JP-only; art ""InvisiblemanC/InvisiblemanC"""
assets/data/characterData.bin.mid,525,HumanDescription,マスクをしてもそれ以外が寒い。,,,jp_only_event,low,
assets/data/characterData.bin.mid,525,ZombieDescription,冬は温かい脳みそで体を温めたい。,,,jp_only_event,low,
assets/data/characterData.bin.mid,526,Name,ミスターインビジブル,,,jp_only_event,low,"JP-only; art ""InvisiblemanA/InvisiblemanA"""
assets/data/characterData.bin.mid,526,HumanDescription,最近太ったけれど見えないからOK。,,,jp_only_event,low,
assets/data/characterData.bin.mid,526,ZombieDescription,脳みそを食べてもどこを通っていくのかがわからない。,,,jp_only_event,low,
assets/data/characterData.bin.mid,527,Name,サイキックシェフ,,,jp_only_event,low,"JP-only; art ""psychicB/dojokarateA"""
assets/data/characterData.bin.mid,527,HumanDescription,無し,,,jp_only_event,low,
assets/data/characterData.bin.mid,527,ZombieDescription,無し,,,jp_only_event,low,
assets/data/characterData.bin.mid,528,Name,サイキック店員Ａ,,,jp_only_event,low,"JP-only; art ""psychicA/dojokarateB"""
assets/data/characterData.bin.mid,528,HumanDescription,無し,,,jp_only_event,low,
assets/data/characterData.bin.mid,528,ZombieDescription,無し,,,jp_only_event,low,
assets/data/characterData.bin.mid,529,Name,サイキック店員B,,,jp_only_event,low,"JP-only; art ""psychicA/dojokarateC"""
assets/data/characterData.bin.mid,529,HumanDescription,無し,,,jp_only_event,low,
assets/data/characterData.bin.mid,529,ZombieDescription,無し,,,jp_only_event,low,
assets/data/characterData.bin.mid,530,Name,容器なシェフ,,,jp_only_event,low,"JP-only; art ""enemyChef/boxmanA"""
assets/data/characterData.bin.mid,530,HumanDescription,無し,,,jp_only_event,low,
assets/data/characterData.bin.mid,530,ZombieDescription,無し,,,jp_only_event,low,
assets/data/characterData.bin.mid,531,Name,容器な店員Ａ,,,jp_only_event,low,"JP-only; art ""boxmanC/boxmanC"""
assets/data/characterData.bin.mid,531,HumanDescription,無し,,,jp_only_event,low,
assets/data/characterData.bin.mid,531,ZombieDescription,無し,,,jp_only_event,low,
assets/data/characterData.bin.mid,532,Name,容器な店員B,,,jp_only_event,low,"JP-only; art ""boxmanB/boxmanB"""
assets/data/characterData.bin.mid,532,HumanDescription,無し,,,jp_only_event,low,
assets/data/characterData.bin.mid,532,ZombieDescription,無し,,,jp_only_event,low,
assets/data/characterData.bin.mid,533,Name,ドラゴンシェフ,,,jp_only_event,low,"JP-only; art ""enemyChef/dragonA"""
assets/data/characterData.bin.mid,533,HumanDescription,無し,,,jp_only_event,low,
assets/data/characterData.bin.mid,533,ZombieDescription,無し,,,jp_only_event,low,
assets/data/characterData.bin.mid,534,Name,ドラゴン店員Ａ,,,jp_only_event,low,"JP-only; art ""akumaA/dragonB"""
assets/data/characterData.bin.mid,534,HumanDescription,無し,,,jp_only_event,low,
assets/data/characterData.bin.mid,534,ZombieDescription,無し,,,jp_only_event,low,
assets/data/characterData.bin.mid,535,Name,ドラゴン店員B,,,jp_only_event,low,"JP-only; art ""akumaA/dragonC"""
assets/data/characterData.bin.mid,535,HumanDescription,無し,,,jp_only_event,low,
assets/data/characterData.bin.mid,535,ZombieDescription,無し,,,jp_only_event,low,
assets/data/characterData.bin.mid,536,Name,プロテインシェフ,,,jp_only_event,low,"JP-only; art ""enemyChef/maskedA"""
assets/data/characterData.bin.mid,536,HumanDescription,無し,,,jp_only_event,low,
assets/data/characterData.bin.mid,536,ZombieDescription,無し,,,jp_only_event,low,
assets/data/characterData.bin.mid,537,Name,プロテイン店員Ａ,,,jp_only_event,low,"JP-only; art ""maskedB/maskedB"""
assets/data/characterData.bin.mid,537,HumanDescription,無し,,,jp_only_event,low,
assets/data/characterData.bin.mid,537,ZombieDescription,無し,,,jp_only_event,low,
assets/data/characterData.bin.mid,538,Name,プロテイン店員B,,,jp_only_event,low,"JP-only; art ""maskedC/maskedC"""
assets/data/characterData.bin.mid,538,HumanDescription,無し,,,jp_only_event,low,
assets/data/characterData.bin.mid,538,ZombieDescription,無し,,,jp_only_event,low,
assets/data/characterData.bin.mid,539,Name,根城のシェフ,,,jp_only_event,low,"JP-only; art ""nightR/wolfmanC"""
assets/data/characterData.bin.mid,539,HumanDescription,無し,,,jp_only_event,low,
assets/data/characterData.bin.mid,539,ZombieDescription,無し,,,jp_only_event,low,
assets/data/characterData.bin.mid,540,Name,根城の店員Ａ,,,jp_only_event,low,"JP-only; art ""nightR/wolfmanD"""
assets/data/characterData.bin.mid,540,HumanDescription,無し,,,jp_only_event,low,
assets/data/characterData.bin.mid,540,ZombieDescription,無し,,,jp_only_event,low,
assets/data/characterData.bin.mid,541,Name,根城の店員B,,,jp_only_event,low,"JP-only; art ""nightR/wolfmanE"""
assets/data/characterData.bin.mid,541,HumanDescription,無し,,,jp_only_event,low,
assets/data/characterData.bin.mid,541,ZombieDescription,無し,,,jp_only_event,low,
assets/data/characterData.bin.mid,542,Name,ゴブリンシェフ,,,jp_only_event,low,"JP-only; art ""enemyChef/GoblinA"""
assets/data/characterData.bin.mid,542,HumanDescription,無し,,,jp_only_event,low,
assets/data/characterData.bin.mid,542,ZombieDescription,無し,,,jp_only_event,low,
assets/data/characterData.bin.mid,543,Name,ゴブリン店員Ａ,,,jp_only_event,low,"JP-only; art ""nightB/GoblinB"""
assets/data/characterData.bin.mid,543,HumanDescription,無し,,,jp_only_event,low,
assets/data/characterData.bin.mid,543,ZombieDescription,無し,,,jp_only_event,low,
assets/data/characterData.bin.mid,544,Name,ゴブリン店員B,,,jp_only_event,low,"JP-only; art ""nightB/GoblinC"""
assets/data/characterData.bin.mid,544,HumanDescription,無し,,,jp_only_event,low,
assets/data/characterData.bin.mid,544,ZombieDescription,無し,,,jp_only_event,low,
assets/data/characterData.bin.mid,545,Name,透明シェフ,,,jp_only_event,low,"JP-only; art ""enemyChef/InvisiblemanA"""
assets/data/characterData.bin.mid,545,HumanDescription,無し,,,jp_only_event,low,
assets/data/characterData.bin.mid,545,ZombieDescription,無し,,,jp_only_event,low,
assets/data/characterData.bin.mid,546,Name,透明店員Ａ,,,jp_only_event,low,"JP-only; art ""InvisiblemanB/InvisiblemanB"""
assets/data/characterData.bin.mid,546,HumanDescription,無し,,,jp_only_event,low,
assets/data/characterData.bin.mid,546,ZombieDescription,無し,,,jp_only_event,low,
assets/data/characterData.bin.mid,547,Name,透明店員B,,,jp_only_event,low,"JP-only; art ""InvisiblemanC/InvisiblemanC"""
assets/data/characterData.bin.mid,547,HumanDescription,無し,,,jp_only_event,low,
assets/data/characterData.bin.mid,547,ZombieDescription,無し,,,jp_only_event,low,
assets/data/characterData.bin.mid,548,Name,サイキックファイター,,,jp_only_event,low,"JP-only; art ""psychicA/dojokarateB"""
assets/data/characterData.bin.mid,548,HumanDescription,暗い夜道を歩くのが怖くて手を光らせた。,,,jp_only_event,low,
assets/data/characterData.bin.mid,548,ZombieDescription,光る粉をこすり付けているだけという噂がある。,,,jp_only_event,low,
assets/data/characterData.bin.mid,549,Name,紙袋,,,jp_only_event,low,"JP-only; art ""boxmanC/boxmanC"""
assets/data/characterData.bin.mid,549,HumanDescription,ぬれると息ができなくなる。,,,jp_only_event,low,
assets/data/characterData.bin.mid,549,ZombieDescription,呼吸をするとベコベコへこむ。,,,jp_only_event,low,
assets/data/characterData.bin.mid,550,Name,ハーフドラゴン,,,jp_only_event,low,"JP-only; art ""akumaA/dragonB"""
assets/data/characterData.bin.mid,550,HumanDescription,部屋を歩いていると鱗が落ちてる。,,,jp_only_event,low,
assets/data/characterData.bin.mid,550,ZombieDescription,はがれた鱗で部屋のインテリアを作るのが趣味。,,,jp_only_event,low,
assets/data/characterData.bin.mid,551,Name,マスクレスラー,,,jp_only_event,low,"JP-only; art ""maskedB/maskedB"""
assets/data/characterData.bin.mid,551,HumanDescription,夜寝る時もマスクは外さない。,,,jp_only_event,low,
assets/data/characterData.bin.mid,551,ZombieDescription,マスクからちょっと微妙なにおいがする。,,,jp_only_event,low,
assets/data/characterData.bin.mid,552,Name,ナイトウルフ,,,jp_only_event,low,"JP-only; art ""nightB/wolfmanD"""
assets/data/characterData.bin.mid,552,HumanDescription,かなりレアなナイトだと自負している。,,,jp_only_event,low,
assets/data/characterData.bin.mid,552,ZombieDescription,鎧にこすれてたまに毛が抜ける。,,,jp_only_event,low,
assets/data/characterData.bin.mid,553,Name,砂のゴブリン,,,jp_only_event,low,"JP-only; art ""nightR/GoblinB"""
assets/data/characterData.bin.mid,553,HumanDescription,ぎりぎりシャレで通るイタズラを心掛けている。,,,jp_only_event,low,
assets/data/characterData.bin.mid,553,ZombieDescription,シャレですまないイタズラを仕掛けている。,,,jp_only_event,low,
assets/data/characterData.bin.mid,554,Name,インビジブル,,,jp_only_event,low,"JP-only; art ""InvisiblemanC/InvisiblemanB"""
assets/data/characterData.bin.mid,554,HumanDescription,ミステリアスとよく言われる。,,,jp_only_event,low,
assets/data/characterData.bin.mid,554,ZombieDescription,存在に気付いてほしい年頃。,,,jp_only_event,low,
assets/data/characterData.bin.mid,555,Name,ミカエル,,,jp_only_event,low,"JP-only; art ""angelmanA/angelmanA"""
assets/data/characterData.bin.mid,555,HumanDescription,頭の痛みも天使の力で解決。,,,jp_only_event,low,
assets/data/characterData.bin.mid,555,ZombieDescription,天使の力で全世界の脳みその味を比べたい。,,,jp_only_event,low,
assets/data/characterData.bin.mid,556,Name,ミハエル,,,jp_only_event,low,"JP-only; art ""angelmanB/angelmanB"""
assets/data/characterData.bin.mid,556,HumanDescription,天から降りてきて以来戻るのが面倒になった。,,,jp_only_event,low,
assets/data/characterData.bin.mid,556,ZombieDescription,ゾンビになっても天使の神々しさは消えない。,,,jp_only_event,low,
assets/data/characterData.bin.mid,557,Name,ミッシェル,,,jp_only_event,low,"JP-only; art ""angelmanC/angelmanC"""
assets/data/characterData.bin.mid,557,HumanDescription,年をとっても現役天使。,,,jp_only_event,low,
assets/data/characterData.bin.mid,557,ZombieDescription,元音楽家ですか？と聞かれて悪い気はしない。,,,jp_only_event,low,
assets/data/characterData.bin.mid,558,Name,マイケル,,,jp_only_event,low,"JP-only; art ""angelmanD/angelmanD"""
assets/data/characterData.bin.mid,558,HumanDescription,イタズラをしすぎて天使の服を没収された。,,,jp_only_event,low,
assets/data/characterData.bin.mid,558,ZombieDescription,天使の服がないとどうも調子が出ないから脳みそを食べる。,,,jp_only_event,low,
assets/data/characterData.bin.mid,559,Name,特殊部隊エコー,,,jp_only_event,low,"JP-only; art ""militaryD/militaryD"""
assets/data/characterData.bin.mid,559,HumanDescription,カフェを制圧しに来た。,,,jp_only_event,low,
assets/data/characterData.bin.mid,559,ZombieDescription,襲撃時にはプロの働きをする。,,,jp_only_event,low,
assets/data/characterData.bin.mid,560,Name,特殊部隊フォックス,,,jp_only_event,low,"JP-only; art ""militaryF/militaryF"""
assets/data/characterData.bin.mid,560,HumanDescription,厳しかった訓練を思い出しながら食事を楽しむ。,,,jp_only_event,low,
assets/data/characterData.bin.mid,560,ZombieDescription,厳しかった訓練は脳みそを食べるためだったのだと実感。,,,jp_only_event,low,
assets/data/characterData.bin.mid,561,Name,特殊部隊ゴルフ,,,jp_only_event,low,"JP-only; art ""militaryE/militaryE"""
assets/data/characterData.bin.mid,561,HumanDescription,頭まで隠れるガスマスクの配給を心待ちにしている。,,,jp_only_event,low,
assets/data/characterData.bin.mid,561,ZombieDescription,ゾンビになっても髪の毛についてはNG。,,,jp_only_event,low,
assets/data/characterData.bin.mid,562,Name,特殊部隊ホテル,,,jp_only_event,low,"JP-only; art ""militaryG/militaryG"""
assets/data/characterData.bin.mid,562,HumanDescription,欲しい武器がたくさんある。,,,jp_only_event,low,
assets/data/characterData.bin.mid,562,ZombieDescription,迷彩を活用して脳みそを取りに行く。,,,jp_only_event,low,
assets/data/characterData.bin.mid,563,Name,ユニコーンヘッド,,,jp_only_event,low,"JP-only; art ""akumaG/akumaG"""
assets/data/characterData.bin.mid,563,HumanDescription,角の一突きで世界を制する。,,,jp_only_event,low,
assets/data/characterData.bin.mid,563,ZombieDescription,深くおじぎをすると角が膝に刺さる。,,,jp_only_event,low,
assets/data/characterData.bin.mid,564,Name,コカトリスヘッド,,,jp_only_event,low,"JP-only; art ""akumaH/akumaH"""
assets/data/characterData.bin.mid,564,HumanDescription,とさかの赤さが自慢。,,,jp_only_event,low,
assets/data/characterData.bin.mid,564,ZombieDescription,鶏の悪魔風という料理を知り身震いする。,,,jp_only_event,low,
assets/data/characterData.bin.mid,565,Name,グリフォンヘッド,,,jp_only_event,low,"JP-only; art ""akumaI/akumaI"""
assets/data/characterData.bin.mid,565,HumanDescription,鋭いくちばしが自慢。,,,jp_only_event,low,
assets/data/characterData.bin.mid,565,ZombieDescription,くちばしを使うと脳みそが食べやすい。,,,jp_only_event,low,
assets/data/characterData.bin.mid,566,Name,ホークヘッド,,,jp_only_event,low,"JP-only; art ""akumaJ/akumaJ"""
assets/data/characterData.bin.mid,566,HumanDescription,空は残念ながら飛べない。,,,jp_only_event,low,
assets/data/characterData.bin.mid,566,ZombieDescription,ゾンビになったら空を飛べなくても気にならなくなった。,,,jp_only_event,low,
assets/data/characterData.bin.mid,567,Name,サバリーマン,,,jp_only_event,low,"JP-only; art ""fishmanB/fishmanB"""
assets/data/characterData.bin.mid,567,HumanDescription,活きのよさでは負けない。,,,jp_only_event,low,
assets/data/characterData.bin.mid,567,ZombieDescription,ゾンビになっても活きのいい魚でいたいとおもっている。,,,jp_only_event,low,
assets/data/characterData.bin.mid,568,Name,マンボウ中年,,,jp_only_event,low,"JP-only; art ""fishmanC/fishmanC"""
assets/data/characterData.bin.mid,568,HumanDescription,上を向いて生きていくことの大事さを知る。,,,jp_only_event,low,
assets/data/characterData.bin.mid,568,ZombieDescription,腐ってもゾンビというシャレを思いつく。,,,jp_only_event,low,
assets/data/characterData.bin.mid,569,Name,アンコウジェントル,,,jp_only_event,low,"JP-only; art ""fishmanA/fishmanA"""
assets/data/characterData.bin.mid,569,HumanDescription,もう少し頭もスリムになりたいと思っている。,,,jp_only_event,low,
assets/data/characterData.bin.mid,569,ZombieDescription,好物は自分より小さな魚の脳みそ。,,,jp_only_event,low,
assets/data/characterData.bin.mid,570,Name,フィッシュスケルトン,,,jp_only_event,low,"JP-only; art ""fishmanD/fishmanD"""
assets/data/characterData.bin.mid,570,HumanDescription,よく体は食べられたと勘違いされるが生まれつき。,,,jp_only_event,low,
assets/data/characterData.bin.mid,570,ZombieDescription,脳みそを食べた後どこを通っていくのかは謎。,,,jp_only_event,low,
assets/data/characterData.bin.mid,571,Name,ブリキロボット朱,,,jp_only_event,low,"JP-only; art ""robotB/robotB"""
assets/data/characterData.bin.mid,571,HumanDescription,頭の重みで体がよく斜めになる。,,,jp_only_event,low,
assets/data/characterData.bin.mid,571,ZombieDescription,食べたい脳みそを見つけるとランプを光らせる機能を思いつく。,,,jp_only_event,low,
assets/data/characterData.bin.mid,572,Name,ブリキロボット藍,,,jp_only_event,low,"JP-only; art ""robotC/robotC"""
assets/data/characterData.bin.mid,572,HumanDescription,意外と高値で取引されるブリキロボットを惜しみなく頭に。,,,jp_only_event,low,
assets/data/characterData.bin.mid,572,ZombieDescription,頭の部品を壊さないように敵を襲撃する。,,,jp_only_event,low,
assets/data/characterData.bin.mid,573,Name,ブリキロボット萌木,,,jp_only_event,low,"JP-only; art ""robotD/robotD"""
assets/data/characterData.bin.mid,573,HumanDescription,肩こりがひどい理由が頭の重みだと気づく。,,,jp_only_event,low,
assets/data/characterData.bin.mid,573,ZombieDescription,ネジを巻くとちょっとだけ早く動ける気がする。,,,jp_only_event,low,
assets/data/characterData.bin.mid,574,Name,ゼンマイ式ロボット,,,jp_only_event,low,"JP-only; art ""robotE/robotE"""
assets/data/characterData.bin.mid,574,HumanDescription,頭突きで負けたことがない。,,,jp_only_event,low,
assets/data/characterData.bin.mid,574,ZombieDescription,脳みそを食べるとネジのしまりがよくなる。,,,jp_only_event,low,
assets/data/characterData.bin.mid,575,Name,天使シェフ,,,jp_only_event,low,"JP-only; art ""enemyChef/angelmanA"""
assets/data/characterData.bin.mid,575,HumanDescription,無し,,,jp_only_event,low,
assets/data/characterData.bin.mid,575,ZombieDescription,無し,,,jp_only_event,low,
assets/data/characterData.bin.mid,576,Name,天使店員Ａ,,,jp_only_event,low,"JP-only; art ""angelmanB/angelmanB"""
assets/data/characterData.bin.mid,576,HumanDescription,無し,,,jp_only_event,low,
assets/data/characterData.bin.mid,576,ZombieDescription,無し,,,jp_only_event,low,
assets/data/characterData.bin.mid,577,Name,天使店員Ｂ,,,jp_only_event,low,"JP-only; art ""angelmanC/angelmanC"""
assets/data/characterData.bin.mid,577,HumanDescription,無し,,,jp_only_event,low,
assets/data/characterData.bin.mid,577,ZombieDescription,無し,,,jp_only_event,low,
assets/data/characterData.bin.mid,578,Name,特殊部隊シェフ,,,jp_only_event,low,"JP-only; art ""enemyChef/militaryD"""
assets/data/characterData.bin.mid,578,HumanDescription,無し,,,jp_only_event,low,
assets/data/characterData.bin.mid,578,ZombieDescription,無し,,,jp_only_event,low,
assets/data/characterData.bin.mid,579,Name,特殊部隊店員Ａ,,,jp_only_event,low,"JP-only; art ""militaryE/militaryE"""
assets/data/characterData.bin.mid,579,HumanDescription,無し,,,jp_only_event,low,
assets/data/characterData.bin.mid,579,ZombieDescription,無し,,,jp_only_event,low,
assets/data/characterData.bin.mid,580,Name,特殊部隊店員Ｂ,,,jp_only_event,low,"JP-only; art ""militaryF/militaryF"""
assets/data/characterData.bin.mid,580,HumanDescription,無し,,,jp_only_event,low,
assets/data/characterData.bin.mid,580,ZombieDescription,無し,,,jp_only_event,low,
assets/data/characterData.bin.mid,581,Name,悪魔シェフ,,,jp_only_event,low,"JP-only; art ""enemyChef/akumaG"""
assets/data/characterData.bin.mid,581,HumanDescription,無し,,,jp_only_event,low,
assets/data/characterData.bin.mid,581,ZombieDescription,無し,,,jp_only_event,low,
assets/data/characterData.bin.mid,582,Name,悪魔店員Ａ,,,jp_only_event,low,"JP-only; art ""akumaG/akumaH"""
assets/data/characterData.bin.mid,582,HumanDescription,無し,,,jp_only_event,low,
assets/data/characterData.bin.mid,582,ZombieDescription,無し,,,jp_only_event,low,
assets/data/characterData.bin.mid,583,Name,悪魔店員Ｂ,,,jp_only_event,low,"JP-only; art ""akumaH/akumaI"""
assets/data/characterData.bin.mid,583,HumanDescription,無し,,,jp_only_event,low,
assets/data/characterData.bin.mid,583,ZombieDescription,無し,,,jp_only_event,low,
assets/data/characterData.bin.mid,584,Name,魚シェフ,,,jp_only_event,low,"JP-only; art ""enemyChef/fishmanA"""
assets/data/characterData.bin.mid,584,HumanDescription,無し,,,jp_only_event,low,
assets/data/characterData.bin.mid,584,ZombieDescription,無し,,,jp_only_event,low,
assets/data/characterData.bin.mid,585,Name,魚店員Ａ,,,jp_only_event,low,"JP-only; art ""fishmanB/fishmanB"""
assets/data/characterData.bin.mid,585,HumanDescription,無し,,,jp_only_event,low,
assets/data/characterData.bin.mid,585,ZombieDescription,無し,,,jp_only_event,low,
assets/data/characterData.bin.mid,586,Name,魚店員Ｂ,,,jp_only_event,low,"JP-only; art ""fishmanC/fishmanC"""
assets/data/characterData.bin.mid,586,HumanDescription,無し,,,jp_only_event,low,
assets/data/characterData.bin.mid,586,ZombieDescription,無し,,,jp_only_event,low,
assets/data/characterData.bin.mid,587,Name,ブリキシェフ,,,jp_only_event,low,"JP-only; art ""enemyChef/robotB"""
assets/data/characterData.bin.mid,587,HumanDescription,無し,,,jp_only_event,low,
assets/data/characterData.bin.mid,587,ZombieDescription,無し,,,jp_only_event,low,
assets/data/characterData.bin.mid,588,Name,ブリキ店員Ａ,,,jp_only_event,low,"JP-only; art ""robotC/robotC"""
assets/data/characterData.bin.mid,588,HumanDescription,無し,,,jp_only_event,low,
assets/data/characterData.bin.mid,588,ZombieDescription,無し,,,jp_only_event,low,
assets/data/characterData.bin.mid,589,Name,ブリキ店員Ｂ,,,jp_only_event,low,"JP-only; art ""robotD/robotD"""
assets/data/characterData.bin.mid,589,HumanDescription,無し,,,jp_only_event,low,
assets/data/characterData.bin.mid,589,ZombieDescription,無し,,,jp_only_event,low,
assets/data/characterData.bin.mid,590,Name,一丁目の幽霊,,,jp_only_event,low,"JP-only; art ""ghostA/ghostA"""
assets/data/characterData.bin.mid,590,HumanDescription,元カフェの店員。一丁目の歩道橋で・・・。,,,jp_only_event,low,
assets/data/characterData.bin.mid,590,ZombieDescription,どんな場所もすり抜けられるから脳みそハントがカンタン。,,,jp_only_event,low,
assets/data/characterData.bin.mid,591,Name,二丁目の幽霊,,,jp_only_event,low,"JP-only; art ""ghostB/ghostB"""
assets/data/characterData.bin.mid,591,HumanDescription,元サラリーマン。二丁目の交差点で・・・。,,,jp_only_event,low,
assets/data/characterData.bin.mid,591,ZombieDescription,社会人なので霊になってもゾンビになってもネクタイは外せない。,,,jp_only_event,low,
assets/data/characterData.bin.mid,592,Name,三丁目の幽霊,,,jp_only_event,low,"JP-only; art ""ghostC/ghostC"""
assets/data/characterData.bin.mid,592,HumanDescription,元ミュージシャン。三丁目の横断歩道で・・・。,,,jp_only_event,low,
assets/data/characterData.bin.mid,592,ZombieDescription,ヒュードロドロのリズムを奏でるのが得意。,,,jp_only_event,low,
assets/data/characterData.bin.mid,593,Name,幽太郎,,,jp_only_event,low,"JP-only; art ""ghostD/ghostD"""
assets/data/characterData.bin.mid,593,HumanDescription,頭頂部の寒さから風邪をひいてしまい・・・。,,,jp_only_event,low,
assets/data/characterData.bin.mid,593,ZombieDescription,天使の輪のおかげで頭部だけは死守した。,,,jp_only_event,low,
assets/data/characterData.bin.mid,594,Name,ダイヤのトランプ,,,jp_only_event,low,"JP-only; art ""CardsA/CardsA"""
assets/data/characterData.bin.mid,594,HumanDescription,ダイヤ族のエース。誇りを持って城を警護している。,,,jp_only_event,low,
assets/data/characterData.bin.mid,594,ZombieDescription,城の警護とかどうでもいいから脳みそ食べたい。,,,jp_only_event,low,
assets/data/characterData.bin.mid,595,Name,クラブのトランプ,,,jp_only_event,low,"JP-only; art ""CardsB/CardsB"""
assets/data/characterData.bin.mid,595,HumanDescription,頭で突撃した方が強いけれど壊すといけないので槍で攻撃する。,,,jp_only_event,low,
assets/data/characterData.bin.mid,595,ZombieDescription,クラブの帽子の中に脳みそが3個しまえる。,,,jp_only_event,low,
assets/data/characterData.bin.mid,596,Name,ハートのトランプ,,,jp_only_event,low,"JP-only; art ""CardsC/CardsC"""
assets/data/characterData.bin.mid,596,HumanDescription,心優しい兵士。休日は家族と一緒にカフェに出かける。,,,jp_only_event,low,
assets/data/characterData.bin.mid,596,ZombieDescription,普段は優しいけれど活きのいい脳みそを見つけたら目の色が変わる。,,,jp_only_event,low,
assets/data/characterData.bin.mid,597,Name,スペードのトランプ,,,jp_only_event,low,"JP-only; art ""CardsD/CardsD"""
assets/data/characterData.bin.mid,597,HumanDescription,体のトランプはすごく固いので守備力バツグン。,,,jp_only_event,low,
assets/data/characterData.bin.mid,597,ZombieDescription,トランプをパカッと開けて脳みそ入れにできないだろうかと思っている。,,,jp_only_event,low,
assets/data/characterData.bin.mid,598,Name,トランプスケルトン,,,jp_only_event,low,"JP-only; art ""CardsC/skelton"""
assets/data/characterData.bin.mid,598,HumanDescription,一人前になって頭にマークをかぶりたいと思っている。,,,jp_only_event,low,
assets/data/characterData.bin.mid,598,ZombieDescription,ハゲじゃないんで・・・もともとこういう生まれでいや本当ハゲじゃないんで・・・。,,,jp_only_event,low,
assets/data/characterData.bin.mid,599,Name,よく刺す看護師,,,jp_only_event,low,"JP-only; art ""nurseA/nurseA"""
assets/data/characterData.bin.mid,599,HumanDescription,うっかり注射器を落として患者に刺さる。,,,jp_only_event,low,
assets/data/characterData.bin.mid,599,ZombieDescription,患者には優しくしたいけどつい注射器の先で血管を探してしまう。,,,jp_only_event,low,
assets/data/characterData.bin.mid,600,Name,よく踏む看護師,,,jp_only_event,low,"JP-only; art ""nurseB/nurseB"""
assets/data/characterData.bin.mid,600,HumanDescription,うっかり大事な管を踏んで患者を苦しめる。,,,jp_only_event,low,
assets/data/characterData.bin.mid,600,ZombieDescription,いつも笑顔を心掛けているけど大事な管を踏む。,,,jp_only_event,low,
assets/data/characterData.bin.mid,601,Name,よく切る看護師,,,jp_only_event,low,"JP-only; art ""nurseC/nurseC"""
assets/data/characterData.bin.mid,601,HumanDescription,うっかりメスを渡しそこねて患者を切る。,,,jp_only_event,low,
assets/data/characterData.bin.mid,601,ZombieDescription,失敗を繰り返さないように気を付けるけどいつもメスを落とす。,,,jp_only_event,low,
assets/data/characterData.bin.mid,602,Name,よく噛む看護師,,,jp_only_event,low,"JP-only; art ""maidB/nurseD"""
assets/data/characterData.bin.mid,602,HumanDescription,包帯を口で引きちぎるのが特技。,,,jp_only_event,low,
assets/data/characterData.bin.mid,602,ZombieDescription,患者が元気になってうれしそうなときが一番の噛み時。,,,jp_only_event,low,
assets/data/characterData.bin.mid,603,Name,赤ずきん,,,jp_only_event,low,"JP-only; art ""akazukinA/akazukinA"""
assets/data/characterData.bin.mid,603,HumanDescription,おばあさんを探しに行く前にカフェで一服。,,,jp_only_event,low,
assets/data/characterData.bin.mid,603,ZombieDescription,脳みそをカゴにつめておみやげにしたい。,,,jp_only_event,low,
assets/data/characterData.bin.mid,604,Name,白ずきん,,,jp_only_event,low,"JP-only; art ""akazukinB/akazukinB"""
assets/data/characterData.bin.mid,604,HumanDescription,「ずきんっていったら赤でしょ」という風潮に苛立つ。,,,jp_only_event,low,
assets/data/characterData.bin.mid,604,ZombieDescription,返り血でずきんを赤に染めながら脳みそをむさぼる。,,,jp_only_event,low,
assets/data/characterData.bin.mid,605,Name,黒ずきん,,,jp_only_event,low,"JP-only; art ""akazukinC/akazukinC"""
assets/data/characterData.bin.mid,605,HumanDescription,元々は白いずきんだったけれど洗わなかったため、このザマ。,,,jp_only_event,low,
assets/data/characterData.bin.mid,605,ZombieDescription,オオカミの頭蓋骨コレクションを誇らしげにかぶる。,,,jp_only_event,low,
assets/data/characterData.bin.mid,606,Name,おばあさん,,,jp_only_event,low,"JP-only; art ""businesswomanB/businesswomanB"""
assets/data/characterData.bin.mid,606,HumanDescription,生臭いものに包まれている上に前が見えない。,,,jp_only_event,low,
assets/data/characterData.bin.mid,606,ZombieDescription,オオカミの脳みそをすすってやりたい。,,,jp_only_event,low,
assets/data/characterData.bin.mid,607,Name,メイドずきん,,,jp_only_event,low,"JP-only; art ""maidB/akazukinD"""
assets/data/characterData.bin.mid,607,HumanDescription,ちょっと成長して洋服がおとなっぽくなった。,,,jp_only_event,low,
assets/data/characterData.bin.mid,607,ZombieDescription,オオカミを仕留めたときの興奮が忘れられずにいる。,,,jp_only_event,low,
assets/data/characterData.bin.mid,608,Name,ゆうれいシェフ,,,jp_only_event,low,"JP-only; art ""enemyChef/ghostE"""
assets/data/characterData.bin.mid,608,HumanDescription,無し,,,jp_only_event,low,
assets/data/characterData.bin.mid,608,ZombieDescription,無し,,,jp_only_event,low,
assets/data/characterData.bin.mid,609,Name,ゆうれい店員Ａ,,,jp_only_event,low,"JP-only; art ""ghostF/ghostF"""
assets/data/characterData.bin.mid,609,HumanDescription,無し,,,jp_only_event,low,
assets/data/characterData.bin.mid,609,ZombieDescription,無し,,,jp_only_event,low,
assets/data/characterData.bin.mid,610,Name,ゆうれい店員Ｂ,,,jp_only_event,low,"JP-only; art ""ghostG/ghostG"""
assets/data/characterData.bin.mid,610,HumanDescription,無し,,,jp_only_event,low,
assets/data/characterData.bin.mid,610,ZombieDescription,無し,,,jp_only_event,low,
assets/data/characterData.bin.mid,611,Name,トランプシェフ,,,jp_only_event,low,"JP-only; art ""enemyChef/CardsA"""
assets/data/characterData.bin.mid,611,HumanDescription,無し,,,jp_only_event,low,
assets/data/characterData.bin.mid,611,ZombieDescription,無し,,,jp_only_event,low,
assets/data/characterData.bin.mid,612,Name,トランプ店員Ａ,,,jp_only_event,low,"JP-only; art ""CardsB/CardsB"""
assets/data/characterData.bin.mid,612,HumanDescription,無し,,,jp_only_event,low,
assets/data/characterData.bin.mid,612,ZombieDescription,無し,,,jp_only_event,low,
assets/data/characterData.bin.mid,613,Name,トランプ店員Ｂ,,,jp_only_event,low,"JP-only; art ""CardsC/CardsC"""
assets/data/characterData.bin.mid,613,HumanDescription,無し,,,jp_only_event,low,
assets/data/characterData.bin.mid,613,ZombieDescription,無し,,,jp_only_event,low,
assets/data/characterData.bin.mid,614,Name,看護師シェフ,,,jp_only_event,low,"JP-only; art ""enemyChef/nurseA"""
assets/data/characterData.bin.mid,614,HumanDescription,無し,,,jp_only_event,low,
assets/data/characterData.bin.mid,614,ZombieDescription,無し,,,jp_only_event,low,
assets/data/characterData.bin.mid,615,Name,看護師店員Ａ,,,jp_only_event,low,"JP-only; art ""nurseB/nurseB"""
assets/data/characterData.bin.mid,615,HumanDescription,無し,,,jp_only_event,low,
assets/data/characterData.bin.mid,615,ZombieDescription,無し,,,jp_only_event,low,
assets/data/characterData.bin.mid,616,Name,看護師店員Ｂ,,,jp_only_event,low,"JP-only; art ""nurseC/nurseC"""
assets/data/characterData.bin.mid,616,HumanDescription,無し,,,jp_only_event,low,
assets/data/characterData.bin.mid,616,ZombieDescription,無し,,,jp_only_event,low,
assets/data/characterData.bin.mid,617,Name,あかずきんシェフ,,,jp_only_event,low,"JP-only; art ""enemyChef/akazukinA"""
assets/data/characterData.bin.mid,617,HumanDescription,無し,,,jp_only_event,low,
assets/data/characterData.bin.mid,617,ZombieDescription,無し,,,jp_only_event,low,
assets/data/characterData.bin.mid,618,Name,あかずきん店員Ａ,,,jp_only_event,low,"JP-only; art ""akazukinB/akazukinB"""
assets/data/characterData.bin.mid,618,HumanDescription,無し,,,jp_only_event,low,
assets/data/characterData.bin.mid,618,ZombieDescription,無し,,,jp_only_event,low,
assets/data/characterData.bin.mid,619,Name,あかずきん店員Ｂ,,,jp_only_event,low,"JP-only; art ""akazukinC/akazukinC"""
assets/data/characterData.bin.mid,619,HumanDescription,無し,,,jp_only_event,low,
assets/data/characterData.bin.mid,619,ZombieDescription,無し,,,jp_only_event,low,
assets/data/characterData.bin.mid,620,Name,赤龍騎士,,,jp_only_event,low,"JP-only; art ""dragonNight1/dragonNight1"""
assets/data/characterData.bin.mid,620,HumanDescription,レッドドラゴンナイトと呼ばれないと返事をしない。,,,jp_only_event,low,
assets/data/characterData.bin.mid,620,ZombieDescription,赤の戦慄！レッドドラゴンナイト！と叫びながら襲い掛かる。,,,jp_only_event,low,
assets/data/characterData.bin.mid,621,Name,緑龍騎士,,,jp_only_event,low,"JP-only; art ""dragonNight2/dragonNight2"""
assets/data/characterData.bin.mid,621,HumanDescription,グリーンドラゴンナイトと呼べと周りに強要する。,,,jp_only_event,low,
assets/data/characterData.bin.mid,621,ZombieDescription,緑の慟哭！グリーンドラゴンナイト！と叫びながら襲い掛かる。,,,jp_only_event,low,
assets/data/characterData.bin.mid,622,Name,青龍騎士,,,jp_only_event,low,"JP-only; art ""dragonNight3/dragonNight3"""
assets/data/characterData.bin.mid,622,HumanDescription,ブルードラゴンナイトと呼ばれたら一日幸せになれる。,,,jp_only_event,low,
assets/data/characterData.bin.mid,622,ZombieDescription,青の稲妻！ブルードラゴンナイト！と叫びながら襲い掛かる。,,,jp_only_event,low,
assets/data/characterData.bin.mid,623,Name,龍戦士,,,jp_only_event,low,"JP-only; art ""dragonNight4/dragonNight4"""
assets/data/characterData.bin.mid,623,HumanDescription,ドラゴンナイトとか呼ばれてみたい。,,,jp_only_event,low,
assets/data/characterData.bin.mid,623,ZombieDescription,我は伝説のドラゴンナイト！と叫びながら襲い掛かる。,,,jp_only_event,low,
assets/data/characterData.bin.mid,624,Name,婦人突撃部隊,,,jp_only_event,low,"JP-only; art ""Ladymilitary1/Ladymilitary1"""
assets/data/characterData.bin.mid,624,HumanDescription,敵に勇敢に突撃していく。家庭でも。,,,jp_only_event,low,
assets/data/characterData.bin.mid,624,ZombieDescription,家庭内の敵は殲滅完了。,,,jp_only_event,low,
assets/data/characterData.bin.mid,625,Name,婦人守備部隊,,,jp_only_event,low,"JP-only; art ""Ladymilitary2/Ladymilitary2"""
assets/data/characterData.bin.mid,625,HumanDescription,後方を完璧に守り抜く。家庭でも。,,,jp_only_event,low,
assets/data/characterData.bin.mid,625,ZombieDescription,家計の守備は万全。,,,jp_only_event,low,
assets/data/characterData.bin.mid,626,Name,婦人ゲリラ部隊,,,jp_only_event,low,"JP-only; art ""Ladymilitary3/Ladymilitary3"""
assets/data/characterData.bin.mid,626,HumanDescription,ゲリラ的に敵に襲い掛かる。家庭でも。,,,jp_only_event,low,
assets/data/characterData.bin.mid,626,ZombieDescription,休日、義母のゲリラ的訪問に完敗する。,,,jp_only_event,low,
assets/data/characterData.bin.mid,627,Name,婦人特殊部隊,,,jp_only_event,low,"JP-only; art ""Ladymilitary4/Ladymilitary4"""
assets/data/characterData.bin.mid,627,HumanDescription,特殊工作を得意とする。家庭でも。,,,jp_only_event,low,
assets/data/characterData.bin.mid,627,ZombieDescription,得意の特殊工作でへそくりを隠す。,,,jp_only_event,low,
assets/data/characterData.bin.mid,628,Name,機械警察部長,,,jp_only_event,low,"JP-only; art ""roboCup1/roboCup1"""
assets/data/characterData.bin.mid,628,HumanDescription,機械の体を持っていても撃たれたら痛い。,,,jp_only_event,low,
assets/data/characterData.bin.mid,628,ZombieDescription,機械の体で一生を過ごすのか…と悩んでいたらゾンビになった。,,,jp_only_event,low,
assets/data/characterData.bin.mid,629,Name,機械警察課長,,,jp_only_event,low,"JP-only; art ""roboCup2/roboCup2"""
assets/data/characterData.bin.mid,629,HumanDescription,もしものときは目からビームを出して犯人を追いつめる。,,,jp_only_event,low,
assets/data/characterData.bin.mid,629,ZombieDescription,逮捕した犯人の脳みそなら食べても良いのではと思っている。,,,jp_only_event,low,
assets/data/characterData.bin.mid,630,Name,機械警察署長,,,jp_only_event,low,"JP-only; art ""roboCup3/roboCup3"""
assets/data/characterData.bin.mid,630,HumanDescription,所轄管内の安全を守るため、日夜会議に出ている。,,,jp_only_event,low,
assets/data/characterData.bin.mid,630,ZombieDescription,会議中に居眠りしても機械だからばれない。,,,jp_only_event,low,
assets/data/characterData.bin.mid,631,Name,機械警察巡査,,,jp_only_event,low,"JP-only; art ""roboCup4/roboCup4"""
assets/data/characterData.bin.mid,631,HumanDescription,交番の前に立っていると子供に指をさされる。,,,jp_only_event,low,
assets/data/characterData.bin.mid,631,ZombieDescription,交番の前に立っていると機械がさびてくるのが悩み。,,,jp_only_event,low,
assets/data/characterData.bin.mid,632,Name,怠惰な女騎士,,,jp_only_event,low,"JP-only; art ""valkyrie1/valkyrie1"""
assets/data/characterData.bin.mid,632,HumanDescription,騎士団長はやく辞めないかな？が口癖。,,,jp_only_event,low,
assets/data/characterData.bin.mid,632,ZombieDescription,騎士団長の武器を少しずつ錆びさせるいやがらせが趣味。,,,jp_only_event,low,
assets/data/characterData.bin.mid,633,Name,憂鬱な女騎士,,,jp_only_event,low,"JP-only; art ""valkyrie2/valkyrie2"""
assets/data/characterData.bin.mid,633,HumanDescription,騎士団長ってなんか臭くない？が口癖。,,,jp_only_event,low,
assets/data/characterData.bin.mid,633,ZombieDescription,騎士団長に出すお茶に雑巾汁を入れるのが趣味。,,,jp_only_event,low,
assets/data/characterData.bin.mid,634,Name,自堕落な女騎士,,,jp_only_event,low,"JP-only; art ""valkyrie3/valkyrie3"""
assets/data/characterData.bin.mid,634,HumanDescription,騎士団長の触った武器はぬめっとする、という噂を流す。,,,jp_only_event,low,
assets/data/characterData.bin.mid,634,ZombieDescription,騎士団長の鎧を少しずつうすくしていくのが趣味。,,,jp_only_event,low,
assets/data/characterData.bin.mid,635,Name,女騎士,,,jp_only_event,low,"JP-only; art ""valkyrie4/valkyrie4"""
assets/data/characterData.bin.mid,635,HumanDescription,騎士団内の女派閥で嫌われないように必死。,,,jp_only_event,low,
assets/data/characterData.bin.mid,635,ZombieDescription,騎士団内の女派閥で下位に属する。,,,jp_only_event,low,
assets/data/characterData.bin.mid,636,Name,極光の女神,,,jp_only_event,low,"JP-only; art ""Walkure1/Walkure1"""
assets/data/characterData.bin.mid,636,HumanDescription,女神の微笑みを向けるとみんな凍りつく。,,,jp_only_event,low,
assets/data/characterData.bin.mid,636,ZombieDescription,女神の仕事は微笑んでること、という理念のもとあまり働かない。,,,jp_only_event,low,
assets/data/characterData.bin.mid,637,Name,勝利の女神,,,jp_only_event,low,"JP-only; art ""Walkure2/Walkure2"""
assets/data/characterData.bin.mid,637,HumanDescription,尽くす性格が災いして恋愛がうまくいかない。,,,jp_only_event,low,
assets/data/characterData.bin.mid,637,ZombieDescription,次の恋人にはもっと尽くそうと思いながら、いらなくなった脳みそをすする。,,,jp_only_event,low,
assets/data/characterData.bin.mid,638,Name,愛の女神,,,jp_only_event,low,"JP-only; art ""Walkure3/Walkure3"""
assets/data/characterData.bin.mid,638,HumanDescription,慈愛の塊なのに彼氏ができない。,,,jp_only_event,low,
assets/data/characterData.bin.mid,638,ZombieDescription,脳みそを食べた人はみんな恋人ということでいいのではと思っている。,,,jp_only_event,low,
assets/data/characterData.bin.mid,639,Name,運命の女神,,,jp_only_event,low,"JP-only; art ""Walkure4/Walkure4"""
assets/data/characterData.bin.mid,639,HumanDescription,自分の運命の恋人がわからない。,,,jp_only_event,low,
assets/data/characterData.bin.mid,639,ZombieDescription,運命の恋人とおいしい脳みそを求めて日夜さまよっている。,,,jp_only_event,low,
assets/data/characterData.bin.mid,640,Name,鎌倉の武者,,,jp_only_event,low,"JP-only; art ""MushaA/MushaA"""
assets/data/characterData.bin.mid,640,HumanDescription,1日1回は兜が重いと従者に文句をいう。,,,jp_only_event,low,
assets/data/characterData.bin.mid,640,ZombieDescription,機嫌が悪いと従者のすねを蹴って泣かせる。,,,jp_only_event,low,
assets/data/characterData.bin.mid,641,Name,奥州の武者,,,jp_only_event,low,"JP-only; art ""MushaB/MushaB"""
assets/data/characterData.bin.mid,641,HumanDescription,眼帯を外すとビームが出る。,,,jp_only_event,low,
assets/data/characterData.bin.mid,641,ZombieDescription,ひとりになると両目に眼帯をつけて遊ぶ。,,,jp_only_event,low,
assets/data/characterData.bin.mid,642,Name,甲斐の武者,,,jp_only_event,low,"JP-only; art ""MushaC/MushaC"""
assets/data/characterData.bin.mid,642,HumanDescription,派手な乱髪兜のおかげで頭があたたかい。,,,jp_only_event,low,
assets/data/characterData.bin.mid,642,ZombieDescription,ゾンビになったせいで乱髪兜の毛も抜け始めた。,,,jp_only_event,low,
assets/data/characterData.bin.mid,643,Name,落ち武者,,,jp_only_event,low,"JP-only; art ""MushaD/sumowrestlerB"""
assets/data/characterData.bin.mid,643,HumanDescription,戦場は怖いので逃げてカフェで一服している。,,,jp_only_event,low,
assets/data/characterData.bin.mid,643,ZombieDescription,脳みその為と思えば戦場で活躍できる気がする。,,,jp_only_event,low,
assets/data/characterData.bin.mid,644,Name,伝説の剣士,,,jp_only_event,low,"JP-only; art ""shinsenA/shinsenA"""
assets/data/characterData.bin.mid,644,HumanDescription,カフエでお茶を嗜みつつ誰に切腹させようか考える。,,,jp_only_event,low,
assets/data/characterData.bin.mid,644,ZombieDescription,切腹じゃなくて切頭を命じたい。,,,jp_only_event,low,
assets/data/characterData.bin.mid,645,Name,一流の剣士,,,jp_only_event,low,"JP-only; art ""shinsenB/shinsenB"""
assets/data/characterData.bin.mid,645,HumanDescription,午後の稽古が面倒なので誰かに切腹させようと思っている。,,,jp_only_event,low,
assets/data/characterData.bin.mid,645,ZombieDescription,士道よりもゾンビ道を極めたい。,,,jp_only_event,low,
assets/data/characterData.bin.mid,646,Name,最上の剣士,,,jp_only_event,low,"JP-only; art ""shinsenC/shinsenC"""
assets/data/characterData.bin.mid,646,HumanDescription,臆病な人間は士道不覚悟として切腹させる。,,,jp_only_event,low,
assets/data/characterData.bin.mid,646,ZombieDescription,脳みそを食べたいと思わないのはゾンビ道不覚悟。,,,jp_only_event,low,
assets/data/characterData.bin.mid,647,Name,剣士,,,jp_only_event,low,"JP-only; art ""shinsenD/clown"""
assets/data/characterData.bin.mid,647,HumanDescription,懸命に剣の稽古をしないと切腹を命じられるので頑張っている。,,,jp_only_event,low,
assets/data/characterData.bin.mid,647,ZombieDescription,隊長の脳みそを食べれば切腹しないですむのではと思案中。,,,jp_only_event,low,
assets/data/characterData.bin.mid,648,Name,闇夜の魔女,,,jp_only_event,low,"JP-only; art ""witchA/witchA"""
assets/data/characterData.bin.mid,648,HumanDescription,月に4回はほうきから落ちてけがをする。,,,jp_only_event,low,
assets/data/characterData.bin.mid,648,ZombieDescription,ゾンビになったおかげでほうきから落ちても痛くない。,,,jp_only_event,low,
assets/data/characterData.bin.mid,649,Name,月夜の魔女,,,jp_only_event,low,"JP-only; art ""witchB/witchB"""
assets/data/characterData.bin.mid,649,HumanDescription,大きな鍋で煮込むのはカレーが主。,,,jp_only_event,low,
assets/data/characterData.bin.mid,649,ZombieDescription,大きな鍋でたまに脳みそ入りシチューを煮込む。,,,jp_only_event,low,
assets/data/characterData.bin.mid,650,Name,満月の魔女,,,jp_only_event,low,"JP-only; art ""witchC/witchC"""
assets/data/characterData.bin.mid,650,HumanDescription,魔術を使うのは疲れるから100年以上やってない。,,,jp_only_event,low,
assets/data/characterData.bin.mid,650,ZombieDescription,脳みそを食べるためなら100年ぶりに魔術使ってみようかと思っている。,,,jp_only_event,low,
assets/data/characterData.bin.mid,651,Name,新月の魔女,,,jp_only_event,low,"JP-only; art ""witchD/reaperoffB"""
assets/data/characterData.bin.mid,651,HumanDescription,魔術はまだ使えないけれど魔女を名乗っている。,,,jp_only_event,low,
assets/data/characterData.bin.mid,651,ZombieDescription,一人前の魔女になる前にゾンビになってしまった。,,,jp_only_event,low,
assets/data/characterData.bin.mid,652,Name,快速,,,jp_only_event,low,"JP-only; art ""trainA/trainA"""
assets/data/characterData.bin.mid,652,HumanDescription,快速電車の乗り場案内人。,,,jp_only_event,low,
assets/data/characterData.bin.mid,652,ZombieDescription,車内で痴漢を発見したら体ごとぶつかっていく。,,,jp_only_event,low,
assets/data/characterData.bin.mid,653,Name,急行,,,jp_only_event,low,"JP-only; art ""trainB/trainB"""
assets/data/characterData.bin.mid,653,HumanDescription,急行電車の乗り場案内人。,,,jp_only_event,low,
assets/data/characterData.bin.mid,653,ZombieDescription,車内で不審物を見つけたら体ごとぶつかっていく。,,,jp_only_event,low,
assets/data/characterData.bin.mid,654,Name,特急,,,jp_only_event,low,"JP-only; art ""trainC/trainC"""
assets/data/characterData.bin.mid,654,HumanDescription,特急電車の乗り場案内人。,,,jp_only_event,low,
assets/data/characterData.bin.mid,654,ZombieDescription,車内で喧嘩を見かけたら体ごとぶつかっていく。,,,jp_only_event,low,
assets/data/characterData.bin.mid,655,Name,鈍行,,,jp_only_event,low,"JP-only; art ""trainD/butler"""
assets/data/characterData.bin.mid,655,HumanDescription,鈍行電車の乗り場案内人。,,,jp_only_event,low,
assets/data/characterData.bin.mid,655,ZombieDescription,車内で具合の悪いお客様を見かけたら緊急ボタンを押す係。,,,jp_only_event,low,
assets/data/characterData.bin.mid,656,Name,ありす,,,jp_only_event,low,"JP-only; art ""alice/alice"""
assets/data/characterData.bin.mid,656,HumanDescription,不思議の国じゃなくて不思議のカフェに迷い込んだ。,,,jp_only_event,low,
assets/data/characterData.bin.mid,656,ZombieDescription,ゾンビになったらカフェのお茶がおいしく感じる。,,,jp_only_event,low,
assets/data/characterData.bin.mid,657,Name,女王様,,,jp_only_event,low,"JP-only; art ""queen/queen"""
assets/data/characterData.bin.mid,657,HumanDescription,トランプ兵をこき使うことが生きがい。,,,jp_only_event,low,
assets/data/characterData.bin.mid,657,ZombieDescription,ありすの方がカワイイとか言ったトランプ兵は吊るす。,,,jp_only_event,low,
assets/data/characterData.bin.mid,658,Name,むしゃシェフ,,,jp_only_event,low,"JP-only; art ""enemyChef/MushaA"""
assets/data/characterData.bin.mid,658,HumanDescription,無し,,,jp_only_event,low,
assets/data/characterData.bin.mid,658,ZombieDescription,無し,,,jp_only_event,low,
assets/data/characterData.bin.mid,659,Name,むしゃ店員Ａ,,,jp_only_event,low,"JP-only; art ""MushaB/MushaB"""
assets/data/characterData.bin.mid,659,HumanDescription,無し,,,jp_only_event,low,
assets/data/characterData.bin.mid,659,ZombieDescription,無し,,,jp_only_event,low,
assets/data/characterData.bin.mid,660,Name,むしゃ店員Ｂ,,,jp_only_event,low,"JP-only; art ""MushaC/MushaC"""
assets/data/characterData.bin.mid,660,HumanDescription,無し,,,jp_only_event,low,
assets/data/characterData.bin.mid,660,ZombieDescription,無し,,,jp_only_event,low,
assets/data/characterData.bin.mid,661,Name,剣士シェフ,,,jp_only_event,low,"JP-only; art ""enemyChef/shinsenA"""
assets/data/characterData.bin.mid,661,HumanDescription,無し,,,jp_only_event,low,
assets/data/characterData.bin.mid,661,ZombieDescription,無し,,,jp_only_event,low,
assets/data/characterData.bin.mid,662,Name,剣士店員Ａ,,,jp_only_event,low,"JP-only; art ""shinsenB/shinsenB"""
assets/data/characterData.bin.mid,662,HumanDescription,無し,,,jp_only_event,low,
assets/data/characterData.bin.mid,662,ZombieDescription,無し,,,jp_only_event,low,
assets/data/characterData.bin.mid,663,Name,剣士店員Ｂ,,,jp_only_event,low,"JP-only; art ""shinsenC/shinsenC"""
assets/data/characterData.bin.mid,663,HumanDescription,無し,,,jp_only_event,low,
assets/data/characterData.bin.mid,663,ZombieDescription,無し,,,jp_only_event,low,
assets/data/characterData.bin.mid,664,Name,魔女シェフ,,,jp_only_event,low,"JP-only; art ""enemyChef/witchA"""
assets/data/characterData.bin.mid,664,HumanDescription,無し,,,jp_only_event,low,
assets/data/characterData.bin.mid,664,ZombieDescription,無し,,,jp_only_event,low,
assets/data/characterData.bin.mid,665,Name,魔女店員Ａ,,,jp_only_event,low,"JP-only; art ""witchB/witchB"""
assets/data/characterData.bin.mid,665,HumanDescription,無し,,,jp_only_event,low,
assets/data/characterData.bin.mid,665,ZombieDescription,無し,,,jp_only_event,low,
assets/data/characterData.bin.mid,666,Name,魔女店員Ｂ,,,jp_only_event,low,"JP-only; art ""witchC/witchC"""
assets/data/characterData.bin.mid,666,HumanDescription,無し,,,jp_only_event,low,
assets/data/characterData.bin.mid,666,ZombieDescription,無し,,,jp_only_event,low,
assets/data/characterData.bin.mid,667,Name,電車シェフ,,,jp_only_event,low,"JP-only; art ""enemyChef/trainA"""
assets/data/characterData.bin.mid,667,HumanDescription,無し,,,jp_only_event,low,
assets/data/characterData.bin.mid,667,ZombieDescription,無し,,,jp_only_event,low,
assets/data/characterData.bin.mid,668,Name,電車店員Ａ,,,jp_only_event,low,"JP-only; art ""trainB/trainB"""
assets/data/characterData.bin.mid,668,HumanDescription,無し,,,jp_only_event,low,
assets/data/characterData.bin.mid,668,ZombieDescription,無し,,,jp_only_event,low,
assets/data/characterData.bin.mid,669,Name,電車店員Ｂ,,,jp_only_event,low,"JP-only; art ""trainC/trainC"""
assets/data/characterData.bin.mid,669,HumanDescription,無し,,,jp_only_event,low,
assets/data/characterData.bin.mid,669,ZombieDescription,無し,,,jp_only_event,low,
assets/data/characterData.bin.mid,670,Name,女王様シェフ,,,jp_only_event,low,"JP-only; art ""enemyChef/queen"""
assets/data/characterData.bin.mid,670,HumanDescription,無し,,,jp_only_event,low,
assets/data/characterData.bin.mid,670,ZombieDescription,無し,,,jp_only_event,low,
assets/data/characterData.bin.mid,671,Name,新米メイド,,,jp_only_event,low,"JP-only; art ""maid2/maid2"""
assets/data/characterData.bin.mid,671,HumanDescription,ツンデレ・メイドカフェでひたすら働き荒稼ぎ。,,,jp_only_event,low,
assets/data/characterData.bin.mid,671,ZombieDescription,ゾンビになってもっとハイパーツンデレ化した。,,,jp_only_event,low,
assets/data/characterData.bin.mid,672,Name,うさぎのありす,,,jp_only_event,low,"JP-only; art ""alice/costume_a"""
assets/data/characterData.bin.mid,672,HumanDescription,取り敢えず、ありすと仲がいい。,,,jp_only_event,low,
assets/data/characterData.bin.mid,672,ZombieDescription,いつかありすを食ってやろうと企んでいる。,,,jp_only_event,low,
assets/data/characterData.bin.mid,673,Name,ぱんだシスター長女,,,jp_only_event,low,"JP-only; art ""pandaA/pandaA"""
assets/data/characterData.bin.mid,673,HumanDescription,ワガママな妹の濡れ衣をいつもかぶらされ慢性疲労。,,,jp_only_event,low,
assets/data/characterData.bin.mid,673,ZombieDescription,ダルそうな顔してるけどやる気はある。,,,jp_only_event,low,
assets/data/characterData.bin.mid,674,Name,ぱんだブラザー長男,,,jp_only_event,low,"JP-only; art ""pandaB/pandaB"""
assets/data/characterData.bin.mid,674,HumanDescription,とにかく調子のいいファンキーな土木野郎。,,,jp_only_event,low,
assets/data/characterData.bin.mid,674,ZombieDescription,ファンキー過ぎてどんなモノでもクレイジーに食べてしまう。,,,jp_only_event,low,
assets/data/characterData.bin.mid,675,Name,ぱんだ双子・姉,,,jp_only_event,low,"JP-only; art ""pandaC/pandaC"""
assets/data/characterData.bin.mid,675,HumanDescription,毎日グチが耐えないクレーマーOL。,,,jp_only_event,low,
assets/data/characterData.bin.mid,675,ZombieDescription,クレームばかり言うのに飽きて、人を食べることにした。,,,jp_only_event,low,
assets/data/characterData.bin.mid,676,Name,ぱんだ双子・妹,,,jp_only_event,low,"JP-only; art ""maidC/pandaD"""
assets/data/characterData.bin.mid,676,HumanDescription,パンダとメイドコスプレ大好き秘書。,,,jp_only_event,low,
assets/data/characterData.bin.mid,676,ZombieDescription,ふと、何で秘書してるんだろうと思いゾンビにしてもらった。,,,jp_only_event,low,
assets/data/characterData.bin.mid,677,Name,超八戒,,,jp_only_event,low,"JP-only; art ""saiyukiA/saiyukiA"""
assets/data/characterData.bin.mid,677,HumanDescription,食べるの大好き豚顔人間。,,,jp_only_event,low,
assets/data/characterData.bin.mid,677,ZombieDescription,ゾンビになってから、とにかく腹ペコ。,,,jp_only_event,low,
assets/data/characterData.bin.mid,678,Name,孫悟食,,,jp_only_event,low,"JP-only; art ""saiyukiB/saiyukiB"""
assets/data/characterData.bin.mid,678,HumanDescription,スポーツ万能でやんちゃな猿顔人間。,,,jp_only_event,low,
assets/data/characterData.bin.mid,678,ZombieDescription,とにかく何かのために頑張るとかどうでもよくなった。,,,jp_only_event,low,
assets/data/characterData.bin.mid,679,Name,詐悟浄,,,jp_only_event,low,"JP-only; art ""saiyukiC/saiyukiC"""
assets/data/characterData.bin.mid,679,HumanDescription,顔がイカツイけど、心は穏やかカッパ人間。,,,jp_only_event,low,
assets/data/characterData.bin.mid,679,ZombieDescription,ゾンビになってからキュウリが嫌いになった。,,,jp_only_event,low,
assets/data/characterData.bin.mid,680,Name,三憎法師,,,jp_only_event,low,"JP-only; art ""saiyukiD/saiyukiD"""
assets/data/characterData.bin.mid,680,HumanDescription,超穏やか、時には厳しい、実はハゲな和尚。,,,jp_only_event,low,
assets/data/characterData.bin.mid,680,ZombieDescription,下っ端遣うのにつかれて独立。,,,jp_only_event,low,
assets/data/characterData.bin.mid,681,Name,牛魔嘔,,,jp_only_event,low,"JP-only; art ""saiyukiE/akumaB"""
assets/data/characterData.bin.mid,681,HumanDescription,取り敢えず、ツノが取り柄な牛人間。,,,jp_only_event,low,
assets/data/characterData.bin.mid,681,ZombieDescription,草ばかりに飽きて肉も食べるようになった。,,,jp_only_event,low,
assets/data/characterData.bin.mid,682,Name,阿修ラー,,,jp_only_event,low,"JP-only; art ""asyuraA/asyuraA"""
assets/data/characterData.bin.mid,682,HumanDescription,阿修４兄弟の長男。グチが多いやつが嫌い。,,,jp_only_event,low,
assets/data/characterData.bin.mid,682,ZombieDescription,グチが多いやつをいつも狙う。,,,jp_only_event,low,
assets/data/characterData.bin.mid,683,Name,阿修リー,,,jp_only_event,low,"JP-only; art ""asyuraB/asyuraB"""
assets/data/characterData.bin.mid,683,HumanDescription,阿修４兄弟の次男。女好き。,,,jp_only_event,low,
assets/data/characterData.bin.mid,683,ZombieDescription,ゾンビになっても、やっぱり女を狙う。,,,jp_only_event,low,
assets/data/characterData.bin.mid,684,Name,阿修ルー,,,jp_only_event,low,"JP-only; art ""asyuraC/asyuraC"""
assets/data/characterData.bin.mid,684,HumanDescription,阿修４兄弟の三男。何も考えてない。,,,jp_only_event,low,
assets/data/characterData.bin.mid,684,ZombieDescription,脳みそなくなって更に考えなくなった。,,,jp_only_event,low,
assets/data/characterData.bin.mid,685,Name,阿修レー,,,jp_only_event,low,"JP-only; art ""asyuraD/robotB"""
assets/data/characterData.bin.mid,685,HumanDescription,阿修４兄弟末っ子。自分だけロボ顔で悩む。,,,jp_only_event,low,
assets/data/characterData.bin.mid,685,ZombieDescription,最近、何で自分だけロボ顔なのかわかった。,,,jp_only_event,low,
assets/data/characterData.bin.mid,686,Name,アラデン,,,jp_only_event,low,"JP-only; art ""lampA/lampA"""
assets/data/characterData.bin.mid,686,HumanDescription,ジャスメンに恋する砂漠のプリンス的一般人。,,,jp_only_event,low,
assets/data/characterData.bin.mid,686,ZombieDescription,ゾンビになってからジャスメンの存在を忘れてしまった。,,,jp_only_event,low,
assets/data/characterData.bin.mid,687,Name,ジャスメン,,,jp_only_event,low,"JP-only; art ""lampB/lampB"""
assets/data/characterData.bin.mid,687,HumanDescription,アラデンに首ったけの砂漠のプリンセス。,,,jp_only_event,low,
assets/data/characterData.bin.mid,687,ZombieDescription,アラデンよりも他のゾンビに首ったけになってしまった。,,,jp_only_event,low,
assets/data/characterData.bin.mid,688,Name,ランプおやじ,,,jp_only_event,low,"JP-only; art ""lampC/lampC"""
assets/data/characterData.bin.mid,688,HumanDescription,ランプの中でひきこもり。,,,jp_only_event,low,
assets/data/characterData.bin.mid,688,ZombieDescription,ゾンビになってからランプの中に入る方法をど忘れしてしまった。,,,jp_only_event,low,
assets/data/characterData.bin.mid,689,Name,一般人アラブー,,,jp_only_event,low,"JP-only; art ""lampD/omar"""
assets/data/characterData.bin.mid,689,HumanDescription,砂漠生活に飽きたＩＴオタク。,,,jp_only_event,low,
assets/data/characterData.bin.mid,689,ZombieDescription,ＩＴ・・・なんじゃそりゃ！？ＩＴ好きだった自分を思い出せない。,,,jp_only_event,low,
assets/data/characterData.bin.mid,690,Name,ぱんだシェフ,,,jp_only_event,low,"JP-only; art ""enemyChef/pandaA"""
assets/data/characterData.bin.mid,690,HumanDescription,無し,,,jp_only_event,low,
assets/data/characterData.bin.mid,690,ZombieDescription,無し,,,jp_only_event,low,
assets/data/characterData.bin.mid,691,Name,ぱんだ店員Ａ,,,jp_only_event,low,"JP-only; art ""pandaB/pandaB"""
assets/data/characterData.bin.mid,691,HumanDescription,無し,,,jp_only_event,low,
assets/data/characterData.bin.mid,691,ZombieDescription,無し,,,jp_only_event,low,
assets/data/characterData.bin.mid,692,Name,ぱんだ店員Ｂ,,,jp_only_event,low,"JP-only; art ""pandaC/pandaC"""
assets/data/characterData.bin.mid,692,HumanDescription,無し,,,jp_only_event,low,
assets/data/characterData.bin.mid,692,ZombieDescription,無し,,,jp_only_event,low,
assets/data/characterData.bin.mid,693,Name,西遊記シェフ,,,jp_only_event,low,"JP-only; art ""enemyChef/saiyukiA"""
assets/data/characterData.bin.mid,693,HumanDescription,無し,,,jp_only_event,low,
assets/data/characterData.bin.mid,693,ZombieDescription,無し,,,jp_only_event,low,
assets/data/characterData.bin.mid,694,Name,西遊記店員Ａ,,,jp_only_event,low,"JP-only; art ""saiyukiB/saiyukiB"""
assets/data/characterData.bin.mid,694,HumanDescription,無し,,,jp_only_event,low,
assets/data/characterData.bin.mid,694,ZombieDescription,無し,,,jp_only_event,low,
assets/data/characterData.bin.mid,695,Name,西遊記店員Ｂ,,,jp_only_event,low,"JP-only; art ""saiyukiC/saiyukiC"""
assets/data/characterData.bin.mid,695,HumanDescription,無し,,,jp_only_event,low,
assets/data/characterData.bin.mid,695,ZombieDescription,無し,,,jp_only_event,low,
assets/data/characterData.bin.mid,696,Name,あしゅらシェフ,,,jp_only_event,low,"JP-only; art ""enemyChef/asyuraA"""
assets/data/characterData.bin.mid,696,HumanDescription,無し,,,jp_only_event,low,
assets/data/characterData.bin.mid,696,ZombieDescription,無し,,,jp_only_event,low,
assets/data/characterData.bin.mid,697,Name,あしゅら店員Ａ,,,jp_only_event,low,"JP-only; art ""asyuraB/asyuraB"""
assets/data/characterData.bin.mid,697,HumanDescription,無し,,,jp_only_event,low,
assets/data/characterData.bin.mid,697,ZombieDescription,無し,,,jp_only_event,low,
assets/data/characterData.bin.mid,698,Name,あしゅら店員Ｂ,,,jp_only_event,low,"JP-only; art ""asyuraC/asyuraC"""
assets/data/characterData.bin.mid,698,HumanDescription,無し,,,jp_only_event,low,
assets/data/characterData.bin.mid,698,ZombieDescription,無し,,,jp_only_event,low,
assets/data/characterData.bin.mid,699,Name,ランプシェフ,,,jp_only_event,low,"JP-only; art ""enemyChef/lampA"""
assets/data/characterData.bin.mid,699,HumanDescription,無し,,,jp_only_event,low,
assets/data/characterData.bin.mid,699,ZombieDescription,無し,,,jp_only_event,low,
assets/data/characterData.bin.mid,700,Name,ランプ店員Ａ,,,jp_only_event,low,"JP-only; art ""lampB/lampB"""
assets/data/characterData.bin.mid,700,HumanDescription,無し,,,jp_only_event,low,
assets/data/characterData.bin.mid,700,ZombieDescription,無し,,,jp_only_event,low,
assets/data/characterData.bin.mid,701,Name,ランプ店員Ｂ,,,jp_only_event,low,"JP-only; art ""lampC/lampC"""
assets/data/characterData.bin.mid,701,HumanDescription,無し,,,jp_only_event,low,
assets/data/characterData.bin.mid,701,ZombieDescription,無し,,,jp_only_event,low,
assets/data/characterData.bin.mid,702,Name,ちょい強化ハト,,,jp_only_event,low,"JP-only; art ""hatoD/hatoD"""
assets/data/characterData.bin.mid,702,HumanDescription,養殖で大量に育てられた強化ハト。栄養はないがちょい幸せになる。,,,jp_only_event,low,
assets/data/characterData.bin.mid,702,ZombieDescription,養殖で大量に育てられた強化ハト。栄養はないがちょい幸せになる。,,,jp_only_event,low,
assets/data/characterData.bin.mid,703,Name,強化ハト,,,jp_only_event,low,"JP-only; art ""hatoC/hatoC"""
assets/data/characterData.bin.mid,703,HumanDescription,飼育で育った強化ハト。脂肪分が多く、栄養はさほどない。,,,jp_only_event,low,
assets/data/characterData.bin.mid,703,ZombieDescription,飼育で育った強化ハト。脂肪分が多く、栄養はさほどない。,,,jp_only_event,low,
assets/data/characterData.bin.mid,704,Name,超強化ハト,,,jp_only_event,low,"JP-only; art ""hatoB/hatoB"""
assets/data/characterData.bin.mid,704,HumanDescription,自然の中で育った野生の強化ハト。高タンパク質で脂肪分０。,,,jp_only_event,low,
assets/data/characterData.bin.mid,704,ZombieDescription,自然の中で育った野生の強化ハト。高タンパク質で脂肪分１。,,,jp_only_event,low,
assets/data/characterData.bin.mid,705,Name,極強化ハト,,,jp_only_event,low,"JP-only; art ""hatoA/hatoA"""
assets/data/characterData.bin.mid,705,HumanDescription,レアな栄養満点強化ハト。食べるととてつもない幸福で満たされる。,,,jp_only_event,low,
assets/data/characterData.bin.mid,705,ZombieDescription,レアな栄養満点強化ハト。食べるととてつもない幸福で満たされる。,,,jp_only_event,low,
assets/data/characterData.bin.mid,706,Name,ひとりシシマイ,,,jp_only_event,low,"JP-only; art ""ShishimaiA/ShishimaiA"""
assets/data/characterData.bin.mid,706,HumanDescription,パートナーを探しにカフェにきた。,,,jp_only_event,low,
assets/data/characterData.bin.mid,706,ZombieDescription,この際犬でもいい。足なのだから。,,,jp_only_event,low,
assets/data/characterData.bin.mid,707,Name,あかなまはげ,,,jp_only_event,low,"JP-only; art ""ShishimaiB/ShishimaiB"""
assets/data/characterData.bin.mid,707,HumanDescription,なぐごはいねぇがぁー？,,,jp_only_event,low,
assets/data/characterData.bin.mid,707,ZombieDescription,お客様の中に泣く子はおられませんでしょうか？,,,jp_only_event,low,
assets/data/characterData.bin.mid,708,Name,あおなまはげ,,,jp_only_event,low,"JP-only; art ""ShishimaiC/ShishimaiC"""
assets/data/characterData.bin.mid,708,HumanDescription,わるいごはいねぇがぁー？,,,jp_only_event,low,
assets/data/characterData.bin.mid,708,ZombieDescription,なんかぁ　このカフェにぃ　悪い子がいるって聞いたんですけどぉ,,,jp_only_event,low,
assets/data/characterData.bin.mid,709,Name,シシカフェ店員,,,jp_only_event,low,"JP-only; art ""maidB/ShishimaiE"""
assets/data/characterData.bin.mid,709,HumanDescription,お客様の様々なご要望にこたえつづけたなれの果て。,,,jp_only_event,low,
assets/data/characterData.bin.mid,709,ZombieDescription,３０００＄でかまれ放題。無病息災。,,,jp_only_event,low,
assets/data/characterData.bin.mid,710,Name,海・賊夫,,,jp_only_event,low,"JP-only; art ""PiratesmanA/PiratesmanA"""
assets/data/characterData.bin.mid,710,HumanDescription,海家一家の大黒柱。,,,jp_only_event,low,
assets/data/characterData.bin.mid,710,ZombieDescription,突ん棒漁業の元漁師。ゾンビになって目が急に悪くなり引退。,,,jp_only_event,low,
assets/data/characterData.bin.mid,711,Name,海・賊之助,,,jp_only_event,low,"JP-only; art ""PiratesmanB/PiratesmanB"""
assets/data/characterData.bin.mid,711,HumanDescription,海家一家のご先祖様。,,,jp_only_event,low,
assets/data/characterData.bin.mid,711,ZombieDescription,よく突然、夜中に現在の海家に現れる。,,,jp_only_event,low,
assets/data/characterData.bin.mid,712,Name,海・賊子,,,jp_only_event,low,"JP-only; art ""PiratesmanC/PiratesmanC"""
assets/data/characterData.bin.mid,712,HumanDescription,海家一家の鬼嫁。,,,jp_only_event,low,
assets/data/characterData.bin.mid,712,ZombieDescription,主婦兼パートタイマー。職場で同僚を食べてしまいクビ間近。,,,jp_only_event,low,
assets/data/characterData.bin.mid,713,Name,海賊リーマン,,,jp_only_event,low,"JP-only; art ""businessman/PiratesmanD"""
assets/data/characterData.bin.mid,713,HumanDescription,海賊コスプレ大好き営業マン。,,,jp_only_event,low,
assets/data/characterData.bin.mid,713,ZombieDescription,ゾンビになっても気分は海賊なだけで、やっぱり営業マン。,,,jp_only_event,low,
assets/data/characterData.bin.mid,714,Name,ツケマ・インビジボー,,,jp_only_event,low,"JP-only; art ""Invisibleman_BandageA/Invisibleman_BandageA"""
assets/data/characterData.bin.mid,714,HumanDescription,つけまつ毛と赤い口紅着用が日課。,,,jp_only_event,low,
assets/data/characterData.bin.mid,714,ZombieDescription,透明でもメイクアップはかかせない。,,,jp_only_event,low,
assets/data/characterData.bin.mid,715,Name,ウェスタン・インビジボー,,,jp_only_event,low,"JP-only; art ""Invisibleman_BandageB/Invisibleman_BandageB"""
assets/data/characterData.bin.mid,715,HumanDescription,メガネをかけてもカウボーイ。,,,jp_only_event,low,
assets/data/characterData.bin.mid,715,ZombieDescription,普段ハットをかぶらないと何者なのかわからないぐらい薄い存在。,,,jp_only_event,low,
assets/data/characterData.bin.mid,716,Name,謎解き屋インビジボー,,,jp_only_event,low,"JP-only; art ""Invisibleman_BandageC/Invisibleman_BandageC"""
assets/data/characterData.bin.mid,716,HumanDescription,周りに気づかれなくても謎解きします。,,,jp_only_event,low,
assets/data/characterData.bin.mid,716,ZombieDescription,透明でも謎は解けます！,,,jp_only_event,low,
assets/data/characterData.bin.mid,717,Name,NOセンス・インビジボー,,,jp_only_event,low,"JP-only; art ""InvisiblemanB/Invisibleman_BandageD"""
assets/data/characterData.bin.mid,717,HumanDescription,脳みそ透明すぎて考えられないため服のセンスが全くない。,,,jp_only_event,low,
assets/data/characterData.bin.mid,717,ZombieDescription,いつでもビーサンと手袋はかかせません。,,,jp_only_event,low,
assets/data/characterData.bin.mid,718,Name,幕の内松,,,jp_only_event,low,"JP-only; art ""KabukiA/KabukiA"""
assets/data/characterData.bin.mid,718,HumanDescription,これはカツラじゃない！地毛だ！,,,jp_only_event,low,
assets/data/characterData.bin.mid,718,ZombieDescription,なんだか、自分の髪がサソリに見えてきた。,,,jp_only_event,low,
assets/data/characterData.bin.mid,719,Name,幕の内竹,,,jp_only_event,low,"JP-only; art ""KabukiB/KabukiB"""
assets/data/characterData.bin.mid,719,HumanDescription,ネグセじゃ～ね～ぞ～！,,,jp_only_event,low,
assets/data/characterData.bin.mid,719,ZombieDescription,モヒカンにしたいのかキメたいのかよくわかんね。,,,jp_only_event,low,
assets/data/characterData.bin.mid,720,Name,幕の内梅,,,jp_only_event,low,"JP-only; art ""KabukiC/KabukiC"""
assets/data/characterData.bin.mid,720,HumanDescription,髪の毛がゴワついて、整えるのに1時間かかる。,,,jp_only_event,low,
assets/data/characterData.bin.mid,720,ZombieDescription,次の髪の色、ネオンカラーにでもしてみっか。,,,jp_only_event,low,
assets/data/characterData.bin.mid,721,Name,悪の新婦,,,jp_only_event,low,"JP-only; art ""BrideA/BrideA"""
assets/data/characterData.bin.mid,721,HumanDescription,20代後半からずっと婚活がんばりました！,,,jp_only_event,low,
assets/data/characterData.bin.mid,721,ZombieDescription,30代後半でやっと結婚だったんだけど、新郎食べちゃった～,,,jp_only_event,low,
assets/data/characterData.bin.mid,722,Name,殺の新婦,,,jp_only_event,low,"JP-only; art ""BrideB/BrideB"""
assets/data/characterData.bin.mid,722,HumanDescription,合コン毎週行ってました～,,,jp_only_event,low,
assets/data/characterData.bin.mid,722,ZombieDescription,念願の玉の輿結婚だけど、ゾンビ生活。,,,jp_only_event,low,
assets/data/characterData.bin.mid,723,Name,呪の新婦,,,jp_only_event,low,"JP-only; art ""BrideC/BrideC"""
assets/data/characterData.bin.mid,723,HumanDescription,長年付き合った彼とついに結婚。,,,jp_only_event,low,
assets/data/characterData.bin.mid,723,ZombieDescription,新郎を食べようとしたら殴られちまった。,,,jp_only_event,low,
assets/data/characterData.bin.mid,724,Name,獅子舞シェフ,,,jp_only_event,low,"JP-only; art ""enemyChef/ShishimaiA"""
assets/data/characterData.bin.mid,724,HumanDescription,無し,,,jp_only_event,low,
assets/data/characterData.bin.mid,724,ZombieDescription,無し,,,jp_only_event,low,
assets/data/characterData.bin.mid,725,Name,獅子舞店員Ａ,,,jp_only_event,low,"JP-only; art ""ShishimaiB/ShishimaiB"""
assets/data/characterData.bin.mid,725,HumanDescription,無し,,,jp_only_event,low,
assets/data/characterData.bin.mid,725,ZombieDescription,無し,,,jp_only_event,low,
assets/data/characterData.bin.mid,726,Name,獅子舞店員Ｂ,,,jp_only_event,low,"JP-only; art ""ShishimaiC/ShishimaiC"""
assets/data/characterData.bin.mid,726,HumanDescription,無し,,,jp_only_event,low,
assets/data/characterData.bin.mid,726,ZombieDescription,無し,,,jp_only_event,low,
assets/data/characterData.bin.mid,727,Name,パイレーツシェフ,,,jp_only_event,low,"JP-only; art ""enemyChef/PiratesmanA"""
assets/data/characterData.bin.mid,727,HumanDescription,無し,,,jp_only_event,low,
assets/data/characterData.bin.mid,727,ZombieDescription,無し,,,jp_only_event,low,
assets/data/characterData.bin.mid,728,Name,パイレーツ店員Ａ,,,jp_only_event,low,"JP-only; art ""PiratesmanB/PiratesmanB"""
assets/data/characterData.bin.mid,728,HumanDescription,無し,,,jp_only_event,low,
assets/data/characterData.bin.mid,728,ZombieDescription,無し,,,jp_only_event,low,
assets/data/characterData.bin.mid,729,Name,パイレーツ店員Ｂ,,,jp_only_event,low,"JP-only; art ""PiratesmanC/PiratesmanC"""
assets/data/characterData.bin.mid,729,HumanDescription,無し,,,jp_only_event,low,
assets/data/characterData.bin.mid,729,ZombieDescription,無し,,,jp_only_event,low,
assets/data/characterData.bin.mid,730,Name,透明ミイラシェフ,,,jp_only_event,low,"JP-only; art ""enemyChef/Invisibleman_BandageA"""
assets/data/characterData.bin.mid,730,HumanDescription,無し,,,jp_only_event,low,
assets/data/characterData.bin.mid,730,ZombieDescription,無し,,,jp_only_event,low,
assets/data/characterData.bin.mid,731,Name,透明ミイラ店員Ａ,,,jp_only_event,low,"JP-only; art ""Invisibleman_BandageB/Invisibleman_BandageB"""
assets/data/characterData.bin.mid,731,HumanDescription,無し,,,jp_only_event,low,
assets/data/characterData.bin.mid,731,ZombieDescription,無し,,,jp_only_event,low,
assets/data/characterData.bin.mid,732,Name,透明ミイラ店員Ｂ,,,jp_only_event,low,"JP-only; art ""Invisibleman_BandageC/Invisibleman_BandageC"""
assets/data/characterData.bin.mid,732,HumanDescription,無し,,,jp_only_event,low,
assets/data/characterData.bin.mid,732,ZombieDescription,無し,,,jp_only_event,low,
assets/data/characterData.bin.mid,733,Name,幕野幕之内,,,jp_only_event,low,"JP-only; art ""Ninjakamen/KabukiD"""
assets/data/characterData.bin.mid,733,HumanDescription,肺に腫瘍が見つかり、だいぶ落ち込んだが煙草はやめれず・・・,,,jp_only_event,low,
assets/data/characterData.bin.mid,733,ZombieDescription,ゾンビになった後は腫瘍が脳みそにプラスされた。,,,jp_only_event,low,
assets/data/characterData.bin.mid,734,Name,シュリンプブライド,,,jp_only_event,low,"JP-only; art ""BrideD/shrimpA"""
assets/data/characterData.bin.mid,734,HumanDescription,結婚式に用意された伊勢海老をかぶってみた。,,,jp_only_event,low,
assets/data/characterData.bin.mid,734,ZombieDescription,伊勢海老をかぶったら抜けなくて、ゾンビになった。,,,jp_only_event,low,
assets/data/characterData.bin.mid,735,Name,メイドロイド,,,jp_only_event,low,"JP-only; art ""maid2B/maid2B"""
assets/data/characterData.bin.mid,735,HumanDescription,彼女はメイドっぽくふるまうプロ・メイドロイドだ！,,,jp_only_event,low,
assets/data/characterData.bin.mid,735,ZombieDescription,あれはメイドっぽいなにかだ…。,,,jp_only_event,low,
assets/data/characterData.bin.mid,736,Name,モーホック,,,jp_only_event,low,"JP-only; art ""PrisonerA/PrisonerA"""
assets/data/characterData.bin.mid,736,HumanDescription,ヒーローなんかいなくなれ！俺様は永遠に悪党なのだ！,,,jp_only_event,low,
assets/data/characterData.bin.mid,736,ZombieDescription,ヒーローには勝てないことがわかってきた・・・が戦い続ける俺様。,,,jp_only_event,low,
assets/data/characterData.bin.mid,737,Name,ヒーローシェフ,Couch Potato,Hero Chef,same_art_or_category,medium,"art ""nerd/faris"" -> EN row 5 (15 JP rows share this art; qualifier needed); proposed carried from TM"
assets/data/characterData.bin.mid,737,HumanDescription,無し,He's taking a break from loafing to fill his stomach.,,same_art_or_category,medium,
assets/data/characterData.bin.mid,737,ZombieDescription,無し,A somewhat mediocre zombie with no previous job experience.,,same_art_or_category,medium,
assets/data/characterData.bin.mid,738,Name,ヒーロー店員Ａ,Couch Potato,Hero Clerk A,same_art_or_category,medium,"art ""nerd/faris"" -> EN row 5 (15 JP rows share this art; qualifier needed); proposed carried from TM"
assets/data/characterData.bin.mid,738,HumanDescription,無し,He's taking a break from loafing to fill his stomach.,,same_art_or_category,medium,
assets/data/characterData.bin.mid,738,ZombieDescription,無し,A somewhat mediocre zombie with no previous job experience.,,same_art_or_category,medium,
assets/data/characterData.bin.mid,739,Name,ヒーロー店員Ｂ,Couch Potato,Hero Clerk B,same_art_or_category,medium,"art ""nerd/faris"" -> EN row 5 (15 JP rows share this art; qualifier needed); proposed carried from TM"
assets/data/characterData.bin.mid,739,HumanDescription,無し,He's taking a break from loafing to fill his stomach.,,same_art_or_category,medium,
assets/data/characterData.bin.mid,739,ZombieDescription,無し,A somewhat mediocre zombie with no previous job experience.,,same_art_or_category,medium,
assets/data/characterData.bin.mid,740,Name,歌舞伎シェフ,,,jp_only_event,low,"JP-only; art ""enemyChef/KabukiA"""
assets/data/characterData.bin.mid,740,HumanDescription,無し,,,jp_only_event,low,
assets/data/characterData.bin.mid,740,ZombieDescription,無し,,,jp_only_event,low,
assets/data/characterData.bin.mid,741,Name,歌舞伎店員Ａ,,,jp_only_event,low,"JP-only; art ""KabukiB/KabukiB"""
assets/data/characterData.bin.mid,741,HumanDescription,無し,,,jp_only_event,low,
assets/data/characterData.bin.mid,741,ZombieDescription,無し,,,jp_only_event,low,
assets/data/characterData.bin.mid,742,Name,歌舞伎店員Ｂ,,,jp_only_event,low,"JP-only; art ""KabukiC/KabukiC"""
assets/data/characterData.bin.mid,742,HumanDescription,無し,,,jp_only_event,low,
assets/data/characterData.bin.mid,742,ZombieDescription,無し,,,jp_only_event,low,
assets/data/characterData.bin.mid,743,Name,シシマイ師匠,,,jp_only_event,low,"JP-only; art ""ShishimaiD/ShishimaiD"""
assets/data/characterData.bin.mid,743,HumanDescription,５年間つつがなく舞い、ゴールドになったシシマイ,,,jp_only_event,low,
assets/data/characterData.bin.mid,743,ZombieDescription,さびにくい金はいくらなめても大丈夫。ペロペロ。,,,jp_only_event,low,
assets/data/characterData.bin.mid,744,Name,どろっしー,,,jp_only_event,low,"JP-only; art ""alice/ozA"""
assets/data/characterData.bin.mid,744,HumanDescription,元ブロンドガール。,,,jp_only_event,low,
assets/data/characterData.bin.mid,744,ZombieDescription,赤毛のアンによく間違われる。,,,jp_only_event,low,
assets/data/characterData.bin.mid,745,Name,ブリブリブリキ,,,jp_only_event,low,"JP-only; art ""nightB/ozB"""
assets/data/characterData.bin.mid,745,HumanDescription,元はガリガリ体型。,,,jp_only_event,low,
assets/data/characterData.bin.mid,745,ZombieDescription,筋肉質になった。,,,jp_only_event,low,
assets/data/characterData.bin.mid,746,Name,脳無しカカッシー,,,jp_only_event,low,"JP-only; art ""chucky_b/ozC"""
assets/data/characterData.bin.mid,746,HumanDescription,意外とタレ目。,,,jp_only_event,low,
assets/data/characterData.bin.mid,746,ZombieDescription,脳みそ内は藁が詰まっている。,,,jp_only_event,low,
assets/data/characterData.bin.mid,747,Name,らいおん丸,,,jp_only_event,low,"JP-only; art ""ozD/costume_g"""
assets/data/characterData.bin.mid,747,HumanDescription,裸にさせられた。,,,jp_only_event,low,
assets/data/characterData.bin.mid,747,ZombieDescription,意外と引き締まっている。,,,jp_only_event,low,
assets/data/characterData.bin.mid,748,Name,ファラオ・ザ・グレート,,,jp_only_event,low,"JP-only; art ""Pharaoh_A/Pharaoh_A"""
assets/data/characterData.bin.mid,748,HumanDescription,エジプシャンプロレスの帝王。,,,jp_only_event,low,
assets/data/characterData.bin.mid,748,ZombieDescription,ゾンビなんかに負けない！,,,jp_only_event,low,
assets/data/characterData.bin.mid,749,Name,エル・アヌビス,,,jp_only_event,low,"JP-only; art ""Pharaoh_B/Pharaoh_B"""
assets/data/characterData.bin.mid,749,HumanDescription,一番人気のエースエジプト。,,,jp_only_event,low,
assets/data/characterData.bin.mid,749,ZombieDescription,最多ノーコンテスト保持者。,,,jp_only_event,low,
assets/data/characterData.bin.mid,750,Name,ミス・パトラ,,,jp_only_event,low,"JP-only; art ""Cleopatra/Cleopatra"""
assets/data/characterData.bin.mid,750,HumanDescription,ひたすら凶器を補給するディーバ。,,,jp_only_event,low,
assets/data/characterData.bin.mid,750,ZombieDescription,料理の補給は初めて。,,,jp_only_event,low,
assets/data/characterData.bin.mid,751,Name,ドクトル・ネムティ,,,jp_only_event,low,"JP-only; art ""Pharaoh_C/Pharaoh_C"""
assets/data/characterData.bin.mid,751,HumanDescription,スピードが売りの若手エジプト。,,,jp_only_event,low,
assets/data/characterData.bin.mid,751,ZombieDescription,30mくらいは落下可能。,,,jp_only_event,low,
assets/data/characterData.bin.mid,752,Name,フランス浴衣女子,,,jp_only_event,low,"JP-only; art ""kimonoA/kimonoA"""
assets/data/characterData.bin.mid,752,HumanDescription,日本ではみんな浴衣を着ていると聞いてきた,,,jp_only_event,low,
assets/data/characterData.bin.mid,752,ZombieDescription,空港で自分の服装の異変に気づきゾンビになった,,,jp_only_event,low,
assets/data/characterData.bin.mid,753,Name,日本浴衣女子,,,jp_only_event,low,"JP-only; art ""kimonoB/kimonoB"""
assets/data/characterData.bin.mid,753,HumanDescription,ごく普通の浴衣女子,,,jp_only_event,low,
assets/data/characterData.bin.mid,753,ZombieDescription,ごく普通の朝顔を頭に付けたゾンビ,,,jp_only_event,low,
assets/data/characterData.bin.mid,754,Name,アメリカ浴衣女子,,,jp_only_event,low,"JP-only; art ""kimonoC/kimonoC"""
assets/data/characterData.bin.mid,754,HumanDescription,全米ナンバーワンの浴衣でカフェデビュー,,,jp_only_event,low,
assets/data/characterData.bin.mid,754,ZombieDescription,日本ではワーストワンの浴衣女子。,,,jp_only_event,low,
assets/data/characterData.bin.mid,755,Name,フランケンの愛人,,,jp_only_event,low,"JP-only; art ""kimonoD/BrideOfFrankenstein"""
assets/data/characterData.bin.mid,755,HumanDescription,フランケンのために頑張って若作り。,,,jp_only_event,low,
assets/data/characterData.bin.mid,755,ZombieDescription,ワ・タ・シ、フランケンの妻に似てるの！？まぁいいっか。,,,jp_only_event,low,
assets/data/characterData.bin.mid,756,Name,参謀ピンキートンキー,,,jp_only_event,low,"JP-only; art ""TFA/TFA"""
assets/data/characterData.bin.mid,756,HumanDescription,元ピンク車。,,,jp_only_event,low,
assets/data/characterData.bin.mid,756,ZombieDescription,この髪型ちょーイカすでしょ,,,jp_only_event,low,
assets/data/characterData.bin.mid,757,Name,工兵ボストンダック,,,jp_only_event,low,"JP-only; art ""TFB/TFB"""
assets/data/characterData.bin.mid,757,HumanDescription,元小型車。,,,jp_only_event,low,
assets/data/characterData.bin.mid,757,ZombieDescription,ゾンビになった以上、昔には戻れないゼ。,,,jp_only_event,low,
assets/data/characterData.bin.mid,758,Name,司令レッドフォックス,,,jp_only_event,low,"JP-only; art ""TFC/TFC"""
assets/data/characterData.bin.mid,758,HumanDescription,元サンルーフ付き車。,,,jp_only_event,low,
assets/data/characterData.bin.mid,758,ZombieDescription,ゾンビになったらサンルーフが消えた。,,,jp_only_event,low,
assets/data/characterData.bin.mid,759,Name,二等兵レッドボックス,,,jp_only_event,low,"JP-only; art ""TFD/robotB"""
assets/data/characterData.bin.mid,759,HumanDescription,元ブリキロボ。,,,jp_only_event,low,
assets/data/characterData.bin.mid,759,ZombieDescription,肉体改造の末、スチールロボに。,,,jp_only_event,low,
assets/data/characterData.bin.mid,760,Name,オズシェフ,,,jp_only_event,low,"JP-only; art ""enemyChef/ozA"""
assets/data/characterData.bin.mid,760,HumanDescription,無し,,,jp_only_event,low,
assets/data/characterData.bin.mid,760,ZombieDescription,無し,,,jp_only_event,low,
assets/data/characterData.bin.mid,761,Name,オズ店員Ａ,,,jp_only_event,low,"JP-only; art ""nightB/ozB"""
assets/data/characterData.bin.mid,761,HumanDescription,無し,,,jp_only_event,low,
assets/data/characterData.bin.mid,761,ZombieDescription,無し,,,jp_only_event,low,
assets/data/characterData.bin.mid,762,Name,オズ店員Ｂ,,,jp_only_event,low,"JP-only; art ""chucky_b/ozC"""
assets/data/characterData.bin.mid,762,HumanDescription,無し,,,jp_only_event,low,
assets/data/characterData.bin.mid,762,ZombieDescription,無し,,,jp_only_event,low,
assets/data/characterData.bin.mid,763,Name,エジプトシェフ,,,jp_only_event,low,"JP-only; art ""enemyChef/Pharaoh_A"""
assets/data/characterData.bin.mid,763,HumanDescription,無し,,,jp_only_event,low,
assets/data/characterData.bin.mid,763,ZombieDescription,無し,,,jp_only_event,low,
assets/data/characterData.bin.mid,764,Name,エジプト店員Ａ,,,jp_only_event,low,"JP-only; art ""Pharaoh_B/Pharaoh_B"""
assets/data/characterData.bin.mid,764,HumanDescription,無し,,,jp_only_event,low,
assets/data/characterData.bin.mid,764,ZombieDescription,無し,,,jp_only_event,low,
assets/data/characterData.bin.mid,765,Name,エジプト店員Ｂ,,,jp_only_event,low,"JP-only; art ""Cleopatra/Cleopatra"""
assets/data/characterData.bin.mid,765,HumanDescription,無し,,,jp_only_event,low,
assets/data/characterData.bin.mid,765,ZombieDescription,無し,,,jp_only_event,low,
assets/data/characterData.bin.mid,766,Name,ゆかたシェフ,,,jp_only_event,low,"JP-only; art ""enemyChef/kimonoA"""
assets/data/characterData.bin.mid,766,HumanDescription,無し,,,jp_only_event,low,
assets/data/characterData.bin.mid,766,ZombieDescription,無し,,,jp_only_event,low,
assets/data/characterData.bin.mid,767,Name,ゆかた店員Ａ,,,jp_only_event,low,"JP-only; art ""kimonoB/kimonoB"""
assets/data/characterData.bin.mid,767,HumanDescription,無し,,,jp_only_event,low,
assets/data/characterData.bin.mid,767,ZombieDescription,無し,,,jp_only_event,low,
assets/data/characterData.bin.mid,768,Name,ゆかた店員Ｂ,,,jp_only_event,low,"JP-only; art ""kimonoC/kimonoC"""
assets/data/characterData.bin.mid,768,HumanDescription,無し,,,jp_only_event,low,
assets/data/characterData.bin.mid,768,ZombieDescription,無し,,,jp_only_event,low,
assets/data/characterData.bin.mid,769,Name,ロボシェフ,,,jp_only_event,low,"JP-only; art ""TFA2/TFA2"""
assets/data/characterData.bin.mid,769,HumanDescription,無し,,,jp_only_event,low,
assets/data/characterData.bin.mid,769,ZombieDescription,無し,,,jp_only_event,low,
assets/data/characterData.bin.mid,770,Name,ロボ店員Ａ,,,jp_only_event,low,"JP-only; art ""TFB2/TFB2"""
assets/data/characterData.bin.mid,770,HumanDescription,無し,,,jp_only_event,low,
assets/data/characterData.bin.mid,770,ZombieDescription,無し,,,jp_only_event,low,
assets/data/characterData.bin.mid,771,Name,ロボ店員Ｂ,,,jp_only_event,low,"JP-only; art ""TFC2/TFC2"""
assets/data/characterData.bin.mid,771,HumanDescription,無し,,,jp_only_event,low,
assets/data/characterData.bin.mid,771,ZombieDescription,無し,,,jp_only_event,low,
assets/data/characterData.bin.mid,772,Name,フラワーテイル,,,jp_only_event,low,"JP-only; art ""PlantA/PlantA"""
assets/data/characterData.bin.mid,772,HumanDescription,何で妖精なんだろう。,,,jp_only_event,low,
assets/data/characterData.bin.mid,772,ZombieDescription,本当は人間になりたかったのにな。,,,jp_only_event,low,
assets/data/characterData.bin.mid,773,Name,らふれしあん,,,jp_only_event,low,"JP-only; art ""PlantB/PlantB"""
assets/data/characterData.bin.mid,773,HumanDescription,好きでカブリモノをしているんじゃないの。,,,jp_only_event,low,
assets/data/characterData.bin.mid,773,ZombieDescription,頭を噛じられて取れなくなってしまったの。,,,jp_only_event,low,
assets/data/characterData.bin.mid,774,Name,生えたてじいさん,,,jp_only_event,low,"JP-only; art ""PlantC/PlantC"""
assets/data/characterData.bin.mid,774,HumanDescription,もう長いこと妖精してるな。,,,jp_only_event,low,
assets/data/characterData.bin.mid,774,ZombieDescription,妖精に始まり妖精で終わる・・・か。,,,jp_only_event,low,
assets/data/characterData.bin.mid,775,Name,夏祭り女子,,,jp_only_event,low,"JP-only; art ""kimonoE/kimonoE"""
assets/data/characterData.bin.mid,775,HumanDescription,実は日本浴衣女子の妹。,,,jp_only_event,low,
assets/data/characterData.bin.mid,775,ZombieDescription,ゾンビになっても姉よりモテる。,,,jp_only_event,low,
assets/data/characterData.bin.mid,776,Name,浮遊霊子,,,jp_only_event,low,"JP-only; art ""ghostH/ghostH"""
assets/data/characterData.bin.mid,776,HumanDescription,ひとりって寂しいな・・・,,,jp_only_event,low,
assets/data/characterData.bin.mid,776,ZombieDescription,あたしいつまで浮遊霊なんだろう。天国へ行きたい。,,,jp_only_event,low,
assets/data/characterData.bin.mid,777,Name,ゆうしゃ,,,jp_only_event,low,"JP-only; art ""yuusyaA/yuusyaA"""
assets/data/characterData.bin.mid,777,HumanDescription,美人勇者してるけど、もう飽きたわ。,,,jp_only_event,low,
assets/data/characterData.bin.mid,777,ZombieDescription,痛いかどうか試しに剣を刺してみた。無痛。,,,jp_only_event,low,
assets/data/characterData.bin.mid,778,Name,そうりょ,,,jp_only_event,low,"JP-only; art ""yuusyaB/yuusyaB"""
assets/data/characterData.bin.mid,778,HumanDescription,私が持ってるのは軍配団扇じゃないわよ。,,,jp_only_event,low,
assets/data/characterData.bin.mid,778,ZombieDescription,自分の髪に絞めつけられて早一週間。戦い辛いわよ。,,,jp_only_event,low,
assets/data/characterData.bin.mid,779,Name,まほうつかい,,,jp_only_event,low,"JP-only; art ""yuusyaC/yuusyaC"""
assets/data/characterData.bin.mid,779,HumanDescription,アタシの魔法にかかれば男なんてイチコロさ。,,,jp_only_event,low,
assets/data/characterData.bin.mid,779,ZombieDescription,邪悪なカブリモノに取り憑かれちまったよ、アタシ。,,,jp_only_event,low,
assets/data/characterData.bin.mid,780,Name,にせゆうしゃ,,,jp_only_event,low,"JP-only; art ""yuusyaD/businessman"""
assets/data/characterData.bin.mid,780,HumanDescription,女性勇者と一緒にいるとね～うつっちゃうんだよ。,,,jp_only_event,low,
assets/data/characterData.bin.mid,780,ZombieDescription,女性の格好をするのもいいかも・・・。,,,jp_only_event,low,
assets/data/characterData.bin.mid,781,Name,サキュバス,,,jp_only_event,low,"JP-only; art ""harpyA/harpyA"""
assets/data/characterData.bin.mid,781,HumanDescription,サキュのように舞い、バスのように刺す。,,,jp_only_event,low,
assets/data/characterData.bin.mid,781,ZombieDescription,バスのように舞い、サキュのようにサキュ。,,,jp_only_event,low,
assets/data/characterData.bin.mid,782,Name,セイレーン,,,jp_only_event,low,"JP-only; art ""harpyB/harpyB"""
assets/data/characterData.bin.mid,782,HumanDescription,カラオーケストラのハイスコアは７２点。,,,jp_only_event,low,
assets/data/characterData.bin.mid,782,ZombieDescription,ドレシラソファミレのセイレーン。,,,jp_only_event,low,
assets/data/characterData.bin.mid,783,Name,ハーピー,,,jp_only_event,low,"JP-only; art ""harpyC/harpyC"""
assets/data/characterData.bin.mid,783,HumanDescription,その顔に似合わない鳥並みの知性は皆に受け入れられない。,,,jp_only_event,low,
assets/data/characterData.bin.mid,783,ZombieDescription,鳥かごとジャングルジムの区別がつかない。,,,jp_only_event,low,
assets/data/characterData.bin.mid,784,Name,コケコーン,,,jp_only_event,low,"JP-only; art ""harpyD/costume_e"""
assets/data/characterData.bin.mid,784,HumanDescription,グリコーゲンの３００倍。,,,jp_only_event,low,
assets/data/characterData.bin.mid,784,ZombieDescription,コケコーンと言いながら枕を濡らす。,,,jp_only_event,low,
assets/data/characterData.bin.mid,785,Name,勇者シェフ,,,jp_only_event,low,"JP-only; art ""yuusyaA/yuusyaA"""
assets/data/characterData.bin.mid,785,HumanDescription,無し,,,jp_only_event,low,
assets/data/characterData.bin.mid,785,ZombieDescription,無し,,,jp_only_event,low,
assets/data/characterData.bin.mid,786,Name,僧侶店員Ｂ,,,jp_only_event,low,"JP-only; art ""yuusyaB/yuusyaB"""
assets/data/characterData.bin.mid,786,HumanDescription,無し,,,jp_only_event,low,
assets/data/characterData.bin.mid,786,ZombieDescription,無し,,,jp_only_event,low,
assets/data/characterData.bin.mid,787,Name,魔法使い店員Ｂ,,,jp_only_event,low,"JP-only; art ""yuusyaC/yuusyaC"""
assets/data/characterData.bin.mid,787,HumanDescription,無し,,,jp_only_event,low,
assets/data/characterData.bin.mid,787,ZombieDescription,無し,,,jp_only_event,low,
assets/data/characterData.bin.mid,788,Name,サキュバスシェフ,,,jp_only_event,low,"JP-only; art ""harpyA/harpyA"""
assets/data/characterData.bin.mid,788,HumanDescription,無し,,,jp_only_event,low,
assets/data/characterData.bin.mid,788,ZombieDescription,無し,,,jp_only_event,low,
assets/data/characterData.bin.mid,789,Name,セイレーン店員Ａ,,,jp_only_event,low,"JP-only; art ""harpyB/harpyB"""
assets/data/characterData.bin.mid,789,HumanDescription,無し,,,jp_only_event,low,
assets/data/characterData.bin.mid,789,ZombieDescription,無し,,,jp_only_event,low,
assets/data/characterData.bin.mid,790,Name,ハーピー店員Ｂ,,,jp_only_event,low,"JP-only; art ""harpyC/harpyC"""
assets/data/characterData.bin.mid,790,HumanDescription,無し,,,jp_only_event,low,
assets/data/characterData.bin.mid,790,ZombieDescription,無し,,,jp_only_event,low,
assets/data/characterData.bin.mid,791,Name,レディナイト,,,jp_only_event,low,"JP-only; art ""valkyrieA/valkyrieA"""
assets/data/characterData.bin.mid,791,HumanDescription,何で私だけエプロン付けなきゃいけないのよ！,,,jp_only_event,low,
assets/data/characterData.bin.mid,791,ZombieDescription,マジでだる～。やる気ナシ。,,,jp_only_event,low,
assets/data/characterData.bin.mid,792,Name,ヴァルキリー,,,jp_only_event,low,"JP-only; art ""valkyrieB/valkyrieB"""
assets/data/characterData.bin.mid,792,HumanDescription,私、生粋の日本生まれの日本育ち。,,,jp_only_event,low,
assets/data/characterData.bin.mid,792,ZombieDescription,輪ゴム拾ったからサイドへアを結んでみた。,,,jp_only_event,low,
assets/data/characterData.bin.mid,793,Name,アマゾネス,,,jp_only_event,low,"JP-only; art ""valkyrieC/valkyrieC"""
assets/data/characterData.bin.mid,793,HumanDescription,髪がくせ毛で厄介。,,,jp_only_event,low,
assets/data/characterData.bin.mid,793,ZombieDescription,ガムフーセン作りに失敗して口に付いちゃったみたい。,,,jp_only_event,low,
assets/data/characterData.bin.mid,794,Name,オシャレナイト,,,jp_only_event,low,"JP-only; art ""valkyrieD/model"""
assets/data/characterData.bin.mid,794,HumanDescription,昔はよく髪下ろしてたんだけど。,,,jp_only_event,low,
assets/data/characterData.bin.mid,794,ZombieDescription,何であたしだけ髪飾りがないの！？,,,jp_only_event,low,
assets/data/characterData.bin.mid,795,Name,オスカーさん,,,jp_only_event,low,"JP-only; art ""FranceA/FranceA"""
assets/data/characterData.bin.mid,795,HumanDescription,バラが世界一似合う男と表彰されたが、実は女性。,,,jp_only_event,low,
assets/data/characterData.bin.mid,795,ZombieDescription,バラが自分から離れないように刺してみた。,,,jp_only_event,low,
assets/data/characterData.bin.mid,796,Name,アンドーさん,,,jp_only_event,low,"JP-only; art ""FranceB/FranceB"""
assets/data/characterData.bin.mid,796,HumanDescription,バラバラバラバラ、うんざりだ。,,,jp_only_event,low,
assets/data/characterData.bin.mid,796,ZombieDescription,バラなんか食ってやる。,,,jp_only_event,low,
assets/data/characterData.bin.mid,797,Name,マリーさん,,,jp_only_event,low,"JP-only; art ""BrideA/FranceC"""
assets/data/characterData.bin.mid,797,HumanDescription,パンがないならゾンビになればいいのに。,,,jp_only_event,low,
assets/data/characterData.bin.mid,797,ZombieDescription,マリー、腐敗して臭いからバラをたくさん付けてごまかしているの。,,,jp_only_event,low,
assets/data/characterData.bin.mid,798,Name,そこらへんの貴族,,,jp_only_event,low,"JP-only; art ""FranceD/faris"""
assets/data/characterData.bin.mid,798,HumanDescription,取り敢えず貴族。,,,jp_only_event,low,
assets/data/characterData.bin.mid,798,ZombieDescription,見た目は悪いがやはり貴族。,,,jp_only_event,low,
assets/data/characterData.bin.mid,799,Name,ジュラファン,,,jp_only_event,low,"JP-only; art ""baseballA/baseballA"""
assets/data/characterData.bin.mid,799,HumanDescription,ジャンキースのマスコットキャラクター,,,jp_only_event,low,
assets/data/characterData.bin.mid,799,ZombieDescription,遠心力でクビを痛めても平気,,,jp_only_event,low,
assets/data/characterData.bin.mid,800,Name,アルパッチョ,,,jp_only_event,low,"JP-only; art ""baseballB/baseballB"""
assets/data/characterData.bin.mid,800,HumanDescription,アルパカスタンダーズのマスコットキャラクター,,,jp_only_event,low,
assets/data/characterData.bin.mid,800,ZombieDescription,必ずホームランボールに当たるパフォーマンスが得意。,,,jp_only_event,low,
assets/data/characterData.bin.mid,801,Name,ゴリラップ,,,jp_only_event,low,"JP-only; art ""baseballC/baseballC"""
assets/data/characterData.bin.mid,801,HumanDescription,レッドフォックスの２代目マスコットキャラクター,,,jp_only_event,low,
assets/data/characterData.bin.mid,801,ZombieDescription,ホームランラップで脳をシェイク,,,jp_only_event,low,
assets/data/characterData.bin.mid,802,Name,ミスターベースボール,,,jp_only_event,low,"JP-only; art ""baseballD/enemychefpub"""
assets/data/characterData.bin.mid,802,HumanDescription,レッドフォックスの初代マスコットキャラクター,,,jp_only_event,low,
assets/data/characterData.bin.mid,802,ZombieDescription,ピーク時、このマスクに毎月１２万個の発注があった。,,,jp_only_event,low,
assets/data/characterData.bin.mid,803,Name,ヴァルキリーシェフ,,,jp_only_event,low,"JP-only; art ""valkyrieA/valkyrieA"""
assets/data/characterData.bin.mid,803,HumanDescription,無し,,,jp_only_event,low,
assets/data/characterData.bin.mid,803,ZombieDescription,無し,,,jp_only_event,low,
assets/data/characterData.bin.mid,804,Name,ヴァルキリー店員Ａ,,,jp_only_event,low,"JP-only; art ""valkyrieB/valkyrieB"""
assets/data/characterData.bin.mid,804,HumanDescription,無し,,,jp_only_event,low,
assets/data/characterData.bin.mid,804,ZombieDescription,無し,,,jp_only_event,low,
assets/data/characterData.bin.mid,805,Name,ヴァルキリー店員Ｂ,,,jp_only_event,low,"JP-only; art ""valkyrieC/valkyrieC"""
assets/data/characterData.bin.mid,805,HumanDescription,無し,,,jp_only_event,low,
assets/data/characterData.bin.mid,805,ZombieDescription,無し,,,jp_only_event,low,
assets/data/characterData.bin.mid,806,Name,フランスシェフ,,,jp_only_event,low,"JP-only; art ""enemyChef/FranceA"""
assets/data/characterData.bin.mid,806,HumanDescription,無し,,,jp_only_event,low,
assets/data/characterData.bin.mid,806,ZombieDescription,無し,,,jp_only_event,low,
assets/data/characterData.bin.mid,807,Name,フランス店員Ａ,,,jp_only_event,low,"JP-only; art ""FranceB/FranceB"""
assets/data/characterData.bin.mid,807,HumanDescription,無し,,,jp_only_event,low,
assets/data/characterData.bin.mid,807,ZombieDescription,無し,,,jp_only_event,low,
assets/data/characterData.bin.mid,808,Name,フランス店員Ｂ,,,jp_only_event,low,"JP-only; art ""BrideA/FranceC"""
assets/data/characterData.bin.mid,808,HumanDescription,無し,,,jp_only_event,low,
assets/data/characterData.bin.mid,808,ZombieDescription,無し,,,jp_only_event,low,
assets/data/characterData.bin.mid,809,Name,動物マスコットシェフ,,,jp_only_event,low,"JP-only; art ""enemyChef/baseballA"""
assets/data/characterData.bin.mid,809,HumanDescription,無し,,,jp_only_event,low,
assets/data/characterData.bin.mid,809,ZombieDescription,無し,,,jp_only_event,low,
assets/data/characterData.bin.mid,810,Name,動物マスコット店員Ａ,,,jp_only_event,low,"JP-only; art ""baseballB/baseballB"""
assets/data/characterData.bin.mid,810,HumanDescription,無し,,,jp_only_event,low,
assets/data/characterData.bin.mid,810,ZombieDescription,無し,,,jp_only_event,low,
assets/data/characterData.bin.mid,811,Name,動物マスコット店員Ｂ,,,jp_only_event,low,"JP-only; art ""baseballC/baseballC"""
assets/data/characterData.bin.mid,811,HumanDescription,無し,,,jp_only_event,low,
assets/data/characterData.bin.mid,811,ZombieDescription,無し,,,jp_only_event,low,
assets/data/characterData.bin.mid,812,Name,デビルシェフ,,,jp_only_event,low,"JP-only; art ""enemyChef/akumaB"""
assets/data/characterData.bin.mid,812,HumanDescription,人間の胃袋をつかむため地底からやってきた。,,,jp_only_event,low,
assets/data/characterData.bin.mid,812,ZombieDescription,人間の胃袋をつかむため地底からやってきた。,,,jp_only_event,low,
assets/data/characterData.bin.mid,813,Name,サイコラビットシェフ,,,jp_only_event,low,"JP-only; art ""clown/costume_a"""
assets/data/characterData.bin.mid,813,HumanDescription,これをかぶることで世界が変わった。,,,jp_only_event,low,
assets/data/characterData.bin.mid,813,ZombieDescription,夢をあたえて脳を奪う。,,,jp_only_event,low,
assets/data/characterData.bin.mid,814,Name,ちょい強化ハトシェフ,,,jp_only_event,low,"JP-only; art ""hatoD/hatoD"""
assets/data/characterData.bin.mid,814,HumanDescription,養殖で大量に育てられた強化ハト。栄養はないがちょい幸せになる。,,,jp_only_event,low,
assets/data/characterData.bin.mid,814,ZombieDescription,養殖で大量に育てられた強化ハト。栄養はないがちょい幸せになる。,,,jp_only_event,low,
assets/data/characterData.bin.mid,815,Name,サンジェルマン伯爵シェフ,,,jp_only_event,low,"JP-only; art ""DraculaA/DraculaA"""
assets/data/characterData.bin.mid,815,HumanDescription,少しのズレも妥協しない几帳面さがウリ。,,,jp_only_event,low,
assets/data/characterData.bin.mid,815,ZombieDescription,血を吸うよりも、端から順番に脳を食べたい。,,,jp_only_event,low,
assets/data/characterData.bin.mid,816,Name,ホッケーマスクＦＲIシェフ,,,jp_only_event,low,"JP-only; art ""jasonA/jasonA"""
assets/data/characterData.bin.mid,816,HumanDescription,実はのこぎりの使い方を知らない。,,,jp_only_event,low,
assets/data/characterData.bin.mid,816,ZombieDescription,キ・キ・キ・キ・・・マ・マ・マ・マ,,,jp_only_event,low,
assets/data/characterData.bin.mid,817,Name,ありすシェフ,,,jp_only_event,low,"JP-only; art ""alice/alice"""
assets/data/characterData.bin.mid,817,HumanDescription,不思議の国じゃなくて不思議のカフェに迷い込んだ。,,,jp_only_event,low,
assets/data/characterData.bin.mid,817,ZombieDescription,ゾンビになったらカフェのお茶がおいしく感じる。,,,jp_only_event,low,
assets/data/characterData.bin.mid,818,Name,死の人形,,,jp_only_event,low,"JP-only; art ""chucky_c/chucky_c"""
assets/data/characterData.bin.mid,818,HumanDescription,人形なのになぜか、結婚相手を探している。,,,jp_only_event,low,
assets/data/characterData.bin.mid,818,ZombieDescription,結婚願望が、脳への欲求に変わった。,,,jp_only_event,low,
assets/data/characterData.bin.mid,819,Name,どろいどっこ４．０,,,jp_only_event,low,"JP-only; art ""droidA/droidA"""
assets/data/characterData.bin.mid,819,HumanDescription,アイスクリームサンドイッチ買いにいっか！おー！,,,jp_only_event,low,
assets/data/characterData.bin.mid,819,ZombieDescription,むうん～やっぱりアイスクリームサンドイッチ美味しっ♪,,,jp_only_event,low,
assets/data/characterData.bin.mid,820,Name,どろいどっこ４．３,,,jp_only_event,low,"JP-only; art ""droidB/droidB"""
assets/data/characterData.bin.mid,820,HumanDescription,ジェリービーンズを鼻にいれてみたい。好奇心！,,,jp_only_event,low,
assets/data/characterData.bin.mid,820,ZombieDescription,案の定、ジェリービーンズ取れなくなっちゃった…,,,jp_only_event,low,
assets/data/characterData.bin.mid,821,Name,ゾンビ船船長,,,jp_only_event,low,"JP-only; art ""EDFA/EDFA"""
assets/data/characterData.bin.mid,821,HumanDescription,元宇宙船の補佐官。,,,jp_only_event,low,
assets/data/characterData.bin.mid,821,ZombieDescription,ゾンビになったのをいいことに船長の座を奪った。,,,jp_only_event,low,
assets/data/characterData.bin.mid,822,Name,ゾンビ船補佐官,,,jp_only_event,low,"JP-only; art ""EDFB/EDFB"""
assets/data/characterData.bin.mid,822,HumanDescription,元宇宙船の船長。,,,jp_only_event,low,
assets/data/characterData.bin.mid,822,ZombieDescription,ゾンビにされて気づいたら補佐官だった。,,,jp_only_event,low,
assets/data/characterData.bin.mid,823,Name,ULTRAゾンビ,,,jp_only_event,low,"JP-only; art ""EDFC/EDFC"""
assets/data/characterData.bin.mid,823,HumanDescription,変死だ！ヒ～カ～リ～よーーーっ！,,,jp_only_event,low,
assets/data/characterData.bin.mid,823,ZombieDescription,地球人だろうと宇宙人であろうと私はULTRAゾンビだ！,,,jp_only_event,low,
assets/data/characterData.bin.mid,824,Name,セイビングマン,,,jp_only_event,low,"JP-only; art ""EDFD/EDFD"""
assets/data/characterData.bin.mid,824,HumanDescription,元地球人。,,,jp_only_event,low,
assets/data/characterData.bin.mid,824,ZombieDescription,自らゾンビの世界に飛び込んだ。,,,jp_only_event,low,
assets/data/characterData.bin.mid,825,Name,モン女フランケン科,,,jp_only_event,low,"JP-only; art ""SGA/SGA"""
assets/data/characterData.bin.mid,825,HumanDescription,ドリルでひたすら工作に励んでいます。,,,jp_only_event,low,
assets/data/characterData.bin.mid,825,ZombieDescription,モンステラ女学院フランケン科所属。,,,jp_only_event,low,
assets/data/characterData.bin.mid,826,Name,吸血ヶ台学園,,,jp_only_event,low,"JP-only; art ""SGB/SGB"""
assets/data/characterData.bin.mid,826,HumanDescription,放課後は友達と血ジュースバーに必ず通います。,,,jp_only_event,low,
assets/data/characterData.bin.mid,826,ZombieDescription,吸血ヶ台学園ヴァンパイア科所属。,,,jp_only_event,low,
assets/data/characterData.bin.mid,827,Name,モン女ホッケー科,,,jp_only_event,low,"JP-only; art ""SGC/SGC"""
assets/data/characterData.bin.mid,827,HumanDescription,毎晩夜中に人を襲いに行くから目が充血気味です。,,,jp_only_event,low,
assets/data/characterData.bin.mid,827,ZombieDescription,モンステラ女学院ホッケー科所属。,,,jp_only_event,low,
assets/data/characterData.bin.mid,828,Name,とらとらとら,,,jp_only_event,low,"JP-only; art ""SGD/costume_b"""
assets/data/characterData.bin.mid,828,HumanDescription,ネコの彼氏がいます。本命ではないです。,,,jp_only_event,low,
assets/data/characterData.bin.mid,828,ZombieDescription,モンステラ女学院アニマル科所属。,,,jp_only_event,low,
assets/data/characterData.bin.mid,829,Name,チェイソン,,,jp_only_event,low,"JP-only; art ""SGE/jasonB"""
assets/data/characterData.bin.mid,829,HumanDescription,顔をお見せすることはできません。,,,jp_only_event,low,
assets/data/characterData.bin.mid,829,ZombieDescription,モンステラ女学院チェーンソー科所属。,,,jp_only_event,low,
assets/data/characterData.bin.mid,830,Name,ひみこっち,,,jp_only_event,low,"JP-only; art ""haniwaA/haniwaA"""
assets/data/characterData.bin.mid,830,HumanDescription,本当は美しいのよ。,,,jp_only_event,low,
assets/data/characterData.bin.mid,830,ZombieDescription,人々の前に表した姿がコレ。緑肌だなんて…。,,,jp_only_event,low,
assets/data/characterData.bin.mid,831,Name,縄文式ゾンビ,,,jp_only_event,low,"JP-only; art ""haniwaB/haniwaB"""
assets/data/characterData.bin.mid,831,HumanDescription,私、シャクレです。,,,jp_only_event,low,
assets/data/characterData.bin.mid,831,ZombieDescription,やっぱりシャクレです。,,,jp_only_event,low,
assets/data/characterData.bin.mid,832,Name,弥生式ゾンビ,,,jp_only_event,low,"JP-only; art ""haniwaC/haniwaC"""
assets/data/characterData.bin.mid,832,HumanDescription,本当はハゲてるんだ、自分。,,,jp_only_event,low,
assets/data/characterData.bin.mid,832,ZombieDescription,一生ヘルメットは脱がないよ。,,,jp_only_event,low,
assets/data/characterData.bin.mid,833,Name,大和式ゾンビ,,,jp_only_event,low,"JP-only; art ""haniwaD/haniwaD"""
assets/data/characterData.bin.mid,833,HumanDescription,元々潤ってたからボディにハリがあったんだけどな。,,,jp_only_event,low,
assets/data/characterData.bin.mid,833,ZombieDescription,ゾンビになったらドライになってボディがボロボロだ。,,,jp_only_event,low,
assets/data/characterData.bin.mid,834,Name,ドキ土器ピエロ,,,jp_only_event,low,"JP-only; art ""clown/haniwaE"""
assets/data/characterData.bin.mid,834,HumanDescription,口閉じたいんだけど…乾燥しちゃって…い、痛い。,,,jp_only_event,low,
assets/data/characterData.bin.mid,834,ZombieDescription,ビエロ服に着替えてみた。,,,jp_only_event,low,
assets/data/characterData.bin.mid,835,Name,ドキ土器カフェクルー,,,jp_only_event,low,"JP-only; art ""maid/haniwaD"""
assets/data/characterData.bin.mid,835,HumanDescription,乾燥しちゃって口が開きっぱなし。,,,jp_only_event,low,
assets/data/characterData.bin.mid,835,ZombieDescription,メイド服に変装してみたよ。,,,jp_only_event,low,
assets/data/characterData.bin.mid,836,Name,ドキ土器ヒロイン,,,jp_only_event,low,"JP-only; art ""alice/haniwaG"""
assets/data/characterData.bin.mid,836,HumanDescription,乾燥しちゃって口が閉じない。,,,jp_only_event,low,
assets/data/characterData.bin.mid,836,ZombieDescription,ちょいと乙女チックになってみた。,,,jp_only_event,low,
assets/data/characterData.bin.mid,837,Name,特攻式ハニワ,,,jp_only_event,low,"JP-only; art ""haniwaH/haniwaH"""
assets/data/characterData.bin.mid,837,HumanDescription,雨の日に馬が突進してきたもんで。,,,jp_only_event,low,
assets/data/characterData.bin.mid,837,ZombieDescription,なんか知らんが馬がくっついてしまったんだ。,,,jp_only_event,low,
assets/data/characterData.bin.mid,838,Name,隊員シェフ,,,jp_only_event,low,"JP-only; art ""enemyChef/EDFA"""
assets/data/characterData.bin.mid,838,HumanDescription,無し,,,jp_only_event,low,
assets/data/characterData.bin.mid,838,ZombieDescription,無し,,,jp_only_event,low,
assets/data/characterData.bin.mid,839,Name,隊員店員Ａ,,,jp_only_event,low,"JP-only; art ""EDFB/EDFB"""
assets/data/characterData.bin.mid,839,HumanDescription,無し,,,jp_only_event,low,
assets/data/characterData.bin.mid,839,ZombieDescription,無し,,,jp_only_event,low,
assets/data/characterData.bin.mid,840,Name,隊員店員Ｂ,,,jp_only_event,low,"JP-only; art ""EDFC/EDFC"""
assets/data/characterData.bin.mid,840,HumanDescription,無し,,,jp_only_event,low,
assets/data/characterData.bin.mid,840,ZombieDescription,無し,,,jp_only_event,low,
assets/data/characterData.bin.mid,841,Name,せいふくシェフ,,,jp_only_event,low,"JP-only; art ""enemyChef/SGA"""
assets/data/characterData.bin.mid,841,HumanDescription,無し,,,jp_only_event,low,
assets/data/characterData.bin.mid,841,ZombieDescription,無し,,,jp_only_event,low,
assets/data/characterData.bin.mid,842,Name,せいふく店員Ａ,,,jp_only_event,low,"JP-only; art ""SGB/SGB"""
assets/data/characterData.bin.mid,842,HumanDescription,無し,,,jp_only_event,low,
assets/data/characterData.bin.mid,842,ZombieDescription,無し,,,jp_only_event,low,
assets/data/characterData.bin.mid,843,Name,せいふく店員Ｂ,,,jp_only_event,low,"JP-only; art ""SGC/SGC"""
assets/data/characterData.bin.mid,843,HumanDescription,無し,,,jp_only_event,low,
assets/data/characterData.bin.mid,843,ZombieDescription,無し,,,jp_only_event,low,
assets/data/characterData.bin.mid,844,Name,はにわシェフ,,,jp_only_event,low,"JP-only; art ""enemyChef/haniwaA"""
assets/data/characterData.bin.mid,844,HumanDescription,無し,,,jp_only_event,low,
assets/data/characterData.bin.mid,844,ZombieDescription,無し,,,jp_only_event,low,
assets/data/characterData.bin.mid,845,Name,はにわ店員Ａ,,,jp_only_event,low,"JP-only; art ""haniwaB/haniwaB"""
assets/data/characterData.bin.mid,845,HumanDescription,無し,,,jp_only_event,low,
assets/data/characterData.bin.mid,845,ZombieDescription,無し,,,jp_only_event,low,
assets/data/characterData.bin.mid,846,Name,はにわ店員Ｂ,,,jp_only_event,low,"JP-only; art ""haniwaC/haniwaC"""
assets/data/characterData.bin.mid,846,HumanDescription,無し,,,jp_only_event,low,
assets/data/characterData.bin.mid,846,ZombieDescription,無し,,,jp_only_event,low,
assets/data/characterData.bin.mid,847,Name,にゃんこぱんつ,,,jp_only_event,low,"JP-only; art ""HWcat/HWcat"""
assets/data/characterData.bin.mid,847,HumanDescription,こう見えてもオイラは強いニャン。,,,jp_only_event,low,
assets/data/characterData.bin.mid,847,ZombieDescription,カボチャのおばけプリン食べたら抜けなくなったニャン。,,,jp_only_event,low,
assets/data/characterData.bin.mid,848,Name,骨ボーイ,,,jp_only_event,low,"JP-only; art ""fishmanA/CardsE"""
assets/data/characterData.bin.mid,848,HumanDescription,髪の毛も何もないからチビに見られる。,,,jp_only_event,low,
assets/data/characterData.bin.mid,848,ZombieDescription,いつかいろんなカツラをカブりたいな～。,,,jp_only_event,low,
assets/data/characterData.bin.mid,849,Name,かぼちゃTUX,,,jp_only_event,low,"JP-only; art ""fishmanA/HWpumpkinA"""
assets/data/characterData.bin.mid,849,HumanDescription,タキシードマニア。ってか、タキシードしか似合わない。,,,jp_only_event,low,
assets/data/characterData.bin.mid,849,ZombieDescription,手袋も着用しないとタキシードの意味がないんだよ。,,,jp_only_event,low,
assets/data/characterData.bin.mid,850,Name,かぼちゃMAID,,,jp_only_event,low,"JP-only; art ""maid2B/HWpumpkinB"""
assets/data/characterData.bin.mid,850,HumanDescription,いろんな種類のメイド衣装を持っています。,,,jp_only_event,low,
assets/data/characterData.bin.mid,850,ZombieDescription,やっぱり自分と同色のメイド衣装が落ち着くわ。,,,jp_only_event,low,
assets/data/characterData.bin.mid,851,Name,かぼちゃNURSE,,,jp_only_event,low,"JP-only; art ""nurseA/HWpumpkinC"""
assets/data/characterData.bin.mid,851,HumanDescription,南瓜市立病院外来勤務。,,,jp_only_event,low,
assets/data/characterData.bin.mid,851,ZombieDescription,ず～っと南瓜市立病院で働いているけど未だ看護師長になれず。,,,jp_only_event,low,
assets/data/characterData.bin.mid,852,Name,かぼちゃSAT,,,jp_only_event,low,"JP-only; art ""militaryF/HWpumpkinD"""
assets/data/characterData.bin.mid,852,HumanDescription,頭がデカイから動きにキレがない。,,,jp_only_event,low,
assets/data/characterData.bin.mid,852,ZombieDescription,暗視ゴーグルをしなくても闇の中はよく見える。,,,jp_only_event,low,
assets/data/characterData.bin.mid,853,Name,小魔女王,,,jp_only_event,low,"JP-only; art ""HWwitchA/HWwitchA"""
assets/data/characterData.bin.mid,853,HumanDescription,魔法使い一族のおてんば娘。,,,jp_only_event,low,
assets/data/characterData.bin.mid,853,ZombieDescription,私は永遠に美しいの。年を取ることを知らない魔女王。,,,jp_only_event,low,
assets/data/characterData.bin.mid,854,Name,蕎麦屋の大将,,,jp_only_event,low,"JP-only; art ""BicycleB/BicycleB"""
assets/data/characterData.bin.mid,854,HumanDescription,そば処『大将』を大正元年に開店。,,,jp_only_event,low,
assets/data/characterData.bin.mid,854,ZombieDescription,ゾンビになっても大正時代の伝統そばつゆを作り続けている。,,,jp_only_event,low,
assets/data/characterData.bin.mid,855,Name,中華屋女子ハン,,,jp_only_event,low,"JP-only; art ""BicycleA/BicycleA"""
assets/data/characterData.bin.mid,855,HumanDescription,日本に来日し中華屋をオープン。そば処『大将』のライバル店。,,,jp_only_event,low,
assets/data/characterData.bin.mid,855,ZombieDescription,店長だけど、Myドラゴン自転車で出前配達得意です。,,,jp_only_event,low,
assets/data/characterData.bin.mid,856,Name,蕎麦屋の弟子,,,jp_only_event,low,"JP-only; art ""BicycleC/businessman"""
assets/data/characterData.bin.mid,856,HumanDescription,『大将』に弟子入りして20年。変化なし。,,,jp_only_event,low,
assets/data/characterData.bin.mid,856,ZombieDescription,小心者すぎて『大将』から離れられない。自分の店を出すのが夢。,,,jp_only_event,low,
assets/data/characterData.bin.mid,857,Name,蕎麦屋の周さん,,,jp_only_event,low,"JP-only; art ""BicycleD/Kyonshi_man"""
assets/data/characterData.bin.mid,857,HumanDescription,蕎麦屋に憧れ来日。,,,jp_only_event,low,
assets/data/characterData.bin.mid,857,ZombieDescription,ひたすら出前させられています。,,,jp_only_event,low,
assets/data/characterData.bin.mid,858,Name,中華屋女子ソン,,,jp_only_event,low,"JP-only; art ""BicycleE/model"""
assets/data/characterData.bin.mid,858,HumanDescription,元スーパーモデル。何故かウェイトレスの道を歩む。,,,jp_only_event,low,
assets/data/characterData.bin.mid,858,ZombieDescription,仕事中でもサングラスは欠かせません。,,,jp_only_event,low,
assets/data/characterData.bin.mid,859,Name,中華屋女子ミン,,,jp_only_event,low,"JP-only; art ""BicycleF/maid"""
assets/data/characterData.bin.mid,859,HumanDescription,学校帰りに中華屋でバイトしています。,,,jp_only_event,low,
assets/data/characterData.bin.mid,859,ZombieDescription,中華屋に魅力を感じ、学校サボってひたすら働いています。,,,jp_only_event,low,
assets/data/characterData.bin.mid,860,Name,猫少女,,,jp_only_event,low,"JP-only; art ""specterA/specterA"""
assets/data/characterData.bin.mid,860,HumanDescription,人間と猫又のハーフ。クラスの人気者。,,,jp_only_event,low,
assets/data/characterData.bin.mid,860,ZombieDescription,目はつり目だが心は優しい。,,,jp_only_event,low,
assets/data/characterData.bin.mid,861,Name,狐っ子,,,jp_only_event,low,"JP-only; art ""specterB/specterB"""
assets/data/characterData.bin.mid,861,HumanDescription,狐又の世界では着物以外は着用しない。,,,jp_only_event,low,
assets/data/characterData.bin.mid,861,ZombieDescription,着物コレクションの数は半端ない。世界に一着しかないものもある。,,,jp_only_event,low,
assets/data/characterData.bin.mid,862,Name,兎のミミ,,,jp_only_event,low,"JP-only; art ""specterC/specterC"""
assets/data/characterData.bin.mid,862,HumanDescription,実はかなりの直毛。毎朝コテで巻いている。,,,jp_only_event,low,
assets/data/characterData.bin.mid,862,ZombieDescription,毎朝この髪型にするのに一苦労。,,,jp_only_event,low,
assets/data/characterData.bin.mid,863,Name,ニャーゴ,,,jp_only_event,low,"JP-only; art ""specterD/specterD"""
assets/data/characterData.bin.mid,863,HumanDescription,いつも何かを企んでいる。24時間脳みそフル回転。,,,jp_only_event,low,
assets/data/characterData.bin.mid,863,ZombieDescription,脳みそないけど、昔からの悪の習慣が染み付いている。,,,jp_only_event,low,
assets/data/characterData.bin.mid,864,Name,ナマネコ,,,jp_only_event,low,"JP-only; art ""specterE/ShishimaiB"""
assets/data/characterData.bin.mid,864,HumanDescription,ナマハゲと猫又のハーフ。唯一、髪質だけは猫又譲り。,,,jp_only_event,low,
assets/data/characterData.bin.mid,864,ZombieDescription,ナマハゲと猫又のハーフ。顔は猫になれなかった。,,,jp_only_event,low,
assets/data/characterData.bin.mid,865,Name,にゃん護婦,,,jp_only_event,low,"JP-only; art ""specterF/specterF"""
assets/data/characterData.bin.mid,865,HumanDescription,人間界で看護師の資格を習得。,,,jp_only_event,low,
assets/data/characterData.bin.mid,865,ZombieDescription,猫又界で唯一の看護師。他に誰もいない。,,,jp_only_event,low,
assets/data/characterData.bin.mid,866,Name,メイドFOX,,,jp_only_event,low,"JP-only; art ""specterG/specterG"""
assets/data/characterData.bin.mid,866,HumanDescription,人間界に潜り込みメイド喫茶に出会った。,,,jp_only_event,low,
assets/data/characterData.bin.mid,866,ZombieDescription,人間界のメイド喫茶に憧れ、狐又界にメイド喫茶をオープン。,,,jp_only_event,low,
assets/data/characterData.bin.mid,867,Name,中華屋うさぎ,,,jp_only_event,low,"JP-only; art ""specterH/specterH"""
assets/data/characterData.bin.mid,867,HumanDescription,中華屋で働く兎又。,,,jp_only_event,low,
assets/data/characterData.bin.mid,867,ZombieDescription,店長に怒られすぎて涙が止まらず目が真っ赤。,,,jp_only_event,low,
assets/data/characterData.bin.mid,868,Name,ファースト,,,jp_only_event,low,"JP-only; art ""baseballC/teen"""
assets/data/characterData.bin.mid,868,HumanDescription,ホントはセンターを守りたい。,,,jp_only_event,low,
assets/data/characterData.bin.mid,868,ZombieDescription,いつもファーストベースにコーチがいるからイヤだ。,,,jp_only_event,low,
assets/data/characterData.bin.mid,869,Name,セカンド,,,jp_only_event,low,"JP-only; art ""baseballC/nerd"""
assets/data/characterData.bin.mid,869,HumanDescription,セカンドを守らせたらオイラに勝てる者はいない！,,,jp_only_event,low,
assets/data/characterData.bin.mid,869,ZombieDescription,いつかレーシック手術を受けるぞ！,,,jp_only_event,low,
assets/data/characterData.bin.mid,870,Name,センター,,,jp_only_event,low,"JP-only; art ""baseballC/boxer"""
assets/data/characterData.bin.mid,870,HumanDescription,センターフライがとにかく苦手。必ずぶつかる。,,,jp_only_event,low,
assets/data/characterData.bin.mid,870,ZombieDescription,遠いところからホームベースに投げるのが得意。,,,jp_only_event,low,
assets/data/characterData.bin.mid,871,Name,レフト,,,jp_only_event,low,"JP-only; art ""baseballC/omar"""
assets/data/characterData.bin.mid,871,HumanDescription,ついついボーッとしてしまう。,,,jp_only_event,low,
assets/data/characterData.bin.mid,871,ZombieDescription,めったに球が飛んでこないのでいるだけの存在。,,,jp_only_event,low,
assets/data/characterData.bin.mid,872,Name,ライト,,,jp_only_event,low,"JP-only; art ""baseballC/sumowrestlerD"""
assets/data/characterData.bin.mid,872,HumanDescription,元相撲レスラー。,,,jp_only_event,low,
assets/data/characterData.bin.mid,872,ZombieDescription,この髪型で球場に行ったら監督に怒られた。,,,jp_only_event,low,
assets/data/characterData.bin.mid,873,Name,監督兼サード,,,jp_only_event,low,"JP-only; art ""baseballC/oldman"""
assets/data/characterData.bin.mid,873,HumanDescription,ゾンビカフェとは人生そのもの,,,jp_only_event,low,
assets/data/characterData.bin.mid,873,ZombieDescription,わがゾンビカフェは永久に不滅です,,,jp_only_event,low,
assets/data/characterData.bin.mid,874,Name,ピッチャー,,,jp_only_event,low,"JP-only; art ""baseballC/militaryC"""
assets/data/characterData.bin.mid,874,HumanDescription,ボールのコントロールはピカイチ。とてつもなくスローな球も投げられる。,,,jp_only_event,low,
assets/data/characterData.bin.mid,874,ZombieDescription,指が短すぎてスライダーが投げられない。,,,jp_only_event,low,
assets/data/characterData.bin.mid,875,Name,キャッチャー,,,jp_only_event,low,"JP-only; art ""baseballC/jasonA"""
assets/data/characterData.bin.mid,875,HumanDescription,キャッチャー一筋。だけどホームランも出しますよ。,,,jp_only_event,low,
assets/data/characterData.bin.mid,875,ZombieDescription,チーム一頼れる主将。オレについて来い。,,,jp_only_event,low,
assets/data/characterData.bin.mid,876,Name,ショート,,,jp_only_event,low,"JP-only; art ""baseballC/costume_e"""
assets/data/characterData.bin.mid,876,HumanDescription,ショートフライが大得意。,,,jp_only_event,low,
assets/data/characterData.bin.mid,876,ZombieDescription,ショートフライ王として知られMVPを昨年取った。,,,jp_only_event,low,
assets/data/characterData.bin.mid,877,Name,ご当地キリン,,,jp_only_event,low,"JP-only; art ""Giraffe/baseballA"""
assets/data/characterData.bin.mid,877,HumanDescription,今までいろんな種類の着ぐるみを着てきた。,,,jp_only_event,low,
assets/data/characterData.bin.mid,877,ZombieDescription,やっぱりキリンの着ぐるみが一番落ち着くから脱がない。,,,jp_only_event,low,
assets/data/characterData.bin.mid,878,Name,浮遊レイ,,,jp_only_event,low,"JP-only; art ""ghostI/ghostI"""
assets/data/characterData.bin.mid,878,HumanDescription,姉の浮遊霊子には足があるけど自分にはない。,,,jp_only_event,low,
assets/data/characterData.bin.mid,878,ZombieDescription,浮遊霊子の妹。3歳年下。未だによく姉にいじめられる。,,,jp_only_event,low,
assets/data/characterData.bin.mid,879,Name,新米メイド二代目,,,jp_only_event,low,"JP-only; art ""maid2C/maid2C"""
assets/data/characterData.bin.mid,879,HumanDescription,元キッチン担当。無理やりホールを任された。,,,jp_only_event,low,
assets/data/characterData.bin.mid,879,ZombieDescription,厨房でゾンビになり炎上した。,,,jp_only_event,low,
assets/data/characterData.bin.mid,880,Name,クルーチェインソー,,,jp_only_event,low,"JP-only; art ""maid2D/maid2D"""
assets/data/characterData.bin.mid,880,HumanDescription,木を切りに週三回、森に駆り出される。,,,jp_only_event,low,
assets/data/characterData.bin.mid,880,ZombieDescription,チェイソンに襲われそうになったけどチェインソーを奪ってやったわ。,,,jp_only_event,low,
assets/data/characterData.bin.mid,881,Name,ダミーデータ,,,jp_only_event,low,"JP-only; art ""hatoA/hatoA"""
assets/data/characterData.bin.mid,881,HumanDescription,ダミー,,,jp_only_event,low,
assets/data/characterData.bin.mid,881,ZombieDescription,ダミー,,,jp_only_event,low,
assets/data/characterData.bin.mid,882,Name,出前シェフ,,,jp_only_event,low,"JP-only; art ""enemyChef/BicycleA"""
assets/data/characterData.bin.mid,882,HumanDescription,無し,,,jp_only_event,low,
assets/data/characterData.bin.mid,882,ZombieDescription,無し,,,jp_only_event,low,
assets/data/characterData.bin.mid,883,Name,出前店員Ａ,,,jp_only_event,low,"JP-only; art ""BicycleB/BicycleB"""
assets/data/characterData.bin.mid,883,HumanDescription,無し,,,jp_only_event,low,
assets/data/characterData.bin.mid,883,ZombieDescription,無し,,,jp_only_event,low,
assets/data/characterData.bin.mid,884,Name,出前店員Ｂ,,,jp_only_event,low,"JP-only; art ""BicycleB/BicycleB"""
assets/data/characterData.bin.mid,884,HumanDescription,無し,,,jp_only_event,low,
assets/data/characterData.bin.mid,884,ZombieDescription,無し,,,jp_only_event,low,
assets/data/characterData.bin.mid,885,Name,ねこみみシェフ,,,jp_only_event,low,"JP-only; art ""enemyChef/specterA"""
assets/data/characterData.bin.mid,885,HumanDescription,無し,,,jp_only_event,low,
assets/data/characterData.bin.mid,885,ZombieDescription,無し,,,jp_only_event,low,
assets/data/characterData.bin.mid,886,Name,ねこみみ店員Ａ,,,jp_only_event,low,"JP-only; art ""specterB/specterB"""
assets/data/characterData.bin.mid,886,HumanDescription,無し,,,jp_only_event,low,
assets/data/characterData.bin.mid,886,ZombieDescription,無し,,,jp_only_event,low,
assets/data/characterData.bin.mid,887,Name,ねこみみ店員Ｂ,,,jp_only_event,low,"JP-only; art ""specterC/specterC"""
assets/data/characterData.bin.mid,887,HumanDescription,無し,,,jp_only_event,low,
assets/data/characterData.bin.mid,887,ZombieDescription,無し,,,jp_only_event,low,
assets/data/characterData.bin.mid,888,Name,野球シェフ,,,jp_only_event,low,"JP-only; art ""baseballC/jasonA"""
assets/data/characterData.bin.mid,888,HumanDescription,無し,,,jp_only_event,low,
assets/data/characterData.bin.mid,888,ZombieDescription,無し,,,jp_only_event,low,
assets/data/characterData.bin.mid,889,Name,野球店員Ａ,,,jp_only_event,low,"JP-only; art ""baseballC/militaryC"""
assets/data/characterData.bin.mid,889,HumanDescription,無し,,,jp_only_event,low,
assets/data/characterData.bin.mid,889,ZombieDescription,無し,,,jp_only_event,low,
assets/data/characterData.bin.mid,890,Name,野球店員Ｂ,,,jp_only_event,low,"JP-only; art ""baseballC/costume_g"""
assets/data/characterData.bin.mid,890,HumanDescription,無し,,,jp_only_event,low,
assets/data/characterData.bin.mid,890,ZombieDescription,無し,,,jp_only_event,low,
assets/data/characterData.bin.mid,891,Name,二丁目の幽霊シェフ,,,jp_only_event,low,"JP-only; art ""ghostB/ghostB"""
assets/data/characterData.bin.mid,891,HumanDescription,元サラリーマン。二丁目の交差点で・・・。,,,jp_only_event,low,
assets/data/characterData.bin.mid,891,ZombieDescription,社会人なので霊になってもゾンビになってもネクタイは外せない。,,,jp_only_event,low,
assets/data/characterData.bin.mid,892,Name,はとファイター,,,jp_only_event,low,"JP-only; art ""hatoE/hatoE"""
assets/data/characterData.bin.mid,892,HumanDescription,普段はただの白いハト。,,,jp_only_event,low,
assets/data/characterData.bin.mid,892,ZombieDescription,変身すると暴れだす。,,,jp_only_event,low,
assets/data/characterData.bin.mid,893,Name,ありすうさぎっこ,,,jp_only_event,low,"JP-only; art ""aliceC/aliceC"""
assets/data/characterData.bin.mid,893,HumanDescription,明日は遠足だ～。あのリュックを背負って行こう！,,,jp_only_event,low,
assets/data/characterData.bin.mid,893,ZombieDescription,うさぎのリュックがゾンビ化して襲われた。,,,jp_only_event,low,
assets/data/characterData.bin.mid,894,Name,アリッサム,,,jp_only_event,low,"JP-only; art ""PlantD/PlantD"""
assets/data/characterData.bin.mid,894,HumanDescription,葉緑素を増やすために常に光合成活動をしています。,,,jp_only_event,low,
assets/data/characterData.bin.mid,894,ZombieDescription,光合成が大好きだけど絶対に日焼けはしません。,,,jp_only_event,low,
assets/data/characterData.bin.mid,895,Name,生えたてアフロ,,,jp_only_event,low,"JP-only; art ""PlantE/PlantE"""
assets/data/characterData.bin.mid,895,HumanDescription,オイラの頭を一口食べれば口臭を助けてくれるぞ。,,,jp_only_event,low,
assets/data/characterData.bin.mid,895,ZombieDescription,オイラの頭はパセリでできているんだぜ。,,,jp_only_event,low,
assets/data/characterData.bin.mid,896,Name,ティラ,,,jp_only_event,low,"JP-only; art ""DinosaurA/DinosaurA"""
assets/data/characterData.bin.mid,896,HumanDescription,UFOキャッチャーでは一番取りにくい。,,,jp_only_event,low,
assets/data/characterData.bin.mid,896,ZombieDescription,UFOキャッチャーで一番人気。,,,jp_only_event,low,
assets/data/characterData.bin.mid,897,Name,プテドン,,,jp_only_event,low,"JP-only; art ""DinosaurB/DinosaurB"""
assets/data/characterData.bin.mid,897,HumanDescription,UFOキャッチャーの中で一番取りやすい。,,,jp_only_event,low,
assets/data/characterData.bin.mid,897,ZombieDescription,UFOキャッチャーで簡単に取れてしまうので儲からない存在。,,,jp_only_event,low,
assets/data/characterData.bin.mid,898,Name,トリプス,,,jp_only_event,low,"JP-only; art ""DinosaurC/DinosaurC"""
assets/data/characterData.bin.mid,898,HumanDescription,お子様セットで大人気。,,,jp_only_event,low,
assets/data/characterData.bin.mid,898,ZombieDescription,チープな作りだが意外と頑丈。,,,jp_only_event,low,
assets/data/characterData.bin.mid,899,Name,サーベル,,,jp_only_event,low,"JP-only; art ""DinosaurD/DinosaurD"""
assets/data/characterData.bin.mid,899,HumanDescription,おもちゃ屋でよく見かけるぬいぐるみ。,,,jp_only_event,low,
assets/data/characterData.bin.mid,899,ZombieDescription,後々、買ってくれた子供にめちゃめちゃにされる。,,,jp_only_event,low,
assets/data/characterData.bin.mid,900,Name,ティラ鉄,,,jp_only_event,low,"JP-only; art ""trainB/DinosaurE"""
assets/data/characterData.bin.mid,900,HumanDescription,元々は普通のぬいぐるみ。,,,jp_only_event,low,
assets/data/characterData.bin.mid,900,ZombieDescription,急に鉄道に芽生え始め常にダンボールの電車と一緒。,,,jp_only_event,low,
assets/data/characterData.bin.mid,901,Name,囚人サーベル,,,jp_only_event,low,"JP-only; art ""PrisonerA/DinosaurF"""
assets/data/characterData.bin.mid,901,HumanDescription,おもちゃ屋にいることが不満。,,,jp_only_event,low,
assets/data/characterData.bin.mid,901,ZombieDescription,深夜におもちゃ屋を脱走。すぐ捕まった。,,,jp_only_event,low,
assets/data/characterData.bin.mid,902,Name,恐竜シェフ赤,,,jp_only_event,low,"JP-only; art ""enemyChef/DinosaurA"""
assets/data/characterData.bin.mid,902,HumanDescription,無し,,,jp_only_event,low,
assets/data/characterData.bin.mid,902,ZombieDescription,無し,,,jp_only_event,low,
assets/data/characterData.bin.mid,903,Name,恐竜店員赤,,,jp_only_event,low,"JP-only; art ""DinosaurA/DinosaurA"""
assets/data/characterData.bin.mid,903,HumanDescription,無し,,,jp_only_event,low,
assets/data/characterData.bin.mid,903,ZombieDescription,無し,,,jp_only_event,low,
assets/data/characterData.bin.mid,904,Name,恐竜店員緑,,,jp_only_event,low,"JP-only; art ""DinosaurC/DinosaurC"""
assets/data/characterData.bin.mid,904,HumanDescription,無し,,,jp_only_event,low,
assets/data/characterData.bin.mid,904,ZombieDescription,無し,,,jp_only_event,low,
assets/data/characterData.bin.mid,905,Name,恐竜シェフ青,,,jp_only_event,low,"JP-only; art ""enemyChef/DinosaurB"""
assets/data/characterData.bin.mid,905,HumanDescription,無し,,,jp_only_event,low,
assets/data/characterData.bin.mid,905,ZombieDescription,無し,,,jp_only_event,low,
assets/data/characterData.bin.mid,906,Name,恐竜店員青,,,jp_only_event,low,"JP-only; art ""DinosaurB/DinosaurB"""
assets/data/characterData.bin.mid,906,HumanDescription,無し,,,jp_only_event,low,
assets/data/characterData.bin.mid,906,ZombieDescription,無し,,,jp_only_event,low,
assets/data/characterData.bin.mid,907,Name,恐竜店員黄,,,jp_only_event,low,"JP-only; art ""DinosaurD/DinosaurD"""
assets/data/characterData.bin.mid,907,HumanDescription,無し,,,jp_only_event,low,
assets/data/characterData.bin.mid,907,ZombieDescription,無し,,,jp_only_event,low,
assets/data/characterData.bin.mid,908,Name,サバイバルレア１,,,jp_only_event,low,"JP-only; art ""rareA/rareA"""
assets/data/characterData.bin.mid,908,HumanDescription,去年のクリスマスに元カノからもらったマフラーを肌身離さず身につけている。,,,jp_only_event,low,
assets/data/characterData.bin.mid,908,ZombieDescription,帽子のかぶり方を間違っているのに気づいていない。,,,jp_only_event,low,
assets/data/characterData.bin.mid,909,Name,サバイバルレア2,,,jp_only_event,low,"JP-only; art ""rareB/rareB"""
assets/data/characterData.bin.mid,909,HumanDescription,ヘルメットは外出の時だけかぶります。,,,jp_only_event,low,
assets/data/characterData.bin.mid,909,ZombieDescription,彼女を怒らせヘルメットをボコボコにされた。,,,jp_only_event,low,
assets/data/characterData.bin.mid,910,Name,バラの妖精てき,,,jp_only_event,low,"JP-only; art ""hatoA/hatoA"""
assets/data/characterData.bin.mid,910,HumanDescription,自分のボディを活かして毎晩クラブで大騒ぎ。,,,jp_only_event,low,
assets/data/characterData.bin.mid,910,ZombieDescription,オレは夜でも光るから暗闇には持ってこいだぞ。昼間はただの緑色の男。,,,jp_only_event,low,
assets/data/characterData.bin.mid,911,Name,ペンギンてき,,,jp_only_event,low,"JP-only; art ""hatoA/hatoA"""
assets/data/characterData.bin.mid,911,HumanDescription,普段は割りと穏やかな性格。,,,jp_only_event,low,
assets/data/characterData.bin.mid,911,ZombieDescription,怒らせると噴火してしまうので後がない。,,,jp_only_event,low,
assets/data/characterData.bin.mid,912,Name,ラメエル,,,jp_only_event,low,"JP-only; art ""angelA/angelA"""
assets/data/characterData.bin.mid,912,HumanDescription,坊主からこの髪の長さになるまで10年かかった。,,,jp_only_event,low,
assets/data/characterData.bin.mid,912,ZombieDescription,自然な黒髪で女神を目指す。,,,jp_only_event,low,
assets/data/characterData.bin.mid,913,Name,ガブリエル,,,jp_only_event,low,"JP-only; art ""angelB/angelB"""
assets/data/characterData.bin.mid,913,HumanDescription,このサラサラの髪で男をイチコロ。,,,jp_only_event,low,
assets/data/characterData.bin.mid,913,ZombieDescription,天使仲間が間違ってあたしの目を矢で打ったの・・・。,,,jp_only_event,low,
assets/data/characterData.bin.mid,914,Name,ウリエル,,,jp_only_event,low,"JP-only; art ""angelC/angelC"""
assets/data/characterData.bin.mid,914,HumanDescription,天使の仲間とバスケをプレイするのが生きがい。,,,jp_only_event,low,
assets/data/characterData.bin.mid,914,ZombieDescription,ゾンビになったら急に食欲が減っちゃった。,,,jp_only_event,low,
assets/data/characterData.bin.mid,915,Name,ルサルカ,,,jp_only_event,low,"JP-only; art ""angelE/angelE"""
assets/data/characterData.bin.mid,915,HumanDescription,とにかく赤と黒が好き！,,,jp_only_event,low,
assets/data/characterData.bin.mid,915,ZombieDescription,輪っかと角と羽根をスプレーで黒くしてみた。,,,jp_only_event,low,
assets/data/characterData.bin.mid,916,Name,ろあ,,,jp_only_event,low,"JP-only; art ""angelF/angelF"""
assets/data/characterData.bin.mid,916,HumanDescription,赤と黒いものが大好き。,,,jp_only_event,low,
assets/data/characterData.bin.mid,916,ZombieDescription,ハートのアートメイクがチャームポイント。,,,jp_only_event,low,
assets/data/characterData.bin.mid,917,Name,ラムエル,,,jp_only_event,low,"JP-only; art ""angelD/angelD"""
assets/data/characterData.bin.mid,917,HumanDescription,私は「ラメエル」じゃない！ラムエルよ！,,,jp_only_event,low,
assets/data/characterData.bin.mid,917,ZombieDescription,よく「ラメエル」に間違えられる。うんざり。,,,jp_only_event,low,
assets/data/characterData.bin.mid,918,Name,ナレル,,,jp_only_event,low,"JP-only; art ""angelG/angelmanB"""
assets/data/characterData.bin.mid,918,HumanDescription,寝ずに働き過ぎたらブツブツできた。,,,jp_only_event,low,
assets/data/characterData.bin.mid,918,ZombieDescription,他の天使はカワイイのに・・・自分だけ何故？,,,jp_only_event,low,
assets/data/characterData.bin.mid,919,Name,デス学園男子,,,jp_only_event,low,"JP-only; art ""SBA/SBA"""
assets/data/characterData.bin.mid,919,HumanDescription,僕、こんなカワイイ顔して人を地獄へ導くんだ。,,,jp_only_event,low,
assets/data/characterData.bin.mid,919,ZombieDescription,デス学園死神訓練科,,,jp_only_event,low,
assets/data/characterData.bin.mid,920,Name,ハンター学園男子,,,jp_only_event,low,"JP-only; art ""SBB/SBB"""
assets/data/characterData.bin.mid,920,HumanDescription,この間の狩猟訓練で取った狐を記念にマフラーにしてみたよ。,,,jp_only_event,low,
assets/data/characterData.bin.mid,920,ZombieDescription,ハンター学園狩猟訓練科,,,jp_only_event,low,
assets/data/characterData.bin.mid,921,Name,不死身高校男子,,,jp_only_event,low,"JP-only; art ""SBC/SBC"""
assets/data/characterData.bin.mid,921,HumanDescription,自分を実験台に研究中。痛みにも慣れてきたよ。,,,jp_only_event,low,
assets/data/characterData.bin.mid,921,ZombieDescription,不死身高校奇怪工学科,,,jp_only_event,low,
assets/data/characterData.bin.mid,922,Name,不死身高校OB,,,jp_only_event,low,"JP-only; art ""SBD/SBD"""
assets/data/characterData.bin.mid,922,HumanDescription,街中でナンパしてもドン引きされるだけ。,,,jp_only_event,low,
assets/data/characterData.bin.mid,922,ZombieDescription,不死身高校包帯巻き科,,,jp_only_event,low,
assets/data/characterData.bin.mid,923,Name,インブル高校男子,,,jp_only_event,low,"JP-only; art ""SBE/Invisibleman_BandageC"""
assets/data/characterData.bin.mid,923,HumanDescription,くわえてるのはチョコレートパイプだよ。,,,jp_only_event,low,
assets/data/characterData.bin.mid,923,ZombieDescription,インビジブル高校化け学科,,,jp_only_event,low,
assets/data/characterData.bin.mid,924,Name,死神シェフ,,,jp_only_event,low,"JP-only; art ""enemyChef/SBA"""
assets/data/characterData.bin.mid,924,HumanDescription,無し,,,jp_only_event,low,
assets/data/characterData.bin.mid,924,ZombieDescription,無し,,,jp_only_event,low,
assets/data/characterData.bin.mid,925,Name,狼男店員,,,jp_only_event,low,"JP-only; art ""SBB/SBB"""
assets/data/characterData.bin.mid,925,HumanDescription,無し,,,jp_only_event,low,
assets/data/characterData.bin.mid,925,ZombieDescription,無し,,,jp_only_event,low,
assets/data/characterData.bin.mid,926,Name,包帯店員,,,jp_only_event,low,"JP-only; art ""SBC/SBC"""
assets/data/characterData.bin.mid,926,HumanDescription,無し,,,jp_only_event,low,
assets/data/characterData.bin.mid,926,ZombieDescription,無し,,,jp_only_event,low,
assets/data/characterData.bin.mid,927,Name,ゆかいなゾウ,,,jp_only_event,low,"JP-only; art ""clown/animalA"""
assets/data/characterData.bin.mid,927,HumanDescription,アニマル・サーカス団に入団してかれこれ30年経ちます。,,,jp_only_event,low,
assets/data/characterData.bin.mid,927,ZombieDescription,いつも愉快にアニマル・サーカス団の団長をしております。,,,jp_only_event,low,
assets/data/characterData.bin.mid,928,Name,すまいるシマ,,,jp_only_event,low,"JP-only; art ""clown/animalB"""
assets/data/characterData.bin.mid,928,HumanDescription,アニマル・サーカス団の中では一番モテます。,,,jp_only_event,low,
assets/data/characterData.bin.mid,928,ZombieDescription,アニマル・サーカス団の副団長をしております。スマイル0ドルです。,,,jp_only_event,low,
assets/data/characterData.bin.mid,929,Name,おとぼけセイウチ,,,jp_only_event,low,"JP-only; art ""clown/animalC"""
assets/data/characterData.bin.mid,929,HumanDescription,顔のバランスが悪いので子供に人気がありません。,,,jp_only_event,low,
assets/data/characterData.bin.mid,929,ZombieDescription,アニマル・サーカス団の下っ端として活躍しております。,,,jp_only_event,low,
assets/data/characterData.bin.mid,930,Name,ねむねむサイ,,,jp_only_event,low,"JP-only; art ""clown/animalD"""
assets/data/characterData.bin.mid,930,HumanDescription,眠そうな顔をしているんじゃなくて、正直いつも眠いです。,,,jp_only_event,low,
assets/data/characterData.bin.mid,930,ZombieDescription,いつも眠そうな顔をしているので団長によく怒鳴られるんです。,,,jp_only_event,low,
assets/data/characterData.bin.mid,931,Name,サイの剣士,,,jp_only_event,low,"JP-only; art ""shinsenA/animalE"""
assets/data/characterData.bin.mid,931,HumanDescription,この角は飾りで役に立たないので敵に直ぐ切られます。,,,jp_only_event,low,
assets/data/characterData.bin.mid,931,ZombieDescription,剣士だけど、頼りない顔をしているので敵に直ぐ切られてしまう。,,,jp_only_event,low,
assets/data/characterData.bin.mid,932,Name,雪だれまん,,,jp_only_event,low,"JP-only; art ""snowmanC/snowmanC"""
assets/data/characterData.bin.mid,932,HumanDescription,常に口元溶けています。ヨダレではありません。,,,jp_only_event,low,
assets/data/characterData.bin.mid,932,ZombieDescription,身内の雪だるまにツバかけられました。,,,jp_only_event,low,
assets/data/characterData.bin.mid,933,Name,ベル・ホワイティ,,,jp_only_event,low,"JP-only; art ""santagirlA/santagirlA"""
assets/data/characterData.bin.mid,933,HumanDescription,白いドレスを着ているから膨張して見えるけど、本当は糸のように細いの。,,,jp_only_event,low,
assets/data/characterData.bin.mid,933,ZombieDescription,首元のベルは意外と重いの。10キロもある。,,,jp_only_event,low,
assets/data/characterData.bin.mid,934,Name,マシュマロ・スノー,,,jp_only_event,low,"JP-only; art ""snowmanB/snowmanB"""
assets/data/characterData.bin.mid,934,HumanDescription,鼻はやっぱり人参ですよ。,,,jp_only_event,low,
assets/data/characterData.bin.mid,934,ZombieDescription,帽子がどんどんずれ落ちてこんなことになりました。,,,jp_only_event,low,
assets/data/characterData.bin.mid,935,Name,パンダ・ホワイティ,,,jp_only_event,low,"JP-only; art ""santagirlC/pandaA"""
assets/data/characterData.bin.mid,935,HumanDescription,どうもベル・ホワイティに嫌われているみたい。,,,jp_only_event,low,
assets/data/characterData.bin.mid,935,ZombieDescription,クリスマス前夜にベル・ホワイティに鉈で襲われてこんなことに。,,,jp_only_event,low,
assets/data/characterData.bin.mid,936,Name,ミス・サンタ,,,jp_only_event,low,"JP-only; art ""santagirlB/santagirlB"""
assets/data/characterData.bin.mid,936,HumanDescription,365日クリスマスの格好をしています…というかこの服しかありません。,,,jp_only_event,low,
assets/data/characterData.bin.mid,936,ZombieDescription,クリスマスの前夜しか外出できない女の子。,,,jp_only_event,low,
assets/data/characterData.bin.mid,937,Name,ミスター・サンタボーン,,,jp_only_event,low,"JP-only; art ""santabone/santabone"""
assets/data/characterData.bin.mid,937,HumanDescription,骨の爪楊枝は欠かせません。,,,jp_only_event,low,
assets/data/characterData.bin.mid,937,ZombieDescription,これは雲みたいなヒゲじゃなくて骨なんです。,,,jp_only_event,low,
assets/data/characterData.bin.mid,938,Name,BlackBake2,,,jp_only_event,low,"JP-only; art ""santa_b/boxmanB"""
assets/data/characterData.bin.mid,938,HumanDescription,誰かこのバケツを磨いてくれ。,,,jp_only_event,low,
assets/data/characterData.bin.mid,938,ZombieDescription,よくあるバラエティー番組の罰ゲームでこんなことに。,,,jp_only_event,low,
assets/data/characterData.bin.mid,939,Name,ホワイト女王,,,jp_only_event,low,"JP-only; art ""alice_whitequeen/alice_whitequeen"""
assets/data/characterData.bin.mid,939,HumanDescription,レッド女王の妹。,,,jp_only_event,low,
assets/data/characterData.bin.mid,939,ZombieDescription,死ぬまで一生白よ。,,,jp_only_event,low,
assets/data/characterData.bin.mid,940,Name,たまご紳士,,,jp_only_event,low,"JP-only; art ""alice_Humpty/alice_Humpty"""
assets/data/characterData.bin.mid,940,HumanDescription,半熟なたまごなので中途半端に扱わないでね。,,,jp_only_event,low,
assets/data/characterData.bin.mid,940,ZombieDescription,私はとても繊細で割れやすいので取り扱いにはご注意を。,,,jp_only_event,low,
assets/data/characterData.bin.mid,941,Name,ホワイトうさぎ,,,jp_only_event,low,"JP-only; art ""alice_rabbit/alice_rabbit"""
assets/data/characterData.bin.mid,941,HumanDescription,たまご紳士を怒らせてしまい耳を一口噛じられた。,,,jp_only_event,low,
assets/data/characterData.bin.mid,941,ZombieDescription,とてもせっかちな性格。競歩は誰にも負けない。,,,jp_only_event,low,
assets/data/characterData.bin.mid,942,Name,おしゃれ帽子野郎,,,jp_only_event,low,"JP-only; art ""alice_Hatter/alice_Hatter"""
assets/data/characterData.bin.mid,942,HumanDescription,2013年帽子作り選手権では世界一位になった。,,,jp_only_event,low,
assets/data/characterData.bin.mid,942,ZombieDescription,生まれてからこの方、私は誰にも自分の顔を見せたことがない。,,,jp_only_event,low,
assets/data/characterData.bin.mid,943,Name,ネコ電,,,jp_only_event,low,"JP-only; art ""trainB/alice_CheshireB"""
assets/data/characterData.bin.mid,943,HumanDescription,あの有名なバスに負けじと電車を始めた。,,,jp_only_event,low,
assets/data/characterData.bin.mid,943,ZombieDescription,とあるネコの別な姿。普段は車掌を務めている。,,,jp_only_event,low,
assets/data/characterData.bin.mid,944,Name,チェシャー,,,jp_only_event,low,"JP-only; art ""alice_CheshireA/alice_CheshireA"""
assets/data/characterData.bin.mid,944,HumanDescription,次回のカラーリングは紅白色にすると決めている。,,,jp_only_event,low,
assets/data/characterData.bin.mid,944,ZombieDescription,元々の地毛の色は真っ黒。毎月カラー代がかさむ。,,,jp_only_event,low,
assets/data/characterData.bin.mid,945,Name,レッド女王,,,jp_only_event,low,"JP-only; art ""alice_redqueen/alice_redqueen"""
assets/data/characterData.bin.mid,945,HumanDescription,ホワイト女王の姉。,,,jp_only_event,low,
assets/data/characterData.bin.mid,945,ZombieDescription,私は赤いものにしか興味がないの。,,,jp_only_event,low,
assets/data/characterData.bin.mid,946,Name,不思議なアリス,,,jp_only_event,low,"JP-only; art ""aliceD/aliceD"""
assets/data/characterData.bin.mid,946,HumanDescription,とにかく冒険とウサギが大好き。,,,jp_only_event,low,
assets/data/characterData.bin.mid,946,ZombieDescription,自己中心的な女の子。突然いなくなったりと周りを心配させる。,,,jp_only_event,low,
assets/data/characterData.bin.mid,947,Name,ダミーデータ,,,jp_only_event,low,"JP-only; art ""enemyChef/animalA"""
assets/data/characterData.bin.mid,947,HumanDescription,無し,,,jp_only_event,low,
assets/data/characterData.bin.mid,947,ZombieDescription,無し,,,jp_only_event,low,
assets/data/characterData.bin.mid,948,Name,シスターさん,,,jp_only_event,low,"JP-only; art ""sisterA/sisterA"""
assets/data/characterData.bin.mid,948,HumanDescription,かなりのガリ勉。悪を全く知らないピュアなシスター。,,,jp_only_event,low,
assets/data/characterData.bin.mid,948,ZombieDescription,ゾンビになったらもう善も悪も関係ない！人を襲うべし。,,,jp_only_event,low,
assets/data/characterData.bin.mid,949,Name,シスGUN,,,jp_only_event,low,"JP-only; art ""sisterB/sisterB"""
assets/data/characterData.bin.mid,949,HumanDescription,寝る時もマシンガンと一緒よ。,,,jp_only_event,low,
assets/data/characterData.bin.mid,949,ZombieDescription,このマシンガンは私のお守り。,,,jp_only_event,low,
assets/data/characterData.bin.mid,950,Name,和洋シスター,,,jp_only_event,low,"JP-only; art ""sisterC/kimonoE"""
assets/data/characterData.bin.mid,950,HumanDescription,お面はどうしても外せない。,,,jp_only_event,low,
assets/data/characterData.bin.mid,950,ZombieDescription,浴衣を脱ぎ捨てて今度はシスター目指すわ！,,,jp_only_event,low,
assets/data/characterData.bin.mid,951,Name,ジャバ・ヴァレンタイン,,,jp_only_event,low,"JP-only; art ""alice_Jabberwocky/alice_Jabberwocky"""
assets/data/characterData.bin.mid,951,HumanDescription,いつも持ち歩いている傘からはクリームを出すこともできるの。,,,jp_only_event,low,
assets/data/characterData.bin.mid,951,ZombieDescription,私の髪はクロワッサンでできているからお腹が空いた時は言ってね。,,,jp_only_event,low,
assets/data/characterData.bin.mid,952,Name,シシ剣士,,,jp_only_event,low,"JP-only; art ""shinsenA/ShishimaiA"""
assets/data/characterData.bin.mid,952,HumanDescription,顔は強面だが優しい性格でござるよ。,,,jp_only_event,low,
assets/data/characterData.bin.mid,952,ZombieDescription,前回も和装だけど今回もやっぱり和装でござる。,,,jp_only_event,low,
assets/data/characterData.bin.mid,953,Name,冠お象,,,jp_only_event,low,"JP-only; art ""animalA/animalA"""
assets/data/characterData.bin.mid,953,HumanDescription,ゆかいなゾウとお揃いの冠を一緒に買いました。,,,jp_only_event,low,
assets/data/characterData.bin.mid,953,ZombieDescription,とにかくお腹をへこませたい！草しか食べてないのにな。,,,jp_only_event,low,
assets/data/characterData.bin.mid,954,Name,しまさん,,,jp_only_event,low,"JP-only; art ""animalB/animalB"""
assets/data/characterData.bin.mid,954,HumanDescription,このスマイルと肉体でシマウマ女子はイチコロさ。,,,jp_only_event,low,
assets/data/characterData.bin.mid,954,ZombieDescription,いつもライオンに鍛え上げられているので太ったことは一度もありません。,,,jp_only_event,low,
assets/data/characterData.bin.mid,955,Name,せいうち君,,,jp_only_event,low,"JP-only; art ""animalC/animalC"""
assets/data/characterData.bin.mid,955,HumanDescription,口周辺はマシュマロのように柔らかい。,,,jp_only_event,low,
assets/data/characterData.bin.mid,955,ZombieDescription,本当に自分の体型がコワイ。どうしたら痩せる・・・。,,,jp_only_event,low,
assets/data/characterData.bin.mid,956,Name,困ったサイさん,,,jp_only_event,low,"JP-only; art ""animalD/animalD"""
assets/data/characterData.bin.mid,956,HumanDescription,草ばかりだから蛋白質も摂取するべきかな。,,,jp_only_event,low,
assets/data/characterData.bin.mid,956,ZombieDescription,手足は細いのにお腹だけぽっこり。,,,jp_only_event,low,
assets/data/characterData.bin.mid,957,Name,シマ女子高生,,,jp_only_event,low,"JP-only; art ""SGB/animalB"""
assets/data/characterData.bin.mid,957,HumanDescription,学校の廊下に落ちていたから拾ってかぶってやったわ。,,,jp_only_event,low,
assets/data/characterData.bin.mid,957,ZombieDescription,学祭気分がどうも抜けなくて今もかぶり続けてるわ。,,,jp_only_event,low,
assets/data/characterData.bin.mid,958,Name,ぞうシェフ,,,jp_only_event,low,"JP-only; art ""enemyChef/animalA"""
assets/data/characterData.bin.mid,958,HumanDescription,無し,,,jp_only_event,low,
assets/data/characterData.bin.mid,958,ZombieDescription,無し,,,jp_only_event,low,
assets/data/characterData.bin.mid,959,Name,しまうま店員,,,jp_only_event,low,"JP-only; art ""clown/animalB"""
assets/data/characterData.bin.mid,959,HumanDescription,無し,,,jp_only_event,low,
assets/data/characterData.bin.mid,959,ZombieDescription,無し,,,jp_only_event,low,
assets/data/characterData.bin.mid,960,Name,せいうち店員,,,jp_only_event,low,"JP-only; art ""clown/animalC"""
assets/data/characterData.bin.mid,960,HumanDescription,無し,,,jp_only_event,low,
assets/data/characterData.bin.mid,960,ZombieDescription,無し,,,jp_only_event,low,
assets/data/characterData.bin.mid,961,Name,シスターシェフ,,,jp_only_event,low,"JP-only; art ""enemyChef/sisterA"""
assets/data/characterData.bin.mid,961,HumanDescription,無し,,,jp_only_event,low,
assets/data/characterData.bin.mid,961,ZombieDescription,無し,,,jp_only_event,low,
assets/data/characterData.bin.mid,962,Name,シスター店員,,,jp_only_event,low,"JP-only; art ""sisterB/sisterB"""
assets/data/characterData.bin.mid,962,HumanDescription,無し,,,jp_only_event,low,
assets/data/characterData.bin.mid,962,ZombieDescription,無し,,,jp_only_event,low,
assets/data/characterData.bin.mid,963,Name,シスター店員,,,jp_only_event,low,"JP-only; art ""sisterA/sisterA"""
assets/data/characterData.bin.mid,963,HumanDescription,無し,,,jp_only_event,low,
assets/data/characterData.bin.mid,963,ZombieDescription,無し,,,jp_only_event,low,
assets/data/characterData.bin.mid,964,Name,ぞうシェフ2,,,jp_only_event,low,"JP-only; art ""enemyChef/animalA"""
assets/data/characterData.bin.mid,964,HumanDescription,無し,,,jp_only_event,low,
assets/data/characterData.bin.mid,964,ZombieDescription,無し,,,jp_only_event,low,
assets/data/characterData.bin.mid,965,Name,しまうま店員2,,,jp_only_event,low,"JP-only; art ""animalB/animalB"""
assets/data/characterData.bin.mid,965,HumanDescription,無し,,,jp_only_event,low,
assets/data/characterData.bin.mid,965,ZombieDescription,無し,,,jp_only_event,low,
assets/data/characterData.bin.mid,966,Name,せいうち店員2,,,jp_only_event,low,"JP-only; art ""animalC/animalC"""
assets/data/characterData.bin.mid,966,HumanDescription,無し,,,jp_only_event,low,
assets/data/characterData.bin.mid,966,ZombieDescription,無し,,,jp_only_event,low,
assets/data/characterData.bin.mid,967,Name,雪シェフ,,,jp_only_event,low,"JP-only; art ""enemyChef/snowmanC"""
assets/data/characterData.bin.mid,967,HumanDescription,無し,,,jp_only_event,low,
assets/data/characterData.bin.mid,967,ZombieDescription,無し,,,jp_only_event,low,
assets/data/characterData.bin.mid,968,Name,雪店員1,,,jp_only_event,low,"JP-only; art ""santagirlA/santagirlA"""
assets/data/characterData.bin.mid,968,HumanDescription,無し,,,jp_only_event,low,
assets/data/characterData.bin.mid,968,ZombieDescription,無し,,,jp_only_event,low,
assets/data/characterData.bin.mid,969,Name,雪店員2,,,jp_only_event,low,"JP-only; art ""snowmanB/snowmanB"""
assets/data/characterData.bin.mid,969,HumanDescription,無し,,,jp_only_event,low,
assets/data/characterData.bin.mid,969,ZombieDescription,無し,,,jp_only_event,low,
assets/data/characterData.bin.mid,970,Name,半魚会長ゆい,,,jp_only_event,low,"JP-only; art ""MermanA/MermanA"""
assets/data/characterData.bin.mid,970,HumanDescription,彼女もまた、半魚パーカーに魅入られた一人。,,,jp_only_event,low,
assets/data/characterData.bin.mid,970,ZombieDescription,缶コーヒーで当てた半魚パーカーで作ったチームの会長。,,,jp_only_event,low,
assets/data/characterData.bin.mid,971,Name,半魚会計ひな,,,jp_only_event,low,"JP-only; art ""MermanB/MermanB"""
assets/data/characterData.bin.mid,971,HumanDescription,7着の半魚パーカーを持つ奇跡の少女。,,,jp_only_event,low,
assets/data/characterData.bin.mid,971,ZombieDescription,自分の頭を投げつける非暴力団体の会計。,,,jp_only_event,low,
assets/data/characterData.bin.mid,972,Name,半魚書記レオ,,,jp_only_event,low,"JP-only; art ""MermanC/MermanC"""
assets/data/characterData.bin.mid,972,HumanDescription,半魚パーカーを手に入れるために来日。,,,jp_only_event,low,
assets/data/characterData.bin.mid,972,ZombieDescription,半魚パーカーに乗っ取られ母国を忘れたチームの書記。,,,jp_only_event,low,
assets/data/characterData.bin.mid,973,Name,半ギョのレイ,,,jp_only_event,low,"JP-only; art ""ghostA/MermanC"""
assets/data/characterData.bin.mid,973,HumanDescription,２着目の半魚パーカー欲しさに缶コーヒーを飲み続ける。,,,jp_only_event,low,
assets/data/characterData.bin.mid,973,ZombieDescription,死んでも半魚パーカーは手放さない。,,,jp_only_event,low,
assets/data/characterData.bin.mid,974,Name,晴着アリッサム,,,jp_only_event,low,"JP-only; art ""haregi/PlantD"""
assets/data/characterData.bin.mid,974,HumanDescription,葉緑素を増やすために常に光合成活動をしています。,,,jp_only_event,low,
assets/data/characterData.bin.mid,974,ZombieDescription,光合成を始めて呪２０年。今日もめでたい。,,,jp_only_event,low,
assets/data/characterData.bin.mid,975,Name,晴着テイル,,,jp_only_event,low,"JP-only; art ""haregi/PlantA"""
assets/data/characterData.bin.mid,975,HumanDescription,何で妖精なんだろう。,,,jp_only_event,low,
assets/data/characterData.bin.mid,975,ZombieDescription,妖精になって呪２０年。私は元気です。,,,jp_only_event,low,
assets/data/characterData.bin.mid,976,Name,晴着ラフレシアン,,,jp_only_event,low,"JP-only; art ""haregi/PlantB"""
assets/data/characterData.bin.mid,976,HumanDescription,好きでカブリモノをしているんじゃないの。,,,jp_only_event,low,
assets/data/characterData.bin.mid,976,ZombieDescription,カブリモノして呪２０年。そろそろ髪を洗いたい。,,,jp_only_event,low,
assets/data/characterData.bin.mid,977,Name,晴着ミミ,,,jp_only_event,low,"JP-only; art ""haregi/specterI"""
assets/data/characterData.bin.mid,977,HumanDescription,実はかなりの直毛。毎朝コテで巻いている。,,,jp_only_event,low,
assets/data/characterData.bin.mid,977,ZombieDescription,ゾンビになって呪２０年。感動のあまり目が真っ赤。,,,jp_only_event,low,
assets/data/characterData.bin.mid,978,Name,いえってぃー,,,jp_only_event,low,"JP-only; art ""WhitebeastA/WhitebeastA"""
assets/data/characterData.bin.mid,978,HumanDescription,調査団にちらっと姿を見せるのが得意。,,,jp_only_event,low,
assets/data/characterData.bin.mid,978,ZombieDescription,目撃者を生かしては帰さない。,,,jp_only_event,low,
assets/data/characterData.bin.mid,979,Name,ホワイトゴリラ,,,jp_only_event,low,"JP-only; art ""WhitebeastB/WhitebeastB"""
assets/data/characterData.bin.mid,979,HumanDescription,雪山遭難者を脅すことが生きがい。,,,jp_only_event,low,
assets/data/characterData.bin.mid,979,ZombieDescription,雪山遭難者U・M・A、U・M・A。,,,jp_only_event,low,
assets/data/characterData.bin.mid,980,Name,しろー・くま,,,jp_only_event,low,"JP-only; art ""WhitebeastC/WhitebeastC"""
assets/data/characterData.bin.mid,980,HumanDescription,しろくまとして生きることを決めた32の夜。,,,jp_only_event,low,
assets/data/characterData.bin.mid,980,ZombieDescription,カブリモノがほころんできたがまだイケル。,,,jp_only_event,low,
assets/data/characterData.bin.mid,981,Name,ゴリッ船長,,,jp_only_event,low,"JP-only; art ""PiratesmanA/WhitebeastB"""
assets/data/characterData.bin.mid,981,HumanDescription,好物のバナナを求めて船に乗り込む。,,,jp_only_event,low,
assets/data/characterData.bin.mid,981,ZombieDescription,好物がそこいら中にいるぞ。ウホウホ。,,,jp_only_event,low,
assets/data/characterData.bin.mid,982,Name,半漁シェフ,,,jp_only_event,low,"JP-only; art ""enemyChef/MermanA"""
assets/data/characterData.bin.mid,982,HumanDescription,無し,,,jp_only_event,low,
assets/data/characterData.bin.mid,982,ZombieDescription,無し,,,jp_only_event,low,
assets/data/characterData.bin.mid,983,Name,半漁店員1,,,jp_only_event,low,"JP-only; art ""MermanB/MermanB"""
assets/data/characterData.bin.mid,983,HumanDescription,無し,,,jp_only_event,low,
assets/data/characterData.bin.mid,983,ZombieDescription,無し,,,jp_only_event,low,
assets/data/characterData.bin.mid,984,Name,半漁店員2,,,jp_only_event,low,"JP-only; art ""MermanC/MermanC"""
assets/data/characterData.bin.mid,984,HumanDescription,無し,,,jp_only_event,low,
assets/data/characterData.bin.mid,984,ZombieDescription,無し,,,jp_only_event,low,
assets/data/characterData.bin.mid,985,Name,UMAシェフ,,,jp_only_event,low,"JP-only; art ""enemyChef/WhitebeastA"""
assets/data/characterData.bin.mid,985,HumanDescription,無し,,,jp_only_event,low,
assets/data/characterData.bin.mid,985,ZombieDescription,無し,,,jp_only_event,low,
assets/data/characterData.bin.mid,986,Name,UMA店員1,,,jp_only_event,low,"JP-only; art ""WhitebeastB/WhitebeastB"""
assets/data/characterData.bin.mid,986,HumanDescription,無し,,,jp_only_event,low,
assets/data/characterData.bin.mid,986,ZombieDescription,無し,,,jp_only_event,low,
assets/data/characterData.bin.mid,987,Name,UMA店員2,,,jp_only_event,low,"JP-only; art ""WhitebeastC/WhitebeastC"""
assets/data/characterData.bin.mid,987,HumanDescription,無し,,,jp_only_event,low,
assets/data/characterData.bin.mid,987,ZombieDescription,無し,,,jp_only_event,low,
assets/data/characterData.bin.mid,988,Name,巫女ムーン,,,jp_only_event,low,"JP-only; art ""MikoA/MikoA"""
assets/data/characterData.bin.mid,988,HumanDescription,正義のヒーローになりたいと来日。,,,jp_only_event,low,
assets/data/characterData.bin.mid,988,ZombieDescription,巫女に代わって　お仕置きよとは　このことよ！,,,jp_only_event,low,
assets/data/characterData.bin.mid,989,Name,巫女マーズ,,,jp_only_event,low,"JP-only; art ""MikoB/MikoB"""
assets/data/characterData.bin.mid,989,HumanDescription,ムーンに誘われて巫女レンジャーを結成してしまった。,,,jp_only_event,low,
assets/data/characterData.bin.mid,989,ZombieDescription,巫女に代わって　折檻よとは　このことよ！,,,jp_only_event,low,
assets/data/characterData.bin.mid,990,Name,巫女マーキュリー,,,jp_only_event,low,"JP-only; art ""MikoC/MikoC"""
assets/data/characterData.bin.mid,990,HumanDescription,キャラづくりの為、フードをかぶる毎日。,,,jp_only_event,low,
assets/data/characterData.bin.mid,990,ZombieDescription,手水をかぶって　反省しなさいとは　このことよ！,,,jp_only_event,low,
assets/data/characterData.bin.mid,991,Name,覆面巫女,,,jp_only_event,low,"JP-only; art ""MikoD/MikoD"""
assets/data/characterData.bin.mid,991,HumanDescription,ムーンを影から応援する娘思いの父。,,,jp_only_event,low,
assets/data/characterData.bin.mid,991,ZombieDescription,覆面をかぶって　女装とは　このことよ！,,,jp_only_event,low,
assets/data/characterData.bin.mid,992,Name,蛇炎龍波くん,,,jp_only_event,low,"JP-only; art ""snakeA/snakeA"""
assets/data/characterData.bin.mid,992,HumanDescription,俺の両手がうずく・・・蛇炎龍・・・おさまれ,,,jp_only_event,low,
assets/data/characterData.bin.mid,992,ZombieDescription,食らえ！蛇炎流六十七式蛇行炎舞・絶!!,,,jp_only_event,low,
assets/data/characterData.bin.mid,993,Name,めでゅーさ,,,jp_only_event,low,"JP-only; art ""snakeB/snakeB"""
assets/data/characterData.bin.mid,993,HumanDescription,私の首をほしがる野郎から逃げるため、女学院に転校する。,,,jp_only_event,low,
assets/data/characterData.bin.mid,993,ZombieDescription,いや、ほんと首だけは切らないでください、マジで,,,jp_only_event,low,
assets/data/characterData.bin.mid,994,Name,ヘビコーデ,,,jp_only_event,low,"JP-only; art ""snakeC/snakeC"""
assets/data/characterData.bin.mid,994,HumanDescription,転校性のめでゅーさに憧れて蛇を巻いている。,,,jp_only_event,low,
assets/data/characterData.bin.mid,994,ZombieDescription,今年の迎春はヘビのコーデでキマり！,,,jp_only_event,low,
assets/data/characterData.bin.mid,995,Name,黒炎龍N・E・E・T,,,jp_only_event,low,"JP-only; art ""snakeD/teen"""
assets/data/characterData.bin.mid,995,HumanDescription,俺は人間族ではなく、飛龍族最後の末裔だ！と妄想する。,,,jp_only_event,low,
assets/data/characterData.bin.mid,995,ZombieDescription,ゾンビの設定は考えてなかった。,,,jp_only_event,low,
assets/data/characterData.bin.mid,996,Name,ULTRAパイ,,,jp_only_event,low,"JP-only; art ""EDFE/EDFE"""
assets/data/characterData.bin.mid,996,HumanDescription,変死よ！ヒ～カ～リ～よーーーっ！,,,jp_only_event,low,
assets/data/characterData.bin.mid,996,ZombieDescription,え！恥ずかし！むりむりこの格好ムリ！,,,jp_only_event,low,
assets/data/characterData.bin.mid,997,Name,ULTRAゾンビX,,,jp_only_event,low,"JP-only; art ""EDFF/EDFF"""
assets/data/characterData.bin.mid,997,HumanDescription,変死だ！ヒ～カ～リ～よーーーっ！,,,jp_only_event,low,
assets/data/characterData.bin.mid,997,ZombieDescription,地獄の底よりよみがえった男よ。そう、お前の脳みそを食べるために！,,,jp_only_event,low,
assets/data/characterData.bin.mid,998,Name,真ULTRAゾンビ,,,jp_only_event,low,"JP-only; art ""EDFG/EDFG"""
assets/data/characterData.bin.mid,998,HumanDescription,変死っすか！ヒ～カ～リ～よーーーっ！,,,jp_only_event,low,
assets/data/characterData.bin.mid,998,ZombieDescription,ゾンビだ！腐っても俺がULTRAゾンビだ！,,,jp_only_event,low,
assets/data/characterData.bin.mid,999,Name,ダミー,Couch Potato,Dummy,same_art_or_category,medium,"art ""nerd/faris"" -> EN row 5 (15 JP rows share this art; qualifier needed); proposed carried from TM"
assets/data/characterData.bin.mid,999,HumanDescription,ダミー,He's taking a break from loafing to fill his stomach.,,same_art_or_category,medium,
assets/data/characterData.bin.mid,999,ZombieDescription,ダミー,A somewhat mediocre zombie with no previous job experience.,,same_art_or_category,medium,
assets/data/characterData.bin.mid,1000,Name,さかな隊員,,,jp_only_event,low,"JP-only; art ""EDFH/fishmanC"""
assets/data/characterData.bin.mid,1000,HumanDescription,おれって生臭いかもしれねぇ・・・ぎょぎょ,,,jp_only_event,low,
assets/data/characterData.bin.mid,1000,ZombieDescription,ゾンビになって生臭さを気にしなくてよくなった。,,,jp_only_event,low,
assets/data/characterData.bin.mid,1001,Name,ポルチェ・大将,,,jp_only_event,low,"JP-only; art ""MilitaryWomanA/MilitaryWomanA"""
assets/data/characterData.bin.mid,1001,HumanDescription,化粧中にアタシの後ろに立つな！,,,jp_only_event,low,
assets/data/characterData.bin.mid,1001,ZombieDescription,ゾンビになっても化粧は欠かせない。,,,jp_only_event,low,
assets/data/characterData.bin.mid,1002,Name,ポルチェ・少将,,,jp_only_event,low,"JP-only; art ""MilitaryWomanB/MilitaryWomanB"""
assets/data/characterData.bin.mid,1002,HumanDescription,今の待遇を快く思っていない。,,,jp_only_event,low,
assets/data/characterData.bin.mid,1002,ZombieDescription,ゾンビになったら２階級特進しちゃった。,,,jp_only_event,low,
assets/data/characterData.bin.mid,1003,Name,独裁者,,,jp_only_event,low,"JP-only; art ""MilitaryWomanE/omar"""
assets/data/characterData.bin.mid,1003,HumanDescription,邪魔者は消して住み心地の良い世界を作ろうじゃないか！,,,jp_only_event,low,
assets/data/characterData.bin.mid,1003,ZombieDescription,ゾンビ帝国の始まりだ！,,,jp_only_event,low,
assets/data/characterData.bin.mid,1004,Name,ペラーリ・少将,,,jp_only_event,low,"JP-only; art ""MilitaryWomanC/MilitaryWomanC"""
assets/data/characterData.bin.mid,1004,HumanDescription,お国のために頑張るってばよ！,,,jp_only_event,low,
assets/data/characterData.bin.mid,1004,ZombieDescription,もごもごもご（あたしには弾丸はきかないよ）,,,jp_only_event,low,
assets/data/characterData.bin.mid,1005,Name,パーケン・少将,,,jp_only_event,low,"JP-only; art ""MilitaryWomanD/MilitaryWomanD"""
assets/data/characterData.bin.mid,1005,HumanDescription,白い服は返り血が目立つから嫌い！,,,jp_only_event,low,
assets/data/characterData.bin.mid,1005,ZombieDescription,もごもごもご（めちゃ　じゅーしー）,,,jp_only_event,low,
assets/data/characterData.bin.mid,1006,Name,ランポルペーニ・少将,,,jp_only_event,low,"JP-only; art ""MilitaryWomanF/MilitaryWomanF"""
assets/data/characterData.bin.mid,1006,HumanDescription,白服軍をやっつけるためなら命も惜しまないよ！,,,jp_only_event,low,
assets/data/characterData.bin.mid,1006,ZombieDescription,うま！ナイフの味がやっとわかってきた。,,,jp_only_event,low,
assets/data/characterData.bin.mid,1007,Name,巫女シェフ,,,jp_only_event,low,"JP-only; art ""enemyChef/MikoA"""
assets/data/characterData.bin.mid,1007,HumanDescription,無し,,,jp_only_event,low,
assets/data/characterData.bin.mid,1007,ZombieDescription,無し,,,jp_only_event,low,
assets/data/characterData.bin.mid,1008,Name,巫女店員1,,,jp_only_event,low,"JP-only; art ""MikoB/MikoB"""
assets/data/characterData.bin.mid,1008,HumanDescription,無し,,,jp_only_event,low,
assets/data/characterData.bin.mid,1008,ZombieDescription,無し,,,jp_only_event,low,
assets/data/characterData.bin.mid,1009,Name,巫女店員2,,,jp_only_event,low,"JP-only; art ""MikoC/MikoC"""
assets/data/characterData.bin.mid,1009,HumanDescription,無し,,,jp_only_event,low,
assets/data/characterData.bin.mid,1009,ZombieDescription,無し,,,jp_only_event,low,
assets/data/characterData.bin.mid,1010,Name,へびシェフ,,,jp_only_event,low,"JP-only; art ""enemyChef/snakeA"""
assets/data/characterData.bin.mid,1010,HumanDescription,無し,,,jp_only_event,low,
assets/data/characterData.bin.mid,1010,ZombieDescription,無し,,,jp_only_event,low,
assets/data/characterData.bin.mid,1011,Name,へび店員1,,,jp_only_event,low,"JP-only; art ""snakeB/snakeB"""
assets/data/characterData.bin.mid,1011,HumanDescription,無し,,,jp_only_event,low,
assets/data/characterData.bin.mid,1011,ZombieDescription,無し,,,jp_only_event,low,
assets/data/characterData.bin.mid,1012,Name,へび店員2,,,jp_only_event,low,"JP-only; art ""snakeC/snakeC"""
assets/data/characterData.bin.mid,1012,HumanDescription,無し,,,jp_only_event,low,
assets/data/characterData.bin.mid,1012,ZombieDescription,無し,,,jp_only_event,low,
assets/data/characterData.bin.mid,1013,Name,ULTRAシェフ,,,jp_only_event,low,"JP-only; art ""enemyChef/EDFE"""
assets/data/characterData.bin.mid,1013,HumanDescription,無し,,,jp_only_event,low,
assets/data/characterData.bin.mid,1013,ZombieDescription,無し,,,jp_only_event,low,
assets/data/characterData.bin.mid,1014,Name,ULTRA店員1,,,jp_only_event,low,"JP-only; art ""EDFF/EDFF"""
assets/data/characterData.bin.mid,1014,HumanDescription,無し,,,jp_only_event,low,
assets/data/characterData.bin.mid,1014,ZombieDescription,無し,,,jp_only_event,low,
assets/data/characterData.bin.mid,1015,Name,ULTRA店員2,,,jp_only_event,low,"JP-only; art ""EDFG/EDFG"""
assets/data/characterData.bin.mid,1015,HumanDescription,無し,,,jp_only_event,low,
assets/data/characterData.bin.mid,1015,ZombieDescription,無し,,,jp_only_event,low,
assets/data/characterData.bin.mid,1016,Name,そうそう,,,jp_only_event,low,"JP-only; art ""SangokushiA/SangokushiA"""
assets/data/characterData.bin.mid,1016,HumanDescription,そうそう　そうそうにはそうそう会えないよ,,,jp_only_event,low,
assets/data/characterData.bin.mid,1016,ZombieDescription,そう？,,,jp_only_event,low,
assets/data/characterData.bin.mid,1017,Name,りゅうび,,,jp_only_event,low,"JP-only; art ""SangokushiB/SangokushiB"""
assets/data/characterData.bin.mid,1017,HumanDescription,え!フェイスタオルないの？コンビニで売ってるよ？,,,jp_only_event,low,
assets/data/characterData.bin.mid,1017,ZombieDescription,え！脳みそないの？コンビニにないの？,,,jp_only_event,low,
assets/data/characterData.bin.mid,1018,Name,そんけん,,,jp_only_event,low,"JP-only; art ""SangokushiC/SangokushiC"""
assets/data/characterData.bin.mid,1018,HumanDescription,ここ赤みが足りないぞ！,,,jp_only_event,low,
assets/data/characterData.bin.mid,1018,ZombieDescription,赤けりゃいいってものじゃない！,,,jp_only_event,low,
assets/data/characterData.bin.mid,1019,Name,そんしょうこう,,,jp_only_event,low,"JP-only; art ""SangokushiD/SangokushiD"""
assets/data/characterData.bin.mid,1019,HumanDescription,きょうわぁ ひとりぃ うちとったりぃー,,,jp_only_event,low,
assets/data/characterData.bin.mid,1019,ZombieDescription,きょうわぁ かれにぃ うちとられたりぃー,,,jp_only_event,low,
assets/data/characterData.bin.mid,1020,Name,ちょうせん,,,jp_only_event,low,"JP-only; art ""SangokushiE/SangokushiE"""
assets/data/characterData.bin.mid,1020,HumanDescription,止むを得ません、火をつけちゃいましょう！,,,jp_only_event,low,
assets/data/characterData.bin.mid,1020,ZombieDescription,どうもこうもない、火をつけちゃいましょう！,,,jp_only_event,low,
assets/data/characterData.bin.mid,1021,Name,チョウセン,,,jp_only_event,low,"JP-only; art ""SangokushiF/SangokushiF"""
assets/data/characterData.bin.mid,1021,HumanDescription,不器用なあたしでも切れる包丁ないの？,,,jp_only_event,low,
assets/data/characterData.bin.mid,1021,ZombieDescription,ぶんぶんぶん！キレッキレ！,,,jp_only_event,low,
assets/data/characterData.bin.mid,1022,Name,そうそう兵,,,jp_only_event,low,"JP-only; art ""SangokushiG/SangokushiG"""
assets/data/characterData.bin.mid,1022,HumanDescription,土日のカフェが唯一の休息,,,jp_only_event,low,
assets/data/characterData.bin.mid,1022,ZombieDescription,脳みそばっか頼んでたら出禁くらった！,,,jp_only_event,low,
assets/data/characterData.bin.mid,1023,Name,ゆかいな兵,,,jp_only_event,low,"JP-only; art ""SangokushiG/animalA"""
assets/data/characterData.bin.mid,1023,HumanDescription,そうそう兵のゆるキャラとしてデビュー,,,jp_only_event,low,
assets/data/characterData.bin.mid,1023,ZombieDescription,空気を読まないその活躍で軍師まで上り詰めそう,,,jp_only_event,low,
assets/data/characterData.bin.mid,1024,Name,いつわりのラビリンス,,,jp_only_event,low,"JP-only; art ""angelJ/angelJ"""
assets/data/characterData.bin.mid,1024,HumanDescription,空気の中にわぁ、わたしの涙がふくまれてるんですけどぉ,,,jp_only_event,low,
assets/data/characterData.bin.mid,1024,ZombieDescription,ヤバイ！この感じマジヤバイ！,,,jp_only_event,low,
assets/data/characterData.bin.mid,1025,Name,まわるマロングラッセ,,,jp_only_event,low,"JP-only; art ""angelK/angelK"""
assets/data/characterData.bin.mid,1025,HumanDescription,愛というスイーツで孤独というダイエットに失敗したかも,,,jp_only_event,low,
assets/data/characterData.bin.mid,1025,ZombieDescription,え！このスイーツ　タコヤキっていうの？,,,jp_only_event,low,
assets/data/characterData.bin.mid,1026,Name,ショッピングマイセルフ,,,jp_only_event,low,"JP-only; art ""angelL/boxmanC"""
assets/data/characterData.bin.mid,1026,HumanDescription,買い物系女子の必須アイテム,,,jp_only_event,low,
assets/data/characterData.bin.mid,1026,ZombieDescription,この袋まじやばいんですけど！ベストフレンドね,,,jp_only_event,low,
assets/data/characterData.bin.mid,1027,Name,新陰流の剣士,,,jp_only_event,low,"JP-only; art ""MasterfencerB/MasterfencerB"""
assets/data/characterData.bin.mid,1027,HumanDescription,「倍返しだ」と言ったヤツから殺す,,,jp_only_event,low,
assets/data/characterData.bin.mid,1027,ZombieDescription,「おもてなし」と言ったヤツも殺す,,,jp_only_event,low,
assets/data/characterData.bin.mid,1028,Name,ツバメの剣士,,,jp_only_event,low,"JP-only; art ""MasterfencerC/MasterfencerC"""
assets/data/characterData.bin.mid,1028,HumanDescription,さてと　ツバメでも返しますか…！,,,jp_only_event,low,
assets/data/characterData.bin.mid,1028,ZombieDescription,スズメ返されてもちょっと…ね,,,jp_only_event,low,
assets/data/characterData.bin.mid,1029,Name,むさしの剣士,,,jp_only_event,low,"JP-only; art ""MasterfencerA/MasterfencerA"""
assets/data/characterData.bin.mid,1029,HumanDescription,ちょっとこの木匂ってみて　あまいから,,,jp_only_event,low,
assets/data/characterData.bin.mid,1029,ZombieDescription,あーカツオブシで船こいでたかもしんない　若いから,,,jp_only_event,low,
assets/data/characterData.bin.mid,1030,Name,かぶきもの剣士,,,jp_only_event,low,"JP-only; art ""MasterfencerB/KabukiC"""
assets/data/characterData.bin.mid,1030,HumanDescription,あ　これぞ！ブルーベリーパワーなりー！,,,jp_only_event,low,
assets/data/characterData.bin.mid,1030,ZombieDescription,ブルーベリーギャグで脱サラに成功したのが１４年前,,,jp_only_event,low,
assets/data/characterData.bin.mid,1031,Name,コアラ,,,jp_only_event,low,"JP-only; art ""godzillaA/godzillaA"""
assets/data/characterData.bin.mid,1031,HumanDescription,オーストラリアに生息する温厚な哺乳類,,,jp_only_event,low,
assets/data/characterData.bin.mid,1031,ZombieDescription,ユーカリの葉を求めてカフェに来た,,,jp_only_event,low,
assets/data/characterData.bin.mid,1032,Name,ＫＯＡＲＡ,,,jp_only_event,low,"JP-only; art ""godzillaB/godzillaB"""
assets/data/characterData.bin.mid,1032,HumanDescription,コアラの生態をヒントに開発された,,,jp_only_event,low,
assets/data/characterData.bin.mid,1032,ZombieDescription,いずれこのユニットが本物のコアラにとって代わるだろう,,,jp_only_event,low,
assets/data/characterData.bin.mid,1033,Name,チェケラッチョ星人,,,jp_only_event,low,"JP-only; art ""godzillaC/godzillaC"""
assets/data/characterData.bin.mid,1033,HumanDescription,カーボンナノチューブどころじゃないチューブでやってきた,,,jp_only_event,low,
assets/data/characterData.bin.mid,1033,ZombieDescription,カーボンナノチューブには勝てなかった,,,jp_only_event,low,
assets/data/characterData.bin.mid,1034,Name,サイ人,,,jp_only_event,low,"JP-only; art ""godzillaC/animalD"""
assets/data/characterData.bin.mid,1034,HumanDescription,シロサイって別に白くないんだよ　ボクがサイってわけじゃないけどね,,,jp_only_event,low,
assets/data/characterData.bin.mid,1034,ZombieDescription,サイ並みの頭脳　不器用な手　そして薄着,,,jp_only_event,low,
assets/data/characterData.bin.mid,1035,Name,紳士パープル,,,jp_only_event,low,"JP-only; art ""SpiritbehindA/SpiritbehindA"""
assets/data/characterData.bin.mid,1035,HumanDescription,全てが紫に染まった俺のザ・ワールド！,,,jp_only_event,low,
assets/data/characterData.bin.mid,1035,ZombieDescription,コマコマコマコマコマ…コマンタレブ！！,,,jp_only_event,low,
assets/data/characterData.bin.mid,1036,Name,イエロー看護キャノン,,,jp_only_event,low,"JP-only; art ""SpiritbehindB/SpiritbehindB"""
assets/data/characterData.bin.mid,1036,HumanDescription,先週の患者に取り憑かれたのかしら？,,,jp_only_event,low,
assets/data/characterData.bin.mid,1036,ZombieDescription,まさにウィンウィンってとこかしら？,,,jp_only_event,low,
assets/data/characterData.bin.mid,1037,Name,パラディンズグレー,,,jp_only_event,low,"JP-only; art ""SpiritbehindC/SpiritbehindC"""
assets/data/characterData.bin.mid,1037,HumanDescription,みんな目を合わすとけむたい顔してくる,,,jp_only_event,low,
assets/data/characterData.bin.mid,1037,ZombieDescription,きさまだけはゆるさん！アブソリュートだ！,,,jp_only_event,low,
assets/data/characterData.bin.mid,1038,Name,多目的ケサランパサラン,,,jp_only_event,low,"JP-only; art ""SpiritbehindD/SpiritbehindD"""
assets/data/characterData.bin.mid,1038,HumanDescription,弱点と装甲を分散させ極限までコストパフォーマンスを下げた,,,jp_only_event,low,
assets/data/characterData.bin.mid,1038,ZombieDescription,すごくないですか？自分なんなんですか？,,,jp_only_event,low,
assets/data/characterData.bin.mid,1039,Name,ラビリンス,,,jp_only_event,low,"JP-only; art ""angelH/angelH"""
assets/data/characterData.bin.mid,1039,HumanDescription,空気の中にわぁ、わたしの涙がふくまれてるんですけどぉ,,,jp_only_event,low,
assets/data/characterData.bin.mid,1039,ZombieDescription,涙がでちゃうわたしって 今日もラビリンスしてるかも,,,jp_only_event,low,
assets/data/characterData.bin.mid,1040,Name,マロングラッセ,,,jp_only_event,low,"JP-only; art ""angelI/angelI"""
assets/data/characterData.bin.mid,1040,HumanDescription,愛というスイーツで孤独というダイエットに失敗したかも,,,jp_only_event,low,
assets/data/characterData.bin.mid,1040,ZombieDescription,最近の悩みわぁ どうにもかゆいカサカサの肌！,,,jp_only_event,low,
assets/data/characterData.bin.mid,1041,Name,ダンシングレッドワイン,,,jp_only_event,low,"JP-only; art ""angelL/ShishimaiB"""
assets/data/characterData.bin.mid,1041,HumanDescription,東北での標準的な堕天使,,,jp_only_event,low,
assets/data/characterData.bin.mid,1041,ZombieDescription,2014年モデルほしいんですけど,,,jp_only_event,low,
assets/data/characterData.bin.mid,1042,Name,堕天使シェフ1,,,jp_only_event,low,"JP-only; art ""enemyChef/angelJ"""
assets/data/characterData.bin.mid,1042,HumanDescription,無し,,,jp_only_event,low,
assets/data/characterData.bin.mid,1042,ZombieDescription,無し,,,jp_only_event,low,
assets/data/characterData.bin.mid,1043,Name,堕天使店員1,,,jp_only_event,low,"JP-only; art ""angelK/angelK"""
assets/data/characterData.bin.mid,1043,HumanDescription,無し,,,jp_only_event,low,
assets/data/characterData.bin.mid,1043,ZombieDescription,無し,,,jp_only_event,low,
assets/data/characterData.bin.mid,1044,Name,堕天使店員2,,,jp_only_event,low,"JP-only; art ""angelJ/angelJ"""
assets/data/characterData.bin.mid,1044,HumanDescription,無し,,,jp_only_event,low,
assets/data/characterData.bin.mid,1044,ZombieDescription,無し,,,jp_only_event,low,
assets/data/characterData.bin.mid,1045,Name,剣豪シェフ,,,jp_only_event,low,"JP-only; art ""enemyChef/MasterfencerA"""
assets/data/characterData.bin.mid,1045,HumanDescription,無し,,,jp_only_event,low,
assets/data/characterData.bin.mid,1045,ZombieDescription,無し,,,jp_only_event,low,
assets/data/characterData.bin.mid,1046,Name,剣豪店員1,,,jp_only_event,low,"JP-only; art ""MasterfencerB/MasterfencerB"""
assets/data/characterData.bin.mid,1046,HumanDescription,無し,,,jp_only_event,low,
assets/data/characterData.bin.mid,1046,ZombieDescription,無し,,,jp_only_event,low,
assets/data/characterData.bin.mid,1047,Name,剣豪店員2,,,jp_only_event,low,"JP-only; art ""MasterfencerC/MasterfencerC"""
assets/data/characterData.bin.mid,1047,HumanDescription,無し,,,jp_only_event,low,
assets/data/characterData.bin.mid,1047,ZombieDescription,無し,,,jp_only_event,low,
assets/data/characterData.bin.mid,1048,Name,怪獣シェフ,,,jp_only_event,low,"JP-only; art ""enemyChef/godzillaA"""
assets/data/characterData.bin.mid,1048,HumanDescription,無し,,,jp_only_event,low,
assets/data/characterData.bin.mid,1048,ZombieDescription,無し,,,jp_only_event,low,
assets/data/characterData.bin.mid,1049,Name,怪獣店員1,,,jp_only_event,low,"JP-only; art ""godzillaB/godzillaB"""
assets/data/characterData.bin.mid,1049,HumanDescription,無し,,,jp_only_event,low,
assets/data/characterData.bin.mid,1049,ZombieDescription,無し,,,jp_only_event,low,
assets/data/characterData.bin.mid,1050,Name,怪獣店員2,,,jp_only_event,low,"JP-only; art ""godzillaC/godzillaC"""
assets/data/characterData.bin.mid,1050,HumanDescription,無し,,,jp_only_event,low,
assets/data/characterData.bin.mid,1050,ZombieDescription,無し,,,jp_only_event,low,
assets/data/characterData.bin.mid,1051,Name,守護霊シェフ,,,jp_only_event,low,"JP-only; art ""enemyChef/SpiritbehindA"""
assets/data/characterData.bin.mid,1051,HumanDescription,無し,,,jp_only_event,low,
assets/data/characterData.bin.mid,1051,ZombieDescription,無し,,,jp_only_event,low,
assets/data/characterData.bin.mid,1052,Name,守護霊店員1,,,jp_only_event,low,"JP-only; art ""SpiritbehindB/SpiritbehindB"""
assets/data/characterData.bin.mid,1052,HumanDescription,無し,,,jp_only_event,low,
assets/data/characterData.bin.mid,1052,ZombieDescription,無し,,,jp_only_event,low,
assets/data/characterData.bin.mid,1053,Name,守護霊店員2,,,jp_only_event,low,"JP-only; art ""SpiritbehindC/SpiritbehindC"""
assets/data/characterData.bin.mid,1053,HumanDescription,無し,,,jp_only_event,low,
assets/data/characterData.bin.mid,1053,ZombieDescription,無し,,,jp_only_event,low,
assets/data/characterData.bin.mid,1054,Name,堕天使シェフ2,,,jp_only_event,low,"JP-only; art ""enemyChef/angelH"""
assets/data/characterData.bin.mid,1054,HumanDescription,無し,,,jp_only_event,low,
assets/data/characterData.bin.mid,1054,ZombieDescription,無し,,,jp_only_event,low,
assets/data/characterData.bin.mid,1055,Name,堕天使店員3,,,jp_only_event,low,"JP-only; art ""angelI/angelI"""
assets/data/characterData.bin.mid,1055,HumanDescription,無し,,,jp_only_event,low,
assets/data/characterData.bin.mid,1055,ZombieDescription,無し,,,jp_only_event,low,
assets/data/characterData.bin.mid,1056,Name,堕天使店員4,,,jp_only_event,low,"JP-only; art ""angelH/angelH"""
assets/data/characterData.bin.mid,1056,HumanDescription,無し,,,jp_only_event,low,
assets/data/characterData.bin.mid,1056,ZombieDescription,無し,,,jp_only_event,low,
assets/data/characterData.bin.mid,1057,Name,先輩メイド,,,jp_only_event,low,"JP-only; art ""maid2/maid2B"""
assets/data/characterData.bin.mid,1057,HumanDescription,かわいい服を着るために、メイドカフェで働いている。,,,jp_only_event,low,
assets/data/characterData.bin.mid,1057,ZombieDescription,ゾンビになったら、服よりモップが大好きになった。,,,jp_only_event,low,
assets/data/characterData.bin.mid,1058,Name,大統領ハト,,,jp_only_event,low,"JP-only; art ""hatoF/hatoF"""
assets/data/characterData.bin.mid,1058,HumanDescription,のちの大統領である,,,jp_only_event,low,
assets/data/characterData.bin.mid,1058,ZombieDescription,みずみずしい肉、ふるえる血、しぼむ脳,,,jp_only_event,low,
assets/data/characterData.bin.mid,1059,Name,黒子ッス,,,jp_only_event,low,"JP-only; art ""kuroko/kuroko"""
assets/data/characterData.bin.mid,1059,HumanDescription,どんな神様が入っているかな！？,,,jp_only_event,low,
assets/data/characterData.bin.mid,1059,ZombieDescription,どんなゾンビが入っているかな！？,,,jp_only_event,low,
assets/data/characterData.bin.mid,1060,Name,黒子テウス,,,jp_only_event,low,"JP-only; art ""shinwa_prometeusB/shinwa_prometeusB"""
assets/data/characterData.bin.mid,1060,HumanDescription,頭を隠して炎をうばいにきた,,,jp_only_event,low,
assets/data/characterData.bin.mid,1060,ZombieDescription,炎をみるとテンションがあがる,,,jp_only_event,low,
assets/data/characterData.bin.mid,1061,Name,プロメテウス,,,jp_only_event,low,"JP-only; art ""shinwa_prometeus/shinwa_prometeus"""
assets/data/characterData.bin.mid,1061,HumanDescription,プロメテウス系男子の語源となった神様,,,jp_only_event,low,
assets/data/characterData.bin.mid,1061,ZombieDescription,プロメテウス系男子の語源となったゾンビ,,,jp_only_event,low,
assets/data/characterData.bin.mid,1062,Name,黒子デス,,,jp_only_event,low,"JP-only; art ""kurokoB/kurokoB"""
assets/data/characterData.bin.mid,1062,HumanDescription,どんな神様が入っているかな！？,,,jp_only_event,low,
assets/data/characterData.bin.mid,1062,ZombieDescription,どんなゾンビが入っているかな！？,,,jp_only_event,low,
assets/data/characterData.bin.mid,1063,Name,黒デス,,,jp_only_event,low,"JP-only; art ""shinwa_hadesB/shinwa_hadesB"""
assets/data/characterData.bin.mid,1063,HumanDescription,どんな神様が入っているかな！？,,,jp_only_event,low,
assets/data/characterData.bin.mid,1063,ZombieDescription,どんなゾンビが入っているかな！？,,,jp_only_event,low,
assets/data/characterData.bin.mid,1064,Name,黒頭デス,,,jp_only_event,low,"JP-only; art ""shinwa_hadesC/shinwa_hadesC"""
assets/data/characterData.bin.mid,1064,HumanDescription,白い服は敵だと思っている,,,jp_only_event,low,
assets/data/characterData.bin.mid,1064,ZombieDescription,黒や紫の服しかもっていない,,,jp_only_event,low,
assets/data/characterData.bin.mid,1065,Name,ハデス,,,jp_only_event,low,"JP-only; art ""shinwa_hades/shinwa_hades"""
assets/data/characterData.bin.mid,1065,HumanDescription,天界の中学生から絶大な支持を得ている,,,jp_only_event,low,
assets/data/characterData.bin.mid,1065,ZombieDescription,世界中の中学生から絶大な支持を得ている,,,jp_only_event,low,
assets/data/characterData.bin.mid,1066,Name,黒子です,,,jp_only_event,low,"JP-only; art ""kurokoB/shinwa_hades2"""
assets/data/characterData.bin.mid,1066,HumanDescription,どんな神様が入っているかな！？,,,jp_only_event,low,
assets/data/characterData.bin.mid,1066,ZombieDescription,どんなゾンビが入っているかな！？,,,jp_only_event,low,
assets/data/characterData.bin.mid,1067,Name,迷界のハデス,,,jp_only_event,low,"JP-only; art ""shinwa_hades2/shinwa_hades2"""
assets/data/characterData.bin.mid,1067,HumanDescription,男子中学生から絶大な支持を得ている,,,jp_only_event,low,
assets/data/characterData.bin.mid,1067,ZombieDescription,世界中の女の子から絶大な支持を得る夢がある,,,jp_only_event,low,
assets/data/characterData.bin.mid,1068,Name,アテーナー,,,jp_only_event,low,"JP-only; art ""shinwa_atene/shinwa_atene"""
assets/data/characterData.bin.mid,1068,HumanDescription,小高い丘でよく見かける神様,,,jp_only_event,low,
assets/data/characterData.bin.mid,1068,ZombieDescription,デフォルトから守る訓練は受けていない,,,jp_only_event,low,
assets/data/characterData.bin.mid,1069,Name,アテーナさん,,,jp_only_event,low,"JP-only; art ""shinwa_atene2/shinwa_atene2"""
assets/data/characterData.bin.mid,1069,HumanDescription,小高い丘でよく見かける神様,,,jp_only_event,low,
assets/data/characterData.bin.mid,1069,ZombieDescription,守られることを誇りに思っている,,,jp_only_event,low,
assets/data/characterData.bin.mid,1070,Name,パワーアップの宝石1,,,jp_only_event,low,"JP-only; art ""hatoA/hatoA"""
assets/data/characterData.bin.mid,1070,HumanDescription,特定のゾンビをパワーＵＰさせる,,,jp_only_event,low,
assets/data/characterData.bin.mid,1070,ZombieDescription,特定のゾンビをパワーＵＰさせる,,,jp_only_event,low,
assets/data/characterData.bin.mid,1071,Name,パワーアップの宝石2,,,jp_only_event,low,"JP-only; art ""hatoA/hatoA"""
assets/data/characterData.bin.mid,1071,HumanDescription,特定のゾンビをパワーＵＰさせる,,,jp_only_event,low,
assets/data/characterData.bin.mid,1071,ZombieDescription,特定のゾンビをパワーＵＰさせる,,,jp_only_event,low,
assets/data/characterData.bin.mid,1072,Name,パワーアップの宝石3,,,jp_only_event,low,"JP-only; art ""hatoA/hatoA"""
assets/data/characterData.bin.mid,1072,HumanDescription,特定のゾンビをパワーＵＰさせる,,,jp_only_event,low,
assets/data/characterData.bin.mid,1072,ZombieDescription,特定のゾンビをパワーＵＰさせる,,,jp_only_event,low,
assets/data/characterData.bin.mid,1073,Name,人間火力発電所,,,jp_only_event,low,"JP-only; art ""ghostRiderA/ghostRiderA"""
assets/data/characterData.bin.mid,1073,HumanDescription,俺は人間火力発電所！大統領だってぶんなぐるぜ！,,,jp_only_event,low,
assets/data/characterData.bin.mid,1073,ZombieDescription,俺は人間火力発電所！いや、そんなことはないか？,,,jp_only_event,low,
assets/data/characterData.bin.mid,1074,Name,ひたむきな霊,,,jp_only_event,low,"JP-only; art ""ghostRiderC/ghostRiderC"""
assets/data/characterData.bin.mid,1074,HumanDescription,かつてこれほどまでに真摯な霊がいただろうか？,,,jp_only_event,low,
assets/data/characterData.bin.mid,1074,ZombieDescription,この霊をカフェに雇わずして、どの霊を雇うというのか,,,jp_only_event,low,
assets/data/characterData.bin.mid,1075,Name,元気なガイコツ,,,jp_only_event,low,"JP-only; art ""skelton/ghostRiderA"""
assets/data/characterData.bin.mid,1075,HumanDescription,理科室に飾られています。,,,jp_only_event,low,
assets/data/characterData.bin.mid,1075,ZombieDescription,今日も元気だ！ファイヤー！！,,,jp_only_event,low,
assets/data/characterData.bin.mid,1076,Name,レッドマシーン,,,jp_only_event,low,"JP-only; art ""G_Robo1/G_Robo1"""
assets/data/characterData.bin.mid,1076,HumanDescription,君何辛までいける？オレ１０辛だけど,,,jp_only_event,low,
assets/data/characterData.bin.mid,1076,ZombieDescription,え～顔が赤いって？オレ１０辛食べてるもん,,,jp_only_event,low,
assets/data/characterData.bin.mid,1077,Name,ドリリングマシーン,,,jp_only_event,low,"JP-only; art ""G_Robo2/G_Robo2"""
assets/data/characterData.bin.mid,1077,HumanDescription,もれなくドリリングなひと時をプレゼントするぜ,,,jp_only_event,low,
assets/data/characterData.bin.mid,1077,ZombieDescription,うそだ！この手がコーンスナックだなんて…！,,,jp_only_event,low,
assets/data/characterData.bin.mid,1078,Name,ジャンピングマシーン,,,jp_only_event,low,"JP-only; art ""G_Robo3/G_Robo3"""
assets/data/characterData.bin.mid,1078,HumanDescription,ジャンプのことならワテにまかせるでゴワス！,,,jp_only_event,low,
assets/data/characterData.bin.mid,1078,ZombieDescription,ワテこそジャンプのチャンピオンでゴワス！,,,jp_only_event,low,
assets/data/characterData.bin.mid,1079,Name,コンドルマシーン,,,jp_only_event,low,"JP-only; art ""G_Robo1/Pharaoh_C"""
assets/data/characterData.bin.mid,1079,HumanDescription,マシーンといっても機械のからだではない,,,jp_only_event,low,
assets/data/characterData.bin.mid,1079,ZombieDescription,コンドルマスクのおかげで空も飛べる。,,,jp_only_event,low,
assets/data/characterData.bin.mid,1080,Name,コック・どろっしー,,,jp_only_event,low,"JP-only; art ""chef/ozA"""
assets/data/characterData.bin.mid,1080,HumanDescription,とくい料理は、「魔法の国の冒険」,,,jp_only_event,low,
assets/data/characterData.bin.mid,1080,ZombieDescription,魔法の力でシェフに変身した。,,,jp_only_event,low,
assets/data/characterData.bin.mid,1081,Name,コック・テイル,,,jp_only_event,low,"JP-only; art ""chef/PlantA"""
assets/data/characterData.bin.mid,1081,HumanDescription,とくい料理は、「キクラゲたちのダンス」,,,jp_only_event,low,
assets/data/characterData.bin.mid,1081,ZombieDescription,青いミートボールにキクラゲを楽しそうにまぶしたシェフ,,,jp_only_event,low,
assets/data/characterData.bin.mid,1082,Name,コック・ラフレシアン,,,jp_only_event,low,"JP-only; art ""chef/PlantB"""
assets/data/characterData.bin.mid,1082,HumanDescription,とくい料理は、「ある朝のアサガオ」,,,jp_only_event,low,
assets/data/characterData.bin.mid,1082,ZombieDescription,祝日に玄関に飾られることもあるシェフ,,,jp_only_event,low,
assets/data/characterData.bin.mid,1083,Name,コック・アリッサム,,,jp_only_event,low,"JP-only; art ""chef/PlantD"""
assets/data/characterData.bin.mid,1083,HumanDescription,とくい料理は、「レタスの風に抱かれて」,,,jp_only_event,low,
assets/data/characterData.bin.mid,1083,ZombieDescription,ひき肉にトマトを練りこみ、レタスで巻いたシェフ,,,jp_only_event,low,
assets/data/characterData.bin.mid,1084,Name,覆面コック,,,jp_only_event,low,"JP-only; art ""chef/MikoD"""
assets/data/characterData.bin.mid,1084,HumanDescription,とくい料理は、「娘のキャベツ」,,,jp_only_event,low,
assets/data/characterData.bin.mid,1084,ZombieDescription,いい土だ、いいキャベツが育つぜ,,,jp_only_event,low,
assets/data/characterData.bin.mid,1085,Name,じいさんコック,,,jp_only_event,low,"JP-only; art ""enemyChef/PlantC"""
assets/data/characterData.bin.mid,1085,HumanDescription,とくい料理は、「薄味おかゆ」,,,jp_only_event,low,
assets/data/characterData.bin.mid,1085,ZombieDescription,妖精に始まりコックで終わる・・・か。,,,jp_only_event,low,
assets/data/characterData.bin.mid,1086,Name,アフロコック,,,jp_only_event,low,"JP-only; art ""enemyChef/PlantE"""
assets/data/characterData.bin.mid,1086,HumanDescription,とくい料理は、「あたまにパセリをのせて」,,,jp_only_event,low,
assets/data/characterData.bin.mid,1086,ZombieDescription,パセリだっておいしいぞ。,,,jp_only_event,low,
assets/data/characterData.bin.mid,1087,Name,ゴーストシェフ,,,jp_only_event,low,"JP-only; art ""enemyChef/ghostRiderA"""
assets/data/characterData.bin.mid,1087,HumanDescription,無し,,,jp_only_event,low,
assets/data/characterData.bin.mid,1087,ZombieDescription,無し,,,jp_only_event,low,
assets/data/characterData.bin.mid,1088,Name,ゴースト店員1,,,jp_only_event,low,"JP-only; art ""ghostRiderC/ghostRiderC"""
assets/data/characterData.bin.mid,1088,HumanDescription,無し,,,jp_only_event,low,
assets/data/characterData.bin.mid,1088,ZombieDescription,無し,,,jp_only_event,low,
assets/data/characterData.bin.mid,1089,Name,ゴースト店員2,,,jp_only_event,low,"JP-only; art ""ghostRiderA/ghostRiderA"""
assets/data/characterData.bin.mid,1089,HumanDescription,無し,,,jp_only_event,low,
assets/data/characterData.bin.mid,1089,ZombieDescription,無し,,,jp_only_event,low,
assets/data/characterData.bin.mid,1090,Name,マシーンシェフ,,,jp_only_event,low,"JP-only; art ""enemyChef/G_Robo1"""
assets/data/characterData.bin.mid,1090,HumanDescription,無し,,,jp_only_event,low,
assets/data/characterData.bin.mid,1090,ZombieDescription,無し,,,jp_only_event,low,
assets/data/characterData.bin.mid,1091,Name,マシーン店員1,,,jp_only_event,low,"JP-only; art ""G_Robo2/G_Robo2"""
assets/data/characterData.bin.mid,1091,HumanDescription,無し,,,jp_only_event,low,
assets/data/characterData.bin.mid,1091,ZombieDescription,無し,,,jp_only_event,low,
assets/data/characterData.bin.mid,1092,Name,マシーン店員2,,,jp_only_event,low,"JP-only; art ""G_Robo3/G_Robo3"""
assets/data/characterData.bin.mid,1092,HumanDescription,無し,,,jp_only_event,low,
assets/data/characterData.bin.mid,1092,ZombieDescription,無し,,,jp_only_event,low,
assets/data/characterData.bin.mid,1093,Name,コック・ムーン,,,jp_only_event,low,"JP-only; art ""chef/chef"""
assets/data/characterData.bin.mid,1093,HumanDescription,とくい料理は、「フランスの大豆」,,,jp_only_event,low,
assets/data/characterData.bin.mid,1093,ZombieDescription,フランスではシェフではなく、大豆が厨房に立つ,,,jp_only_event,low,
assets/data/characterData.bin.mid,1094,Name,妖怪ぬらり,,,jp_only_event,low,"JP-only; art ""YoukaiF/YoukaiF"""
assets/data/characterData.bin.mid,1094,HumanDescription,妖怪ぬらりひょんの従弟,,,jp_only_event,low,
assets/data/characterData.bin.mid,1094,ZombieDescription,スマホとタブレットの２台を使いこなす妖怪,,,jp_only_event,low,
assets/data/characterData.bin.mid,1095,Name,妖怪ぬらりひょん,,,jp_only_event,low,"JP-only; art ""YoukaiA/YoukaiA"""
assets/data/characterData.bin.mid,1095,HumanDescription,ぬらりと食べるおいしい肉,,,jp_only_event,low,
assets/data/characterData.bin.mid,1095,ZombieDescription,日本で唯一、タブレットを使いこなす妖怪,,,jp_only_event,low,
assets/data/characterData.bin.mid,1096,Name,妖怪おゆき,,,jp_only_event,low,"JP-only; art ""YoukaiB/YoukaiB"""
assets/data/characterData.bin.mid,1096,HumanDescription,雪の日の小学生のテンションが具現化した妖怪,,,jp_only_event,low,
assets/data/characterData.bin.mid,1096,ZombieDescription,雪国では見つけづらいが、カフェではよく見える,,,jp_only_event,low,
assets/data/characterData.bin.mid,1097,Name,妖怪ヨーコ,,,jp_only_event,low,"JP-only; art ""YoukaiE/YoukaiE"""
assets/data/characterData.bin.mid,1097,HumanDescription,あたしヨーコ、マンモスよろぴくね♪,,,jp_only_event,low,
assets/data/characterData.bin.mid,1097,ZombieDescription,このカフェでマンモス働いちゃお♪,,,jp_only_event,low,
assets/data/characterData.bin.mid,1098,Name,妖怪布フェチ,,,jp_only_event,low,"JP-only; art ""YoukaiC/YoukaiC"""
assets/data/characterData.bin.mid,1098,HumanDescription,布を巻くだけで妖怪になれるのがネットワーク社会,,,jp_only_event,low,
assets/data/characterData.bin.mid,1098,ZombieDescription,孤独と布を愛し、カーテンも愛する,,,jp_only_event,low,
assets/data/characterData.bin.mid,1099,Name,グラップラー・傘,,,jp_only_event,low,"JP-only; art ""YoukaiD/YoukaiD"""
assets/data/characterData.bin.mid,1099,HumanDescription,名匠によって作られた傘のコスプレをしている青年,,,jp_only_event,low,
assets/data/characterData.bin.mid,1099,ZombieDescription,世界には２千４百人の傘コレクターがいる,,,jp_only_event,low,
assets/data/characterData.bin.mid,1100,Name,レッカ,,,jp_only_event,low,"JP-only; art ""gaist_A/gaist_A"""
assets/data/characterData.bin.mid,1100,HumanDescription,ニンテンドー3DS用ソフト「ガイストクラッシャーゴッド」も爆アツだぜ！,,,jp_only_event,low,
assets/data/characterData.bin.mid,1100,ZombieDescription,ガイストオン！ゾンビカフェでもガイストをクラッシュしてやるぜ！,,,jp_only_event,low,
assets/data/characterData.bin.mid,1101,Name,さんご,,,jp_only_event,low,"JP-only; art ""gaist_B/gaist_B"""
assets/data/characterData.bin.mid,1101,HumanDescription,GCGオペレーター。3DS「ガイストクラッシャーゴッド」発売中！よろしくね！,,,jp_only_event,low,
assets/data/characterData.bin.mid,1101,ZombieDescription,今はゾンビカフェのオペレーター。ニンテンドー3DS用ソフト「ガイストクラッシャーゴッド」もよろしくね！,,,jp_only_event,low,
assets/data/characterData.bin.mid,1102,Name,バナ隊長,,,jp_only_event,low,"JP-only; art ""gaist_C/gaist_C"""
assets/data/characterData.bin.mid,1102,HumanDescription,GCG戦闘班チーフ。ニンテンドー3DS用ソフト「ガイストクラッシャーゴッド」覚えておくよーに！,,,jp_only_event,low,
assets/data/characterData.bin.mid,1102,ZombieDescription,GCG戦闘班チーフ。「ガイストクラッシャーゴッド」好評発売中！チェックするよーに！,,,jp_only_event,low,
assets/data/characterData.bin.mid,1103,Name,トップランカー,,,jp_only_event,low,"JP-only; art ""catsparta/catsparta"""
assets/data/characterData.bin.mid,1103,HumanDescription,オレ様はエリート戦士だ！ローマ１のな…！,,,jp_only_event,low,
assets/data/characterData.bin.mid,1103,ZombieDescription,あ…あんな下級戦士にやられるなんて,,,jp_only_event,low,
assets/data/characterData.bin.mid,1104,Name,三ツ目武将,,,jp_only_event,low,"JP-only; art ""catmusha/catmusha"""
assets/data/characterData.bin.mid,1104,HumanDescription,３～５月が発情期,,,jp_only_event,low,
assets/data/characterData.bin.mid,1104,ZombieDescription,おちゃめ、ネコめ、太めな武将,,,jp_only_event,low,
assets/data/characterData.bin.mid,1105,Name,モーレツ冬将軍,,,jp_only_event,low,"JP-only; art ""MushaA/snowmanC"""
assets/data/characterData.bin.mid,1105,HumanDescription,寒い！,,,jp_only_event,low,
assets/data/characterData.bin.mid,1105,ZombieDescription,寒いと言ったら１００円ね,,,jp_only_event,low,
assets/data/characterData.bin.mid,1106,Name,風の日本人形,,,jp_only_event,low,"JP-only; art ""poltergeistA/poltergeistA"""
assets/data/characterData.bin.mid,1106,HumanDescription,つむじ風でこういう風に見えるだけ,,,jp_only_event,low,
assets/data/characterData.bin.mid,1106,ZombieDescription,風が強いので動いて見える普通の人形,,,jp_only_event,low,
assets/data/characterData.bin.mid,1107,Name,水のフランス人,,,jp_only_event,low,"JP-only; art ""poltergeistB/poltergeistB"""
assets/data/characterData.bin.mid,1107,HumanDescription,ワタシも涙がでる機能がほしいザマス,,,jp_only_event,low,
assets/data/characterData.bin.mid,1107,ZombieDescription,美しいフランス人形を作るにはいい水が必要,,,jp_only_event,low,
assets/data/characterData.bin.mid,1108,Name,火の腹話術,,,jp_only_event,low,"JP-only; art ""poltergeistC/poltergeistC"""
assets/data/characterData.bin.mid,1108,HumanDescription,もはや腹話術でもなんでもねぇぜ！,,,jp_only_event,low,
assets/data/characterData.bin.mid,1108,ZombieDescription,アツ～い腹話術を味わっちまいな！,,,jp_only_event,low,
assets/data/characterData.bin.mid,1109,Name,土のシロクマ,,,jp_only_event,low,"JP-only; art ""poltergeistD/poltergeistD"""
assets/data/characterData.bin.mid,1109,HumanDescription,ワイは四天王の中では最弱やで！,,,jp_only_event,low,
assets/data/characterData.bin.mid,1109,ZombieDescription,フシュルシュルシュル…,,,jp_only_event,low,
assets/data/characterData.bin.mid,1110,Name,サイ風ゴースト,,,jp_only_event,low,"JP-only; art ""ghostA/animalD"""
assets/data/characterData.bin.mid,1110,HumanDescription,厳密にはミナミシロサイ,,,jp_only_event,low,
assets/data/characterData.bin.mid,1110,ZombieDescription,サイの幽霊の仮装中に死亡した会社員の幽霊,,,jp_only_event,low,
assets/data/characterData.bin.mid,1111,Name,ねこシェフ,,,jp_only_event,low,"JP-only; art ""enemyChef/HWcat"""
assets/data/characterData.bin.mid,1111,HumanDescription,無し,,,jp_only_event,low,
assets/data/characterData.bin.mid,1111,ZombieDescription,無し,,,jp_only_event,low,
assets/data/characterData.bin.mid,1112,Name,ねこ店員1,,,jp_only_event,low,"JP-only; art ""catsparta/catsparta"""
assets/data/characterData.bin.mid,1112,HumanDescription,無し,,,jp_only_event,low,
assets/data/characterData.bin.mid,1112,ZombieDescription,無し,,,jp_only_event,low,
assets/data/characterData.bin.mid,1113,Name,ねこ店員2,,,jp_only_event,low,"JP-only; art ""catmusha/catmusha"""
assets/data/characterData.bin.mid,1113,HumanDescription,無し,,,jp_only_event,low,
assets/data/characterData.bin.mid,1113,ZombieDescription,無し,,,jp_only_event,low,
assets/data/characterData.bin.mid,1114,Name,人形シェフ,,,jp_only_event,low,"JP-only; art ""chef/MikoD"""
assets/data/characterData.bin.mid,1114,HumanDescription,無し,,,jp_only_event,low,
assets/data/characterData.bin.mid,1114,ZombieDescription,無し,,,jp_only_event,low,
assets/data/characterData.bin.mid,1115,Name,人形店員1,,,jp_only_event,low,"JP-only; art ""enemyChef/PlantC"""
assets/data/characterData.bin.mid,1115,HumanDescription,無し,,,jp_only_event,low,
assets/data/characterData.bin.mid,1115,ZombieDescription,無し,,,jp_only_event,low,
assets/data/characterData.bin.mid,1116,Name,人形店員2,,,jp_only_event,low,"JP-only; art ""enemyChef/PlantE"""
assets/data/characterData.bin.mid,1116,HumanDescription,無し,,,jp_only_event,low,
assets/data/characterData.bin.mid,1116,ZombieDescription,無し,,,jp_only_event,low,
assets/data/characterData.bin.mid,1117,Name,空ぼミリネ,,,jp_only_event,low,"JP-only; art ""MilitaryWomanG/MilitaryWomanG"""
assets/data/characterData.bin.mid,1117,HumanDescription,悔しさをかみしめながらチクワもかみしめる艦長,,,jp_only_event,low,
assets/data/characterData.bin.mid,1117,ZombieDescription,潮風は人をゾンビにする,,,jp_only_event,low,
assets/data/characterData.bin.mid,1118,Name,護えいかんなだれ,,,jp_only_event,low,"JP-only; art ""MilitaryWomanH/MilitaryWomanH"""
assets/data/characterData.bin.mid,1118,HumanDescription,頭は悪いけど優しくて着替えが早い,,,jp_only_event,low,
assets/data/characterData.bin.mid,1118,ZombieDescription,雨の日は水雷が髪に絡まりやすい,,,jp_only_event,low,
assets/data/characterData.bin.mid,1119,Name,重巡洋かんかげぼし,,,jp_only_event,low,"JP-only; art ""MilitaryWomanI/MilitaryWomanI"""
assets/data/characterData.bin.mid,1119,HumanDescription,世界で初めて艦長になったコギャル,,,jp_only_event,low,
assets/data/characterData.bin.mid,1119,ZombieDescription,世界で初めて艦長になった汚ギャル,,,jp_only_event,low,
assets/data/characterData.bin.mid,1120,Name,SSさとがえり,,,jp_only_event,low,"JP-only; art ""MilitaryWomanI/robotC"""
assets/data/characterData.bin.mid,1120,HumanDescription,潮風は命取りですぞ,,,jp_only_event,low,
assets/data/characterData.bin.mid,1120,ZombieDescription,ハッチから顔を出した時ロボット感が増す,,,jp_only_event,low,
assets/data/characterData.bin.mid,1121,Name,テニス部員,,,jp_only_event,low,"JP-only; art ""ECA1/ECA1"""
assets/data/characterData.bin.mid,1121,HumanDescription,頭がよくてお金持ちなのに頭は悪い,,,jp_only_event,low,
assets/data/characterData.bin.mid,1121,ZombieDescription,感染を機にエースになったのに頭が悪い,,,jp_only_event,low,
assets/data/characterData.bin.mid,1122,Name,パソコン部員,,,jp_only_event,low,"JP-only; art ""ECA2/ECA2"""
assets/data/characterData.bin.mid,1122,HumanDescription,カタカタカッタ！カタカタターン！,,,jp_only_event,low,
assets/data/characterData.bin.mid,1122,ZombieDescription,パソコン好きと頭の良さは関係ないので頭が悪い,,,jp_only_event,low,
assets/data/characterData.bin.mid,1123,Name,チアガール部員,,,jp_only_event,low,"JP-only; art ""ECA3/ECA3"""
assets/data/characterData.bin.mid,1123,HumanDescription,相手を追い込むような応援が得意,,,jp_only_event,low,
assets/data/characterData.bin.mid,1123,ZombieDescription,相手を喰らうような応戦が得意,,,jp_only_event,low,
assets/data/characterData.bin.mid,1124,Name,謎のテニスレスラー,,,jp_only_event,low,"JP-only; art ""ECA1/maskedA"""
assets/data/characterData.bin.mid,1124,HumanDescription,ボレーからのパワーボムが得意,,,jp_only_event,low,
assets/data/characterData.bin.mid,1124,ZombieDescription,トップロープからのサービスエースが得意,,,jp_only_event,low,
assets/data/characterData.bin.mid,1125,Name,ノーブルアマガエル,,,jp_only_event,low,"JP-only; art ""frogA/frogA"""
assets/data/characterData.bin.mid,1125,HumanDescription,食用にヌクヌクと育てられた結果,,,jp_only_event,low,
assets/data/characterData.bin.mid,1125,ZombieDescription,唐揚げにして食べるとおいしいがマントの部分は毒,,,jp_only_event,low,
assets/data/characterData.bin.mid,1126,Name,小松中重工DPSF,,,jp_only_event,low,"JP-only; art ""frogB/frogB"""
assets/data/characterData.bin.mid,1126,HumanDescription,体力テストと英語の試験をパスした物だけが着装できる,,,jp_only_event,low,
assets/data/characterData.bin.mid,1126,ZombieDescription,中は暑いがゾンビになって問題解決,,,jp_only_event,low,
assets/data/characterData.bin.mid,1127,Name,うっかり力士,,,jp_only_event,low,"JP-only; art ""maskedD/frogB"""
assets/data/characterData.bin.mid,1127,HumanDescription,力士もうっかりするとこうなってしまう,,,jp_only_event,low,
assets/data/characterData.bin.mid,1127,ZombieDescription,たとえ力士であってもうっかりするとこうなってしまう,,,jp_only_event,low,
assets/data/characterData.bin.mid,1128,Name,昆虫レッド,,,jp_only_event,low,"JP-only; art ""InsectHeroA/InsectHeroA"""
assets/data/characterData.bin.mid,1128,HumanDescription,カブトムシ並みの知能を得た超人ヒーロー,,,jp_only_event,low,
assets/data/characterData.bin.mid,1128,ZombieDescription,カブトムシ並みの知能も無くした超人ヒーロー,,,jp_only_event,low,
assets/data/characterData.bin.mid,1129,Name,昆虫グリーン,,,jp_only_event,low,"JP-only; art ""InsectHeroB/InsectHeroB"""
assets/data/characterData.bin.mid,1129,HumanDescription,巨大なハサミで敵の鼻を狙う,,,jp_only_event,low,
assets/data/characterData.bin.mid,1129,ZombieDescription,巨大なハサミで敵の脳みそを狙う,,,jp_only_event,low,
assets/data/characterData.bin.mid,1130,Name,昆虫ピンク,,,jp_only_event,low,"JP-only; art ""InsectHeroC/InsectHeroC"""
assets/data/characterData.bin.mid,1130,HumanDescription,重い話題でチームを冷ます45歳の男性,,,jp_only_event,low,
assets/data/characterData.bin.mid,1130,ZombieDescription,軽いジョークでチームを冷ます45歳の男性,,,jp_only_event,low,
assets/data/characterData.bin.mid,1131,Name,昆虫ブラック,,,jp_only_event,low,"JP-only; art ""InsectHeroD/InsectHeroD"""
assets/data/characterData.bin.mid,1131,HumanDescription,実はムチウチだがプロ意識がそれを感じさせない,,,jp_only_event,low,
assets/data/characterData.bin.mid,1131,ZombieDescription,実はニートだがプロ意識がそれを感じさせない,,,jp_only_event,low,
assets/data/characterData.bin.mid,1132,Name,昆虫ブルー,,,jp_only_event,low,"JP-only; art ""InsectHeroE/InsectHeroE"""
assets/data/characterData.bin.mid,1132,HumanDescription,誰よりも仲間思いのストライカー,,,jp_only_event,low,
assets/data/characterData.bin.mid,1132,ZombieDescription,誰よりも脳みそ想いのストライカー,,,jp_only_event,low,
assets/data/characterData.bin.mid,1133,Name,謎の営業部長,,,jp_only_event,low,"JP-only; art ""businessman/InsectHeroA"""
assets/data/characterData.bin.mid,1133,HumanDescription,クールビズとのバランスを考えたマスク,,,jp_only_event,low,
assets/data/characterData.bin.mid,1133,ZombieDescription,ツノが濡れて力が出ない,,,jp_only_event,low,
assets/data/characterData.bin.mid,1134,Name,海軍シェフ,,,jp_only_event,low,"JP-only; art ""enemyChef/MilitaryWomanG"""
assets/data/characterData.bin.mid,1134,HumanDescription,無し,,,jp_only_event,low,
assets/data/characterData.bin.mid,1134,ZombieDescription,無し,,,jp_only_event,low,
assets/data/characterData.bin.mid,1135,Name,海軍店員1,,,jp_only_event,low,"JP-only; art ""MilitaryWomanH/MilitaryWomanH"""
assets/data/characterData.bin.mid,1135,HumanDescription,無し,,,jp_only_event,low,
assets/data/characterData.bin.mid,1135,ZombieDescription,無し,,,jp_only_event,low,
assets/data/characterData.bin.mid,1136,Name,海軍店員2,,,jp_only_event,low,"JP-only; art ""MilitaryWomanI/MilitaryWomanI"""
assets/data/characterData.bin.mid,1136,HumanDescription,無し,,,jp_only_event,low,
assets/data/characterData.bin.mid,1136,ZombieDescription,無し,,,jp_only_event,low,
assets/data/characterData.bin.mid,1137,Name,部活シェフ,,,jp_only_event,low,"JP-only; art ""enemyChef/ECA1"""
assets/data/characterData.bin.mid,1137,HumanDescription,無し,,,jp_only_event,low,
assets/data/characterData.bin.mid,1137,ZombieDescription,無し,,,jp_only_event,low,
assets/data/characterData.bin.mid,1138,Name,部活店員1,,,jp_only_event,low,"JP-only; art ""ECA2/ECA2"""
assets/data/characterData.bin.mid,1138,HumanDescription,無し,,,jp_only_event,low,
assets/data/characterData.bin.mid,1138,ZombieDescription,無し,,,jp_only_event,low,
assets/data/characterData.bin.mid,1139,Name,部活店員2,,,jp_only_event,low,"JP-only; art ""ECA3/ECA3"""
assets/data/characterData.bin.mid,1139,HumanDescription,無し,,,jp_only_event,low,
assets/data/characterData.bin.mid,1139,ZombieDescription,無し,,,jp_only_event,low,
assets/data/characterData.bin.mid,1140,Name,カエルシェフ,,,jp_only_event,low,"JP-only; art ""enemyChef/frogA"""
assets/data/characterData.bin.mid,1140,HumanDescription,無し,,,jp_only_event,low,
assets/data/characterData.bin.mid,1140,ZombieDescription,無し,,,jp_only_event,low,
assets/data/characterData.bin.mid,1141,Name,カエル店員1,,,jp_only_event,low,"JP-only; art ""frogB/frogB"""
assets/data/characterData.bin.mid,1141,HumanDescription,無し,,,jp_only_event,low,
assets/data/characterData.bin.mid,1141,ZombieDescription,無し,,,jp_only_event,low,
assets/data/characterData.bin.mid,1142,Name,カエル店員2,,,jp_only_event,low,"JP-only; art ""frogA/frogA"""
assets/data/characterData.bin.mid,1142,HumanDescription,無し,,,jp_only_event,low,
assets/data/characterData.bin.mid,1142,ZombieDescription,無し,,,jp_only_event,low,
assets/data/characterData.bin.mid,1143,Name,キャベツの妖精,,,jp_only_event,low,"JP-only; art ""fairyA/fairyA"""
assets/data/characterData.bin.mid,1143,HumanDescription,キャベツの進化によって生み出された,,,jp_only_event,low,
assets/data/characterData.bin.mid,1143,ZombieDescription,キャベツにかわってカフェに入荷,,,jp_only_event,low,
assets/data/characterData.bin.mid,1144,Name,ネットの妖精,,,jp_only_event,low,"JP-only; art ""fairyB/fairyB"""
assets/data/characterData.bin.mid,1144,HumanDescription,ネットはお庭よ,,,jp_only_event,low,
assets/data/characterData.bin.mid,1144,ZombieDescription,ネットを通してカフェに迷い込んだ,,,jp_only_event,low,
assets/data/characterData.bin.mid,1145,Name,ジョウロの妖精,,,jp_only_event,low,"JP-only; art ""fairyC/fairyC"""
assets/data/characterData.bin.mid,1145,HumanDescription,かわいい生き物はダミーで本体は根っこ,,,jp_only_event,low,
assets/data/characterData.bin.mid,1145,ZombieDescription,「かわいい！」とよってきたヤツは殺す！！,,,jp_only_event,low,
assets/data/characterData.bin.mid,1146,Name,多目的ケセラン妖精,,,jp_only_event,low,"JP-only; art ""fairyA/SpiritbehindD"""
assets/data/characterData.bin.mid,1146,HumanDescription,野生の下で生まれた,,,jp_only_event,low,
assets/data/characterData.bin.mid,1146,ZombieDescription,国の希少野生動植物種に指定,,,jp_only_event,low,
assets/data/characterData.bin.mid,1147,Name,森のエルフ,,,jp_only_event,low,"JP-only; art ""elfA/elfA"""
assets/data/characterData.bin.mid,1147,HumanDescription,森に入るやつはみんな射る,,,jp_only_event,low,
assets/data/characterData.bin.mid,1147,ZombieDescription,どの角度に弓を射っても自分の顔に当ててみせる,,,jp_only_event,low,
assets/data/characterData.bin.mid,1148,Name,林のエルフ,,,jp_only_event,low,"JP-only; art ""elfB/elfB"""
assets/data/characterData.bin.mid,1148,HumanDescription,3軒先のインターホンを鳴らすことが出来る弓の名手,,,jp_only_event,low,
assets/data/characterData.bin.mid,1148,ZombieDescription,ちょっと鳴らしすぎた・・・ごめんね,,,jp_only_event,low,
assets/data/characterData.bin.mid,1149,Name,花のエルフ,,,jp_only_event,low,"JP-only; art ""elfC/elfC"""
assets/data/characterData.bin.mid,1149,HumanDescription,弓の知識には目を見張るが頭が悪い,,,jp_only_event,low,
assets/data/characterData.bin.mid,1149,ZombieDescription,弓を求めてカフェに来る頭の悪さ,,,jp_only_event,low,
assets/data/characterData.bin.mid,1150,Name,ウェデイングエルフ,,,jp_only_event,low,"JP-only; art ""BrideA/elfA"""
assets/data/characterData.bin.mid,1150,HumanDescription,４年交際した彼と婚約,,,jp_only_event,low,
assets/data/characterData.bin.mid,1150,ZombieDescription,未亡人になった,,,jp_only_event,low,
assets/data/characterData.bin.mid,1151,Name,カーニバルマニア,,,jp_only_event,low,"JP-only; art ""CarnavalA/CarnavalA"""
assets/data/characterData.bin.mid,1151,HumanDescription,年中この姿で学校に通う,,,jp_only_event,low,
assets/data/characterData.bin.mid,1151,ZombieDescription,らっせーらーらっせーらーらっせーらっせーらっせーらー,,,jp_only_event,low,
assets/data/characterData.bin.mid,1152,Name,カーニバル娘,,,jp_only_event,low,"JP-only; art ""CarnavalB/CarnavalB"""
assets/data/characterData.bin.mid,1152,HumanDescription,まずは形から入るタイプ,,,jp_only_event,low,
assets/data/characterData.bin.mid,1152,ZombieDescription,ハードッコイショドッコイショ,,,jp_only_event,low,
assets/data/characterData.bin.mid,1153,Name,カーニバルの匠,,,jp_only_event,low,"JP-only; art ""CarnavalC/CarnavalC"""
assets/data/characterData.bin.mid,1153,HumanDescription,実はこのかみかざりヘアーなんですよ,,,jp_only_event,low,
assets/data/characterData.bin.mid,1153,ZombieDescription,カーニバルの画像検索でトップを目指す,,,jp_only_event,low,
assets/data/characterData.bin.mid,1154,Name,バーサーカー,,,jp_only_event,low,"JP-only; art ""valkyrieB/CarnavalA"""
assets/data/characterData.bin.mid,1154,HumanDescription,気が弱いがネットの世界では最強,,,jp_only_event,low,
assets/data/characterData.bin.mid,1154,ZombieDescription,セキュリティソフトにウィルスとして対策された,,,jp_only_event,low,
assets/data/characterData.bin.mid,1155,Name,妖精シェフ,,,jp_only_event,low,"JP-only; art ""fairyA/fairyA"""
assets/data/characterData.bin.mid,1155,HumanDescription,無し,,,jp_only_event,low,
assets/data/characterData.bin.mid,1155,ZombieDescription,無し,,,jp_only_event,low,
assets/data/characterData.bin.mid,1156,Name,妖精店員１,,,jp_only_event,low,"JP-only; art ""fairyB/fairyB"""
assets/data/characterData.bin.mid,1156,HumanDescription,無し,,,jp_only_event,low,
assets/data/characterData.bin.mid,1156,ZombieDescription,無し,,,jp_only_event,low,
assets/data/characterData.bin.mid,1157,Name,妖精店員２,,,jp_only_event,low,"JP-only; art ""fairyC/fairyC"""
assets/data/characterData.bin.mid,1157,HumanDescription,無し,,,jp_only_event,low,
assets/data/characterData.bin.mid,1157,ZombieDescription,無し,,,jp_only_event,low,
assets/data/characterData.bin.mid,1158,Name,エルフシェフ,,,jp_only_event,low,"JP-only; art ""enemyChef/elfA"""
assets/data/characterData.bin.mid,1158,HumanDescription,無し,,,jp_only_event,low,
assets/data/characterData.bin.mid,1158,ZombieDescription,無し,,,jp_only_event,low,
assets/data/characterData.bin.mid,1159,Name,エルフ店員１,,,jp_only_event,low,"JP-only; art ""elfB/elfB"""
assets/data/characterData.bin.mid,1159,HumanDescription,無し,,,jp_only_event,low,
assets/data/characterData.bin.mid,1159,ZombieDescription,無し,,,jp_only_event,low,
assets/data/characterData.bin.mid,1160,Name,エルフ店員２,,,jp_only_event,low,"JP-only; art ""elfC/elfC"""
assets/data/characterData.bin.mid,1160,HumanDescription,無し,,,jp_only_event,low,
assets/data/characterData.bin.mid,1160,ZombieDescription,無し,,,jp_only_event,low,
assets/data/characterData.bin.mid,1161,Name,カーニバルシェフ,,,jp_only_event,low,"JP-only; art ""enemyChef/CarnavalA"""
assets/data/characterData.bin.mid,1161,HumanDescription,無し,,,jp_only_event,low,
assets/data/characterData.bin.mid,1161,ZombieDescription,無し,,,jp_only_event,low,
assets/data/characterData.bin.mid,1162,Name,カーニバル店員１,,,jp_only_event,low,"JP-only; art ""CarnavalB/CarnavalB"""
assets/data/characterData.bin.mid,1162,HumanDescription,無し,,,jp_only_event,low,
assets/data/characterData.bin.mid,1162,ZombieDescription,無し,,,jp_only_event,low,
assets/data/characterData.bin.mid,1163,Name,カーニバル店員２,,,jp_only_event,low,"JP-only; art ""CarnavalC/CarnavalC"""
assets/data/characterData.bin.mid,1163,HumanDescription,無し,,,jp_only_event,low,
assets/data/characterData.bin.mid,1163,ZombieDescription,無し,,,jp_only_event,low,
assets/data/characterData.bin.mid,1164,Name,つるっ子,,,jp_only_event,low,"JP-only; art ""craneA/craneA"""
assets/data/characterData.bin.mid,1164,HumanDescription,脳が少ないので助けられても理解できない。,,,jp_only_event,low,
assets/data/characterData.bin.mid,1164,ZombieDescription,人間に化けてもなお理解できない。,,,jp_only_event,low,
assets/data/characterData.bin.mid,1165,Name,クレイン,,,jp_only_event,low,"JP-only; art ""craneB/craneB"""
assets/data/characterData.bin.mid,1165,HumanDescription,日本に憧れ北欧から飛来、負傷する。,,,jp_only_event,low,
assets/data/characterData.bin.mid,1165,ZombieDescription,助けてくれたお礼に襲ったら殺されそうになった。,,,jp_only_event,low,
assets/data/characterData.bin.mid,1166,Name,ハクツル,,,jp_only_event,low,"JP-only; art ""craneC/craneC"""
assets/data/characterData.bin.mid,1166,HumanDescription,ツルは千年って無理だから。,,,jp_only_event,low,
assets/data/characterData.bin.mid,1166,ZombieDescription,ゾンビになってむしろ万年。,,,jp_only_event,low,
assets/data/characterData.bin.mid,1167,Name,クロづる,,,jp_only_event,low,"JP-only; art ""craneD/craneD"""
assets/data/characterData.bin.mid,1167,HumanDescription,フラミンゴにあこがれる普通のツル。,,,jp_only_event,low,
assets/data/characterData.bin.mid,1167,ZombieDescription,ゾンビだからといって捕獲してはだめだ。,,,jp_only_event,low,
assets/data/characterData.bin.mid,1168,Name,サッカー部員,,,jp_only_event,low,"JP-only; art ""ECA5/ECA5"""
assets/data/characterData.bin.mid,1168,HumanDescription,進学と同時にサッカー部に入部。,,,jp_only_event,low,
assets/data/characterData.bin.mid,1168,ZombieDescription,ボールが頭に吸い付いているようだと話題。,,,jp_only_event,low,
assets/data/characterData.bin.mid,1169,Name,ファンタジスタ,,,jp_only_event,low,"JP-only; art ""ECA4/ECA4"""
assets/data/characterData.bin.mid,1169,HumanDescription,初めて喋った言葉は「オフサイド」。,,,jp_only_event,low,
assets/data/characterData.bin.mid,1169,ZombieDescription,レッドカードでなく銃弾が飛んでくるの男尊女卑だわ。,,,jp_only_event,low,
assets/data/characterData.bin.mid,1170,Name,剣道女子,,,jp_only_event,low,"JP-only; art ""ECA7/ECA7"""
assets/data/characterData.bin.mid,1170,HumanDescription,面を買いにお出かけ中カフェで一服。,,,jp_only_event,low,
assets/data/characterData.bin.mid,1170,ZombieDescription,頭に大事なものは詰まってないので面は必要なくなった。,,,jp_only_event,low,
assets/data/characterData.bin.mid,1171,Name,剣道の鉄人,,,jp_only_event,low,"JP-only; art ""ECA6/ECA6"""
assets/data/characterData.bin.mid,1171,HumanDescription,常に面は脱げない。ハゲだから。,,,jp_only_event,low,
assets/data/characterData.bin.mid,1171,ZombieDescription,打って快感、打たれて快感。,,,jp_only_event,low,
assets/data/characterData.bin.mid,1172,Name,ルナリア,,,jp_only_event,low,"JP-only; art ""PlantF/PlantF"""
assets/data/characterData.bin.mid,1172,HumanDescription,背中の羽はホログラム。,,,jp_only_event,low,
assets/data/characterData.bin.mid,1172,ZombieDescription,空は飛べないが、頭のねじが飛んでった。,,,jp_only_event,low,
assets/data/characterData.bin.mid,1173,Name,リリウム,,,jp_only_event,low,"JP-only; art ""PlantG/PlantG"""
assets/data/characterData.bin.mid,1173,HumanDescription,妖精だと信じてすくすく成長。,,,jp_only_event,low,
assets/data/characterData.bin.mid,1173,ZombieDescription,真実を知り自身が人間なのか妖精なのか思い悩み・・・ゾンビでした！,,,jp_only_event,low,
assets/data/characterData.bin.mid,1174,Name,おでかけアリッサム,,,jp_only_event,low,"JP-only; art ""PlantG/PlantD"""
assets/data/characterData.bin.mid,1174,HumanDescription,葉緑素を増やすためにカフェで光合成中。,,,jp_only_event,low,
assets/data/characterData.bin.mid,1174,ZombieDescription,あたかも屋根がないこのカフェは光合成に最適ね！,,,jp_only_event,low,
assets/data/characterData.bin.mid,1175,Name,かぐや姫,,,jp_only_event,low,"JP-only; art ""bambooA/bambooA"""
assets/data/characterData.bin.mid,1175,HumanDescription,竹の効果にいち早く気付き財を成す。,,,jp_only_event,low,
assets/data/characterData.bin.mid,1175,ZombieDescription,脳みそをかし、いとをかし。,,,jp_only_event,low,
assets/data/characterData.bin.mid,1176,Name,なよ竹の姫,,,jp_only_event,low,"JP-only; art ""bambooB/bambooB"""
assets/data/characterData.bin.mid,1176,HumanDescription,竹の効果にいち早く気付き財を成す。,,,jp_only_event,low,
assets/data/characterData.bin.mid,1176,ZombieDescription,耳4つをかし、いとをかし。,,,jp_only_event,low,
assets/data/characterData.bin.mid,1177,Name,月の使者,,,jp_only_event,low,"JP-only; art ""bambooC/bambooC"""
assets/data/characterData.bin.mid,1177,HumanDescription,かぐやを連れ戻しに意気揚々。天真爛漫,,,jp_only_event,low,
assets/data/characterData.bin.mid,1177,ZombieDescription,地球人に言葉が通じない・・・あはれなり。,,,jp_only_event,low,
assets/data/characterData.bin.mid,1178,Name,月光うさぎ,,,jp_only_event,low,"JP-only; art ""bambooD/bambooD"""
assets/data/characterData.bin.mid,1178,HumanDescription,インターネット好きな情報通。,,,jp_only_event,low,
assets/data/characterData.bin.mid,1178,ZombieDescription,耳が生えたからってどうってことないことをステータスが伝えてる。,,,jp_only_event,low,
assets/data/characterData.bin.mid,1179,Name,あべのみうし,,,jp_only_event,low,"JP-only; art ""bambooE/bambooE"""
assets/data/characterData.bin.mid,1179,HumanDescription,月から来た姫キャワタン★,,,jp_only_event,low,
assets/data/characterData.bin.mid,1179,ZombieDescription,竹とりて～生まるる姫君～激キャワタン★,,,jp_only_event,low,
assets/data/characterData.bin.mid,1180,Name,くらもちのみこ,,,jp_only_event,low,"JP-only; art ""bambooF/bambooF"""
assets/data/characterData.bin.mid,1180,HumanDescription,お中元にそうめんを送ってきたら倍そうめん返し！,,,jp_only_event,low,
assets/data/characterData.bin.mid,1180,ZombieDescription,竹を頭に通すことで、流しそうめんをふるまってくれる希少なゾンビ。,,,jp_only_event,low,
assets/data/characterData.bin.mid,1181,Name,いしづくりのみこ,,,jp_only_event,low,"JP-only; art ""bambooE/snakeA"""
assets/data/characterData.bin.mid,1181,HumanDescription,牛車を集めるのが趣味、特に金には困っていない,,,jp_only_event,low,
assets/data/characterData.bin.mid,1181,ZombieDescription,いまなら牛車で月にも行けようゾ！,,,jp_only_event,low,
assets/data/characterData.bin.mid,1182,Name,まろたり,,,jp_only_event,low,"JP-only; art ""bambooF/FrankensteinC"""
assets/data/characterData.bin.mid,1182,HumanDescription,まろの柿を食ふのじゃ。,,,jp_only_event,low,
assets/data/characterData.bin.mid,1182,ZombieDescription,たとえ月とて参ろうぞ。,,,jp_only_event,low,
assets/data/characterData.bin.mid,1183,Name,おおとものみゆき,,,jp_only_event,low,"JP-only; art ""bambooF/sumowrestlerD"""
assets/data/characterData.bin.mid,1183,HumanDescription,ちょこれゐとさんでゐ。,,,jp_only_event,low,
assets/data/characterData.bin.mid,1183,ZombieDescription,まろの竹も取るでおじゃる。,,,jp_only_event,low,
assets/data/characterData.bin.mid,1184,Name,強化ハト兄さん,,,jp_only_event,low,"JP-only; art ""hatoG/hatoG"""
assets/data/characterData.bin.mid,1184,HumanDescription,飼育場で生き別れた強化ハトの兄。,,,jp_only_event,low,
assets/data/characterData.bin.mid,1184,ZombieDescription,外での経験は彼を生贄にするにもってこいな肉質に仕上げた。,,,jp_only_event,low,
assets/data/characterData.bin.mid,1185,Name,つるシェフ,,,jp_only_event,low,"JP-only; art ""craneA/craneA"""
assets/data/characterData.bin.mid,1185,HumanDescription,無し,,,jp_only_event,low,
assets/data/characterData.bin.mid,1185,ZombieDescription,無し,,,jp_only_event,low,
assets/data/characterData.bin.mid,1186,Name,つる店員１,,,jp_only_event,low,"JP-only; art ""craneB/craneB"""
assets/data/characterData.bin.mid,1186,HumanDescription,無し,,,jp_only_event,low,
assets/data/characterData.bin.mid,1186,ZombieDescription,無し,,,jp_only_event,low,
assets/data/characterData.bin.mid,1187,Name,つる店員２,,,jp_only_event,low,"JP-only; art ""craneA/craneA"""
assets/data/characterData.bin.mid,1187,HumanDescription,無し,,,jp_only_event,low,
assets/data/characterData.bin.mid,1187,ZombieDescription,無し,,,jp_only_event,low,
assets/data/characterData.bin.mid,1188,Name,部活２シェフ,,,jp_only_event,low,"JP-only; art ""ECA4/ECA4"""
assets/data/characterData.bin.mid,1188,HumanDescription,無し,,,jp_only_event,low,
assets/data/characterData.bin.mid,1188,ZombieDescription,無し,,,jp_only_event,low,
assets/data/characterData.bin.mid,1189,Name,部活２店員１,,,jp_only_event,low,"JP-only; art ""ECA5/ECA5"""
assets/data/characterData.bin.mid,1189,HumanDescription,無し,,,jp_only_event,low,
assets/data/characterData.bin.mid,1189,ZombieDescription,無し,,,jp_only_event,low,
assets/data/characterData.bin.mid,1190,Name,部活２店員２,,,jp_only_event,low,"JP-only; art ""ECA6/ECA6"""
assets/data/characterData.bin.mid,1190,HumanDescription,無し,,,jp_only_event,low,
assets/data/characterData.bin.mid,1190,ZombieDescription,無し,,,jp_only_event,low,
assets/data/characterData.bin.mid,1191,Name,妖精２シェフ,,,jp_only_event,low,"JP-only; art ""enemyChef/PlantD"""
assets/data/characterData.bin.mid,1191,HumanDescription,無し,,,jp_only_event,low,
assets/data/characterData.bin.mid,1191,ZombieDescription,無し,,,jp_only_event,low,
assets/data/characterData.bin.mid,1192,Name,妖精２定員１,,,jp_only_event,low,"JP-only; art ""PlantG/PlantG"""
assets/data/characterData.bin.mid,1192,HumanDescription,無し,,,jp_only_event,low,
assets/data/characterData.bin.mid,1192,ZombieDescription,無し,,,jp_only_event,low,
assets/data/characterData.bin.mid,1193,Name,妖精２店員２,,,jp_only_event,low,"JP-only; art ""PlantF/PlantF"""
assets/data/characterData.bin.mid,1193,HumanDescription,無し,,,jp_only_event,low,
assets/data/characterData.bin.mid,1193,ZombieDescription,無し,,,jp_only_event,low,
assets/data/characterData.bin.mid,1194,Name,ヒーローガール,,,jp_only_event,low,"JP-only; art ""heroA/heroA"""
assets/data/characterData.bin.mid,1194,HumanDescription,世界を守りたいのです。これですか？刺身を作ろうかと。（面接・受）,,,jp_only_event,low,
assets/data/characterData.bin.mid,1194,ZombieDescription,あなたとこの国を守りたいのです。これ？鯛デス。（圧迫面接・受）,,,jp_only_event,low,
assets/data/characterData.bin.mid,1195,Name,ヒーロー社長,,,jp_only_event,low,"JP-only; art ""heroB/heroB"""
assets/data/characterData.bin.mid,1195,HumanDescription,君はどうしてヒーローになろうと思ったのだね（面接・質）,,,jp_only_event,low,
assets/data/characterData.bin.mid,1195,ZombieDescription,なぜ業界1位の会社に受けないの？8位だようち？（圧迫面接・質）,,,jp_only_event,low,
assets/data/characterData.bin.mid,1196,Name,ヒーローおたく,,,jp_only_event,low,"JP-only; art ""heroC/heroC"""
assets/data/characterData.bin.mid,1196,HumanDescription,今日もまた俺を呼ぶ声が聞こえる。（職質）,,,jp_only_event,low,
assets/data/characterData.bin.mid,1196,ZombieDescription,今日は静かだ。こんな日は珍しい。（投獄）,,,jp_only_event,low,
assets/data/characterData.bin.mid,1197,Name,ライスボーイ,,,jp_only_event,low,"JP-only; art ""heroD/heroD"""
assets/data/characterData.bin.mid,1197,HumanDescription,米粉フェチ。粉アレルギーでゴーグルが欠かせない。,,,jp_only_event,low,
assets/data/characterData.bin.mid,1197,ZombieDescription,米粉パンに挟んで食べるとアレが3個はいけますよ。,,,jp_only_event,low,
assets/data/characterData.bin.mid,1198,Name,トリプルボブ,,,jp_only_event,low,"JP-only; art ""heroE/heroE"""
assets/data/characterData.bin.mid,1198,HumanDescription,最高のボブで幹部に上り詰める。,,,jp_only_event,low,
assets/data/characterData.bin.mid,1198,ZombieDescription,脳・・・それはボブの魂。,,,jp_only_event,low,
assets/data/characterData.bin.mid,1199,Name,結社社員,,,jp_only_event,low,"JP-only; art ""heroF/heroF"""
assets/data/characterData.bin.mid,1199,HumanDescription,Yes！Yes！いぇす！,,,jp_only_event,low,
assets/data/characterData.bin.mid,1199,ZombieDescription,NO！NO！のう！,,,jp_only_event,low,
assets/data/characterData.bin.mid,1200,Name,ベテラン天狗,,,jp_only_event,low,"JP-only; art ""tengA/tengA"""
assets/data/characterData.bin.mid,1200,HumanDescription,いつも傲慢な態度で水だけ飲みに来店。,,,jp_only_event,low,
assets/data/characterData.bin.mid,1200,ZombieDescription,肌が緑にならないように日焼けが欠かせなくなった。,,,jp_only_event,low,
assets/data/characterData.bin.mid,1201,Name,かけだし天狗,,,jp_only_event,low,"JP-only; art ""tengB/tengB"""
assets/data/characterData.bin.mid,1201,HumanDescription,「天狗じゃ、天狗の仕業じゃ！」とネットに書き込むのが、かけだしの仕事,,,jp_only_event,low,
assets/data/characterData.bin.mid,1201,ZombieDescription,いまでは天狗の仕業をせずにはいられなくなった。,,,jp_only_event,low,
assets/data/characterData.bin.mid,1202,Name,カラス天狗,,,jp_only_event,low,"JP-only; art ""tengC/tengC"""
assets/data/characterData.bin.mid,1202,HumanDescription,昔の習性でついゴミ場を荒らしてしまうクセがある。,,,jp_only_event,low,
assets/data/characterData.bin.mid,1202,ZombieDescription,捕まってしまいましたが、美味しくないですよ。彼らとは違いますよ。,,,jp_only_event,low,
assets/data/characterData.bin.mid,1203,Name,売れっ子ボーカル,,,jp_only_event,low,"JP-only; art ""rock_Vo/rock_Vo"""
assets/data/characterData.bin.mid,1203,HumanDescription,バーチャルアイドルだが技術が凄すぎて伝わらない。,,,jp_only_event,low,
assets/data/characterData.bin.mid,1203,ZombieDescription,技術が凄すぎてゾンビにもなれた。まったく。。。,,,jp_only_event,low,
assets/data/characterData.bin.mid,1204,Name,貯蓄派ギター,,,jp_only_event,low,"JP-only; art ""rock_Gt/rock_Gt"""
assets/data/characterData.bin.mid,1204,HumanDescription,誰がなんて言おうと、おれは（メイクは）落とさないぜ。ソウルだ。,,,jp_only_event,low,
assets/data/characterData.bin.mid,1204,ZombieDescription,（ソウルが）落ちてるだって！焦ってないぞ、全然焦ってなんかないぞ。,,,jp_only_event,low,
assets/data/characterData.bin.mid,1205,Name,ドラマー気取り,,,jp_only_event,low,"JP-only; art ""rock_Dr/rock_Dr"""
assets/data/characterData.bin.mid,1205,HumanDescription,高速でスティックをさするとやばいよね。,,,jp_only_event,low,
assets/data/characterData.bin.mid,1205,ZombieDescription,叩いて音が鳴ったら空、鳴らなかったら詰まってる！,,,jp_only_event,low,
assets/data/characterData.bin.mid,1206,Name,サイコドッグ,,,jp_only_event,low,"JP-only; art ""dogA/dogA"""
assets/data/characterData.bin.mid,1206,HumanDescription,これをかぶることで世界が変わったような気がした、21歳の冬。,,,jp_only_event,low,
assets/data/characterData.bin.mid,1206,ZombieDescription,明らかに世界が変わった、22歳の夏。,,,jp_only_event,low,
assets/data/characterData.bin.mid,1207,Name,トップブリーダー,,,jp_only_event,low,"JP-only; art ""dogC/dogC"""
assets/data/characterData.bin.mid,1207,HumanDescription,「わんわん（犬だからこそ犬の気持ちがよくわかるぜよ）」が口癖。,,,jp_only_event,low,
assets/data/characterData.bin.mid,1207,ZombieDescription,「う～う～（誰にも売らねー俺のものぜよ）」が口癖。,,,jp_only_event,low,
assets/data/characterData.bin.mid,1208,Name,愛犬てる,,,jp_only_event,low,"JP-only; art ""dogB/dogB"""
assets/data/characterData.bin.mid,1208,HumanDescription,毎日が楽しくなる一家に一台のブツ。息子からの贈り物。,,,jp_only_event,low,
assets/data/characterData.bin.mid,1208,ZombieDescription,新たな飼い主を求めて、今日もTVCM。,,,jp_only_event,low,
assets/data/characterData.bin.mid,1209,Name,OLシャーマン,,,jp_only_event,low,"JP-only; art ""IndianA/IndianA"""
assets/data/characterData.bin.mid,1209,HumanDescription,昼食をオフィスで済ます企業戦士。,,,jp_only_event,low,
assets/data/characterData.bin.mid,1209,ZombieDescription,昼食をオフィスで済ましていいかしら？,,,jp_only_event,low,
assets/data/characterData.bin.mid,1210,Name,ITシャーマン,,,jp_only_event,low,"JP-only; art ""IndianB/IndianB"""
assets/data/characterData.bin.mid,1210,HumanDescription,カフェでコーヒーを飲みながらマネーゲーム。,,,jp_only_event,low,
assets/data/characterData.bin.mid,1210,ZombieDescription,働いたあとの一杯（脳）がうまいことを知る。,,,jp_only_event,low,
assets/data/characterData.bin.mid,1211,Name,ショーマン,,,jp_only_event,low,"JP-only; art ""frogC/frogC"""
assets/data/characterData.bin.mid,1211,HumanDescription,パフォーマンスと社会の試験をパスした物だけが着装できる。,,,jp_only_event,low,
assets/data/characterData.bin.mid,1211,ZombieDescription,逆関節！！より体を張った芸をできるようになった。,,,jp_only_event,low,
assets/data/characterData.bin.mid,1212,Name,てんぐシェフ,,,jp_only_event,low,"JP-only; art ""tengC/tengC"""
assets/data/characterData.bin.mid,1212,HumanDescription,無し,,,jp_only_event,low,
assets/data/characterData.bin.mid,1212,ZombieDescription,無し,,,jp_only_event,low,
assets/data/characterData.bin.mid,1213,Name,てんぐ店員１,,,jp_only_event,low,"JP-only; art ""tengB/tengB"""
assets/data/characterData.bin.mid,1213,HumanDescription,無し,,,jp_only_event,low,
assets/data/characterData.bin.mid,1213,ZombieDescription,無し,,,jp_only_event,low,
assets/data/characterData.bin.mid,1214,Name,てんぐ店員２,,,jp_only_event,low,"JP-only; art ""tengA/tengA"""
assets/data/characterData.bin.mid,1214,HumanDescription,無し,,,jp_only_event,low,
assets/data/characterData.bin.mid,1214,ZombieDescription,無し,,,jp_only_event,low,
assets/data/characterData.bin.mid,1215,Name,ヘビメタシェフ,,,jp_only_event,low,"JP-only; art ""rock_Dr/rock_Dr"""
assets/data/characterData.bin.mid,1215,HumanDescription,無し,,,jp_only_event,low,
assets/data/characterData.bin.mid,1215,ZombieDescription,無し,,,jp_only_event,low,
assets/data/characterData.bin.mid,1216,Name,ヘビメタ店員１,,,jp_only_event,low,"JP-only; art ""rock_Gt/rock_Gt"""
assets/data/characterData.bin.mid,1216,HumanDescription,無し,,,jp_only_event,low,
assets/data/characterData.bin.mid,1216,ZombieDescription,無し,,,jp_only_event,low,
assets/data/characterData.bin.mid,1217,Name,ヘビメタ店員２,,,jp_only_event,low,"JP-only; art ""rock_Vo/rock_Vo"""
assets/data/characterData.bin.mid,1217,HumanDescription,無し,,,jp_only_event,low,
assets/data/characterData.bin.mid,1217,ZombieDescription,無し,,,jp_only_event,low,
assets/data/characterData.bin.mid,1218,Name,犬シェフ,,,jp_only_event,low,"JP-only; art ""dogB/dogB"""
assets/data/characterData.bin.mid,1218,HumanDescription,無し,,,jp_only_event,low,
assets/data/characterData.bin.mid,1218,ZombieDescription,無し,,,jp_only_event,low,
assets/data/characterData.bin.mid,1219,Name,犬店員１,,,jp_only_event,low,"JP-only; art ""dogC/dogC"""
assets/data/characterData.bin.mid,1219,HumanDescription,無し,,,jp_only_event,low,
assets/data/characterData.bin.mid,1219,ZombieDescription,無し,,,jp_only_event,low,
assets/data/characterData.bin.mid,1220,Name,犬店員２,,,jp_only_event,low,"JP-only; art ""dogA/dogA"""
assets/data/characterData.bin.mid,1220,HumanDescription,無し,,,jp_only_event,low,
assets/data/characterData.bin.mid,1220,ZombieDescription,無し,,,jp_only_event,low,
assets/data/characterData.bin.mid,1221,Name,インディアンシェフ,,,jp_only_event,low,"JP-only; art ""frogC/frogC"""
assets/data/characterData.bin.mid,1221,HumanDescription,無し,,,jp_only_event,low,
assets/data/characterData.bin.mid,1221,ZombieDescription,無し,,,jp_only_event,low,
assets/data/characterData.bin.mid,1222,Name,インディアン店員１,,,jp_only_event,low,"JP-only; art ""IndianB/IndianB"""
assets/data/characterData.bin.mid,1222,HumanDescription,無し,,,jp_only_event,low,
assets/data/characterData.bin.mid,1222,ZombieDescription,無し,,,jp_only_event,low,
assets/data/characterData.bin.mid,1223,Name,インディアン店員２,,,jp_only_event,low,"JP-only; art ""IndianA/IndianA"""
assets/data/characterData.bin.mid,1223,HumanDescription,無し,,,jp_only_event,low,
assets/data/characterData.bin.mid,1223,ZombieDescription,無し,,,jp_only_event,low,
assets/data/characterData.bin.mid,1224,Name,太平洋からの使者,,,jp_only_event,low,"JP-only; art ""seaA/seaA"""
assets/data/characterData.bin.mid,1224,HumanDescription,赤潮に乗って出社するのが得意。,,,jp_only_event,low,
assets/data/characterData.bin.mid,1224,ZombieDescription,黒潮の影響でカフェに上陸。,,,jp_only_event,low,
assets/data/characterData.bin.mid,1225,Name,伝説の漁師,,,jp_only_event,low,"JP-only; art ""seaB/seaB"""
assets/data/characterData.bin.mid,1225,HumanDescription,３０年間の漁から帰ってきてのカフェ。,,,jp_only_event,low,
assets/data/characterData.bin.mid,1225,ZombieDescription,陸での漁を開始しにカフェに来た。,,,jp_only_event,low,
assets/data/characterData.bin.mid,1226,Name,プライベート海女,,,jp_only_event,low,"JP-only; art ""seaC/seaC"""
assets/data/characterData.bin.mid,1226,HumanDescription,女子力全開で海女をこなすプロ。,,,jp_only_event,low,
assets/data/characterData.bin.mid,1226,ZombieDescription,毎日、海の底から海産物を携えて出勤。,,,jp_only_event,low,
assets/data/characterData.bin.mid,1227,Name,海上デカ,,,jp_only_event,low,"JP-only; art ""seaD/officer"""
assets/data/characterData.bin.mid,1227,HumanDescription,海上のまもりは完璧だ。,,,jp_only_event,low,
assets/data/characterData.bin.mid,1227,ZombieDescription,彼の職質で消えていった客は数知れない。,,,jp_only_event,low,
assets/data/characterData.bin.mid,1228,Name,フンボルトペンギン,,,jp_only_event,low,"JP-only; art ""seaE/seaE"""
assets/data/characterData.bin.mid,1228,HumanDescription,意外とヒレが強い。,,,jp_only_event,low,
assets/data/characterData.bin.mid,1228,ZombieDescription,お客様のお味はいかがですか？,,,jp_only_event,low,
assets/data/characterData.bin.mid,1229,Name,マーメイド,,,jp_only_event,low,"JP-only; art ""seaF/seaF"""
assets/data/characterData.bin.mid,1229,HumanDescription,生臭さが抜けない人間姿。,,,jp_only_event,low,
assets/data/characterData.bin.mid,1229,ZombieDescription,こう見えて結構ヌルってして臭いんです。,,,jp_only_event,low,
assets/data/characterData.bin.mid,1230,Name,超名医,,,jp_only_event,low,"JP-only; art ""doctorA/doctorA"""
assets/data/characterData.bin.mid,1230,HumanDescription,必要以上の手術をしない、医者が選ぶ名医の常連。,,,jp_only_event,low,
assets/data/characterData.bin.mid,1230,ZombieDescription,診断の前にとりあえず開頭手術しましょう。,,,jp_only_event,low,
assets/data/characterData.bin.mid,1231,Name,天才研修医,,,jp_only_event,low,"JP-only; art ""doctorB/doctorB"""
assets/data/characterData.bin.mid,1231,HumanDescription,とっても天才なんです。,,,jp_only_event,low,
assets/data/characterData.bin.mid,1231,ZombieDescription,とっても天災なんです。,,,jp_only_event,low,
assets/data/characterData.bin.mid,1232,Name,コスプレナース,,,jp_only_event,low,"JP-only; art ""nurseA/kimonoE"""
assets/data/characterData.bin.mid,1232,HumanDescription,オフの趣味にとやかく言う人は嫌いです。,,,jp_only_event,low,
assets/data/characterData.bin.mid,1232,ZombieDescription,仮装パーティーと勘違いする失礼な人は食べます。,,,jp_only_event,low,
assets/data/characterData.bin.mid,1233,Name,FU-JIN,,,jp_only_event,low,"JP-only; art ""godA/godA"""
assets/data/characterData.bin.mid,1233,HumanDescription,仏像デビューを目指し今日もカフェで自分磨き,,,jp_only_event,low,
assets/data/characterData.bin.mid,1233,ZombieDescription,脳のケータリングサービス始めました。,,,jp_only_event,low,
assets/data/characterData.bin.mid,1234,Name,RAI-JIN,,,jp_only_event,low,"JP-only; art ""godB/godB"""
assets/data/characterData.bin.mid,1234,HumanDescription,雷打つ前に、へそを食べにカフェに来た。,,,jp_only_event,low,
assets/data/characterData.bin.mid,1234,ZombieDescription,今はむしろ逆で、へそよりも脳。,,,jp_only_event,low,
assets/data/characterData.bin.mid,1235,Name,TAKAGI,,,jp_only_event,low,"JP-only; art ""godC/godC"""
assets/data/characterData.bin.mid,1235,HumanDescription,ふわっとしたものが下半身を包む。,,,jp_only_event,low,
assets/data/characterData.bin.mid,1235,ZombieDescription,親から執拗にウクレレを習わされた。,,,jp_only_event,low,
assets/data/characterData.bin.mid,1236,Name,カリスマブロガー,,,jp_only_event,low,"JP-only; art ""subculA/subculA"""
assets/data/characterData.bin.mid,1236,HumanDescription,食事は写真を撮ってから食べる。,,,jp_only_event,low,
assets/data/characterData.bin.mid,1236,ZombieDescription,今も写真を撮ってから食べる。,,,jp_only_event,low,
assets/data/characterData.bin.mid,1237,Name,バイクレビュアー,,,jp_only_event,low,"JP-only; art ""subculB/subculB"""
assets/data/characterData.bin.mid,1237,HumanDescription,９割がたバイクに乗っている。,,,jp_only_event,low,
assets/data/characterData.bin.mid,1237,ZombieDescription,今すぐカートに入れてやろうか。,,,jp_only_event,low,
assets/data/characterData.bin.mid,1238,Name,恋するブロガー,,,jp_only_event,low,"JP-only; art ""subculC/subculC"""
assets/data/characterData.bin.mid,1238,HumanDescription,入浴中を記事にしたら予想を反して炎上した。,,,jp_only_event,low,
assets/data/characterData.bin.mid,1238,ZombieDescription,写真加工で3000人のフォロワーを得た。,,,jp_only_event,low,
assets/data/characterData.bin.mid,1239,Name,ドクターシェフ,,,jp_only_event,low,"JP-only; art ""nurseA/kimonoE"""
assets/data/characterData.bin.mid,1239,HumanDescription,無し,,,jp_only_event,low,
assets/data/characterData.bin.mid,1239,ZombieDescription,無し,,,jp_only_event,low,
assets/data/characterData.bin.mid,1240,Name,ドクター店員１,,,jp_only_event,low,"JP-only; art ""doctorA/doctorA"""
assets/data/characterData.bin.mid,1240,HumanDescription,無し,,,jp_only_event,low,
assets/data/characterData.bin.mid,1240,ZombieDescription,無し,,,jp_only_event,low,
assets/data/characterData.bin.mid,1241,Name,ドクター店員２,,,jp_only_event,low,"JP-only; art ""doctorB/doctorB"""
assets/data/characterData.bin.mid,1241,HumanDescription,無し,,,jp_only_event,low,
assets/data/characterData.bin.mid,1241,ZombieDescription,無し,,,jp_only_event,low,
assets/data/characterData.bin.mid,1242,Name,かみなりシェフ,,,jp_only_event,low,"JP-only; art ""godC/godC"""
assets/data/characterData.bin.mid,1242,HumanDescription,無し,,,jp_only_event,low,
assets/data/characterData.bin.mid,1242,ZombieDescription,無し,,,jp_only_event,low,
assets/data/characterData.bin.mid,1243,Name,かみなり店員１,,,jp_only_event,low,"JP-only; art ""godA/godA"""
assets/data/characterData.bin.mid,1243,HumanDescription,無し,,,jp_only_event,low,
assets/data/characterData.bin.mid,1243,ZombieDescription,無し,,,jp_only_event,low,
assets/data/characterData.bin.mid,1244,Name,かみなり店員２,,,jp_only_event,low,"JP-only; art ""godB/godB"""
assets/data/characterData.bin.mid,1244,HumanDescription,無し,,,jp_only_event,low,
assets/data/characterData.bin.mid,1244,ZombieDescription,無し,,,jp_only_event,low,
assets/data/characterData.bin.mid,1245,Name,ブロガーシェフ,,,jp_only_event,low,"JP-only; art ""subculC/subculC"""
assets/data/characterData.bin.mid,1245,HumanDescription,無し,,,jp_only_event,low,
assets/data/characterData.bin.mid,1245,ZombieDescription,無し,,,jp_only_event,low,
assets/data/characterData.bin.mid,1246,Name,ブロガー店員１,,,jp_only_event,low,"JP-only; art ""subculA/subculA"""
assets/data/characterData.bin.mid,1246,HumanDescription,無し,,,jp_only_event,low,
assets/data/characterData.bin.mid,1246,ZombieDescription,無し,,,jp_only_event,low,
assets/data/characterData.bin.mid,1247,Name,ブロガー店員２,,,jp_only_event,low,"JP-only; art ""subculB/subculB"""
assets/data/characterData.bin.mid,1247,HumanDescription,無し,,,jp_only_event,low,
assets/data/characterData.bin.mid,1247,ZombieDescription,無し,,,jp_only_event,low,
assets/data/characterData.bin.mid,1248,Name,覆面少女,,,jp_only_event,low,"JP-only; art ""akazukinB/MikoD"""
assets/data/characterData.bin.mid,1248,HumanDescription,職質されることが日課になった。,,,jp_only_event,low,
assets/data/characterData.bin.mid,1248,ZombieDescription,職質だけが唯一の人との交流手段になった。,,,jp_only_event,low,
assets/data/characterData.bin.mid,1249,Name,私服ユニコーン,,,jp_only_event,low,"JP-only; art ""clown/akumaG"""
assets/data/characterData.bin.mid,1249,HumanDescription,魔界でのファッションリーダー。,,,jp_only_event,low,
assets/data/characterData.bin.mid,1249,ZombieDescription,緑肌に合うファッションを無い脳みそで思案中。,,,jp_only_event,low,
assets/data/characterData.bin.mid,1250,Name,サバウーマン,,,jp_only_event,low,"JP-only; art ""businesswoman/fishmanB"""
assets/data/characterData.bin.mid,1250,HumanDescription,いつまでも美顔でいたいと思う。,,,jp_only_event,low,
assets/data/characterData.bin.mid,1250,ZombieDescription,鮒寿司を見て腐っても行ける！と確信した。,,,jp_only_event,low,
assets/data/characterData.bin.mid,1251,Name,ドラキュア,,,jp_only_event,low,"JP-only; art ""third_Dracula/third_Dracula"""
assets/data/characterData.bin.mid,1251,HumanDescription,ドラドラでキュアキュアだぞ。,,,jp_only_event,low,
assets/data/characterData.bin.mid,1251,ZombieDescription,ドラドラでキュアキュアにしたろか？,,,jp_only_event,low,
assets/data/characterData.bin.mid,1252,Name,フラン・Ａ・ケン,,,jp_only_event,low,"JP-only; art ""third_Franken/third_Franken"""
assets/data/characterData.bin.mid,1252,HumanDescription,フランケンの2014年モデル。花が燃料。,,,jp_only_event,low,
assets/data/characterData.bin.mid,1252,ZombieDescription,フランケンの2014年モデル改。ボルトが緩みにくい。,,,jp_only_event,low,
assets/data/characterData.bin.mid,1253,Name,オオカミ伯父,,,jp_only_event,low,"JP-only; art ""third_wolfman/third_wolfman"""
assets/data/characterData.bin.mid,1253,HumanDescription,君の祖父かもしれないぞ。,,,jp_only_event,low,
assets/data/characterData.bin.mid,1253,ZombieDescription,君のお母さんに兄はいるかな？それが伯父だよ。,,,jp_only_event,low,
assets/data/characterData.bin.mid,1254,Name,あいつ,,,jp_only_event,low,"JP-only; art ""third_chef/third_chef"""
assets/data/characterData.bin.mid,1254,HumanDescription,うちでは給料なんてないゾ？,,,jp_only_event,low,
assets/data/characterData.bin.mid,1254,ZombieDescription,お金は貰うものではない払うものだゾ。,,,jp_only_event,low,
assets/data/characterData.bin.mid,1255,Name,アリスコック,,,jp_only_event,low,"JP-only; art ""third_alice/third_alice"""
assets/data/characterData.bin.mid,1255,HumanDescription,不思議の国じゃなくて不思議のカフェに迷い込んだ。,,,jp_only_event,low,
assets/data/characterData.bin.mid,1255,ZombieDescription,アリスのZC３周年モデル。シェフになって顔が若干変わった。,,,jp_only_event,low,
assets/data/characterData.bin.mid,1256,Name,９２代目花板,,,jp_only_event,low,"JP-only; art ""robo_chefA/robo_chefA"""
assets/data/characterData.bin.mid,1256,HumanDescription,出汁はなんで引いたロボ？,,,jp_only_event,low,
assets/data/characterData.bin.mid,1256,ZombieDescription,ほな明日から小吸物はおまえがやってみるロボ！,,,jp_only_event,low,
assets/data/characterData.bin.mid,1257,Name,９３代目立板,,,jp_only_event,low,"JP-only; art ""robo_chefB/robo_chefB"""
assets/data/characterData.bin.mid,1257,HumanDescription,達人になると１ｃｍに２３もの包丁を入れるんダ。,,,jp_only_event,low,
assets/data/characterData.bin.mid,1257,ZombieDescription,使わせてもろうた命は無駄にしないんダ。,,,jp_only_event,low,
assets/data/characterData.bin.mid,1258,Name,未開封シェフ,,,jp_only_event,low,"JP-only; art ""third_robo/third_robo"""
assets/data/characterData.bin.mid,1258,HumanDescription,開封をしなくてもそのまますぐに働けます。,,,jp_only_event,low,
assets/data/characterData.bin.mid,1258,ZombieDescription,未開封のままなので当然価値が下がりません。,,,jp_only_event,low,
assets/data/characterData.bin.mid,1259,Name,マシュマロ軍大佐,,,jp_only_event,low,"JP-only; art ""MilitaryWomanJ/MilitaryWomanJ"""
assets/data/characterData.bin.mid,1259,HumanDescription,マシュマロ閣下バンザーイ！,,,jp_only_event,low,
assets/data/characterData.bin.mid,1259,ZombieDescription,無慈悲なマシュマロが降り注ぐであろう。,,,jp_only_event,low,
assets/data/characterData.bin.mid,1260,Name,マシュマロ軍中佐,Lieutenant Colonel,Marshmallow Lt. Colonel,same_art_or_category,medium,"art ""MilitaryWomanK/MilitaryWomanK"" -> EN row 218 (2 JP rows share this art; qualifier needed); proposed carried from TM"
assets/data/characterData.bin.mid,1260,HumanDescription,世界の空を守るマシュマロ軍だぞ！,It's the marshmallow army that protects the skies of the world!,,same_art_or_category,medium,
assets/data/characterData.bin.mid,1260,ZombieDescription,新鮮な脳を求めて日夜フライト。,She goes on missions in search of fresh brains,,same_art_or_category,medium,
assets/data/characterData.bin.mid,1261,Name,マシュマロ軍曹,,,jp_only_event,low,"JP-only; art ""MilitaryWomanL/MilitaryWomanL"""
assets/data/characterData.bin.mid,1261,HumanDescription,マシュマロ軍のマスコット。特に人気はない。,,,jp_only_event,low,
assets/data/characterData.bin.mid,1261,ZombieDescription,飛行機も操縦できるマスコット。まだ人気ない。,,,jp_only_event,low,
assets/data/characterData.bin.mid,1262,Name,イバラ姫,,,jp_only_event,low,"JP-only; art ""Sleeping_princessA/Sleeping_princessA"""
assets/data/characterData.bin.mid,1262,HumanDescription,バラを頭に植えたイタイ姫。,,,jp_only_event,low,
assets/data/characterData.bin.mid,1262,ZombieDescription,痛い！遺体？イタイ！,,,jp_only_event,low,
assets/data/characterData.bin.mid,1263,Name,いねむり姫,,,jp_only_event,low,"JP-only; art ""Sleeping_princessB/Sleeping_princessB"""
assets/data/characterData.bin.mid,1263,HumanDescription,幼少期を寝て過ごす。,,,jp_only_event,low,
assets/data/characterData.bin.mid,1263,ZombieDescription,未だに寝て過ごす親のすねかじり。,,,jp_only_event,low,
assets/data/characterData.bin.mid,1264,Name,よい王子,,,jp_only_event,low,"JP-only; art ""Sleeping_prince/Sleeping_prince"""
assets/data/characterData.bin.mid,1264,HumanDescription,なかなかよくできた王子。,,,jp_only_event,low,
assets/data/characterData.bin.mid,1264,ZombieDescription,こんなになってもヅラであることは言いづらい王子。,,,jp_only_event,low,
assets/data/characterData.bin.mid,1265,Name,バラの上の王子,,,jp_only_event,low,"JP-only; art ""Sleeping_fairyA/Sleeping_fairyA"""
assets/data/characterData.bin.mid,1265,HumanDescription,今まで王子はたくさんいたがこのバラは格別だ。,,,jp_only_event,low,
assets/data/characterData.bin.mid,1265,ZombieDescription,この王子もまた特別な存在だ。,,,jp_only_event,low,
assets/data/characterData.bin.mid,1266,Name,もりの魔女,,,jp_only_event,low,"JP-only; art ""Sleeping_witch/Sleeping_witch"""
assets/data/characterData.bin.mid,1266,HumanDescription,だいぶもってるぞ。,,,jp_only_event,low,
assets/data/characterData.bin.mid,1266,ZombieDescription,命名、螺旋大往生盛り。,,,jp_only_event,low,
assets/data/characterData.bin.mid,1267,Name,アーマード通販,,,jp_only_event,low,"JP-only; art ""robo_chefC/robo_chefC"""
assets/data/characterData.bin.mid,1267,HumanDescription,開封をしなくてもそのまますぐに働けます。,,,jp_only_event,low,
assets/data/characterData.bin.mid,1267,ZombieDescription,雨に強いシェフの需要にこたえた。,,,jp_only_event,low,
assets/data/characterData.bin.mid,1268,Name,料理ロボシェフ,,,jp_only_event,low,"JP-only; art ""third_robo/third_robo"""
assets/data/characterData.bin.mid,1268,HumanDescription,無し,,,jp_only_event,low,
assets/data/characterData.bin.mid,1268,ZombieDescription,無し,,,jp_only_event,low,
assets/data/characterData.bin.mid,1269,Name,料理ロボ店員１,,,jp_only_event,low,"JP-only; art ""robo_chefA/robo_chefA"""
assets/data/characterData.bin.mid,1269,HumanDescription,無し,,,jp_only_event,low,
assets/data/characterData.bin.mid,1269,ZombieDescription,無し,,,jp_only_event,low,
assets/data/characterData.bin.mid,1270,Name,料理ロボ店員２,,,jp_only_event,low,"JP-only; art ""robo_chefB/robo_chefB"""
assets/data/characterData.bin.mid,1270,HumanDescription,無し,,,jp_only_event,low,
assets/data/characterData.bin.mid,1270,ZombieDescription,無し,,,jp_only_event,low,
assets/data/characterData.bin.mid,1271,Name,空軍シェフ,,,jp_only_event,low,"JP-only; art ""MilitaryWomanL/MilitaryWomanL"""
assets/data/characterData.bin.mid,1271,HumanDescription,無し,,,jp_only_event,low,
assets/data/characterData.bin.mid,1271,ZombieDescription,無し,,,jp_only_event,low,
assets/data/characterData.bin.mid,1272,Name,空軍店員１,,,jp_only_event,low,"JP-only; art ""MilitaryWomanJ/MilitaryWomanJ"""
assets/data/characterData.bin.mid,1272,HumanDescription,無し,,,jp_only_event,low,
assets/data/characterData.bin.mid,1272,ZombieDescription,無し,,,jp_only_event,low,
assets/data/characterData.bin.mid,1273,Name,空軍店員２,Lieutenant Colonel,Air Force Clerk 2,same_art_or_category,medium,"art ""MilitaryWomanK/MilitaryWomanK"" -> EN row 218 (2 JP rows share this art; qualifier needed); proposed carried from TM"
assets/data/characterData.bin.mid,1273,HumanDescription,無し,It's the marshmallow army that protects the skies of the world!,,same_art_or_category,medium,
assets/data/characterData.bin.mid,1273,ZombieDescription,無し,She goes on missions in search of fresh brains,,same_art_or_category,medium,
assets/data/characterData.bin.mid,1274,Name,レッカ（ゴールド）,,,jp_only_event,low,"JP-only; art ""gaist_D/gaist_D"""
assets/data/characterData.bin.mid,1274,HumanDescription,3DS「ガイストクラッシャーゴッド」好評発売中！俺がゴッドをクラッシュする！,,,jp_only_event,low,
assets/data/characterData.bin.mid,1274,ZombieDescription,3DS「ガイストクラッシャーゴッド」好評発売中！全部のガイストクラッシュするぜ！,,,jp_only_event,low,
assets/data/characterData.bin.mid,1275,Name,マイクマ,,,jp_only_event,low,"JP-only; art ""gaist_E/gaist_E"""
assets/data/characterData.bin.mid,1275,HumanDescription,人間語を話すガイスト。オレっちの名前はマイク・マーキュリーだマ！,,,jp_only_event,low,
assets/data/characterData.bin.mid,1275,ZombieDescription,オレっちはガイストだマ！ゴッドガイストの伝令ガイストなのマ！,,,jp_only_event,low,
assets/data/characterData.bin.mid,1276,Name,コハク,,,jp_only_event,low,"JP-only; art ""gaist_F/gaist_F"""
assets/data/characterData.bin.mid,1276,HumanDescription,ＧＣＧオペレーター。金剛寺コハクだって言ってんの！アニキのようにゴールデンに頑張るからっ！,,,jp_only_event,low,
assets/data/characterData.bin.mid,1276,ZombieDescription,3DS「ガイストクラッシャーゴッド」はすれ違い通信プレイもできるって言ってんの！,,,jp_only_event,low,
assets/data/characterData.bin.mid,1277,Name,ヒスイ,,,jp_only_event,low,"JP-only; art ""gaist_G/gaist_G"""
assets/data/characterData.bin.mid,1277,HumanDescription,ＧＣＧ医療班です。「ガイストクラッシャーゴッド」で超強力なゴッドガイストに挑んでくださいね。,,,jp_only_event,low,
assets/data/characterData.bin.mid,1277,ZombieDescription,ＧＣＧ医療班です。「ガイストクラッシャーゴッド」はインターネット通信プレイ対応ですよ！,,,jp_only_event,low,
assets/data/characterData.bin.mid,1278,Name,バナ隊長（銃所持ver）,,,jp_only_event,low,"JP-only; art ""gaist_H/gaist_H"""
assets/data/characterData.bin.mid,1278,HumanDescription,GCG戦闘班チーフ。「ガイストクラッシャーゴッド」注目するよーに！,,,jp_only_event,low,
assets/data/characterData.bin.mid,1278,ZombieDescription,GCG戦闘班チーフ。俺の名前はバナ隊長だ！！,,,jp_only_event,low,
assets/data/characterData.bin.mid,1279,Name,ドット・アーサー,,,jp_only_event,low,"JP-only; art ""makaiA/makaiA"""
assets/data/characterData.bin.mid,1279,HumanDescription,カプコンの名作『魔界村』の主人公。,,,jp_only_event,low,
assets/data/characterData.bin.mid,1279,ZombieDescription,或る日のアーサーの姿を再現。,,,jp_only_event,low,
assets/data/characterData.bin.mid,1280,Name,ゾンビ・アーサー,,,jp_only_event,low,"JP-only; art ""makaiB/makaiB"""
assets/data/characterData.bin.mid,1280,HumanDescription,カプコンの名作『魔界村』の主人公。,,,jp_only_event,low,
assets/data/characterData.bin.mid,1280,ZombieDescription,アスタロトを倒すため私服でカフェに乗り込む騎士。,,,jp_only_event,low,
assets/data/characterData.bin.mid,1281,Name,ゾンビナイト・アーサー,,,jp_only_event,low,"JP-only; art ""makaiC/makaiC"""
assets/data/characterData.bin.mid,1281,HumanDescription,カプコンの名作『魔界村』の主人公。,,,jp_only_event,low,
assets/data/characterData.bin.mid,1281,ZombieDescription,アスタロトを倒すため単身でカフェに乗り込む騎士。,,,jp_only_event,low,
assets/data/characterData.bin.mid,1282,Name,アーサー,,,jp_only_event,low,"JP-only; art ""makaiF/makaiF"""
assets/data/characterData.bin.mid,1282,HumanDescription,カプコンの名作『魔界村』の主人公。,,,jp_only_event,low,
assets/data/characterData.bin.mid,1282,ZombieDescription,感染直後のきれいなゾンビ。この姿でよければ働きます。,,,jp_only_event,low,
assets/data/characterData.bin.mid,1283,Name,ナイト・アーサー,,,jp_only_event,low,"JP-only; art ""makaiG/makaiG"""
assets/data/characterData.bin.mid,1283,HumanDescription,カプコンの名作『魔界村』の主人公。,,,jp_only_event,low,
assets/data/characterData.bin.mid,1283,ZombieDescription,感染直後のきれいなゾンビ。壊れやすいので鎧には触れないでください。,,,jp_only_event,low,
assets/data/characterData.bin.mid,1284,Name,レッドアリーマー,,,jp_only_event,low,"JP-only; art ""makaiD/makaiD"""
assets/data/characterData.bin.mid,1284,HumanDescription,魔界村の住人で下手なボスより強いと噂の雑魚。,,,jp_only_event,low,
assets/data/characterData.bin.mid,1284,ZombieDescription,スピンオフの主人公にまで上り詰めた雑魚。,,,jp_only_event,low,
assets/data/characterData.bin.mid,1285,Name,魔王アスタロト,,,jp_only_event,low,"JP-only; art ""makaiE/makaiE"""
assets/data/characterData.bin.mid,1285,HumanDescription,魔界の奥地というところで生活している魔界の王。,,,jp_only_event,low,
assets/data/characterData.bin.mid,1285,ZombieDescription,ガウン一丁で現れる高貴な魔界の王。,,,jp_only_event,low,
assets/data/characterData.bin.mid,1286,Name,金タロー,,,jp_only_event,low,"JP-only; art ""kintaroA/kintaroA"""
assets/data/characterData.bin.mid,1286,HumanDescription,どんなレストランでもペットを持ち込むことができる。,,,jp_only_event,low,
assets/data/characterData.bin.mid,1286,ZombieDescription,マサカリ担いで追い回すのが趣味。,,,jp_only_event,low,
assets/data/characterData.bin.mid,1287,Name,クマ孝行,,,jp_only_event,low,"JP-only; art ""kintaroB/kintaroB"""
assets/data/characterData.bin.mid,1287,HumanDescription,彼にとっての親は熊も同然。,,,jp_only_event,low,
assets/data/characterData.bin.mid,1287,ZombieDescription,腐っても親を思う彼の姿勢に涙するものはいないはず。,,,jp_only_event,low,
assets/data/characterData.bin.mid,1288,Name,金じいさん,,,jp_only_event,low,"JP-only; art ""kintaroC/kintaroC"""
assets/data/characterData.bin.mid,1288,HumanDescription,容赦ない筋トレを続けるだろう。,,,jp_only_event,low,
assets/data/characterData.bin.mid,1288,ZombieDescription,無慈悲な稽古が炸裂するであろう。,,,jp_only_event,low,
assets/data/characterData.bin.mid,1289,Name,ワイバーン,,,jp_only_event,low,"JP-only; art ""dragon2A/dragon2A"""
assets/data/characterData.bin.mid,1289,HumanDescription,さあ願いを言え、願いをひとつだけ叶えてやる。,,,jp_only_event,low,
assets/data/characterData.bin.mid,1289,ZombieDescription,さあ泣き言を言え、泣き言をひとつだけ聞いてやる。,,,jp_only_event,low,
assets/data/characterData.bin.mid,1290,Name,レッドどらごん,,,jp_only_event,low,"JP-only; art ""dragon2B/dragon2B"""
assets/data/characterData.bin.mid,1290,HumanDescription,世間からラスボス級の扱いを受ける。,,,jp_only_event,low,
assets/data/characterData.bin.mid,1290,ZombieDescription,世間から中ボス級の扱いを受ける。,,,jp_only_event,low,
assets/data/characterData.bin.mid,1291,Name,骨どらごん,,,jp_only_event,low,"JP-only; art ""dragon2C/dragon2C"""
assets/data/characterData.bin.mid,1291,HumanDescription,知能は高いが露出に抵抗がない。,,,jp_only_event,low,
assets/data/characterData.bin.mid,1291,ZombieDescription,裸体を晒しているようで、視線が骨身にしみる。,,,jp_only_event,low,
assets/data/characterData.bin.mid,1292,Name,音速参謀,,,jp_only_event,low,"JP-only; art ""TFVA/TFVA"""
assets/data/characterData.bin.mid,1292,HumanDescription,元戦闘機,,,jp_only_event,low,
assets/data/characterData.bin.mid,1292,ZombieDescription,卑劣でも日本で一番売れた参謀,,,jp_only_event,low,
assets/data/characterData.bin.mid,1293,Name,怪力参謀,,,jp_only_event,low,"JP-only; art ""TFVB/TFVB"""
assets/data/characterData.bin.mid,1293,HumanDescription,元クレーン車,,,jp_only_event,low,
assets/data/characterData.bin.mid,1293,ZombieDescription,膝の可動範囲が広く正座も可能な参謀,,,jp_only_event,low,
assets/data/characterData.bin.mid,1294,Name,快速秘書,,,jp_only_event,low,"JP-only; art ""TFVC/TFVC"""
assets/data/characterData.bin.mid,1294,HumanDescription,元新幹線,,,jp_only_event,low,
assets/data/characterData.bin.mid,1294,ZombieDescription,６つの車両で構成されているぞ,,,jp_only_event,low,
assets/data/characterData.bin.mid,1295,Name,騎士マンチャ,,,jp_only_event,low,"JP-only; art ""donkiA/donkiA"""
assets/data/characterData.bin.mid,1295,HumanDescription,無謀が長所の突進騎士娘,,,jp_only_event,low,
assets/data/characterData.bin.mid,1295,ZombieDescription,無謀のおかげでめでたくゾンビ化,,,jp_only_event,low,
assets/data/characterData.bin.mid,1296,Name,農夫サンチョ,,,jp_only_event,low,"JP-only; art ""donkiB/donkiB"""
assets/data/characterData.bin.mid,1296,HumanDescription,お腹が誰よりも突出している,,,jp_only_event,low,
assets/data/characterData.bin.mid,1296,ZombieDescription,出すぎたためにめでたくゾンビ化,,,jp_only_event,low,
assets/data/characterData.bin.mid,1297,Name,騎士ウインドミル,,,jp_only_event,low,"JP-only; art ""donkiC/donkiC"""
assets/data/characterData.bin.mid,1297,HumanDescription,実家は有名な小麦粉メーカー,,,jp_only_event,low,
assets/data/characterData.bin.mid,1297,ZombieDescription,製粉しすぎてめでたくゾンビ化,,,jp_only_event,low,
assets/data/characterData.bin.mid,1298,Name,シヴァ,,,jp_only_event,low,"JP-only; art ""sivaA/sivaA"""
assets/data/characterData.bin.mid,1298,HumanDescription,インド人に超人気な神様。,,,jp_only_event,low,
assets/data/characterData.bin.mid,1298,ZombieDescription,インド人もビックリ！,,,jp_only_event,low,
assets/data/characterData.bin.mid,1299,Name,パールヴァティー,,,jp_only_event,low,"JP-only; art ""sivaB/sivaB"""
assets/data/characterData.bin.mid,1299,HumanDescription,名前の日本語の意味は「山の娘」と地味。,,,jp_only_event,low,
assets/data/characterData.bin.mid,1299,ZombieDescription,シヴァの妻で今はカフェで生計を立てる。,,,jp_only_event,low,
assets/data/characterData.bin.mid,1300,Name,ハヌマーン,,,jp_only_event,low,"JP-only; art ""sivaC/sivaC"""
assets/data/characterData.bin.mid,1300,HumanDescription,孫悟空のモデルだぞとすぐに自慢する。,,,jp_only_event,low,
assets/data/characterData.bin.mid,1300,ZombieDescription,みんなオラに元気をわけてくれ！！！,,,jp_only_event,low,
assets/data/characterData.bin.mid,1301,Name,どぅるがー,,,jp_only_event,low,"JP-only; art ""sivaD/sivaD"""
assets/data/characterData.bin.mid,1301,HumanDescription,トラを乗りこなす魔討の女神。,,,jp_only_event,low,
assets/data/characterData.bin.mid,1301,ZombieDescription,圧倒的存在感で客を呼び寄せる女神。,,,jp_only_event,low,
assets/data/characterData.bin.mid,1302,Name,ゴリラッパ,,,jp_only_event,low,"JP-only; art ""sivaE/sivaE"""
assets/data/characterData.bin.mid,1302,HumanDescription,ウホッ！！俺良いゴリラッパ。,,,jp_only_event,low,
assets/data/characterData.bin.mid,1302,ZombieDescription,うほっ！料理が作れる奇跡のゴリラッパ。,,,jp_only_event,low,
assets/data/characterData.bin.mid,1303,Name,進撃のパンダ,,,jp_only_event,low,"JP-only; art ""sivaF/sivaF"""
assets/data/characterData.bin.mid,1303,HumanDescription,愛嬌だけで生活できる人気者。,,,jp_only_event,low,
assets/data/characterData.bin.mid,1303,ZombieDescription,若干、駆逐され気味・・・でも元気。,,,jp_only_event,low,
assets/data/characterData.bin.mid,1304,Name,ガネーシャ,,,jp_only_event,low,"JP-only; art ""sivaG/sivaG"""
assets/data/characterData.bin.mid,1304,HumanDescription,パールヴァティーの息子。学問の神様,,,jp_only_event,low,
assets/data/characterData.bin.mid,1304,ZombieDescription,商売繁盛だゾウ！富を司る神様,,,jp_only_event,low,
assets/data/characterData.bin.mid,1305,Name,ジンジャーブレッドマン,,,jp_only_event,low,"JP-only; art ""xmas2014A/xmas2014A"""
assets/data/characterData.bin.mid,1305,HumanDescription,みんな大好き！ジンジャークッキー。,,,jp_only_event,low,
assets/data/characterData.bin.mid,1305,ZombieDescription,保存料はいらない　味は心に保存される。,,,jp_only_event,low,
assets/data/characterData.bin.mid,1306,Name,三太朗,,,jp_only_event,low,"JP-only; art ""xmas2014B/xmas2014B"""
assets/data/characterData.bin.mid,1306,HumanDescription,オフは消防士。「ばか　こんな時にソリでくるな」,,,jp_only_event,low,
assets/data/characterData.bin.mid,1306,ZombieDescription,オフは消防士。「そのひげで現場に入る気なのか？おまえ」,,,jp_only_event,low,
assets/data/characterData.bin.mid,1307,Name,虚無サンタ,,,jp_only_event,low,"JP-only; art ""xmas2014C/xmas2014C"""
assets/data/characterData.bin.mid,1307,HumanDescription,南無南無いうのに疲れて転職。,,,jp_only_event,low,
assets/data/characterData.bin.mid,1307,ZombieDescription,異教の風習も悪くない・・・南無南無。,,,jp_only_event,low,
assets/data/characterData.bin.mid,1308,Name,姪探偵ホームズ,,,jp_only_event,low,"JP-only; art ""sherlockholmsA/sherlockholmsA"""
assets/data/characterData.bin.mid,1308,HumanDescription,考えるな、感じるんだ！,,,jp_only_event,low,
assets/data/characterData.bin.mid,1308,ZombieDescription,ワト・ソン君　すぐに来てくれ　用がある,,,jp_only_event,low,
assets/data/characterData.bin.mid,1309,Name,ワト・ソン,,,jp_only_event,low,"JP-only; art ""sherlockholmsB/sherlockholmsB"""
assets/data/characterData.bin.mid,1309,HumanDescription,きれいなワト・ソン　好きですか？,,,jp_only_event,low,
assets/data/characterData.bin.mid,1309,ZombieDescription,このワト・ソン　容赦はせん！！,,,jp_only_event,low,
assets/data/characterData.bin.mid,1310,Name,森アーティ教授,,,jp_only_event,low,"JP-only; art ""sherlockholmsC/sherlockholmsC"""
assets/data/characterData.bin.mid,1310,HumanDescription,ホームズ曰く、犯罪界のバハムート。,,,jp_only_event,low,
assets/data/characterData.bin.mid,1310,ZombieDescription,悪者がゾンビになって何が悪い！！,,,jp_only_event,low,
assets/data/characterData.bin.mid,1311,Name,ロックマン,,,jp_only_event,low,"JP-only; art ""RockA/RockA"""
assets/data/characterData.bin.mid,1311,HumanDescription,誰もが知っているカプコンの名作ゲーム「ロックマン」シリーズの主人公。,,,jp_only_event,low,
assets/data/characterData.bin.mid,1311,ZombieDescription,Dr.ワイリーの野望を打ち砕き、カフェの平和を守る！！,,,jp_only_event,low,
assets/data/characterData.bin.mid,1312,Name,ブルース,,,jp_only_event,low,"JP-only; art ""RockB/RockB"""
assets/data/characterData.bin.mid,1312,HumanDescription,ライト博士が制作した最初の人型ロボット。,,,jp_only_event,low,
assets/data/characterData.bin.mid,1312,ZombieDescription,登場するときには必ず口笛を吹く。,,,jp_only_event,low,
assets/data/characterData.bin.mid,1313,Name,ロール,,,jp_only_event,low,"JP-only; art ""RockC/RockC"""
assets/data/characterData.bin.mid,1313,HumanDescription,ロックマンの妹的存在。,,,jp_only_event,low,
assets/data/characterData.bin.mid,1313,ZombieDescription,家事全般のプロがゾンビカフェで本領を発揮する。,,,jp_only_event,low,
assets/data/characterData.bin.mid,1314,Name,ライト博士,,,jp_only_event,low,"JP-only; art ""RockD/RockD"""
assets/data/characterData.bin.mid,1314,HumanDescription,ロックマンの生みの親。,,,jp_only_event,low,
assets/data/characterData.bin.mid,1314,ZombieDescription,「ロボット工学の父」と呼ばれる有名な科学者。,,,jp_only_event,low,
assets/data/characterData.bin.mid,1315,Name,メットール,,,jp_only_event,low,"JP-only; art ""RockE/RockE"""
assets/data/characterData.bin.mid,1315,HumanDescription,こら！,,,jp_only_event,low,
assets/data/characterData.bin.mid,1315,ZombieDescription,こら！,,,jp_only_event,low,
assets/data/characterData.bin.mid,1316,Name,スナイパージョー,,,jp_only_event,low,"JP-only; art ""RockF/RockF"""
assets/data/characterData.bin.mid,1316,HumanDescription,ワイリー軍団の戦闘員的キャラクター。,,,jp_only_event,low,
assets/data/characterData.bin.mid,1316,ZombieDescription,ロックマンの雑魚キャラは彼抜きには語れない。,,,jp_only_event,low,
assets/data/characterData.bin.mid,1317,Name,カットマン,,,jp_only_event,low,"JP-only; art ""RockG/RockG"""
assets/data/characterData.bin.mid,1317,HumanDescription,実は森林伐採用のロボットらしい。,,,jp_only_event,low,
assets/data/characterData.bin.mid,1317,ZombieDescription,見た目通りでジャンケンが苦手。,,,jp_only_event,low,
assets/data/characterData.bin.mid,1318,Name,エアーマン,,,jp_only_event,low,"JP-only; art ""RockH/RockH"""
assets/data/characterData.bin.mid,1318,HumanDescription,腹部のプロペラが印象的なロボット。,,,jp_only_event,low,
assets/data/characterData.bin.mid,1318,ZombieDescription,ロックマンシリーズで一番有名なロボットはオレ！！,,,jp_only_event,low,
assets/data/characterData.bin.mid,1319,Name,Dr.ワイリー,,,jp_only_event,low,"JP-only; art ""RockI/RockI"""
assets/data/characterData.bin.mid,1319,HumanDescription,ライト博士のライバル的存在。,,,jp_only_event,low,
assets/data/characterData.bin.mid,1319,ZombieDescription,悪さをさせたら世界一の博士。,,,jp_only_event,low,
assets/data/characterData.bin.mid,1320,Name,ロックマン,,,jp_only_event,low,"JP-only; art ""RockJ/RockJ"""
assets/data/characterData.bin.mid,1320,HumanDescription,誰もが知っているカプコンの名作ゲーム「ロックマン」シリーズの主人公。,,,jp_only_event,low,
assets/data/characterData.bin.mid,1320,ZombieDescription,Dr.ワイリーの野望を打ち砕き、カフェの平和を守る！！,,,jp_only_event,low,
assets/data/characterData.bin.mid,1321,Name,ブルース,,,jp_only_event,low,"JP-only; art ""RockK/RockK"""
assets/data/characterData.bin.mid,1321,HumanDescription,ライト博士が制作した最初の人型ロボット。,,,jp_only_event,low,
assets/data/characterData.bin.mid,1321,ZombieDescription,登場するときには必ず口笛を吹く。,,,jp_only_event,low,
assets/data/characterData.bin.mid,1322,Name,ロール,,,jp_only_event,low,"JP-only; art ""RockL/RockL"""
assets/data/characterData.bin.mid,1322,HumanDescription,ロックマンの妹的存在。,,,jp_only_event,low,
assets/data/characterData.bin.mid,1322,ZombieDescription,家事全般のプロがゾンビカフェで本領を発揮する。,,,jp_only_event,low,
assets/data/characterData.bin.mid,1323,Name,ライト博士,,,jp_only_event,low,"JP-only; art ""RockM/RockM"""
assets/data/characterData.bin.mid,1323,HumanDescription,ロックマンの生みの親。,,,jp_only_event,low,
assets/data/characterData.bin.mid,1323,ZombieDescription,「ロボット工学の父」と呼ばれる有名な科学者。,,,jp_only_event,low,
assets/data/characterData.bin.mid,1324,Name,千手さん,,,jp_only_event,low,"JP-only; art ""buddhaA/buddhaA"""
assets/data/characterData.bin.mid,1324,HumanDescription,レジ係を瞬時にこなす、村一番のパートタイマー。,,,jp_only_event,low,
assets/data/characterData.bin.mid,1324,ZombieDescription,客には手を付けない、村一番のパートタイマー。,,,jp_only_event,low,
assets/data/characterData.bin.mid,1325,Name,かんのん,,,jp_only_event,low,"JP-only; art ""buddhaB/buddhaB"""
assets/data/characterData.bin.mid,1325,HumanDescription,千手をこよなく愛する、村一番のレイヤー。,,,jp_only_event,low,
assets/data/characterData.bin.mid,1325,ZombieDescription,ひざより下にカメラを持っていくと容赦なく食す。,,,jp_only_event,low,
assets/data/characterData.bin.mid,1326,Name,大仏さん,,,jp_only_event,low,"JP-only; art ""buddhaC/buddhaC"""
assets/data/characterData.bin.mid,1326,HumanDescription,座ることに疲れて立ってみた、村一番のニート。,,,jp_only_event,low,
assets/data/characterData.bin.mid,1326,ZombieDescription,自立したくて100社受けた結果、ゾンビ化することが条件でカフェに就職。,,,jp_only_event,low,
assets/data/characterData.bin.mid,1327,Name,リバティーさん,,,jp_only_event,low,"JP-only; art ""buddhaD/buddhaD"""
assets/data/characterData.bin.mid,1327,HumanDescription,知らないものはない、村一番のタブレット使い。,,,jp_only_event,low,
assets/data/characterData.bin.mid,1327,ZombieDescription,何でもは知らないわよ。のってることだけ,,,jp_only_event,low,
assets/data/characterData.bin.mid,1328,Name,彫刻作品,,,jp_only_event,low,"JP-only; art ""buddhaE/buddhaE"""
assets/data/characterData.bin.mid,1328,HumanDescription,保全修復するうちに手足が動くようになった。「誰だ！機械化したバカは！」,,,jp_only_event,low,
assets/data/characterData.bin.mid,1328,ZombieDescription,料理や配膳が可能になった。「AI仕込んだな！」,,,jp_only_event,low,
assets/data/characterData.bin.mid,1329,Name,スフィンクス,,,jp_only_event,low,"JP-only; art ""hatoA/hatoA"""
assets/data/characterData.bin.mid,1329,HumanDescription,こら,,,jp_only_event,low,
assets/data/characterData.bin.mid,1329,ZombieDescription,こら,,,jp_only_event,low,
assets/data/characterData.bin.mid,1330,Name,モリガン,,,jp_only_event,low,"JP-only; art ""VHA/VHA"""
assets/data/characterData.bin.mid,1330,HumanDescription,魔界に無い刺激を求めて人間界にやってきたサキュバス。,,,jp_only_event,low,
assets/data/characterData.bin.mid,1330,ZombieDescription,どう？働く私も美しいでしょう?でも見とれてちゃ食事にならないわね。,,,jp_only_event,low,
assets/data/characterData.bin.mid,1331,Name,デミトリ,,,jp_only_event,low,"JP-only; art ""VHB/VHB"""
assets/data/characterData.bin.mid,1331,HumanDescription,今夜はゾンビカフェで乾杯といこうか。,,,jp_only_event,low,
assets/data/characterData.bin.mid,1331,ZombieDescription,これが私の真の実力だ。覚えておくが良い。,,,jp_only_event,low,
assets/data/characterData.bin.mid,1332,Name,レイレイ,,,jp_only_event,low,"JP-only; art ""VHC/VHC"""
assets/data/characterData.bin.mid,1332,HumanDescription,中国4000年のチャイニーズゴースト。,,,jp_only_event,low,
assets/data/characterData.bin.mid,1332,ZombieDescription,やっぱり本場のゾンビは迫力がちがうなぁ・・・,,,jp_only_event,low,
assets/data/characterData.bin.mid,1333,Name,ドノヴァン,,,jp_only_event,low,"JP-only; art ""VHD/VHD"""
assets/data/characterData.bin.mid,1333,HumanDescription,ヴァンパイア達、ダークストーカーを追うダークハンター 。,,,jp_only_event,low,
assets/data/characterData.bin.mid,1333,ZombieDescription,決して後悔はしない。これが私の宿命なのだ。,,,jp_only_event,low,
assets/data/characterData.bin.mid,1334,Name,ザベル,,,jp_only_event,low,"JP-only; art ""VHE/VHE"""
assets/data/characterData.bin.mid,1334,HumanDescription,「腐ってもゾンビ」ってか？ギヒャヒャヒャ！！,,,jp_only_event,low,
assets/data/characterData.bin.mid,1334,ZombieDescription,勝負は死んでからだぜ！！,,,jp_only_event,low,
assets/data/characterData.bin.mid,1335,Name,ザベル（ギター所持）,,,jp_only_event,low,"JP-only; art ""VHF/VHF"""
assets/data/characterData.bin.mid,1335,HumanDescription,カッコよすぎて声も出ねぇか？サインならおことわりだぜ！,,,jp_only_event,low,
assets/data/characterData.bin.mid,1335,ZombieDescription,地獄直行のショータイム、そろそろフィナーレだぜ！！,,,jp_only_event,low,
assets/data/characterData.bin.mid,1336,Name,ガロン,,,jp_only_event,low,"JP-only; art ""VHG/VHG"""
assets/data/characterData.bin.mid,1336,HumanDescription,俺の名はガロン。風よりも速い人狼の戦士。,,,jp_only_event,low,
assets/data/characterData.bin.mid,1336,ZombieDescription,俺は止められない。誰にも……誰にも！,,,jp_only_event,low,
assets/data/characterData.bin.mid,1337,Name,パイロン,,,jp_only_event,low,"JP-only; art ""VHH/VHH"""
assets/data/characterData.bin.mid,1337,HumanDescription,全生物に告ぐ。ただちにムダなあがきはやめよ。,,,jp_only_event,low,
assets/data/characterData.bin.mid,1337,ZombieDescription,そうだ…。すべてを捨てて戦うのだ…美しく！,,,jp_only_event,low,
assets/data/characterData.bin.mid,1338,Name,フェリシア,,,jp_only_event,low,"JP-only; art ""VHI/VHI"""
assets/data/characterData.bin.mid,1338,HumanDescription,ダークストーカーでありながら、実はミュージカルスターも兼任,,,jp_only_event,low,
assets/data/characterData.bin.mid,1338,ZombieDescription,いまどきのネコは料理もこなせなくちゃネ,,,jp_only_event,low,
assets/data/characterData.bin.mid,1339,Name,木の人形,,,jp_only_event,low,"JP-only; art ""PinokioA/PinokioA"""
assets/data/characterData.bin.mid,1339,HumanDescription,動けるし、喋れるが脳みそがないため非常に頭が悪い。,,,jp_only_event,low,
assets/data/characterData.bin.mid,1339,ZombieDescription,嘘をつくと鼻が伸びる機能を備えた頭の悪い人形。,,,jp_only_event,low,
assets/data/characterData.bin.mid,1340,Name,死の人形職人,,,jp_only_event,low,"JP-only; art ""PinokioB/PinokioB"""
assets/data/characterData.bin.mid,1340,HumanDescription,金儲けのために人形を作るが、全て動きだすため気味悪がられて売れない。,,,jp_only_event,low,
assets/data/characterData.bin.mid,1340,ZombieDescription,人形にとられたカツラを買い戻すためバイトに励む。,,,jp_only_event,low,
assets/data/characterData.bin.mid,1341,Name,キツネ紳士,,,jp_only_event,low,"JP-only; art ""PinokioC/PinokioC"""
assets/data/characterData.bin.mid,1341,HumanDescription,食べ物欲しさに畑を荒らすようなことはできないと物乞いに徹する。,,,jp_only_event,low,
assets/data/characterData.bin.mid,1341,ZombieDescription,脳みそ欲しさに人を襲うことはできないと物乞いに徹する。,,,jp_only_event,low,
assets/data/characterData.bin.mid,1342,Name,サイコシープ,,,jp_only_event,low,"JP-only; art ""SheepA/SheepA"""
assets/data/characterData.bin.mid,1342,HumanDescription,羊を演じて23年の中堅クラス。,,,jp_only_event,low,
assets/data/characterData.bin.mid,1342,ZombieDescription,日本よ、これが羊だ。,,,jp_only_event,low,
assets/data/characterData.bin.mid,1343,Name,ウール,,,jp_only_event,low,"JP-only; art ""SheepB/SheepB"""
assets/data/characterData.bin.mid,1343,HumanDescription,牧場生まれの牧場育ち、毎年4月に毛刈り体験させられます。,,,jp_only_event,low,
assets/data/characterData.bin.mid,1343,ZombieDescription,今年の毛刈りは一味違うわよ！！,,,jp_only_event,low,
assets/data/characterData.bin.mid,1344,Name,シツジ,,,jp_only_event,low,"JP-only; art ""SheepC/SheepC"""
assets/data/characterData.bin.mid,1344,HumanDescription,羊で執事ですから。,,,jp_only_event,low,
assets/data/characterData.bin.mid,1344,ZombieDescription,執事たるものこの程度の毛糸を作れなくてどうします。,,,jp_only_event,low,
assets/data/characterData.bin.mid,1345,Name,バハムート,,,jp_only_event,low,"JP-only; art ""syoukanA/syoukanA"""
assets/data/characterData.bin.mid,1345,HumanDescription,ゴゴゴゴゴ…,,,jp_only_event,low,
assets/data/characterData.bin.mid,1345,ZombieDescription,必殺の左ハイの威力は２トンに達するよ。,,,jp_only_event,low,
assets/data/characterData.bin.mid,1346,Name,リバイアサン,,,jp_only_event,low,"JP-only; art ""syoukanB/syoukanB"""
assets/data/characterData.bin.mid,1346,HumanDescription,ざっばーん！,,,jp_only_event,low,
assets/data/characterData.bin.mid,1346,ZombieDescription,口から出す水流でトンボを落として食べる。,,,jp_only_event,low,
assets/data/characterData.bin.mid,1347,Name,ゐフリート,,,jp_only_event,low,"JP-only; art ""syoukanC/syoukanC"""
assets/data/characterData.bin.mid,1347,HumanDescription,めらめらめら！,,,jp_only_event,low,
assets/data/characterData.bin.mid,1347,ZombieDescription,ボクも焼いてない海苔がたべたいよ…,,,jp_only_event,low,
assets/data/characterData.bin.mid,1348,Name,ホエニクス,,,jp_only_event,low,"JP-only; art ""syoukanD/syoukanD"""
assets/data/characterData.bin.mid,1348,HumanDescription,クェーーー,,,jp_only_event,low,
assets/data/characterData.bin.mid,1348,ZombieDescription,何度唐揚げしても蘇生する不死鳥。,,,jp_only_event,low,
assets/data/characterData.bin.mid,1349,Name,シルフ,,,jp_only_event,low,"JP-only; art ""syoukanE/syoukanE"""
assets/data/characterData.bin.mid,1349,HumanDescription,ぴゅーぴゅー,,,jp_only_event,low,
assets/data/characterData.bin.mid,1349,ZombieDescription,暴風で電車を遅延させると一人前。,,,jp_only_event,low,
assets/data/characterData.bin.mid,1350,Name,コビット,,,jp_only_event,low,"JP-only; art ""dwarfA/dwarfA"""
assets/data/characterData.bin.mid,1350,HumanDescription,軽自動車で十分。6人乗りも楽々。,,,jp_only_event,low,
assets/data/characterData.bin.mid,1350,ZombieDescription,軽トラックで十分。6人前も楽々。,,,jp_only_event,low,
assets/data/characterData.bin.mid,1351,Name,ドワーフ,,,jp_only_event,low,"JP-only; art ""dwarfB/dwarfB"""
assets/data/characterData.bin.mid,1351,HumanDescription,トドのつまり…,,,jp_only_event,low,
assets/data/characterData.bin.mid,1351,ZombieDescription,トドとはボラが成長したモンのことじゃ。,,,jp_only_event,low,
assets/data/characterData.bin.mid,1352,Name,にのきん,,,jp_only_event,low,"JP-only; art ""ninomiyaA/ninomiyaA"""
assets/data/characterData.bin.mid,1352,HumanDescription,今まで歩いた歩数を常に書き留めている。,,,jp_only_event,low,
assets/data/characterData.bin.mid,1352,ZombieDescription,おかずを食べるベストな順番を常にシミュレートしている。,,,jp_only_event,low,
assets/data/characterData.bin.mid,1353,Name,卒業女子大生,,,jp_only_event,low,"JP-only; art ""ninomiyaB/ninomiyaB"""
assets/data/characterData.bin.mid,1353,HumanDescription,卒業式のためにおしゃれした。,,,jp_only_event,low,
assets/data/characterData.bin.mid,1353,ZombieDescription,卒業式の前にカフェに立ち寄ったのが運のつき。,,,jp_only_event,low,
assets/data/characterData.bin.mid,1354,Name,初代生徒会長,,,jp_only_event,low,"JP-only; art ""seitokaiA/seitokaiA"""
assets/data/characterData.bin.mid,1354,HumanDescription,任命後２８分で解任されたスピードタイプの生徒会長。,,,jp_only_event,low,
assets/data/characterData.bin.mid,1354,ZombieDescription,後の教頭である。,,,jp_only_event,low,
assets/data/characterData.bin.mid,1355,Name,生徒会長,,,jp_only_event,low,"JP-only; art ""seitokaiB/seitokaiB"""
assets/data/characterData.bin.mid,1355,HumanDescription,むやみに学校でジャンプしないことを校則に盛り込んだ。,,,jp_only_event,low,
assets/data/characterData.bin.mid,1355,ZombieDescription,後の総理大臣である。,,,jp_only_event,low,
assets/data/characterData.bin.mid,1356,Name,シェフ・アーサー,,,jp_only_event,low,"JP-only; art ""makai2A/makai2A"""
assets/data/characterData.bin.mid,1356,HumanDescription,カプコンの名作『魔界村』の主人公。シェフに目覚める。,,,jp_only_event,low,
assets/data/characterData.bin.mid,1356,ZombieDescription,カプコンの名作『魔界村』の主人公。シェフに目覚める。,,,jp_only_event,low,
assets/data/characterData.bin.mid,1357,Name,ドットナイト・アーサー,,,jp_only_event,low,"JP-only; art ""makai2B/makai2B"""
assets/data/characterData.bin.mid,1357,HumanDescription,カプコンの名作『魔界村』の主人公。,,,jp_only_event,low,
assets/data/characterData.bin.mid,1357,ZombieDescription,或る日のアーサーの姿を再現。,,,jp_only_event,low,
assets/data/characterData.bin.mid,1358,Name,アーサー（黄金の鎧）,,,jp_only_event,low,"JP-only; art ""makai2C/makai2C"""
assets/data/characterData.bin.mid,1358,HumanDescription,黄金の鎧を着ることで魔法を操る力を得たアーサー。,,,jp_only_event,low,
assets/data/characterData.bin.mid,1358,ZombieDescription,鎧を脱ぐわけにはいかなくなった。,,,jp_only_event,low,
assets/data/characterData.bin.mid,1359,Name,プリンセス,,,jp_only_event,low,"JP-only; art ""makai2D/makai2D"""
assets/data/characterData.bin.mid,1359,HumanDescription,『魔界村』の魔物に連れ去られた姫。,,,jp_only_event,low,
assets/data/characterData.bin.mid,1359,ZombieDescription,『魔界村』の魔物に食って掛かろうとする姫。,,,jp_only_event,low,
assets/data/characterData.bin.mid,1360,Name,転校生,,,jp_only_event,low,"JP-only; art ""CustomerA/MikoB"""
assets/data/characterData.bin.mid,1360,HumanDescription,登校初日に転校イベントが起きないか期待。,,,jp_only_event,low,
assets/data/characterData.bin.mid,1360,ZombieDescription,この転校イベントがアニメ化されることを期待。,,,jp_only_event,low,
assets/data/characterData.bin.mid,1361,Name,ハトザムライ,,,jp_only_event,low,"JP-only; art ""hatoH/hatoH"""
assets/data/characterData.bin.mid,1361,HumanDescription,ハト道とは死ぬことと見つけたり。,,,jp_only_event,low,
assets/data/characterData.bin.mid,1361,ZombieDescription,いつ死ぬかと６万人のフォロワーがいる。,,,jp_only_event,low,
assets/data/characterData.bin.mid,1362,Name,はと高生,,,jp_only_event,low,"JP-only; art ""hatoI/hatoI"""
assets/data/characterData.bin.mid,1362,HumanDescription,全国高一かわいいコンテストにエントリーした。,,,jp_only_event,low,
assets/data/characterData.bin.mid,1362,ZombieDescription,ルーピー特別賞を受賞だって、やったね。,,,jp_only_event,low,
assets/data/characterData.bin.mid,1363,Name,鳩小僧,,,jp_only_event,low,"JP-only; art ""hatoJ/hatoJ"""
assets/data/characterData.bin.mid,1363,HumanDescription,私腹を肥やすパン屋のごみ箱を夜な夜な漁る。,,,jp_only_event,low,
assets/data/characterData.bin.mid,1363,ZombieDescription,今日も手に入れたパンの耳を仲間に分け与えるよ。,,,jp_only_event,low,
assets/data/characterData.bin.mid,1364,Name,かぐや姫,,,jp_only_event,low,"JP-only; art ""bambooG/bambooG"""
assets/data/characterData.bin.mid,1364,HumanDescription,バレンタインの野望にいち早く気付き財を成す。,,,jp_only_event,low,
assets/data/characterData.bin.mid,1364,ZombieDescription,カカオうまし、いとうまし。,,,jp_only_event,low,
assets/data/characterData.bin.mid,1365,Name,ダークガール,,,jp_only_event,low,"JP-only; art ""heroH/heroH"""
assets/data/characterData.bin.mid,1365,HumanDescription,ヒーローガールの従妹。,,,jp_only_event,low,
assets/data/characterData.bin.mid,1365,ZombieDescription,従妹とは自分の親の兄弟姉妹の子供を指します。,,,jp_only_event,low,
assets/data/characterData.bin.mid,1366,Name,伝説の生物,,,jp_only_event,low,"JP-only; art ""YoukaiM/YoukaiM"""
assets/data/characterData.bin.mid,1366,HumanDescription,キュウリに飽きてカフェに来た。,,,jp_only_event,low,
assets/data/characterData.bin.mid,1366,ZombieDescription,世の中にこんな旨いものがあったとは。,,,jp_only_event,low,
assets/data/characterData.bin.mid,1367,Name,クロクロ,,,jp_only_event,low,"JP-only; art ""blackB/blackB"""
assets/data/characterData.bin.mid,1367,HumanDescription,ここまで黒くするのに２００年かかる。,,,jp_only_event,low,
assets/data/characterData.bin.mid,1367,ZombieDescription,襲撃中も黒くすることに余念がない。,,,jp_only_event,low,
assets/data/characterData.bin.mid,1368,Name,オフクロ,,,jp_only_event,low,"JP-only; art ""blackC/blackC"""
assets/data/characterData.bin.mid,1368,HumanDescription,今までは殺しでやってきたが、次からはちゃんと料理する。,,,jp_only_event,low,
assets/data/characterData.bin.mid,1368,ZombieDescription,今までは殺しでやってきたが、次からはちゃんと料理する。,,,jp_only_event,low,
assets/data/characterData.bin.mid,1369,Name,dummy,Werewolf,dummy,same_art_or_category,medium,"art ""wolfman/wolfman"" -> EN row 135 (9 JP rows share this art; qualifier needed); proposed carried from TM"
assets/data/characterData.bin.mid,1369,HumanDescription,にんげん,"A serious werewolf.  You can clap for him, but do you dig him?",,same_art_or_category,medium,
assets/data/characterData.bin.mid,1369,ZombieDescription,ぞんび,He likes to eat a big plate of raw meat during a full moon.,,same_art_or_category,medium,
assets/data/characterData.bin.mid,1370,Name,ざこ　骨,,,jp_only_event,low,"JP-only; art ""FFEG/FFEG"""
assets/data/characterData.bin.mid,1370,HumanDescription,にんげん,,,jp_only_event,low,
assets/data/characterData.bin.mid,1370,ZombieDescription,ぞんび,,,jp_only_event,low,
assets/data/characterData.bin.mid,1371,Name,西の魔法使い,,,jp_only_event,low,"JP-only; art ""FFA/FFA"""
assets/data/characterData.bin.mid,1371,HumanDescription,肉体派魔法使いとして魔法を使わないことで有名。,,,jp_only_event,low,
assets/data/characterData.bin.mid,1371,ZombieDescription,趣味は筋トレと脳のしわを数えること。,,,jp_only_event,low,
assets/data/characterData.bin.mid,1372,Name,伝説の女剣士,,,jp_only_event,low,"JP-only; art ""FFB/FFB"""
assets/data/characterData.bin.mid,1372,HumanDescription,伝説の甲冑を35年ローンで手に入れた剣士。,,,jp_only_event,low,
assets/data/characterData.bin.mid,1372,ZombieDescription,スロット店が儲かると聞きカフェにきた多重債務者。,,,jp_only_event,low,
assets/data/characterData.bin.mid,1373,Name,ジャンヌ,,,jp_only_event,low,"JP-only; art ""FFC/FFC"""
assets/data/characterData.bin.mid,1373,HumanDescription,人気地下アイドル。,,,jp_only_event,low,
assets/data/characterData.bin.mid,1373,ZombieDescription,旗を振りまわして腕が取れるパフォーマンスで全国デビュー模索中。,,,jp_only_event,low,
assets/data/characterData.bin.mid,1374,Name,ハロウィンウィッチ,,,jp_only_event,low,"JP-only; art ""FF2A/FF2A"""
assets/data/characterData.bin.mid,1374,HumanDescription,肉体派魔法使いとして魔法を使わないことで有名。,,,jp_only_event,low,
assets/data/characterData.bin.mid,1374,ZombieDescription,ハロウィンを世に広めるためのバイト中。,,,jp_only_event,low,
assets/data/characterData.bin.mid,1375,Name,ハロウィンナイト,,,jp_only_event,low,"JP-only; art ""FF2B/FF2B"""
assets/data/characterData.bin.mid,1375,HumanDescription,伝説の甲冑を35年ローンで手に入れた剣士。,,,jp_only_event,low,
assets/data/characterData.bin.mid,1375,ZombieDescription,ハロウィンを世に広めるためのバイト中。,,,jp_only_event,low,
assets/data/characterData.bin.mid,1376,Name,かぼちゃん,,,jp_only_event,low,"JP-only; art ""FFEK/FFEK"""
assets/data/characterData.bin.mid,1376,HumanDescription,時代が私に追いつかず悶える。,,,jp_only_event,low,
assets/data/characterData.bin.mid,1376,ZombieDescription,時代の最先端を手に入れた気がする。,,,jp_only_event,low,
assets/data/characterData.bin.mid,1377,Name,かぼちゃの大将,,,jp_only_event,low,"JP-only; art ""FFEH/FFEH"""
assets/data/characterData.bin.mid,1377,HumanDescription,なぜかこの時期を逃すと出てはダメな気がする。,,,jp_only_event,low,
assets/data/characterData.bin.mid,1377,ZombieDescription,クリスマスあたりに衣装を変えて出てもいい気がする。,,,jp_only_event,low,
assets/data/characterData.bin.mid,1378,Name,イノブタさん,,,jp_only_event,low,"JP-only; art ""FFEE/FFEE"""
assets/data/characterData.bin.mid,1378,HumanDescription,お風呂に入る度に出汁が出てないか味見する。,,,jp_only_event,low,
assets/data/characterData.bin.mid,1378,ZombieDescription,お風呂に入る度に肉の隙間からいい出汁が取れるようになった。,,,jp_only_event,low,
assets/data/characterData.bin.mid,1379,Name,dummy,Werewolf,dummy,same_art_or_category,medium,"art ""wolfman/wolfman"" -> EN row 135 (9 JP rows share this art; qualifier needed); proposed carried from TM"
assets/data/characterData.bin.mid,1379,HumanDescription,こら,"A serious werewolf.  You can clap for him, but do you dig him?",,same_art_or_category,medium,
assets/data/characterData.bin.mid,1379,ZombieDescription,こら,He likes to eat a big plate of raw meat during a full moon.,,same_art_or_category,medium,
assets/data/characterData.bin.mid,1380,Name,食用ガエル,,,jp_only_event,low,"JP-only; art ""frog2A/frog2A"""
assets/data/characterData.bin.mid,1380,HumanDescription,謎のヒレ肉で窓を拭くと虫よけ効果がつく。,,,jp_only_event,low,
assets/data/characterData.bin.mid,1380,ZombieDescription,一部ゾンビが熱狂する謎のヒレ肉を所持。,,,jp_only_event,low,
assets/data/characterData.bin.mid,1381,Name,食用銀ガエル,,,jp_only_event,low,"JP-only; art ""frog2B/frog2B"""
assets/data/characterData.bin.mid,1381,HumanDescription,謎のロース肉で窓を拭くとはっ水効果がつく。,,,jp_only_event,low,
assets/data/characterData.bin.mid,1381,ZombieDescription,かなりのゾンビが熱狂する謎のロース肉を所持。,,,jp_only_event,low,
assets/data/characterData.bin.mid,1382,Name,食用金ガエル,,,jp_only_event,low,"JP-only; art ""frog2C/frog2C"""
assets/data/characterData.bin.mid,1382,HumanDescription,謎の肉塊で窓を拭くとUVカットになる。,,,jp_only_event,low,
assets/data/characterData.bin.mid,1382,ZombieDescription,全ゾンビが熱狂する謎の肉塊を所持。,,,jp_only_event,low,
assets/data/characterData.bin.mid,1383,Name,しらゆき姫,,,jp_only_event,low,"JP-only; art ""shimeA/shimeA"""
assets/data/characterData.bin.mid,1383,HumanDescription,小人と生活する彼女は7歳で世界一の美女に選ばれる。,,,jp_only_event,low,
assets/data/characterData.bin.mid,1383,ZombieDescription,あなた達だけでは食事が１週間しか持たないわ。,,,jp_only_event,low,
assets/data/characterData.bin.mid,1384,Name,黑雪姫,,,jp_only_event,low,"JP-only; art ""shimeB/shimeB"""
assets/data/characterData.bin.mid,1384,HumanDescription,5年前に世界一の美女に選ばれる。,,,jp_only_event,low,
assets/data/characterData.bin.mid,1384,ZombieDescription,安定して脳を得るため、万能細胞で小人を作り出す。,,,jp_only_event,low,
assets/data/characterData.bin.mid,1385,Name,りんご使い,,,jp_only_event,low,"JP-only; art ""shimeC/shimeC"""
assets/data/characterData.bin.mid,1385,HumanDescription,しらゆき姫をだますため２５万＄かけて整形する。,,,jp_only_event,low,
assets/data/characterData.bin.mid,1385,ZombieDescription,とにかく脳がほしい、気に入った客には特性リンゴを出す。,,,jp_only_event,low,
assets/data/characterData.bin.mid,1386,Name,dummy,Werewolf,dummy,same_art_or_category,medium,"art ""wolfman/wolfman"" -> EN row 135 (9 JP rows share this art; qualifier needed); proposed carried from TM"
assets/data/characterData.bin.mid,1386,HumanDescription,こら,"A serious werewolf.  You can clap for him, but do you dig him?",,same_art_or_category,medium,
assets/data/characterData.bin.mid,1386,ZombieDescription,こら,He likes to eat a big plate of raw meat during a full moon.,,same_art_or_category,medium,
assets/data/characterData.bin.mid,1387,Name,dummy,Werewolf,dummy,same_art_or_category,medium,"art ""wolfman/wolfman"" -> EN row 135 (9 JP rows share this art; qualifier needed); proposed carried from TM"
assets/data/characterData.bin.mid,1387,HumanDescription,こら,"A serious werewolf.  You can clap for him, but do you dig him?",,same_art_or_category,medium,
assets/data/characterData.bin.mid,1387,ZombieDescription,こら,He likes to eat a big plate of raw meat during a full moon.,,same_art_or_category,medium,
assets/data/characterData.bin.mid,1388,Name,dummy,Werewolf,dummy,same_art_or_category,medium,"art ""wolfman/wolfman"" -> EN row 135 (9 JP rows share this art; qualifier needed); proposed carried from TM"
assets/data/characterData.bin.mid,1388,HumanDescription,こら,"A serious werewolf.  You can clap for him, but do you dig him?",,same_art_or_category,medium,
assets/data/characterData.bin.mid,1388,ZombieDescription,こら,He likes to eat a big plate of raw meat during a full moon.,,same_art_or_category,medium,
assets/data/characterData.bin.mid,1389,Name,元力士,,,jp_only_event,low,"JP-only; art ""MermanC/sumowrestlerC"""
assets/data/characterData.bin.mid,1389,HumanDescription,半年で力士を辞めた元力士。転職活動中。,,,jp_only_event,low,
assets/data/characterData.bin.mid,1389,ZombieDescription,天職を見つけたが、口がどうしても閉じない。,,,jp_only_event,low,
assets/data/characterData.bin.mid,1390,Name,死餓羅鬼,,,jp_only_event,low,"JP-only; art ""tanukiA/tanukiA"""
assets/data/characterData.bin.mid,1390,HumanDescription,未来からやってきた狸型ロボット。,,,jp_only_event,low,
assets/data/characterData.bin.mid,1390,ZombieDescription,押し入れの中で寝泊まりさせてくれる家を物色中。,,,jp_only_event,low,
assets/data/characterData.bin.mid,1391,Name,アーマードタヌキ,,,jp_only_event,low,"JP-only; art ""tanukiB/tanukiB"""
assets/data/characterData.bin.mid,1391,HumanDescription,熱に弱く、打たれ弱い。実はメス。,,,jp_only_event,low,
assets/data/characterData.bin.mid,1391,ZombieDescription,さびやすく、汚れやすい。実に邪魔。,,,jp_only_event,low,
assets/data/characterData.bin.mid,1392,Name,とんちぼ,,,jp_only_event,low,"JP-only; art ""tanukiC/tanukiC"""
assets/data/characterData.bin.mid,1392,HumanDescription,枝葉を使った画期的な暖房器具を開発中。,,,jp_only_event,low,
assets/data/characterData.bin.mid,1392,ZombieDescription,環境を考え次は水素を燃料に思案中。,,,jp_only_event,low,
assets/data/characterData.bin.mid,1393,Name,神速の動く城,,,jp_only_event,low,"JP-only; art ""movecatleA/movecatleA"""
assets/data/characterData.bin.mid,1393,HumanDescription,足回りが立派な大豪邸。,,,jp_only_event,low,
assets/data/characterData.bin.mid,1393,ZombieDescription,来客は乗り物酔いしてしまい、無抵抗のまま脳を抜かれてしまう。,,,jp_only_event,low,
assets/data/characterData.bin.mid,1394,Name,週間全自動日本の城,,,jp_only_event,low,"JP-only; art ""movecatleB/movecatleB"""
assets/data/characterData.bin.mid,1394,HumanDescription,創刊号はしゃちほこ！特別価格9万9千円。,,,jp_only_event,low,
assets/data/characterData.bin.mid,1394,ZombieDescription,第２号以降通常23万円。,,,jp_only_event,low,
assets/data/characterData.bin.mid,1395,Name,走行テント,,,jp_only_event,low,"JP-only; art ""movecatleC/movecatleC"""
assets/data/characterData.bin.mid,1395,HumanDescription,遊牧民もうっとり、持ち運びが楽なテント。,,,jp_only_event,low,
assets/data/characterData.bin.mid,1395,ZombieDescription,停止時も機械音がうるさすぎて眠れない。,,,jp_only_event,low,
assets/data/characterData.bin.mid,1396,Name,リリス,,,jp_only_event,low,"JP-only; art ""VHJ/VHJ"""
assets/data/characterData.bin.mid,1396,HumanDescription,ひとりはもうイヤ。これからずっと、一緒に遊ぼ？,,,jp_only_event,low,
assets/data/characterData.bin.mid,1396,ZombieDescription,ね……教えて。リリスの知らない楽しいこと。,,,jp_only_event,low,
assets/data/characterData.bin.mid,1397,Name,キュービィ,,,jp_only_event,low,"JP-only; art ""VHK/VHK"""
assets/data/characterData.bin.mid,1397,HumanDescription,ナカマ　フヤスノ　ソレガ　シメイナノ。,,,jp_only_event,low,
assets/data/characterData.bin.mid,1397,ZombieDescription,アナタハキット エイヨウマンテン。,,,jp_only_event,low,
assets/data/characterData.bin.mid,1398,Name,サスカッチ,,,jp_only_event,low,"JP-only; art ""VHL/VHL"""
assets/data/characterData.bin.mid,1398,HumanDescription,あぶねえあぶねえ。オメエけっこうやるな！,,,jp_only_event,low,
assets/data/characterData.bin.mid,1398,ZombieDescription,カキゴオリにして食っちまうぞ！,,,jp_only_event,low,
assets/data/characterData.bin.mid,1399,Name,色違いサスカッチ,,,jp_only_event,low,"JP-only; art ""VHM/VHM"""
assets/data/characterData.bin.mid,1399,HumanDescription,足のデカさを比べてみりゃあ どっちが強いかなんてイッパツだ！,,,jp_only_event,low,
assets/data/characterData.bin.mid,1399,ZombieDescription,とんでもねぇとこに来ちまったな　ま、メシが食えりゃ文句ねぇけど。,,,jp_only_event,low,
assets/data/characterData.bin.mid,1400,Name,ビシャモン,,,jp_only_event,low,"JP-only; art ""VHN/VHN"""
assets/data/characterData.bin.mid,1400,HumanDescription,ここは居心地よいのゥ！血の匂いにむせかえるワィ！,,,jp_only_event,low,
assets/data/characterData.bin.mid,1400,ZombieDescription,ワシは人斬りが好きでのゥ！三度のメシより好きでのォー！！,,,jp_only_event,low,
assets/data/characterData.bin.mid,1401,Name,朧ビシャモン,,,jp_only_event,low,"JP-only; art ""VHO/VHO"""
assets/data/characterData.bin.mid,1401,HumanDescription,ビシャモンが修行を重ねた末に、鎧の力を制御した善のビシャモン。,,,jp_only_event,low,
assets/data/characterData.bin.mid,1401,ZombieDescription,ビシャモンが修行を重ねた末に、鎧の力を制御した善のビシャモン。,,,jp_only_event,low,
assets/data/characterData.bin.mid,1402,Name,猫かぶりバレッタ,,,jp_only_event,low,"JP-only; art ""VHP/VHP"""
assets/data/characterData.bin.mid,1402,HumanDescription,あたしコドモだからわっかんなーい♪,,,jp_only_event,low,
assets/data/characterData.bin.mid,1402,ZombieDescription,あ！お花♪,,,jp_only_event,low,
assets/data/characterData.bin.mid,1403,Name,バレッタ,,,jp_only_event,low,"JP-only; art ""VHQ/VHQ"""
assets/data/characterData.bin.mid,1403,HumanDescription,ねー。いいもうけ話しらなぁい？,,,jp_only_event,low,
assets/data/characterData.bin.mid,1403,ZombieDescription,イヤン、だめェ、こないでっ。くんなっつってんだろオラァ！！,,,jp_only_event,low,
assets/data/characterData.bin.mid,1404,Name,ジェダ,,,jp_only_event,low,"JP-only; art ""VHR/VHR"""
assets/data/characterData.bin.mid,1404,HumanDescription,「死」によってのみ救済される命。矛盾ではない、論理的帰結だ。,,,jp_only_event,low,
assets/data/characterData.bin.mid,1404,ZombieDescription,感性のリビドーが質的崩壊によりパライソに達する…わかるね？,,,jp_only_event,low,
assets/data/characterData.bin.mid,1405,Name,ビクトル,,,jp_only_event,low,"JP-only; art ""VHS/VHS"""
assets/data/characterData.bin.mid,1405,HumanDescription,おれは「じんぞうにんげん」さいきょうのおとこだ。,,,jp_only_event,low,
assets/data/characterData.bin.mid,1405,ZombieDescription,おれ　さいきょう　これ　あたりまえ。,,,jp_only_event,low,
assets/data/characterData.bin.mid,1406,Name,アニタ,,,jp_only_event,low,"JP-only; art ""VHT/VHT"""
assets/data/characterData.bin.mid,1406,HumanDescription,超能力を持つが故に迫害され、感情を失った少女。,,,jp_only_event,low,
assets/data/characterData.bin.mid,1406,ZombieDescription,母の形見らしい首のない人形をいつも肌身離さず持っている。,,,jp_only_event,low,
assets/data/characterData.bin.mid,1407,Name,ドラムメジャー,,,jp_only_event,low,"JP-only; art ""MbandA/MbandA"""
assets/data/characterData.bin.mid,1407,HumanDescription,演奏行進中よく迷子になる全国一の指揮者。,,,jp_only_event,low,
assets/data/characterData.bin.mid,1407,ZombieDescription,演奏行進でライバル店の客を連れ去る今年注目のゾンビ。,,,jp_only_event,low,
assets/data/characterData.bin.mid,1408,Name,バスドラム奏者,,,jp_only_event,low,"JP-only; art ""MbandB/MbandB"""
assets/data/characterData.bin.mid,1408,HumanDescription,成長期に胸が太鼓で抑えられて心配。,,,jp_only_event,low,
assets/data/characterData.bin.mid,1408,ZombieDescription,俺でもできるって言われるとイラっときて襲っちゃう。,,,jp_only_event,low,
assets/data/characterData.bin.mid,1409,Name,トランペット野郎,,,jp_only_event,low,"JP-only; art ""MbandC/MbandC"""
assets/data/characterData.bin.mid,1409,HumanDescription,成長期にたらこ唇にならないか心配。,,,jp_only_event,low,
assets/data/characterData.bin.mid,1409,ZombieDescription,ラッパって言われるとイラっときて襲っちゃう。,,,jp_only_event,low,
assets/data/characterData.bin.mid,1410,Name,あかべこ,,,jp_only_event,low,"JP-only; art ""mingeiA/mingeiA"""
assets/data/characterData.bin.mid,1410,HumanDescription,べっこんべっこんにしたるぞ。,,,jp_only_event,low,
assets/data/characterData.bin.mid,1410,ZombieDescription,まっかっかにしたるゾ。,,,jp_only_event,low,
assets/data/characterData.bin.mid,1411,Name,張子のいぬ,,,jp_only_event,low,"JP-only; art ""mingeiB/mingeiB"""
assets/data/characterData.bin.mid,1411,HumanDescription,安産を祈らせたら右に出るものはそうはいない。,,,jp_only_event,low,
assets/data/characterData.bin.mid,1411,ZombieDescription,民芸品を語らせたら右に出るものはそうはいない。,,,jp_only_event,low,
assets/data/characterData.bin.mid,1412,Name,ロボ―・クマ,,,jp_only_event,low,"JP-only; art ""robo_kuma/robo_kuma"""
assets/data/characterData.bin.mid,1412,HumanDescription,カーボンナノチューブで作られた最先端ロボ。,,,jp_only_event,low,
assets/data/characterData.bin.mid,1412,ZombieDescription,炭素とクマの最強ハイブリットで客を魅了する。,,,jp_only_event,low,
assets/data/characterData.bin.mid,1413,Name,ドルキャット,,,jp_only_event,low,"JP-only; art ""mingeiC/mingeiC"""
assets/data/characterData.bin.mid,1413,HumanDescription,現地に溶け込んだ、客を引き寄せるプロ。,,,jp_only_event,low,
assets/data/characterData.bin.mid,1413,ZombieDescription,誘拐の疑いで国際指名手配となる。,,,jp_only_event,low,
assets/data/characterData.bin.mid,1414,Name,ねこまねき,,,jp_only_event,low,"JP-only; art ""mingeiD/mingeiD"""
assets/data/characterData.bin.mid,1414,HumanDescription,巧みに客を引き寄せるプロ。,,,jp_only_event,low,
assets/data/characterData.bin.mid,1414,ZombieDescription,客引き条例違反により指名手配となる。,,,jp_only_event,low,
assets/data/characterData.bin.mid,1415,Name,曲芸のサル,,,jp_only_event,low,"JP-only; art ""momoA/momoA"""
assets/data/characterData.bin.mid,1415,HumanDescription,二足歩行たるものパンツは欠かせない。キリッ,,,jp_only_event,low,
assets/data/characterData.bin.mid,1415,ZombieDescription,うへー私の愛しい団子、ハイで病み付きになる愛しい団子。,,,jp_only_event,low,
assets/data/characterData.bin.mid,1416,Name,派犬社員,,,jp_only_event,low,"JP-only; art ""momoB/momoB"""
assets/data/characterData.bin.mid,1416,HumanDescription,団子なんかで鬼退治にいくほど安くないですよ。キリッ,,,jp_only_event,low,
assets/data/characterData.bin.mid,1416,ZombieDescription,うへー私の愛しい団子、ハイで病み付きになる愛しい団子。,,,jp_only_event,low,
assets/data/characterData.bin.mid,1417,Name,超特急キジ,,,jp_only_event,low,"JP-only; art ""momoC/momoC"""
assets/data/characterData.bin.mid,1417,HumanDescription,生まれてこの方、スピードに全パラメーターを振り続けてます。キリッ,,,jp_only_event,low,
assets/data/characterData.bin.mid,1417,ZombieDescription,うへー私の愛しい団子、ハイで病み付きになる愛しい団子。,,,jp_only_event,low,
assets/data/characterData.bin.mid,1418,Name,ももタロー,,,jp_only_event,low,"JP-only; art ""momoD/momoD"""
assets/data/characterData.bin.mid,1418,HumanDescription,日に3回犬にかまれるのがエクスタシー。,,,jp_only_event,low,
assets/data/characterData.bin.mid,1418,ZombieDescription,カフェに来て以来、鬼の形相で鬼を食らう。,,,jp_only_event,low,
assets/data/characterData.bin.mid,1419,Name,キメラ,,,jp_only_event,low,"JP-only; art ""momoE/momoE"""
assets/data/characterData.bin.mid,1419,HumanDescription,団子でくっつけた寄せ集め。,,,jp_only_event,low,
assets/data/characterData.bin.mid,1419,ZombieDescription,主人に、おいしそうなもの持ってんじゃないかとよく絡む。,,,jp_only_event,low,
assets/data/characterData.bin.mid,1420,Name,ピーチガール,,,jp_only_event,low,"JP-only; art ""momoF/momoF"""
assets/data/characterData.bin.mid,1420,HumanDescription,獣を連れて歩く一団にときめく。,,,jp_only_event,low,
assets/data/characterData.bin.mid,1420,ZombieDescription,物陰からこっそり鬼を食べながら応援する。,,,jp_only_event,low,
assets/data/characterData.bin.mid,1421,Name,おにリーマン,,,jp_only_event,low,"JP-only; art ""businessman/momoG"""
assets/data/characterData.bin.mid,1421,HumanDescription,鬼といえども働き盛りの中間管理職。,,,jp_only_event,low,
assets/data/characterData.bin.mid,1421,ZombieDescription,ゾンビになってもスーツと名刺は欠かせない。,,,jp_only_event,low,
assets/data/characterData.bin.mid,1422,Name,おにっこ,,,jp_only_event,low,"JP-only; art ""momoH/momoH"""
assets/data/characterData.bin.mid,1422,HumanDescription,得意料理は、「鬼ぎり」。,,,jp_only_event,low,
assets/data/characterData.bin.mid,1422,ZombieDescription,なかなかいい鬼ね、切り時かも。,,,jp_only_event,low,
assets/data/characterData.bin.mid,1423,Name,地味女子高生,,,jp_only_event,low,"JP-only; art ""CustomerA/kimonoB"""
assets/data/characterData.bin.mid,1423,HumanDescription,頭に朝顔を付けても地味な女子高生。,,,jp_only_event,low,
assets/data/characterData.bin.mid,1423,ZombieDescription,ゾンビになってもやはり地味な女子高生。,,,jp_only_event,low,
assets/data/characterData.bin.mid,1424,Name,帰宅女子高生,,,jp_only_event,low,"JP-only; art ""CustomerA/kimonoC"""
assets/data/characterData.bin.mid,1424,HumanDescription,帰宅するために登校しているといっても過言。,,,jp_only_event,low,
assets/data/characterData.bin.mid,1424,ZombieDescription,感染するために来店したといっても過言。,,,jp_only_event,low,
assets/data/characterData.bin.mid,1425,Name,近場の霊,,,jp_only_event,low,"JP-only; art ""ghostRiderB/ghostRiderB"""
assets/data/characterData.bin.mid,1425,HumanDescription,そこの交差点でダンプカーにぐしゃっとね。,,,jp_only_event,low,
assets/data/characterData.bin.mid,1425,ZombieDescription,でも死ななくてモチをのどに詰めてね、吐き出したよ。,,,jp_only_event,low,
assets/data/characterData.bin.mid,1426,Name,剣道初段,,,jp_only_event,low,"JP-only; art ""ECA6/omar"""
assets/data/characterData.bin.mid,1426,HumanDescription,きぃえええぇっえぇぇぇぇぇぇぇ！,,,jp_only_event,low,
assets/data/characterData.bin.mid,1426,ZombieDescription,ふぃええーえええええええん！,,,jp_only_event,low,
assets/data/characterData.bin.mid,1427,Name,ネロ,,,jp_only_event,low,"JP-only; art ""DMCA/DMCA"""
assets/data/characterData.bin.mid,1427,HumanDescription,悪魔に魂を売ったっていい・・・キリエを守れるなら・・・！,,,jp_only_event,low,
assets/data/characterData.bin.mid,1427,ZombieDescription,右手がこうなった時　神を呪ったよ！ブチ殺してやりたいと思った！,,,jp_only_event,low,
assets/data/characterData.bin.mid,1428,Name,レディ,,,jp_only_event,low,"JP-only; art ""DMCB/DMCB"""
assets/data/characterData.bin.mid,1428,HumanDescription,私にはまだやるべき事がある。,,,jp_only_event,low,
assets/data/characterData.bin.mid,1428,ZombieDescription,レディよ。デビルハンター・・・本当の名前は・・・忘れたわ。,,,jp_only_event,low,
assets/data/characterData.bin.mid,1429,Name,ダンテ,,,jp_only_event,low,"JP-only; art ""DMCC/DMCC"""
assets/data/characterData.bin.mid,1429,HumanDescription,このカフェはどうも悪魔どもの食い付きがいいらしいな・・・,,,jp_only_event,low,
assets/data/characterData.bin.mid,1429,ZombieDescription,刺激があるからゾンビカフェは楽しい。そうだろ？,,,jp_only_event,low,
assets/data/characterData.bin.mid,1430,Name,トリッシュ,,,jp_only_event,low,"JP-only; art ""DMCD/DMCD"""
assets/data/characterData.bin.mid,1430,HumanDescription,どんな仕事も請け負う便利屋を探している。,,,jp_only_event,low,
assets/data/characterData.bin.mid,1430,ZombieDescription,“合言葉”の客よ。ヤバそうね。,,,jp_only_event,low,
assets/data/characterData.bin.mid,1431,Name,べリアル,,,jp_only_event,low,"JP-only; art ""DMCE/DMCE"""
assets/data/characterData.bin.mid,1431,HumanDescription,久しぶりの人間界よ・・・,,,jp_only_event,low,
assets/data/characterData.bin.mid,1431,ZombieDescription,我こそは炎獄の覇者ぞ！,,,jp_only_event,low,
assets/data/characterData.bin.mid,1432,Name,炎獄のべリアル,,,jp_only_event,low,"JP-only; art ""DMCF/DMCF"""
assets/data/characterData.bin.mid,1432,HumanDescription,人間が神を気取るとは・・・愚かな事よ。,,,jp_only_event,low,
assets/data/characterData.bin.mid,1432,ZombieDescription,一度は退いた身　二度は退かぬ！,,,jp_only_event,low,
assets/data/characterData.bin.mid,1433,Name,グロリア,,,jp_only_event,low,"JP-only; art ""DMCG/DMCG"""
assets/data/characterData.bin.mid,1433,HumanDescription,妖艶な姿の教団の新入り・・・,,,jp_only_event,low,
assets/data/characterData.bin.mid,1433,ZombieDescription,噂通り・・・扱いにくい“はみ出し者”,,,jp_only_event,low,
assets/data/characterData.bin.mid,1434,Name,バージル,,,jp_only_event,low,"JP-only; art ""DMCH/DMCH"""
assets/data/characterData.bin.mid,1434,HumanDescription,これがスパーダの力だ！,,,jp_only_event,low,
assets/data/characterData.bin.mid,1434,ZombieDescription,Die！,,,jp_only_event,low,
assets/data/characterData.bin.mid,1435,Name,魔人バージル,,,jp_only_event,low,"JP-only; art ""DMCI/DMCI"""
assets/data/characterData.bin.mid,1435,HumanDescription,悪魔の力を思い知らせてやる！,,,jp_only_event,low,
assets/data/characterData.bin.mid,1435,ZombieDescription,貴様では相手にならん！,,,jp_only_event,low,
assets/data/characterData.bin.mid,1436,Name,死の匠,,,jp_only_event,low,"JP-only; art ""reaper2A/reaper2A"""
assets/data/characterData.bin.mid,1436,HumanDescription,冥途生活のコンシェルジュ。,,,jp_only_event,low,
assets/data/characterData.bin.mid,1436,ZombieDescription,冥途において快適な住環境を提供する匠。,,,jp_only_event,low,
assets/data/characterData.bin.mid,1437,Name,冥途さん,,,jp_only_event,low,"JP-only; art ""reaper2B/reaper2B"""
assets/data/characterData.bin.mid,1437,HumanDescription,ツンデレ・メイドカフェでひたすら働き荒稼ぎ。,,,jp_only_event,low,
assets/data/characterData.bin.mid,1437,ZombieDescription,冥途に行ってハイパーツンデレゴッドになった。,,,jp_only_event,low,
assets/data/characterData.bin.mid,1438,Name,死のフリーター,,,jp_only_event,low,"JP-only; art ""reaper2C/reaper2C"""
assets/data/characterData.bin.mid,1438,HumanDescription,冥途の世界でもフリーターを貫き通す。,,,jp_only_event,low,
assets/data/characterData.bin.mid,1438,ZombieDescription,冥途であっても昔の知り合いに出会うと死にたくなる。,,,jp_only_event,low,
assets/data/characterData.bin.mid,1439,Name,きんぐペンギン,,,jp_only_event,low,"JP-only; art ""seaG/seaG"""
assets/data/characterData.bin.mid,1439,HumanDescription,愛嬌の良さは天下一品。,,,jp_only_event,low,
assets/data/characterData.bin.mid,1439,ZombieDescription,お食事タイムにはお腹を満たすに十分な見物客が列をなす。,,,jp_only_event,low,
assets/data/characterData.bin.mid,1440,Name,浮き輪らいおん丸,,,jp_only_event,low,"JP-only; art ""seaH/costume_g"""
assets/data/characterData.bin.mid,1440,HumanDescription,まるまるとした活きのいいペンギンに一目ぼれ。,,,jp_only_event,low,
assets/data/characterData.bin.mid,1440,ZombieDescription,ある夏の日、浮き輪を付けたらいおんを捕獲。,,,jp_only_event,low,
assets/data/characterData.bin.mid,1441,Name,なみのりあいつ,,,jp_only_event,low,"JP-only; art ""seaI/seaI"""
assets/data/characterData.bin.mid,1441,HumanDescription,おもにタイトル画面で活躍中。,,,jp_only_event,low,
assets/data/characterData.bin.mid,1441,ZombieDescription,ある夏の日、波乗りしているあいつを発見。,,,jp_only_event,low,
assets/data/characterData.bin.mid,1442,Name,おかっぴきロボ,,,jp_only_event,low,"JP-only; art ""bugyouC/bugyouC"""
assets/data/characterData.bin.mid,1442,HumanDescription,とある奉行所でゆるきゃらとして採用される。,,,jp_only_event,low,
assets/data/characterData.bin.mid,1442,ZombieDescription,市中引き回しのルートを作るのが得意。,,,jp_only_event,low,
assets/data/characterData.bin.mid,1443,Name,おかっぴきロボG,,,jp_only_event,low,"JP-only; art ""bugyouD/bugyouD"""
assets/data/characterData.bin.mid,1443,HumanDescription,北陸の奉行所でゆるきゃらとして採用される。,,,jp_only_event,low,
assets/data/characterData.bin.mid,1443,ZombieDescription,ゾンビになっても輝きは変わらない。,,,jp_only_event,low,
assets/data/characterData.bin.mid,1444,Name,なよ竹の舞妓,,,jp_only_event,low,"JP-only; art ""bambooB/maikoA"""
assets/data/characterData.bin.mid,1444,HumanDescription,いづこで舞妓になるるや？,,,jp_only_event,low,
assets/data/characterData.bin.mid,1444,ZombieDescription,おっさん率の高さにいとうんざり。,,,jp_only_event,low,
assets/data/characterData.bin.mid,1445,Name,芸者の達人,,,jp_only_event,low,"JP-only; art ""maikoB/maikoB"""
assets/data/characterData.bin.mid,1445,HumanDescription,お茶屋と勘違いしてカフェに来店。,,,jp_only_event,low,
assets/data/characterData.bin.mid,1445,ZombieDescription,白粉のおかげでゾンビになっても変わらず人気者。,,,jp_only_event,low,
assets/data/characterData.bin.mid,1446,Name,新入り仲居,,,jp_only_event,low,"JP-only; art ""maikoC/maikoC"""
assets/data/characterData.bin.mid,1446,HumanDescription,おっちょこちょいでも、不器用でもない普通の仲居。,,,jp_only_event,low,
assets/data/characterData.bin.mid,1446,ZombieDescription,ドジっ子でも、ツンデレでもない普通のゾンビ。,,,jp_only_event,low,
assets/data/characterData.bin.mid,1447,Name,dummy,Werewolf,dummy,same_art_or_category,medium,"art ""wolfman/wolfman"" -> EN row 135 (9 JP rows share this art; qualifier needed); proposed carried from TM"
assets/data/characterData.bin.mid,1447,HumanDescription,てき,"A serious werewolf.  You can clap for him, but do you dig him?",,same_art_or_category,medium,
assets/data/characterData.bin.mid,1447,ZombieDescription,てき,He likes to eat a big plate of raw meat during a full moon.,,same_art_or_category,medium,
assets/data/characterData.bin.mid,1448,Name,フランス女将,,,jp_only_event,low,"JP-only; art ""maikoE/maikoE"""
assets/data/characterData.bin.mid,1448,HumanDescription,日本に来て2年、女将にまで上り詰めた。,,,jp_only_event,low,
assets/data/characterData.bin.mid,1448,ZombieDescription,夜な夜なフランスが恋しくなってゾンビになった。,,,jp_only_event,low,
assets/data/characterData.bin.mid,1449,Name,バレリーナ,,,jp_only_event,low,"JP-only; art ""balletA/balletA"""
assets/data/characterData.bin.mid,1449,HumanDescription,気の小ささを克服するためトーシューズでカフェに通う。,,,jp_only_event,low,
assets/data/characterData.bin.mid,1449,ZombieDescription,えっと、つま先で立つことをポワントといいます。,,,jp_only_event,low,
assets/data/characterData.bin.mid,1450,Name,白鳥レスラー,,,jp_only_event,low,"JP-only; art ""balletB/maskedA"""
assets/data/characterData.bin.mid,1450,HumanDescription,身も心も白鳥にゆだねる。,,,jp_only_event,low,
assets/data/characterData.bin.mid,1450,ZombieDescription,この日を境に人気に火がついた。,,,jp_only_event,low,
assets/data/characterData.bin.mid,1451,Name,故・浮遊霊子,,,jp_only_event,low,"JP-only; art ""ghostJ/ghostJ"""
assets/data/characterData.bin.mid,1451,HumanDescription,今年もあいも変わらず浮遊中。,,,jp_only_event,low,
assets/data/characterData.bin.mid,1451,ZombieDescription,久々ぶりに本体に乗り移ってみた霊子。,,,jp_only_event,low,
assets/data/characterData.bin.mid,1452,Name,浮遊シェフ,,,jp_only_event,low,"JP-only; art ""ghostK/ghostK"""
assets/data/characterData.bin.mid,1452,HumanDescription,至高のメニューを求めてカフェに来店。,,,jp_only_event,low,
assets/data/characterData.bin.mid,1452,ZombieDescription,至高のメニューを求めてカフェに来店。,,,jp_only_event,low,
assets/data/characterData.bin.mid,1453,Name,裏飯幽,,,jp_only_event,low,"JP-only; art ""ghostL/ghostL"""
assets/data/characterData.bin.mid,1453,HumanDescription,バイトの募集を見てカフェにやってきた双子の姉。,,,jp_only_event,low,
assets/data/characterData.bin.mid,1453,ZombieDescription,ゆうたいりだつー♪,,,jp_only_event,low,
assets/data/characterData.bin.mid,1454,Name,裏飯澪,,,jp_only_event,low,"JP-only; art ""ghostM/ghostM"""
assets/data/characterData.bin.mid,1454,HumanDescription,バイトの募集を見てカフェにやってきた双子の妹。,,,jp_only_event,low,
assets/data/characterData.bin.mid,1454,ZombieDescription,からのゾンビ～♪,,,jp_only_event,low,
assets/data/characterData.bin.mid,1455,Name,白骨ピエロ,,,jp_only_event,low,"JP-only; art ""pierrotA/pierrotA"""
assets/data/characterData.bin.mid,1455,HumanDescription,ピエロは一日にしてならず。,,,jp_only_event,low,
assets/data/characterData.bin.mid,1455,ZombieDescription,すべての道はピエロに通ず。,,,jp_only_event,low,
assets/data/characterData.bin.mid,1456,Name,新星のピエロ,,,jp_only_event,low,"JP-only; art ""pierrotB/pierrotB"""
assets/data/characterData.bin.mid,1456,HumanDescription,私に玉乗りをさせたのはあなたが初めてだ。,,,jp_only_event,low,
assets/data/characterData.bin.mid,1456,ZombieDescription,動かなくなったわ♪最高のショーだと思わない？,,,jp_only_event,low,
assets/data/characterData.bin.mid,1457,Name,サバイバルレア3,,,jp_only_event,low,"JP-only; art ""rareC/rareC"""
assets/data/characterData.bin.mid,1457,HumanDescription,ヘルメットは外出の時だけかぶります。,,,jp_only_event,low,
assets/data/characterData.bin.mid,1457,ZombieDescription,彼女を怒らせヘルメットをボコボコにされた。,,,jp_only_event,low,
assets/data/characterData.bin.mid,1458,Name,すてねこ,,,jp_only_event,low,"JP-only; art ""alice_CheshireA/alice_CheshireA"""
assets/data/characterData.bin.mid,1458,HumanDescription,最近ゾンビカフェ界隈をうろつく。,,,jp_only_event,low,
assets/data/characterData.bin.mid,1458,ZombieDescription,お前は救世主ではない、なぜなら俺が救世主になるのだから。,,,jp_only_event,low,
assets/data/characterData.bin.mid,1459,Name,小悪党,,,jp_only_event,low,"JP-only; art ""PrisonerA/clown"""
assets/data/characterData.bin.mid,1459,HumanDescription,息子が三人おりますねん。,,,jp_only_event,low,
assets/data/characterData.bin.mid,1459,ZombieDescription,大きなことからコツコツと。,,,jp_only_event,low,
assets/data/characterData.bin.mid,1460,Name,看護副師長,,,jp_only_event,low,"JP-only; art ""nurseA/FranceC"""
assets/data/characterData.bin.mid,1460,HumanDescription,脈をとってほしいならひざまずけ。,,,jp_only_event,low,
assets/data/characterData.bin.mid,1460,ZombieDescription,メスがほしいならひざまずけ。,,,jp_only_event,low,
assets/data/characterData.bin.mid,1461,Name,黒衣,,,jp_only_event,low,"JP-only; art ""kuroko/kuroko"""
assets/data/characterData.bin.mid,1461,HumanDescription,舞台の裏方を担う存在。,,,jp_only_event,low,
assets/data/characterData.bin.mid,1461,ZombieDescription,ゾンビカフェの裏方を担う存在。,,,jp_only_event,low,
assets/data/characterData.bin.mid,1462,Name,中華屋三女,,,jp_only_event,low,"JP-only; art ""BicycleE/maidB"""
assets/data/characterData.bin.mid,1462,HumanDescription,元メイド。接客の道を究めんと転職。,,,jp_only_event,low,
assets/data/characterData.bin.mid,1462,ZombieDescription,ゾンビでもそばかすはかわいいの代名詞ですから。,,,jp_only_event,low,
assets/data/characterData.bin.mid,1463,Name,浴衣次女,,,jp_only_event,low,"JP-only; art ""kimonoB/maidC"""
assets/data/characterData.bin.mid,1463,HumanDescription,元メイド。尽くすタイプを究めんと転職。,,,jp_only_event,low,
assets/data/characterData.bin.mid,1463,ZombieDescription,今日からお世話になりますゾンビどす。,,,jp_only_event,low,
assets/data/characterData.bin.mid,1464,Name,科学警備隊長女,,,jp_only_event,low,"JP-only; art ""EDFB/maidD"""
assets/data/characterData.bin.mid,1464,HumanDescription,元メイド。ワイルドを究めんと転職。,,,jp_only_event,low,
assets/data/characterData.bin.mid,1464,ZombieDescription,警備隊でもそのワイルドさは変わらない。,,,jp_only_event,low,
assets/data/characterData.bin.mid,1465,Name,狼悪党,,,jp_only_event,low,"JP-only; art ""PrisonerA/costume_d"""
assets/data/characterData.bin.mid,1465,HumanDescription,おばあさんが大好物。,,,jp_only_event,low,
assets/data/characterData.bin.mid,1465,ZombieDescription,おばあさんも大好物。,,,jp_only_event,low,
assets/data/characterData.bin.mid,1466,Name,覆面そうりょ,,,jp_only_event,low,"JP-only; art ""yuusyaB/maskedC"""
assets/data/characterData.bin.mid,1466,HumanDescription,恥ずかしいのでマスクをかぶってます。,,,jp_only_event,low,
assets/data/characterData.bin.mid,1466,ZombieDescription,ゾンビになっても恥ずかしいのは変わらなかった。,,,jp_only_event,low,
assets/data/characterData.bin.mid,1467,Name,名探偵インビジボー,,,jp_only_event,low,"JP-only; art ""InvisibleA/InvisibleA"""
assets/data/characterData.bin.mid,1467,HumanDescription,元の体に戻るべく謎の組織をえらい長いこと追いかけている。,,,jp_only_event,low,
assets/data/characterData.bin.mid,1467,ZombieDescription,毎週事件が起こるが謎の組織と全然関係ない。,,,jp_only_event,low,
assets/data/characterData.bin.mid,1468,Name,ドクター・WHO,,,jp_only_event,low,"JP-only; art ""InvisibleB/InvisibleB"""
assets/data/characterData.bin.mid,1468,HumanDescription,どこの医者にかかればよいか悩んでいる現役の医者。,,,jp_only_event,low,
assets/data/characterData.bin.mid,1468,ZombieDescription,バリウムを飲むとキモいことになることはわかった。,,,jp_only_event,low,
assets/data/characterData.bin.mid,1469,Name,怪盗インビジボー,,,jp_only_event,low,"JP-only; art ""InvisibleC/InvisibleC"""
assets/data/characterData.bin.mid,1469,HumanDescription,一日一盗、必要以上稼がないのがモットー。,,,jp_only_event,low,
assets/data/characterData.bin.mid,1469,ZombieDescription,一日十頭、必要以上に食い散らかす。,,,jp_only_event,low,
assets/data/characterData.bin.mid,1470,Name,ひよっとこ,,,jp_only_event,low,"JP-only; art ""chickA/chickA"""
assets/data/characterData.bin.mid,1470,HumanDescription,二度見シタラコロス。,,,jp_only_event,low,
assets/data/characterData.bin.mid,1470,ZombieDescription,コッチヲ見ロ！コッチヲ見ロォォォ！,,,jp_only_event,low,
assets/data/characterData.bin.mid,1471,Name,ひよっこ,,,jp_only_event,low,"JP-only; art ""chickB/chickB"""
assets/data/characterData.bin.mid,1471,HumanDescription,ぼくに気安く触るな！,,,jp_only_event,low,
assets/data/characterData.bin.mid,1471,ZombieDescription,身の程を知れ！下等生物！,,,jp_only_event,low,
assets/data/characterData.bin.mid,1472,Name,虚無鳥,,,jp_only_event,low,"JP-only; art ""chickC/chickC"""
assets/data/characterData.bin.mid,1472,HumanDescription,公園のおじさんが撒くエサが無性に食いたい。,,,jp_only_event,low,
assets/data/characterData.bin.mid,1472,ZombieDescription,公園のおじさんごと食べたい。,,,jp_only_event,low,
assets/data/characterData.bin.mid,1473,Name,にゃんこブーツ,,,jp_only_event,low,"JP-only; art ""catbootsA/catbootsA"""
assets/data/characterData.bin.mid,1473,HumanDescription,匂いフェチがたたってブーツを購入したにゃん。,,,jp_only_event,low,
assets/data/characterData.bin.mid,1473,ZombieDescription,あまりの足の臭さに最高にハイだにゃん。,,,jp_only_event,low,
assets/data/characterData.bin.mid,1474,Name,ヒッピーマウス,,,jp_only_event,low,"JP-only; art ""catbootsB/catbootsB"""
assets/data/characterData.bin.mid,1474,HumanDescription,ぼくヒッピー、よろしくね。ハハッ！,,,jp_only_event,low,
assets/data/characterData.bin.mid,1474,ZombieDescription,ハハッ！ハハッハハッハアアハ！ハハッアハハッッ！,,,jp_only_event,low,
assets/data/characterData.bin.mid,1475,Name,先代のヒッピー,,,jp_only_event,low,"JP-only; art ""catbootsC/catbootsC"""
assets/data/characterData.bin.mid,1475,HumanDescription,ヒッピーランド創業者で初代マスコット。,,,jp_only_event,low,
assets/data/characterData.bin.mid,1475,ZombieDescription,アバッ！ババッババッバアアバ！ババッアババッッ！,,,jp_only_event,low,
assets/data/characterData.bin.mid,1476,Name,世紀末女学院生,,,jp_only_event,low,"JP-only; art ""fourthA/fourthA"""
assets/data/characterData.bin.mid,1476,HumanDescription,世紀末を夢見る女子学生。,,,jp_only_event,low,
assets/data/characterData.bin.mid,1476,ZombieDescription,私立世紀末女学院ヘアメイク科,,,jp_only_event,low,
assets/data/characterData.bin.mid,1477,Name,モーホック200X,,,jp_only_event,low,"JP-only; art ""fourthD/PrisonerA"""
assets/data/characterData.bin.mid,1477,HumanDescription,俺の名前を言ってみな！！,,,jp_only_event,low,
assets/data/characterData.bin.mid,1477,ZombieDescription,ヒャッハー！！脳汁だっ脳汁だっ！,,,jp_only_event,low,
assets/data/characterData.bin.mid,1478,Name,ホッケーマスク200X,,,jp_only_event,low,"JP-only; art ""fourthD/jasonA"""
assets/data/characterData.bin.mid,1478,HumanDescription,こう見えても自営業者。,,,jp_only_event,low,
assets/data/characterData.bin.mid,1478,ZombieDescription,今日も釘を拾い集めて、お手製バットを販売中。,,,jp_only_event,low,
assets/data/characterData.bin.mid,1479,Name,あいつ200X,,,jp_only_event,low,"JP-only; art ""fourthB/fourthB"""
assets/data/characterData.bin.mid,1479,HumanDescription,４年間で着服した金で衣装を購入。,,,jp_only_event,low,
assets/data/characterData.bin.mid,1479,ZombieDescription,どうもどうも、４周年っ。,,,jp_only_event,low,
assets/data/characterData.bin.mid,1480,Name,あいつら,,,jp_only_event,low,"JP-only; art ""fourthC/fourthC"""
assets/data/characterData.bin.mid,1480,HumanDescription,４年間で着服した金で番犬を購入。,,,jp_only_event,low,
assets/data/characterData.bin.mid,1480,ZombieDescription,乗せてもらうために毎朝土下座を欠かさない。,,,jp_only_event,low,
assets/data/characterData.bin.mid,1481,Name,マジックばあさん,,,jp_only_event,low,"JP-only; art ""hatoA/hatoA"""
assets/data/characterData.bin.mid,1481,HumanDescription,てき,,,jp_only_event,low,
assets/data/characterData.bin.mid,1481,ZombieDescription,てき,,,jp_only_event,low,
assets/data/characterData.bin.mid,1482,Name,義理姉A,,,jp_only_event,low,"JP-only; art ""hatoA/hatoA"""
assets/data/characterData.bin.mid,1482,HumanDescription,てき,,,jp_only_event,low,
assets/data/characterData.bin.mid,1482,ZombieDescription,てき,,,jp_only_event,low,
assets/data/characterData.bin.mid,1483,Name,義理姉B,,,jp_only_event,low,"JP-only; art ""hatoA/hatoA"""
assets/data/characterData.bin.mid,1483,HumanDescription,てき,,,jp_only_event,low,
assets/data/characterData.bin.mid,1483,ZombieDescription,てき,,,jp_only_event,low,
assets/data/characterData.bin.mid,1484,Name,義母,,,jp_only_event,low,"JP-only; art ""hatoA/hatoA"""
assets/data/characterData.bin.mid,1484,HumanDescription,てき,,,jp_only_event,low,
assets/data/characterData.bin.mid,1484,ZombieDescription,てき,,,jp_only_event,low,
assets/data/characterData.bin.mid,1485,Name,ざこ5,,,jp_only_event,low,"JP-only; art ""hatoA/hatoA"""
assets/data/characterData.bin.mid,1485,HumanDescription,にんげん,,,jp_only_event,low,
assets/data/characterData.bin.mid,1485,ZombieDescription,ぞんび,,,jp_only_event,low,
assets/data/characterData.bin.mid,1486,Name,ざこ6,,,jp_only_event,low,"JP-only; art ""hatoA/hatoA"""
assets/data/characterData.bin.mid,1486,HumanDescription,にんげん,,,jp_only_event,low,
assets/data/characterData.bin.mid,1486,ZombieDescription,ぞんび,,,jp_only_event,low,
assets/data/characterData.bin.mid,1487,Name,ざこ7,,,jp_only_event,low,"JP-only; art ""hatoA/hatoA"""
assets/data/characterData.bin.mid,1487,HumanDescription,にんげん,,,jp_only_event,low,
assets/data/characterData.bin.mid,1487,ZombieDescription,ぞんび,,,jp_only_event,low,
assets/data/characterData.bin.mid,1488,Name,ざこ1,,,jp_only_event,low,"JP-only; art ""hatoA/hatoA"""
assets/data/characterData.bin.mid,1488,HumanDescription,にんげん,,,jp_only_event,low,
assets/data/characterData.bin.mid,1488,ZombieDescription,ぞんび,,,jp_only_event,low,
assets/data/characterData.bin.mid,1489,Name,ざこ2,,,jp_only_event,low,"JP-only; art ""hatoA/hatoA"""
assets/data/characterData.bin.mid,1489,HumanDescription,にんげん,,,jp_only_event,low,
assets/data/characterData.bin.mid,1489,ZombieDescription,ぞんび,,,jp_only_event,low,
assets/data/characterData.bin.mid,1490,Name,ざこ　おたくA,,,jp_only_event,low,"JP-only; art ""otakuB/otakuB"""
assets/data/characterData.bin.mid,1490,HumanDescription,にんげん,,,jp_only_event,low,
assets/data/characterData.bin.mid,1490,ZombieDescription,ぞんび,,,jp_only_event,low,
assets/data/characterData.bin.mid,1491,Name,ざこ　おたくB,,,jp_only_event,low,"JP-only; art ""otakuC/otakuC"""
assets/data/characterData.bin.mid,1491,HumanDescription,にんげん,,,jp_only_event,low,
assets/data/characterData.bin.mid,1491,ZombieDescription,ぞんび,,,jp_only_event,low,
assets/data/characterData.bin.mid,1492,Name,ざこ　おたくC,,,jp_only_event,low,"JP-only; art ""otakuE/otakuE"""
assets/data/characterData.bin.mid,1492,HumanDescription,にんげん,,,jp_only_event,low,
assets/data/characterData.bin.mid,1492,ZombieDescription,ぞんび,,,jp_only_event,low,
assets/data/characterData.bin.mid,1493,Name,ざこ　おたくD,,,jp_only_event,low,"JP-only; art ""otakuB/omar"""
assets/data/characterData.bin.mid,1493,HumanDescription,にんげん,,,jp_only_event,low,
assets/data/characterData.bin.mid,1493,ZombieDescription,ぞんび,,,jp_only_event,low,
assets/data/characterData.bin.mid,1494,Name,ざこ　おたくE,,,jp_only_event,low,"JP-only; art ""otakuE/oldman"""
assets/data/characterData.bin.mid,1494,HumanDescription,にんげん,,,jp_only_event,low,
assets/data/characterData.bin.mid,1494,ZombieDescription,ぞんび,,,jp_only_event,low,
assets/data/characterData.bin.mid,1495,Name,ざこ　おっかけA,,,jp_only_event,low,"JP-only; art ""otakuF/otakuC"""
assets/data/characterData.bin.mid,1495,HumanDescription,にんげん,,,jp_only_event,low,
assets/data/characterData.bin.mid,1495,ZombieDescription,ぞんび,,,jp_only_event,low,
assets/data/characterData.bin.mid,1496,Name,ざこ　おっかけB,,,jp_only_event,low,"JP-only; art ""otakuF/otakuD"""
assets/data/characterData.bin.mid,1496,HumanDescription,にんげん,,,jp_only_event,low,
assets/data/characterData.bin.mid,1496,ZombieDescription,ぞんび,,,jp_only_event,low,
assets/data/characterData.bin.mid,1497,Name,ざこ　おっかけC,,,jp_only_event,low,"JP-only; art ""otakuF/teen"""
assets/data/characterData.bin.mid,1497,HumanDescription,にんげん,,,jp_only_event,low,
assets/data/characterData.bin.mid,1497,ZombieDescription,ぞんび,,,jp_only_event,low,
assets/data/characterData.bin.mid,1498,Name,ざこ　おっかけD,,,jp_only_event,low,"JP-only; art ""otakuF/teen"""
assets/data/characterData.bin.mid,1498,HumanDescription,にんげん,,,jp_only_event,low,
assets/data/characterData.bin.mid,1498,ZombieDescription,ぞんび,,,jp_only_event,low,
assets/data/characterData.bin.mid,1499,Name,ざこ　おっかけE,,,jp_only_event,low,"JP-only; art ""otakuF/teen"""
assets/data/characterData.bin.mid,1499,HumanDescription,にんげん,,,jp_only_event,low,
assets/data/characterData.bin.mid,1499,ZombieDescription,ぞんび,,,jp_only_event,low,
assets/data/characterData.bin.mid,1500,Name,西部のハト,,,jp_only_event,low,"JP-only; art ""hatoK/hatoK"""
assets/data/characterData.bin.mid,1500,HumanDescription,昼になると上司が職場で豆をまく。,,,jp_only_event,low,
assets/data/characterData.bin.mid,1500,ZombieDescription,夜になると上司が悲しそうに職場の豆を拾い集める。,,,jp_only_event,low,
assets/data/characterData.bin.mid,1501,Name,荒野の白い悪魔,,,jp_only_event,low,"JP-only; art ""hatoL/hatoL"""
assets/data/characterData.bin.mid,1501,HumanDescription,毎朝フンをするために立ち寄ってるコンビニ店員に命名される。,,,jp_only_event,low,
assets/data/characterData.bin.mid,1501,ZombieDescription,エッチな本を堂々と表向きでレジに置き、女店員に恐れられる。,,,jp_only_event,low,
assets/data/characterData.bin.mid,1502,Name,ゴールドハトラッシュ,,,jp_only_event,low,"JP-only; art ""hatoM/hatoM"""
assets/data/characterData.bin.mid,1502,HumanDescription,ゴールドラッシュされた話ってもうしたっけ？,,,jp_only_event,low,
assets/data/characterData.bin.mid,1502,ZombieDescription,今夜は君にゴールドラッシュってね。,,,jp_only_event,low,
assets/data/characterData.bin.mid,1503,Name,銀髪の探検家,,,jp_only_event,low,"JP-only; art ""Explorer/Explorer"""
assets/data/characterData.bin.mid,1503,HumanDescription,体を動かすとすごく体に良いことした気分になる。,,,jp_only_event,low,
assets/data/characterData.bin.mid,1503,ZombieDescription,体を動かすと体力が奪われていく気分になる。,,,jp_only_event,low,
assets/data/characterData.bin.mid,1504,Name,ハト・プリズナー,,,jp_only_event,low,"JP-only; art ""hatoN/hatoN"""
assets/data/characterData.bin.mid,1504,HumanDescription,生贄を待つだけのミートロッカーは刑務所より危険。,,,jp_only_event,low,
assets/data/characterData.bin.mid,1504,ZombieDescription,独房暮らしで、あの独自の筋トレ法を編みだす。,,,jp_only_event,low,
assets/data/characterData.bin.mid,1505,Name,ハトもどき,,,jp_only_event,low,"JP-only; art ""hatoP/hatoP"""
assets/data/characterData.bin.mid,1505,HumanDescription,希少ハト保護を呼びかける過激派環境保護団体員。,,,jp_only_event,low,
assets/data/characterData.bin.mid,1505,ZombieDescription,ハトまっしぐら！喰わずにはいられない。,,,jp_only_event,low,
assets/data/characterData.bin.mid,1506,Name,ハトもどきG,,,jp_only_event,low,"JP-only; art ""hatoS/hatoS"""
assets/data/characterData.bin.mid,1506,HumanDescription,希少ハト保護を呼びかける過激派環境保護団体員幹部。,,,jp_only_event,low,
assets/data/characterData.bin.mid,1506,ZombieDescription,ゾンビになっても幹部の地位は守り抜く。,,,jp_only_event,low,
assets/data/characterData.bin.mid,1507,Name,ざこ　大統領,,,jp_only_event,low,"JP-only; art ""hatoA/hatoA"""
assets/data/characterData.bin.mid,1507,HumanDescription,にんげん,,,jp_only_event,low,
assets/data/characterData.bin.mid,1507,ZombieDescription,ぞんび,,,jp_only_event,low,
assets/data/characterData.bin.mid,1508,Name,ざこ　どう,,,jp_only_event,low,"JP-only; art ""hatoA/hatoA"""
assets/data/characterData.bin.mid,1508,HumanDescription,にんげん,,,jp_only_event,low,
assets/data/characterData.bin.mid,1508,ZombieDescription,ぞんび,,,jp_only_event,low,
assets/data/characterData.bin.mid,1509,Name,ざこ　ぎん,,,jp_only_event,low,"JP-only; art ""hatoA/hatoA"""
assets/data/characterData.bin.mid,1509,HumanDescription,にんげん,,,jp_only_event,low,
assets/data/characterData.bin.mid,1509,ZombieDescription,ぞんび,,,jp_only_event,low,
assets/data/characterData.bin.mid,1510,Name,四天王,,,jp_only_event,low,"JP-only; art ""sarukaniA/sarukaniA"""
assets/data/characterData.bin.mid,1510,HumanDescription,猿を酷使することが何よりも好きな3匹。,,,jp_only_event,low,
assets/data/characterData.bin.mid,1510,ZombieDescription,蟹殺しの猿！脱穀の臼！そこらへんの蜂！秋の味覚！,,,jp_only_event,low,
assets/data/characterData.bin.mid,1511,Name,かにがーる,,,jp_only_event,low,"JP-only; art ""sarukaniB/sarukaniB"""
assets/data/characterData.bin.mid,1511,HumanDescription,蟹に、蟹に育てられたことあるんよ。2年間ほどね。,,,jp_only_event,low,
assets/data/characterData.bin.mid,1511,ZombieDescription,それっきり蟹にはまっている。,,,jp_only_event,low,
assets/data/characterData.bin.mid,1512,Name,妖怪ろくろさん,,,jp_only_event,low,"JP-only; art ""YoukaiG/YoukaiG"""
assets/data/characterData.bin.mid,1512,HumanDescription,初対面の人から首をじっと見られます。,,,jp_only_event,low,
assets/data/characterData.bin.mid,1512,ZombieDescription,初対面でなくても、数回会えば必ず首をじっと見られます。,,,jp_only_event,low,
assets/data/characterData.bin.mid,1513,Name,妖怪わらし,,,jp_only_event,low,"JP-only; art ""YoukaiH/YoukaiH"""
assets/data/characterData.bin.mid,1513,HumanDescription,味噌汁にはナメコと納豆を入れてください。,,,jp_only_event,low,
assets/data/characterData.bin.mid,1513,ZombieDescription,味噌がはいってないぞ？ミ・ソ・が！,,,jp_only_event,low,
assets/data/characterData.bin.mid,1514,Name,妖怪しゃりん,,,jp_only_event,low,"JP-only; art ""YoukaiN/YoukaiN"""
assets/data/characterData.bin.mid,1514,HumanDescription,土曜日は大工にカンナ掛けをさせるおしゃれさん。,,,jp_only_event,low,
assets/data/characterData.bin.mid,1514,ZombieDescription,日曜日は大工の鮮血で赤く染めるおしゃれさん。,,,jp_only_event,low,
assets/data/characterData.bin.mid,1515,Name,妖怪ちょうちん,,,jp_only_event,low,"JP-only; art ""YoukaiO/YoukaiO"""
assets/data/characterData.bin.mid,1515,HumanDescription,巷で話題のLEDに憧れる。,,,jp_only_event,low,
assets/data/characterData.bin.mid,1515,ZombieDescription,★☆☆☆☆　今日LED電球が届きました。咥えても光りませんが欠陥でしょうか？,,,jp_only_event,low,
assets/data/characterData.bin.mid,1516,Name,ざこ　ドラキュラ,,,jp_only_event,low,"JP-only; art ""FFEI/FFEI"""
assets/data/characterData.bin.mid,1516,HumanDescription,にんげん,,,jp_only_event,low,
assets/data/characterData.bin.mid,1516,ZombieDescription,ぞんび,,,jp_only_event,low,
assets/data/characterData.bin.mid,1517,Name,ざこ　オオカミ男,,,jp_only_event,low,"JP-only; art ""FFEJ/FFEJ"""
assets/data/characterData.bin.mid,1517,HumanDescription,にんげん,,,jp_only_event,low,
assets/data/characterData.bin.mid,1517,ZombieDescription,ぞんび,,,jp_only_event,low,
assets/data/characterData.bin.mid,1518,Name,ざこ　木,,,jp_only_event,low,"JP-only; art ""FFEF/FFEF"""
assets/data/characterData.bin.mid,1518,HumanDescription,にんげん,,,jp_only_event,low,
assets/data/characterData.bin.mid,1518,ZombieDescription,ぞんび,,,jp_only_event,low,
assets/data/characterData.bin.mid,1519,Name,ざこ　いのぶた,,,jp_only_event,low,"JP-only; art ""FFEE/FFEE"""
assets/data/characterData.bin.mid,1519,HumanDescription,にんげん,,,jp_only_event,low,
assets/data/characterData.bin.mid,1519,ZombieDescription,ぞんび,,,jp_only_event,low,
assets/data/characterData.bin.mid,1520,Name,ざこ　カッパ,,,jp_only_event,low,"JP-only; art ""hatoA/hatoA"""
assets/data/characterData.bin.mid,1520,HumanDescription,にんげん,,,jp_only_event,low,
assets/data/characterData.bin.mid,1520,ZombieDescription,ぞんび,,,jp_only_event,low,
assets/data/characterData.bin.mid,1521,Name,ざこ　提灯,,,jp_only_event,low,"JP-only; art ""hatoA/hatoA"""
assets/data/characterData.bin.mid,1521,HumanDescription,にんげん,,,jp_only_event,low,
assets/data/characterData.bin.mid,1521,ZombieDescription,ぞんび,,,jp_only_event,low,
assets/data/characterData.bin.mid,1522,Name,ざこ　提灯,,,jp_only_event,low,"JP-only; art ""hatoA/hatoA"""
assets/data/characterData.bin.mid,1522,HumanDescription,にんげん,,,jp_only_event,low,
assets/data/characterData.bin.mid,1522,ZombieDescription,ぞんび,,,jp_only_event,low,
assets/data/characterData.bin.mid,1523,Name,覆面奉行,,,jp_only_event,low,"JP-only; art ""bugyouB/bugyouB"""
assets/data/characterData.bin.mid,1523,HumanDescription,お忍びで町に目を光らせる覆面奉行。,,,jp_only_event,low,
assets/data/characterData.bin.mid,1523,ZombieDescription,あまりのあやしさに、市中引き回しの上カフェ流しにあう。,,,jp_only_event,low,
assets/data/characterData.bin.mid,1524,Name,うっかり同心,,,jp_only_event,low,"JP-only; art ""bugyouA/bugyouA"""
assets/data/characterData.bin.mid,1524,HumanDescription,うっかり殿の浮気をバラすイケメン。,,,jp_only_event,low,
assets/data/characterData.bin.mid,1524,ZombieDescription,うっかり殿の脳みそを食すイケメン。,,,jp_only_event,low,
assets/data/characterData.bin.mid,1525,Name,でっちぼうや,,,jp_only_event,low,"JP-only; art ""bugyouE/bugyouE"""
assets/data/characterData.bin.mid,1525,HumanDescription,使いっぱしりのエキスパート。ここ最近は飯さえもらえない。,,,jp_only_event,low,
assets/data/characterData.bin.mid,1525,ZombieDescription,どりゅりゅりゅりゅうううう、番頭さんごちそうさま。,,,jp_only_event,low,
assets/data/characterData.bin.mid,1526,Name,夢見る猫娘,,,jp_only_event,low,"JP-only; art ""VHI/VH2A"""
assets/data/characterData.bin.mid,1526,HumanDescription,えっ？もうオシマイ？なぁんだ、つまんない～,,,jp_only_event,low,
assets/data/characterData.bin.mid,1526,ZombieDescription,あたし素早いでしょ？ だってダンサーだもん！！,,,jp_only_event,low,
assets/data/characterData.bin.mid,1527,Name,アナカリス,,,jp_only_event,low,"JP-only; art ""VH2B/VH2B"""
assets/data/characterData.bin.mid,1527,HumanDescription,我は王　我は神　我は最強　我は無敵,,,jp_only_event,low,
assets/data/characterData.bin.mid,1527,ZombieDescription,邪邪邪　覇覇覇　滅滅滅　殺殺殺,,,jp_only_event,low,
assets/data/characterData.bin.mid,1528,Name,霊幻少女,,,jp_only_event,low,"JP-only; art ""VH2C/VH2C"""
assets/data/characterData.bin.mid,1528,HumanDescription,ま、中国といえば、とりあえず４０００年だから。,,,jp_only_event,low,
assets/data/characterData.bin.mid,1528,ZombieDescription,ヤッターってのもナンだし～キャハハってのもアレだし～,,,jp_only_event,low,
assets/data/characterData.bin.mid,1529,Name,フォボス,,,jp_only_event,low,"JP-only; art ""VH2D/VH2D"""
assets/data/characterData.bin.mid,1529,HumanDescription,システム正常作動。プログラム続行。,,,jp_only_event,low,
assets/data/characterData.bin.mid,1529,ZombieDescription,ケイコクスル。タダチニコノ場ヲ立チ去レ。サモナクバ消去スル！,,,jp_only_event,low,
assets/data/characterData.bin.mid,1530,Name,オルバス,,,jp_only_event,low,"JP-only; art ""VH2E/VH2E"""
assets/data/characterData.bin.mid,1530,HumanDescription,ゾンビカフェにはこの程度の相手しかいないのか。意外とつまらんな。,,,jp_only_event,low,
assets/data/characterData.bin.mid,1530,ZombieDescription,参考までに教えておこう。もしカフェでなく水中ならおまえなどコマ切れにしていた。,,,jp_only_event,low,
assets/data/characterData.bin.mid,1531,Name,ダークガロン,,,jp_only_event,low,"JP-only; art ""VH2F/VH2F"""
assets/data/characterData.bin.mid,1531,HumanDescription,魔次元が生み出した、人間の姿に戻れなくなったもうひとりのガロンの姿…,,,jp_only_event,low,
assets/data/characterData.bin.mid,1531,ZombieDescription,ガロンの持つ「内なる獣の本性」を具現化した姿…,,,jp_only_event,low,
assets/data/characterData.bin.mid,1532,Name,パイロンゾンビ,,,jp_only_event,low,"JP-only; art ""VH2G/VH2G"""
assets/data/characterData.bin.mid,1532,HumanDescription,長い間生きていると、こんなヒマつぶしでもなくてはな。,,,jp_only_event,low,
assets/data/characterData.bin.mid,1532,ZombieDescription,ようこそ、そしてさらばだ！,,,jp_only_event,low,
assets/data/characterData.bin.mid,1533,Name,ジェダゾンビ,,,jp_only_event,low,"JP-only; art ""VH2H/VH2H"""
assets/data/characterData.bin.mid,1533,HumanDescription,ところで君は知っているかね？真理にそむく愚者の哀れな末路を。,,,jp_only_event,low,
assets/data/characterData.bin.mid,1533,ZombieDescription,「死」によってのみ救済される命。矛盾ではない、腹が減った。,,,jp_only_event,low,
assets/data/characterData.bin.mid,1534,Name,モリガンゾンビ,,,jp_only_event,low,"JP-only; art ""VH2I/VH2I"""
assets/data/characterData.bin.mid,1534,HumanDescription,奪ってあげる……あなたの全てを。,,,jp_only_event,low,
assets/data/characterData.bin.mid,1534,ZombieDescription,ああ……イイわ…あなたの脳みそを頂戴…,,,jp_only_event,low,
assets/data/characterData.bin.mid,1535,Name,フェリシアゾンビ,,,jp_only_event,low,"JP-only; art ""VH2J/VH2J"""
assets/data/characterData.bin.mid,1535,HumanDescription,踊ってよー！そんなんじゃ全然足りないよー！,,,jp_only_event,low,
assets/data/characterData.bin.mid,1535,ZombieDescription,どっちかってゆーと…ゾンビってアタシたちの仲間かも！,,,jp_only_event,low,
assets/data/characterData.bin.mid,1536,Name,リリスシェフ,,,jp_only_event,low,"JP-only; art ""VH2K/VH2K"""
assets/data/characterData.bin.mid,1536,HumanDescription,あなたの血…キラキラして、とってもキレイね。,,,jp_only_event,low,
assets/data/characterData.bin.mid,1536,ZombieDescription,あなたの血…キラキラして、とってもキレイね。,,,jp_only_event,low,
assets/data/characterData.bin.mid,1537,Name,アイドルマイスター,,,jp_only_event,low,"JP-only; art ""idolA/idolA"""
assets/data/characterData.bin.mid,1537,HumanDescription,握手会をさぼってカフェで一杯。,,,jp_only_event,low,
assets/data/characterData.bin.mid,1537,ZombieDescription,握手会に舞い戻り、客は恐怖の渦に包まれた。,,,jp_only_event,low,
assets/data/characterData.bin.mid,1538,Name,ベテラン風アイドル,,,jp_only_event,low,"JP-only; art ""idolB/idolB"""
assets/data/characterData.bin.mid,1538,HumanDescription,歌唱中口パクさえしないが常にカメラ目線。,,,jp_only_event,low,
assets/data/characterData.bin.mid,1538,ZombieDescription,血まみれでもカメラ目線は欠かさない。,,,jp_only_event,low,
assets/data/characterData.bin.mid,1539,Name,アイドル声優,,,jp_only_event,low,"JP-only; art ""idolC/idolC"""
assets/data/characterData.bin.mid,1539,HumanDescription,アイドル声優となってカフェに凱旋中。,,,jp_only_event,low,
assets/data/characterData.bin.mid,1539,ZombieDescription,7色のうめき声を持つゾンビとして喝采を浴びる。,,,jp_only_event,low,
assets/data/characterData.bin.mid,1540,Name,上京アイドル,,,jp_only_event,low,"JP-only; art ""CustomerA/idolD"""
assets/data/characterData.bin.mid,1540,HumanDescription,アイドル目指してカフェでバイト中。,,,jp_only_event,low,
assets/data/characterData.bin.mid,1540,ZombieDescription,意外といい声を出すゾンビとして注目を浴びる。,,,jp_only_event,low,
assets/data/characterData.bin.mid,1541,Name,電気街の男,,,jp_only_event,low,"JP-only; art ""otakuA/otakuA"""
assets/data/characterData.bin.mid,1541,HumanDescription,袋の中は著作権侵害であふれてる。,,,jp_only_event,low,
assets/data/characterData.bin.mid,1541,ZombieDescription,袋の中は逮捕の決め手にあふれてる。,,,jp_only_event,low,
assets/data/characterData.bin.mid,1542,Name,アイドル志望,,,jp_only_event,low,"JP-only; art ""CustomerA/idolE"""
assets/data/characterData.bin.mid,1542,HumanDescription,芸能事務所にスカウトされにカフェ界隈を徘徊中。,,,jp_only_event,low,
assets/data/characterData.bin.mid,1542,ZombieDescription,人生初のスカウト（感染）にまんざらでもない。,,,jp_only_event,low,
assets/data/characterData.bin.mid,1543,Name,ぽせいどん,,,jp_only_event,low,"JP-only; art ""PoseidonA/PoseidonA"""
assets/data/characterData.bin.mid,1543,HumanDescription,地上に降りると「海の臭いがする」と一斉にツイートされる。,,,jp_only_event,low,
assets/data/characterData.bin.mid,1543,ZombieDescription,地上に降りると「すっげえ海臭い」と一斉にツイートされる。,,,jp_only_event,low,
assets/data/characterData.bin.mid,1544,Name,ウンディーネ,,,jp_only_event,low,"JP-only; art ""PoseidonB/PoseidonB"""
assets/data/characterData.bin.mid,1544,HumanDescription,たこさん背負ってお出かけだ♪,,,jp_only_event,low,
assets/data/characterData.bin.mid,1544,ZombieDescription,たこさん背中は任せたよ！,,,jp_only_event,low,
assets/data/characterData.bin.mid,1545,Name,海の異端児,,,jp_only_event,low,"JP-only; art ""seaD/fishmanE"""
assets/data/characterData.bin.mid,1545,HumanDescription,いつまでも鮮魚でありたいと思う。,,,jp_only_event,low,
assets/data/characterData.bin.mid,1545,ZombieDescription,自ら活け締めし鮮度を保っている。,,,jp_only_event,low,
assets/data/characterData.bin.mid,1546,Name,ウリエル,,,jp_only_event,low,"JP-only; art ""angelM/angelM"""
assets/data/characterData.bin.mid,1546,HumanDescription,地上の文化を視察しにカフェに来店。,,,jp_only_event,low,
assets/data/characterData.bin.mid,1546,ZombieDescription,報告も忘れて脳みそをもとめ徘徊中。,,,jp_only_event,low,
assets/data/characterData.bin.mid,1547,Name,キングオブツリー,,,jp_only_event,low,"JP-only; art ""FFEL/FFEL"""
assets/data/characterData.bin.mid,1547,HumanDescription,火をつけるとよく燃えるのが悩み。,,,jp_only_event,low,
assets/data/characterData.bin.mid,1547,ZombieDescription,燃やさない代わりにディスプレイとして装飾される。,,,jp_only_event,low,
assets/data/characterData.bin.mid,1548,Name,サンタインビジボー,,,jp_only_event,low,"JP-only; art ""InvisibleD/InvisibleD"""
assets/data/characterData.bin.mid,1548,HumanDescription,サンタはいないんじゃない、見えないのだよ。,,,jp_only_event,low,
assets/data/characterData.bin.mid,1548,ZombieDescription,サンタはね見てるよ、君のことをじっくりと。,,,jp_only_event,low,
assets/data/characterData.bin.mid,1549,Name,いねむりサンタ,,,jp_only_event,low,"JP-only; art ""Sleeping_princessC/Sleeping_princessC"""
assets/data/characterData.bin.mid,1549,HumanDescription,サンタのコネでサンタになる。,,,jp_only_event,low,
assets/data/characterData.bin.mid,1549,ZombieDescription,寝るのが忙しくゾンビも務まらない。,,,jp_only_event,low,
assets/data/characterData.bin.mid,1550,Name,フルフル,,,jp_only_event,low,"JP-only; art ""animal2_A/animal2_A"""
assets/data/characterData.bin.mid,1550,HumanDescription,元悪魔。カフェに来店しとりあえずビール。,,,jp_only_event,low,
assets/data/characterData.bin.mid,1550,ZombieDescription,元悪魔。カフェに来店しとりあえず脳みそ。,,,jp_only_event,low,
assets/data/characterData.bin.mid,1551,Name,サイコディア―,,,jp_only_event,low,"JP-only; art ""clown/costume_I"""
assets/data/characterData.bin.mid,1551,HumanDescription,煎餅販売促進に一役買う。,,,jp_only_event,low,
assets/data/characterData.bin.mid,1551,ZombieDescription,煎餅の味がわかるようになった。,,,jp_only_event,low,
assets/data/characterData.bin.mid,1552,Name,すさのお,,,jp_only_event,low,"JP-only; art ""japanC/japanC"""
assets/data/characterData.bin.mid,1552,HumanDescription,日の本の神。母ちゃん求めて旅に出る。,,,jp_only_event,low,
assets/data/characterData.bin.mid,1552,ZombieDescription,母ちゃん求めてすこぶる荒ぶる。,,,jp_only_event,low,
assets/data/characterData.bin.mid,1553,Name,うずめ,,,jp_only_event,low,"JP-only; art ""japanB/japanB"""
assets/data/characterData.bin.mid,1553,HumanDescription,日の本の踊り子。踊り子なれど踊らないがモットー。,,,jp_only_event,low,
assets/data/characterData.bin.mid,1553,ZombieDescription,前頭葉が手に入った日には三日三晩踊るかも。,,,jp_only_event,low,
assets/data/characterData.bin.mid,1554,Name,あまてらす,,,jp_only_event,low,"JP-only; art ""japanA/japanA"""
assets/data/characterData.bin.mid,1554,HumanDescription,日の本の神。引きこもり癖がある。,,,jp_only_event,low,
assets/data/characterData.bin.mid,1554,ZombieDescription,1人で引きこもってる場合じゃない。,,,jp_only_event,low,
assets/data/characterData.bin.mid,1555,Name,やまたのおろち,,,jp_only_event,low,"JP-only; art ""japanD/japanD"""
assets/data/characterData.bin.mid,1555,HumanDescription,意見がまとまらないので3頭喰った。,,,jp_only_event,low,
assets/data/characterData.bin.mid,1555,ZombieDescription,お腹が減ったのでもう1頭喰おうかと思う。,,,jp_only_event,low,
assets/data/characterData.bin.mid,1556,Name,おろちさん,,,jp_only_event,low,"JP-only; art ""japanE/japanE"""
assets/data/characterData.bin.mid,1556,HumanDescription,髪が生臭いのが悩み。,,,jp_only_event,low,
assets/data/characterData.bin.mid,1556,ZombieDescription,寝るときはうつ伏せ以外許されない。,,,jp_only_event,low,
assets/data/characterData.bin.mid,1557,Name,曲芸師,,,jp_only_event,low,"JP-only; art ""animal2_B/animal2_B"""
assets/data/characterData.bin.mid,1557,HumanDescription,ボクを玉から下ろしたら大したものだ。,,,jp_only_event,low,
assets/data/characterData.bin.mid,1557,ZombieDescription,この玉こそ人類を導く玉なのだ！,,,jp_only_event,low,
assets/data/characterData.bin.mid,1558,Name,サイコモンキー,,,jp_only_event,low,"JP-only; art ""clown/costume_J"""
assets/data/characterData.bin.mid,1558,HumanDescription,ネットオークションで手に入れたマスク。,,,jp_only_event,low,
assets/data/characterData.bin.mid,1558,ZombieDescription,ちびっこに大人気で笑いが止まらない。,,,jp_only_event,low,
assets/data/characterData.bin.mid,1559,Name,インスタント老人,,,jp_only_event,low,"JP-only; art ""urasimaC/urasimaC"""
assets/data/characterData.bin.mid,1559,HumanDescription,つい先日竜宮城から帰ってきた。,,,jp_only_event,low,
assets/data/characterData.bin.mid,1559,ZombieDescription,食い物が入ってるかと玉手箱を開けた。,,,jp_only_event,low,
assets/data/characterData.bin.mid,1560,Name,海鮮盛,,,jp_only_event,low,"JP-only; art ""urasimaB/urasimaB"""
assets/data/characterData.bin.mid,1560,HumanDescription,ハイヤーを始めたカメ。,,,jp_only_event,low,
assets/data/characterData.bin.mid,1560,ZombieDescription,この魚が図鑑に載っているのが我慢ならないカメ。,,,jp_only_event,low,
assets/data/characterData.bin.mid,1561,Name,深海の乙姫,,,jp_only_event,low,"JP-only; art ""urasimaD/urasimaD"""
assets/data/characterData.bin.mid,1561,HumanDescription,下等な人類などと一緒に暮らせるか！,,,jp_only_event,low,
assets/data/characterData.bin.mid,1561,ZombieDescription,人間風情が・・・うまいじゃないか！,,,jp_only_event,low,
assets/data/characterData.bin.mid,1562,Name,昔の漁師,,,jp_only_event,low,"JP-only; art ""urasimaA/urasimaA"""
assets/data/characterData.bin.mid,1562,HumanDescription,竜宮に行く前に漁で一稼ぎ。,,,jp_only_event,low,
assets/data/characterData.bin.mid,1562,ZombieDescription,カメを餌にしていじめっ子を食い散らかす。,,,jp_only_event,low,
assets/data/characterData.bin.mid,1563,Name,忍者アカデミア女子,,,jp_only_event,low,"JP-only; art ""NinjaB/NinjaB"""
assets/data/characterData.bin.mid,1563,HumanDescription,就職率１００％とCMする忍術スクールの生徒。,,,jp_only_event,low,
assets/data/characterData.bin.mid,1563,ZombieDescription,接客術その1。素早く襲い、冷めないうちに食う。,,,jp_only_event,low,
assets/data/characterData.bin.mid,1564,Name,すっぱ先生,,,jp_only_event,low,"JP-only; art ""NinjamanB/NinjaA"""
assets/data/characterData.bin.mid,1564,HumanDescription,鋭い眼光で生徒の携帯を盗み見する。,,,jp_only_event,low,
assets/data/characterData.bin.mid,1564,ZombieDescription,鋭い手裏剣で頭の脳みそをほじりだそうとする。,,,jp_only_event,low,
assets/data/characterData.bin.mid,1565,Name,くノ一事務員,,,jp_only_event,low,"JP-only; art ""Ninjawoman/Ninjawoman"""
assets/data/characterData.bin.mid,1565,HumanDescription,日中は目立つ。,,,jp_only_event,low,
assets/data/characterData.bin.mid,1565,ZombieDescription,夜も目立つ。,,,jp_only_event,low,
assets/data/characterData.bin.mid,1566,Name,すてごま先兵,,,jp_only_event,low,"JP-only; art ""militaryD/heroC"""
assets/data/characterData.bin.mid,1566,HumanDescription,カフェの偵察のため派遣された。,,,jp_only_event,low,
assets/data/characterData.bin.mid,1566,ZombieDescription,見事カフェの一員として潜り込めたが連絡する気がおきない。,,,jp_only_event,low,
assets/data/characterData.bin.mid,1567,Name,ベテラン傭兵,,,jp_only_event,low,"JP-only; art ""militaryD/militaryH"""
assets/data/characterData.bin.mid,1567,HumanDescription,金の為なら何でもする雇われ兵。,,,jp_only_event,low,
assets/data/characterData.bin.mid,1567,ZombieDescription,無給で働く喜びを覚えた。,,,jp_only_event,low,
assets/data/characterData.bin.mid,1568,Name,忍者学院女子,,,jp_only_event,low,"JP-only; art ""NinjaC/NinjaC"""
assets/data/characterData.bin.mid,1568,HumanDescription,就職率１００％と、うそぶく忍者スクールのカモ。,,,jp_only_event,low,
assets/data/characterData.bin.mid,1568,ZombieDescription,卒業後、学校推薦のカフェに就職。,,,jp_only_event,low,
assets/data/characterData.bin.mid,1569,Name,けが忍,,,jp_only_event,low,"JP-only; art ""NinjaD/NinjaD"""
assets/data/characterData.bin.mid,1569,HumanDescription,負傷者に扮して心配されるのが好きにんにん。,,,jp_only_event,low,
assets/data/characterData.bin.mid,1569,ZombieDescription,包帯に寄せ書きしてほしいにんにん。,,,jp_only_event,low,
assets/data/characterData.bin.mid,1570,Name,Mr.サスケ先生,,,jp_only_event,low,"JP-only; art ""NinjaE/NinjaE"""
assets/data/characterData.bin.mid,1570,HumanDescription,そんな成績で完全制覇できると思うなよ。,,,jp_only_event,low,
assets/data/characterData.bin.mid,1570,ZombieDescription,サスケには敬意を払わなくてはだめだ。,,,jp_only_event,low,
assets/data/characterData.bin.mid,1571,Name,入浴者,,,jp_only_event,low,"JP-only; art ""bath/bath"""
assets/data/characterData.bin.mid,1571,HumanDescription,風呂上りの一杯を飲みに来店。,,,jp_only_event,low,
assets/data/characterData.bin.mid,1571,ZombieDescription,メ・メ・メ・メ・メ・メェーーーー,,,jp_only_event,low,
assets/data/characterData.bin.mid,1572,Name,貧乏神,,,jp_only_event,low,"JP-only; art ""binbou/binbou"""
assets/data/characterData.bin.mid,1572,HumanDescription,貧乏を生業とした神。,,,jp_only_event,low,
assets/data/characterData.bin.mid,1572,ZombieDescription,趣味は連帯保証人。,,,jp_only_event,low,
assets/data/characterData.bin.mid,1573,Name,厄病神,,,jp_only_event,low,"JP-only; art ""reaper2D/reaper2D"""
assets/data/characterData.bin.mid,1573,HumanDescription,疫病をもたらす神。,,,jp_only_event,low,
assets/data/characterData.bin.mid,1573,ZombieDescription,好きな疫病はペスト。,,,jp_only_event,low,
assets/data/characterData.bin.mid,1574,Name,リリン,,,jp_only_event,low,"JP-only; art ""SummonsA/SummonsA"""
assets/data/characterData.bin.mid,1574,HumanDescription,カフェ店員としてエネルギッシュに召喚される。,,,jp_only_event,low,
assets/data/characterData.bin.mid,1574,ZombieDescription,ゾンビを夢精させることで頭が一杯。,,,jp_only_event,low,
assets/data/characterData.bin.mid,1575,Name,悪魔召喚,,,jp_only_event,low,"JP-only; art ""SummonsB/SummonsB"""
assets/data/characterData.bin.mid,1575,HumanDescription,カフェ店員としてゆるい感じに召喚される。,,,jp_only_event,low,
assets/data/characterData.bin.mid,1575,ZombieDescription,何もかも忘れて、汗して働いた後の脳を楽しむ悪魔。,,,jp_only_event,low,
assets/data/characterData.bin.mid,1576,Name,シンデレラ,,,jp_only_event,low,"JP-only; art ""CinderellaA/CinderellaA"""
assets/data/characterData.bin.mid,1576,HumanDescription,いいえ、怒ってなんていないわお継母さん。ゆっくりしていってね。,,,jp_only_event,low,
assets/data/characterData.bin.mid,1576,ZombieDescription,お腹がすいた。今日はこの継母でディナーにしましょう！,,,jp_only_event,low,
assets/data/characterData.bin.mid,1577,Name,灰かぶり姫,,,jp_only_event,low,"JP-only; art ""CinderellaB/CinderellaB"""
assets/data/characterData.bin.mid,1577,HumanDescription,継母は不細工で性格悪いがきっとテクニシャンだったのね。,,,jp_only_event,low,
assets/data/characterData.bin.mid,1577,ZombieDescription,ゾンビで腐敗が激しいがテクニシャンになれば大丈夫、夢はかなうわ。,,,jp_only_event,low,
assets/data/characterData.bin.mid,1578,Name,くつ王子,,,jp_only_event,low,"JP-only; art ""CinderellaG/CinderellaG"""
assets/data/characterData.bin.mid,1578,HumanDescription,この靴を履ける御嬢さんを探しに来店。,,,jp_only_event,low,
assets/data/characterData.bin.mid,1578,ZombieDescription,履けるといってもブスは勘弁と片っ端に食い散らかしたとさ。,,,jp_only_event,low,
assets/data/characterData.bin.mid,1579,Name,ネズミ車,,,jp_only_event,low,"JP-only; art ""CinderellaH/CinderellaH"""
assets/data/characterData.bin.mid,1579,HumanDescription,衛生的に非常によろしくないカボチャ。,,,jp_only_event,low,
assets/data/characterData.bin.mid,1579,ZombieDescription,衛生的に非常によろしくない店員。,,,jp_only_event,low,
assets/data/characterData.bin.mid,1580,Name,ハトレスラー,,,jp_only_event,low,"JP-only; art ""hatoT/hatoT"""
assets/data/characterData.bin.mid,1580,HumanDescription,ハトじゃねーよ。,,,jp_only_event,low,
assets/data/characterData.bin.mid,1580,ZombieDescription,ハトじゃねーって。,,,jp_only_event,low,
assets/data/characterData.bin.mid,1581,Name,マスク・ド・チキン,,,jp_only_event,low,"JP-only; art ""hatoU/hatoU"""
assets/data/characterData.bin.mid,1581,HumanDescription,ジャーマンスープレックス？痛くないよ、プロレスラーだからね。,,,jp_only_event,low,
assets/data/characterData.bin.mid,1581,ZombieDescription,アルゼンチン・バックブリーカー？痛くないよ、プロレスだよ？,,,jp_only_event,low,
assets/data/characterData.bin.mid,1582,Name,灰かぶりシェフ,,,jp_only_event,low,"JP-only; art ""CinderellaI/CinderellaI"""
assets/data/characterData.bin.mid,1582,HumanDescription,働く私って美しいわ。,,,jp_only_event,low,
assets/data/characterData.bin.mid,1582,ZombieDescription,働く私って美しいわ。,,,jp_only_event,low,
assets/data/characterData.bin.mid,1583,Name,シーウィード,,,jp_only_event,low,"JP-only; art ""PlantH/PlantH"""
assets/data/characterData.bin.mid,1583,HumanDescription,汁椀に張り付いたワカメから生まれた、いまどきな妖精。,,,jp_only_event,low,
assets/data/characterData.bin.mid,1583,ZombieDescription,ワカメかっこいい。いじめかっこわるい。,,,jp_only_event,low,
assets/data/characterData.bin.mid,1584,Name,妖精ニート,,,jp_only_event,low,"JP-only; art ""PlantI/PlantI"""
assets/data/characterData.bin.mid,1584,HumanDescription,俺は孤立している、あえてね。,,,jp_only_event,low,
assets/data/characterData.bin.mid,1584,ZombieDescription,俺はどうしたって周りを傷つける、罪な男だ。,,,jp_only_event,low,
assets/data/characterData.bin.mid,1585,Name,ゴスッ娘,,,jp_only_event,low,"JP-only; art ""gosuA/gosuA"""
assets/data/characterData.bin.mid,1585,HumanDescription,目玉焼きには醤油派。,,,jp_only_event,low,
assets/data/characterData.bin.mid,1585,ZombieDescription,脳みそにはソース派。,,,jp_only_event,low,
assets/data/characterData.bin.mid,1586,Name,ゴスッ犬,,,jp_only_event,low,"JP-only; art ""gosuB/gosuB"""
assets/data/characterData.bin.mid,1586,HumanDescription,わんわんわん！,,,jp_only_event,low,
assets/data/characterData.bin.mid,1586,ZombieDescription,走るのは犬より速いと近所で有名。,,,jp_only_event,low,
assets/data/characterData.bin.mid,1587,Name,ZEUS,,,jp_only_event,low,"JP-only; art ""God2A/God2A"""
assets/data/characterData.bin.mid,1587,HumanDescription,カチンと来たらすぐコロス。,,,jp_only_event,low,
assets/data/characterData.bin.mid,1587,ZombieDescription,コロスといっても神話ですけどね。,,,jp_only_event,low,
assets/data/characterData.bin.mid,1588,Name,ヘーラクレース,,,jp_only_event,low,"JP-only; art ""God2B/God2B"""
assets/data/characterData.bin.mid,1588,HumanDescription,半神半人。下半身が神っぽい。,,,jp_only_event,low,
assets/data/characterData.bin.mid,1588,ZombieDescription,ゾンビになっても下半身は神だと言い張る。,,,jp_only_event,low,
assets/data/characterData.bin.mid,1589,Name,ヘラクレチュ,,,jp_only_event,low,"JP-only; art ""God2C/God2C"""
assets/data/characterData.bin.mid,1589,HumanDescription,半神半人。下半身が神っぽい。,,,jp_only_event,low,
assets/data/characterData.bin.mid,1589,ZombieDescription,下半身は神じゃないかと子供ながら感づく。,,,jp_only_event,low,
assets/data/characterData.bin.mid,1590,Name,あぽろん,,,jp_only_event,low,"JP-only; art ""God2D/God2D"""
assets/data/characterData.bin.mid,1590,HumanDescription,光り輝くZEUSの息子。,,,jp_only_event,low,
assets/data/characterData.bin.mid,1590,ZombieDescription,夜道で光りすぎて昆虫が殺到。,,,jp_only_event,low,
assets/data/characterData.bin.mid,1591,Name,ヘラ,,,jp_only_event,low,"JP-only; art ""God2E/God2E"""
assets/data/characterData.bin.mid,1591,HumanDescription,母乳で天の川を作ったご婦人。,,,jp_only_event,low,
assets/data/characterData.bin.mid,1591,ZombieDescription,天の川作ったっていっても神話ですけどね。,,,jp_only_event,low,
assets/data/characterData.bin.mid,1592,Name,ネクロマンサー,,,jp_only_event,low,"JP-only; art ""necromancer/necromancer"""
assets/data/characterData.bin.mid,1592,HumanDescription,死体からゾンビを生み出すプロ。あいつも一目置く存在。,,,jp_only_event,low,
assets/data/characterData.bin.mid,1592,ZombieDescription,あいつって誰だ、喰うゾ。,,,jp_only_event,low,
assets/data/characterData.bin.mid,1593,Name,ルサンチマン,,,jp_only_event,low,"JP-only; art ""hatoV/hatoV"""
assets/data/characterData.bin.mid,1593,HumanDescription,鮮度抜群のハトの屍に活きのいい霊魂を注入。,,,jp_only_event,low,
assets/data/characterData.bin.mid,1593,ZombieDescription,所詮ハト、されどハト、たかがハト。,,,jp_only_event,low,
assets/data/characterData.bin.mid,1594,Name,西の白虎,,,jp_only_event,low,"JP-only; art ""sisinA/sisinA"""
assets/data/characterData.bin.mid,1594,HumanDescription,ぐるるるる,,,jp_only_event,low,
assets/data/characterData.bin.mid,1594,ZombieDescription,好物はみんなが食べ残した骨。,,,jp_only_event,low,
assets/data/characterData.bin.mid,1595,Name,北の玄武,,,jp_only_event,low,"JP-only; art ""sisinB/sisinB"""
assets/data/characterData.bin.mid,1595,HumanDescription,のっそのっそ,,,jp_only_event,low,
assets/data/characterData.bin.mid,1595,ZombieDescription,カメのように舞い、蛇のように刺す。そしてミミズを喰う。,,,jp_only_event,low,
assets/data/characterData.bin.mid,1596,Name,南の朱雀,,,jp_only_event,low,"JP-only; art ""sisinC/sisinC"""
assets/data/characterData.bin.mid,1596,HumanDescription,ばっさばっさ,,,jp_only_event,low,
assets/data/characterData.bin.mid,1596,ZombieDescription,腐ってもきれいな鳥類。,,,jp_only_event,low,
assets/data/characterData.bin.mid,1597,Name,東の青龍,,,jp_only_event,low,"JP-only; art ""sisinD/sisinD"""
assets/data/characterData.bin.mid,1597,HumanDescription,ずどろろろろ,,,jp_only_event,low,
assets/data/characterData.bin.mid,1597,ZombieDescription,カフェで体を張った栓抜き芸を披露。,,,jp_only_event,low,
assets/data/characterData.bin.mid,1598,Name,黄竜,,,jp_only_event,low,"JP-only; art ""sisinE/sisinE"""
assets/data/characterData.bin.mid,1598,HumanDescription,何見てんの？ハンバーグの仲間にしてやろうか？,,,jp_only_event,low,
assets/data/characterData.bin.mid,1598,ZombieDescription,おまえ可愛いなぁ、だれか醤油持ってきてくれ。,,,jp_only_event,low,
assets/data/characterData.bin.mid,1599,Name,オートマトン,,,jp_only_event,low,"JP-only; art ""robo2A/robo2A"""
assets/data/characterData.bin.mid,1599,HumanDescription,オハヨウゴザイマス・今日・事故ニ合ウ・確率ハ・1万分ノ1デス。,,,jp_only_event,low,
assets/data/characterData.bin.mid,1599,ZombieDescription,ギ・・・・ギギギィギィ！チョット・クワセロ！,,,jp_only_event,low,
assets/data/characterData.bin.mid,1600,Name,ガイノイド,,,jp_only_event,low,"JP-only; art ""robo2B/robo2B"""
assets/data/characterData.bin.mid,1600,HumanDescription,充電は原子力産が好み。火力産はちょっと辛い。,,,jp_only_event,low,
assets/data/characterData.bin.mid,1600,ZombieDescription,脳みそは熟年が好み。若い子はちょっと甘い。,,,jp_only_event,low,
assets/data/characterData.bin.mid,1601,Name,箱ロイド,,,jp_only_event,low,"JP-only; art ""robo2C/robo2C"""
assets/data/characterData.bin.mid,1601,HumanDescription,イラッシャイ・マセ♪,,,jp_only_event,low,
assets/data/characterData.bin.mid,1601,ZombieDescription,オトトイ・キヤガレ♪,,,jp_only_event,low,
assets/data/characterData.bin.mid,1602,Name,キャプテン箱ロイド,,,jp_only_event,low,"JP-only; art ""robo2D/robo2D"""
assets/data/characterData.bin.mid,1602,HumanDescription,ハ・ヲ・クイシバレ！,,,jp_only_event,low,
assets/data/characterData.bin.mid,1602,ZombieDescription,オマエ・リブート・コイ！,,,jp_only_event,low,
assets/data/characterData.bin.mid,1603,Name,ロボト,,,jp_only_event,low,"JP-only; art ""robo2E/robo2E"""
assets/data/characterData.bin.mid,1603,HumanDescription,ティッシュ配りからSEまでこなすナイスなロボ。,,,jp_only_event,low,
assets/data/characterData.bin.mid,1603,ZombieDescription,調理から襲撃までこなすナイスなロボ。,,,jp_only_event,low,
assets/data/characterData.bin.mid,1604,Name,幸村さん,,,jp_only_event,low,"JP-only; art ""BushiA/BushiA"""
assets/data/characterData.bin.mid,1604,HumanDescription,この六文銭は三途の川の渡し賃だ！といってもこの銭は偽物じゃい！,,,jp_only_event,low,
assets/data/characterData.bin.mid,1604,ZombieDescription,三途の川が渡れずゾンビを満喫中。,,,jp_only_event,low,
assets/data/characterData.bin.mid,1605,Name,昌幸さん,,,jp_only_event,low,"JP-only; art ""BushiB/BushiB"""
assets/data/characterData.bin.mid,1605,HumanDescription,家康さんも恐れた智将。,,,jp_only_event,low,
assets/data/characterData.bin.mid,1605,ZombieDescription,死んでも家康を脅かす畜生。,,,jp_only_event,low,
assets/data/characterData.bin.mid,1606,Name,大うつけ,,,jp_only_event,low,"JP-only; art ""BushiD/BushiD"""
assets/data/characterData.bin.mid,1606,HumanDescription,立ち塞がるものがだれであろうが斬る。,,,jp_only_event,low,
assets/data/characterData.bin.mid,1606,ZombieDescription,立ち塞がるものがだれであろうが喰う。天下を喰う。,,,jp_only_event,low,
assets/data/characterData.bin.mid,1607,Name,幸村くん,,,jp_only_event,low,"JP-only; art ""BushiC/BushiC"""
assets/data/characterData.bin.mid,1607,HumanDescription,この六文銭は三途の川の渡し賃だじょ！,,,jp_only_event,low,
assets/data/characterData.bin.mid,1607,ZombieDescription,四文銭になってもうたじょ。,,,jp_only_event,low,
assets/data/characterData.bin.mid,1608,Name,海道一の弓取り,,,jp_only_event,low,"JP-only; art ""BushiF/BushiF"""
assets/data/characterData.bin.mid,1608,HumanDescription,立派な兜が偉さの証。,,,jp_only_event,low,
assets/data/characterData.bin.mid,1608,ZombieDescription,兜の重みで首がもげそう。,,,jp_only_event,low,
assets/data/characterData.bin.mid,1609,Name,ふつうの足軽,,,jp_only_event,low,"JP-only; art ""BushiG/BushiG"""
assets/data/characterData.bin.mid,1609,HumanDescription,個性のなさが足軽の証。,,,jp_only_event,low,
assets/data/characterData.bin.mid,1609,ZombieDescription,レア度の数にマッチした地味さ。,,,jp_only_event,low,
assets/data/characterData.bin.mid,1610,Name,お市,,,jp_only_event,low,"JP-only; art ""BushiH/BushiH"""
assets/data/characterData.bin.mid,1610,HumanDescription,戦国一の美女が来店。,,,jp_only_event,low,
assets/data/characterData.bin.mid,1610,ZombieDescription,戦国一のゾンビが誕生。,,,jp_only_event,low,
assets/data/characterData.bin.mid,1611,Name,サル,,,jp_only_event,low,"JP-only; art ""hatoA/hatoA"""
assets/data/characterData.bin.mid,1611,HumanDescription,大阪に立派なお家を建てた武将。,,,jp_only_event,low,
assets/data/characterData.bin.mid,1611,ZombieDescription,虎視眈々と下剋上を狙う。,,,jp_only_event,low,
assets/data/characterData.bin.mid,1612,Name,足軽2,,,jp_only_event,low,"JP-only; art ""hatoA/hatoA"""
assets/data/characterData.bin.mid,1612,HumanDescription,てき,,,jp_only_event,low,
assets/data/characterData.bin.mid,1612,ZombieDescription,てき,,,jp_only_event,low,
assets/data/characterData.bin.mid,1613,Name,ジャガー,,,jp_only_event,low,"JP-only; art ""animal2_C/animal2_C"""
assets/data/characterData.bin.mid,1613,HumanDescription,ヒョウと似ているネコ科のあれではない。,,,jp_only_event,low,
assets/data/characterData.bin.mid,1613,ZombieDescription,ローカルタレントのあれでもない。,,,jp_only_event,low,
assets/data/characterData.bin.mid,1614,Name,いなり,,,jp_only_event,low,"JP-only; art ""animal2_D/animal2_D"""
assets/data/characterData.bin.mid,1614,HumanDescription,コン！コン！コン！,,,jp_only_event,low,
assets/data/characterData.bin.mid,1614,ZombieDescription,それにしても耳毛が気になる。,,,jp_only_event,low,
assets/data/characterData.bin.mid,1615,Name,ガールズ＆パンダ,,,jp_only_event,low,"JP-only; art ""animal2_E/animal2_E"""
assets/data/characterData.bin.mid,1615,HumanDescription,パンダ道を極めれば男にモテるって本当？,,,jp_only_event,low,
assets/data/characterData.bin.mid,1615,ZombieDescription,何でモテへんねん！！,,,jp_only_event,low,
assets/data/characterData.bin.mid,1616,Name,ガルパンダ,,,jp_only_event,low,"JP-only; art ""animal2_G/animal2_G"""
assets/data/characterData.bin.mid,1616,HumanDescription,彼氏のために肉じゃがを習いに来店。,,,jp_only_event,low,
assets/data/characterData.bin.mid,1616,ZombieDescription,惚れた女がたまたまゾンビだったって話や。,,,jp_only_event,low,
assets/data/characterData.bin.mid,1617,Name,大熊猫,,,jp_only_event,low,"JP-only; art ""animal2_F/animal2_F"""
assets/data/characterData.bin.mid,1617,HumanDescription,見ての通りの病弱や。,,,jp_only_event,low,
assets/data/characterData.bin.mid,1617,ZombieDescription,あー気分がイイーーーイイィィ――。,,,jp_only_event,low,
assets/data/characterData.bin.mid,1618,Name,ドットロックマン,,,jp_only_event,low,"JP-only; art ""XA/XA"""
assets/data/characterData.bin.mid,1618,HumanDescription,懐かしい見た目を再現！！,,,jp_only_event,low,
assets/data/characterData.bin.mid,1618,ZombieDescription,懐かしい見た目を再現！！,,,jp_only_event,low,
assets/data/characterData.bin.mid,1619,Name,ドットロックマン,,,jp_only_event,low,"JP-only; art ""XB/XB"""
assets/data/characterData.bin.mid,1619,HumanDescription,ティウンティウンしない身体を手に入れたい！,,,jp_only_event,low,
assets/data/characterData.bin.mid,1619,ZombieDescription,ティウンティウンしない身体を手に入れた！,,,jp_only_event,low,
assets/data/characterData.bin.mid,1620,Name,エックス,,,jp_only_event,low,"JP-only; art ""XD/XD"""
assets/data/characterData.bin.mid,1620,HumanDescription,倒した相手の能力を使えるようになり、強化されていく青いレプリロイド。,,,jp_only_event,low,
assets/data/characterData.bin.mid,1620,ZombieDescription,なんてことだ。カフェがメチャクチャだ。何の罪もないお客たちを…許せない！,,,jp_only_event,low,
assets/data/characterData.bin.mid,1621,Name,ゾンビエックス,,,jp_only_event,low,"JP-only; art ""XC/XC"""
assets/data/characterData.bin.mid,1621,HumanDescription,倒した相手の能力を使えるようになり、強化されていく青いレプリロイド。,,,jp_only_event,low,
assets/data/characterData.bin.mid,1621,ZombieDescription,ゾンビから能力を奪って壊れない身体になったエックス！！,,,jp_only_event,low,
assets/data/characterData.bin.mid,1622,Name,エックス(フルアーマー),,,jp_only_event,low,"JP-only; art ""XE/XE"""
assets/data/characterData.bin.mid,1622,HumanDescription,アーマーに身を包まれたエックス。基本性能が大幅にアップ！,,,jp_only_event,low,
assets/data/characterData.bin.mid,1622,ZombieDescription,ゾンビ感染をも跳ね返すアーマー。,,,jp_only_event,low,
assets/data/characterData.bin.mid,1623,Name,ゼロ,,,jp_only_event,low,"JP-only; art ""XF/XF"""
assets/data/characterData.bin.mid,1623,HumanDescription,エックスの戦友であり、先輩であり親友である。,,,jp_only_event,low,
assets/data/characterData.bin.mid,1623,ZombieDescription,うおおおおー！おれは！一体何のために！戦っているんだああああああ！,,,jp_only_event,low,
assets/data/characterData.bin.mid,1624,Name,ブラックゼロ,,,jp_only_event,low,"JP-only; art ""XG/XG"""
assets/data/characterData.bin.mid,1624,HumanDescription,黒いカラーリングのゼロ。,,,jp_only_event,low,
assets/data/characterData.bin.mid,1624,ZombieDescription,なんとショックアブソーバー、ショットイレイザー、セイバープラスを標準装備。,,,jp_only_event,low,
assets/data/characterData.bin.mid,1625,Name,アイリス,,,jp_only_event,low,"JP-only; art ""XH/XH"""
assets/data/characterData.bin.mid,1625,HumanDescription,ゼロの旧友でもある「カーネル」の妹。,,,jp_only_event,low,
assets/data/characterData.bin.mid,1625,ZombieDescription,平和を愛する優しい心の持ち主。ゼロに好意をよせている。,,,jp_only_event,low,
assets/data/characterData.bin.mid,1626,Name,マック,,,jp_only_event,low,"JP-only; art ""XJ/XJ"""
assets/data/characterData.bin.mid,1626,HumanDescription,きみはゆくえふめいになっていたマックじゃないか?,,,jp_only_event,low,
assets/data/characterData.bin.mid,1626,ZombieDescription,エックスの捕獲には成功したことがあるらしい。,,,jp_only_event,low,
assets/data/characterData.bin.mid,1627,Name,VAVA,,,jp_only_event,low,"JP-only; art ""XI/XI"""
assets/data/characterData.bin.mid,1627,HumanDescription,電子頭脳回路に異常があり拘束されていた。,,,jp_only_event,low,
assets/data/characterData.bin.mid,1627,ZombieDescription,上司であるシグマの計画に乗り、破壊の限りを尽くす！,,,jp_only_event,low,
assets/data/characterData.bin.mid,1628,Name,シグマ,,,jp_only_event,low,"JP-only; art ""XK/XK"""
assets/data/characterData.bin.mid,1628,HumanDescription,エックスとゼロの昔の上司。,,,jp_only_event,low,
assets/data/characterData.bin.mid,1628,ZombieDescription,レプリロイドのための世界を創造するために反乱を起こす！,,,jp_only_event,low,
assets/data/characterData.bin.mid,1629,Name,アイシー・ペンギーゴ,,,jp_only_event,low,"JP-only; art ""hatoA/hatoA"""
assets/data/characterData.bin.mid,1629,HumanDescription,てき,,,jp_only_event,low,
assets/data/characterData.bin.mid,1629,ZombieDescription,てき,,,jp_only_event,low,
assets/data/characterData.bin.mid,1630,Name,ランチャー・オクトパス,,,jp_only_event,low,"JP-only; art ""hatoA/hatoA"""
assets/data/characterData.bin.mid,1630,HumanDescription,てき,,,jp_only_event,low,
assets/data/characterData.bin.mid,1630,ZombieDescription,てき,,,jp_only_event,low,
assets/data/characterData.bin.mid,1631,Name,スパーク・マンドリラー,,,jp_only_event,low,"JP-only; art ""hatoA/hatoA"""
assets/data/characterData.bin.mid,1631,HumanDescription,てき,,,jp_only_event,low,
assets/data/characterData.bin.mid,1631,ZombieDescription,てき,,,jp_only_event,low,
assets/data/characterData.bin.mid,1632,Name,メットールC15,,,jp_only_event,low,"JP-only; art ""hatoA/hatoA"""
assets/data/characterData.bin.mid,1632,HumanDescription,てき,,,jp_only_event,low,
assets/data/characterData.bin.mid,1632,ZombieDescription,てき,,,jp_only_event,low,
assets/data/characterData.bin.mid,1633,Name,お市,,,jp_only_event,low,"JP-only; art ""BushiJ/BushiJ"""
assets/data/characterData.bin.mid,1633,HumanDescription,戦国一の美女が来店。,,,jp_only_event,low,
assets/data/characterData.bin.mid,1633,ZombieDescription,戦国一の美女が来店。,,,jp_only_event,low,
assets/data/characterData.bin.mid,1634,Name,双剣女子,,,jp_only_event,low,"JP-only; art ""FFD/FFD"""
assets/data/characterData.bin.mid,1634,HumanDescription,外出時に双剣を持ちすぐに斬りつける女性のこと。,,,jp_only_event,low,
assets/data/characterData.bin.mid,1634,ZombieDescription,ゾンビになると斬るよりも殴りたくなるから不思議。,,,jp_only_event,low,
assets/data/characterData.bin.mid,1635,Name,カフェゴブリン,,,jp_only_event,low,"JP-only; art ""FFE/FFE"""
assets/data/characterData.bin.mid,1635,HumanDescription,俳優目指してアルバイト中。,,,jp_only_event,low,
assets/data/characterData.bin.mid,1635,ZombieDescription,感染しても特に変化なし、演技力が求められる。,,,jp_only_event,low,
assets/data/characterData.bin.mid,1636,Name,大黒,,,jp_only_event,low,"JP-only; art ""God2H/God2H"""
assets/data/characterData.bin.mid,1636,HumanDescription,米俵に乗るばちあたりな縁起物。,,,jp_only_event,low,
assets/data/characterData.bin.mid,1636,ZombieDescription,体型を保つために1日4000グラムの脳を食べる。,,,jp_only_event,low,
assets/data/characterData.bin.mid,1637,Name,びしゃもん,,,jp_only_event,low,"JP-only; art ""God2J/God2J"""
assets/data/characterData.bin.mid,1637,HumanDescription,武装姿が愛らしい縁起物。,,,jp_only_event,low,
assets/data/characterData.bin.mid,1637,ZombieDescription,皿をもつ手なんかないが持てるんだよ。,,,jp_only_event,low,
assets/data/characterData.bin.mid,1638,Name,ゑびす,,,jp_only_event,low,"JP-only; art ""God2K/God2K"""
assets/data/characterData.bin.mid,1638,HumanDescription,魚を持ち歩く縁起物。,,,jp_only_event,low,
assets/data/characterData.bin.mid,1638,ZombieDescription,何よりも魚をつかんでぶん殴ってくる。,,,jp_only_event,low,
assets/data/characterData.bin.mid,1639,Name,べんてん,,,jp_only_event,low,"JP-only; art ""God2F/God2F"""
assets/data/characterData.bin.mid,1639,HumanDescription,琵琶を抱えた縁起物。,,,jp_only_event,low,
assets/data/characterData.bin.mid,1639,ZombieDescription,琵琶は楽器。琵琶湖は滋賀県。,,,jp_only_event,low,
assets/data/characterData.bin.mid,1640,Name,福じい,,,jp_only_event,low,"JP-only; art ""God2G/God2G"""
assets/data/characterData.bin.mid,1640,HumanDescription,長寿のMVP。,,,jp_only_event,low,
assets/data/characterData.bin.mid,1640,ZombieDescription,世界最長のおでこを持つゾンビとしてギネス申請中。,,,jp_only_event,low,
assets/data/characterData.bin.mid,1641,Name,寿さん,,,jp_only_event,low,"JP-only; art ""God2L/God2L"""
assets/data/characterData.bin.mid,1641,HumanDescription,長寿コレクターの縁起物。,,,jp_only_event,low,
assets/data/characterData.bin.mid,1641,ZombieDescription,長寿は冷蔵庫の余り物以外で作る脳みそはうまい。,,,jp_only_event,low,
assets/data/characterData.bin.mid,1642,Name,ほてゐ,,,jp_only_event,low,"JP-only; art ""God2I/God2I"""
assets/data/characterData.bin.mid,1642,HumanDescription,太鼓腹の縁起物。,,,jp_only_event,low,
assets/data/characterData.bin.mid,1642,ZombieDescription,手にした袋から脳を分け与えてくれるゴッド。,,,jp_only_event,low,
assets/data/characterData.bin.mid,1643,Name,無銭飲食,,,jp_only_event,low,"JP-only; art ""criminalA/criminalA"""
assets/data/characterData.bin.mid,1643,HumanDescription,金を払うほどの飯を食ったことがない。,,,jp_only_event,low,
assets/data/characterData.bin.mid,1643,ZombieDescription,今日もやってやるぜ、じっちゃんの名にかけて！,,,jp_only_event,low,
assets/data/characterData.bin.mid,1644,Name,強盗犯,,,jp_only_event,low,"JP-only; art ""criminalB/criminalB"""
assets/data/characterData.bin.mid,1644,HumanDescription,金を払うほどの金がない。,,,jp_only_event,low,
assets/data/characterData.bin.mid,1644,ZombieDescription,人気が出ないことは解ってる。でもいいじゃないか。,,,jp_only_event,low,
assets/data/characterData.bin.mid,1645,Name,ULTRA・Z7,,,jp_only_event,low,"JP-only; art ""ultraC/ultraC"""
assets/data/characterData.bin.mid,1645,HumanDescription,Ｓ7星雲の異星人に憑依される。,,,jp_only_event,low,
assets/data/characterData.bin.mid,1645,ZombieDescription,感染することで変身する体力バカ。,,,jp_only_event,low,
assets/data/characterData.bin.mid,1646,Name,一部防衛隊,,,jp_only_event,low,"JP-only; art ""ultraA/ultraA"""
assets/data/characterData.bin.mid,1646,HumanDescription,現実的規模の防衛隊の隊員。,,,jp_only_event,low,
assets/data/characterData.bin.mid,1646,ZombieDescription,世界最凶の破壊光線銃をもってのフックが得意技。,,,jp_only_event,low,
assets/data/characterData.bin.mid,1647,Name,えびもげら,,,jp_only_event,low,"JP-only; art ""ultraE/ultraE"""
assets/data/characterData.bin.mid,1647,HumanDescription,もげら星で悪さをしすぎて居づらくなった異星人。,,,jp_only_event,low,
assets/data/characterData.bin.mid,1647,ZombieDescription,襲い方を知っている。やられ方も知っている。,,,jp_only_event,low,
assets/data/characterData.bin.mid,1648,Name,せみもげら,,,jp_only_event,low,"JP-only; art ""ultraD/ultraD"""
assets/data/characterData.bin.mid,1648,HumanDescription,不老不死を求め旅するもげら星の宇宙旅行士。,,,jp_only_event,low,
assets/data/characterData.bin.mid,1648,ZombieDescription,不老長者と聞きつけ進んで感染。,,,jp_only_event,low,
assets/data/characterData.bin.mid,1649,Name,一部防衛隊参謀,,,jp_only_event,low,"JP-only; art ""ultraB/ultraB"""
assets/data/characterData.bin.mid,1649,HumanDescription,創始者のひとり。『参謀』を名乗りたかった。,,,jp_only_event,low,
assets/data/characterData.bin.mid,1649,ZombieDescription,口がセクシーになったとご満悦。,,,jp_only_event,low,
assets/data/characterData.bin.mid,1650,Name,ムシャ・バード,,,jp_only_event,low,"JP-only; art ""hatoW/hatoW"""
assets/data/characterData.bin.mid,1650,HumanDescription,日本の甲冑を身にまとったハト。日本でもそうそう見かけない。,,,jp_only_event,low,
assets/data/characterData.bin.mid,1650,ZombieDescription,日本の甲冑を身にまとったハト。ゲーム世界でもそうそう見かけない。,,,jp_only_event,low,
assets/data/characterData.bin.mid,1651,Name,白袖の乙女,,,jp_only_event,low,"JP-only; art ""kokesiE/kokesiE"""
assets/data/characterData.bin.mid,1651,HumanDescription,趣味は外国人観光客にちやほやされること。,,,jp_only_event,low,
assets/data/characterData.bin.mid,1651,ZombieDescription,和服ゾンビ需要は高く、外国人人気がうなぎ上り。,,,jp_only_event,low,
assets/data/characterData.bin.mid,1652,Name,こけしどーる,,,jp_only_event,low,"JP-only; art ""kokesiD/kokesiD"""
assets/data/characterData.bin.mid,1652,HumanDescription,超進化こけし。もはやこけしではないのでは？,,,jp_only_event,low,
assets/data/characterData.bin.mid,1652,ZombieDescription,こけしまでゾンビにする技術に外国人のｃｏｏｌが鳴りやまない。,,,jp_only_event,low,
assets/data/characterData.bin.mid,1653,Name,ザ・こけし,,,jp_only_event,low,"JP-only; art ""kokesiA/kokesiA"""
assets/data/characterData.bin.mid,1653,HumanDescription,"1,980円なり。",,,jp_only_event,low,
assets/data/characterData.bin.mid,1653,ZombieDescription,現品限り半額なり。,,,jp_only_event,low,
assets/data/characterData.bin.mid,1654,Name,日本のおみやげ,,,jp_only_event,low,"JP-only; art ""kokesiB/kokesiB"""
assets/data/characterData.bin.mid,1654,HumanDescription,"2,480円なり。",,,jp_only_event,low,
assets/data/characterData.bin.mid,1654,ZombieDescription,"こけし売ります（傷、変色あり）。開始価格100,000円",,,jp_only_event,low,
assets/data/characterData.bin.mid,1655,Name,ロシアのおみやげ,,,jp_only_event,low,"JP-only; art ""kokesiC/kokesiC"""
assets/data/characterData.bin.mid,1655,HumanDescription,"3,000ルーブルなり。",,,jp_only_event,low,
assets/data/characterData.bin.mid,1655,ZombieDescription,Хорошо!,,,jp_only_event,low,
assets/data/characterData.bin.mid,1656,Name,ペガサス,,,jp_only_event,low,"JP-only; art ""PegasusA/PegasusA"""
assets/data/characterData.bin.mid,1656,HumanDescription,カフェで働く4足獣はたいてい痛風で後ろ脚がつかえない。豆知識。,,,jp_only_event,low,
assets/data/characterData.bin.mid,1656,ZombieDescription,一角獣に見える？ペガサス、まじペガサス。,,,jp_only_event,low,
assets/data/characterData.bin.mid,1657,Name,けんた,,,jp_only_event,low,"JP-only; art ""PegasusB/sumowrestlerC"""
assets/data/characterData.bin.mid,1657,HumanDescription,よく見てくださいこう見えて裸です。,,,jp_only_event,low,
assets/data/characterData.bin.mid,1657,ZombieDescription,今のはオレの分、次は馬の分の脳をクレ。,,,jp_only_event,low,
assets/data/characterData.bin.mid,1658,Name,キマイラ,,,jp_only_event,low,"JP-only; art ""kimairaA/kimairaA"""
assets/data/characterData.bin.mid,1658,HumanDescription,キメラに迫る人気を期待されたキメラ。,,,jp_only_event,low,
assets/data/characterData.bin.mid,1658,ZombieDescription,腐ってもライオンの頭、羊の体、蛇のしっぽをもつ正真正銘キメラ。,,,jp_only_event,low,
assets/data/characterData.bin.mid,1659,Name,たぶん羊使い,,,jp_only_event,low,"JP-only; art ""kimairaB/kimairaB"""
assets/data/characterData.bin.mid,1659,HumanDescription,これは語るに難しい存在。,,,jp_only_event,low,
assets/data/characterData.bin.mid,1659,ZombieDescription,感染した今となっては彼らが何であったか迷宮入り。,,,jp_only_event,low,
assets/data/characterData.bin.mid,1660,Name,ケルベロス,,,jp_only_event,low,"JP-only; art ""kimairaC/kimairaC"""
assets/data/characterData.bin.mid,1660,HumanDescription,コロッとした頭で人気急上昇。,,,jp_only_event,low,
assets/data/characterData.bin.mid,1660,ZombieDescription,コロッとした頭同士よく食いあう。,,,jp_only_event,low,
assets/data/characterData.bin.mid,1661,Name,グロべロス,,,jp_only_event,low,"JP-only; art ""kimairaD/kimairaD"""
assets/data/characterData.bin.mid,1661,HumanDescription,コロッとした頭で人気急上昇。,,,jp_only_event,low,
assets/data/characterData.bin.mid,1661,ZombieDescription,コロッとした頭でも舐められない迫力を手に入れた。,,,jp_only_event,low,
assets/data/characterData.bin.mid,1662,Name,暴走王せりくま,,,jp_only_event,low,"JP-only; art ""serikumaA/serikumaA"""
assets/data/characterData.bin.mid,1662,HumanDescription,地元魚市場のマスコット。,,,jp_only_event,low,
assets/data/characterData.bin.mid,1662,ZombieDescription,凶暴性がテレビ受けしてスター街道まっしぐら。,,,jp_only_event,low,
assets/data/characterData.bin.mid,1663,Name,せりくま,,,jp_only_event,low,"JP-only; art ""serikumaB/serikumaB"""
assets/data/characterData.bin.mid,1663,HumanDescription,地元魚市場のマスコット。,,,jp_only_event,low,
assets/data/characterData.bin.mid,1663,ZombieDescription,着ぐるみが邪魔で噛みつけないおかげで、市場で24H働かされる。,,,jp_only_event,low,
assets/data/characterData.bin.mid,1664,Name,ドローン型女子,,,jp_only_event,low,"JP-only; art ""drone/drone"""
assets/data/characterData.bin.mid,1664,HumanDescription,今年話題の「ドローン型」。,,,jp_only_event,low,
assets/data/characterData.bin.mid,1664,ZombieDescription,自然体でドローンとともに生きる女子。,,,jp_only_event,low,
assets/data/characterData.bin.mid,1665,Name,VRあいつ,,,jp_only_event,low,"JP-only; art ""third_chef2/third_chef2"""
assets/data/characterData.bin.mid,1665,HumanDescription,最新機器に飛びつく誰もが知ってるあいつ。,,,jp_only_event,low,
assets/data/characterData.bin.mid,1665,ZombieDescription,ＶＲの世界から戻ってこなくなったあいつ。,,,jp_only_event,low,
assets/data/characterData.bin.mid,1666,Name,レインシスター妹,,,jp_only_event,low,"JP-only; art ""rainA/rainA"""
assets/data/characterData.bin.mid,1666,HumanDescription,レインコートが私服な楽天家の妹。,,,jp_only_event,low,
assets/data/characterData.bin.mid,1666,ZombieDescription,雨が降ると得した気分になる。,,,jp_only_event,low,
assets/data/characterData.bin.mid,1667,Name,レインシスター姉,,,jp_only_event,low,"JP-only; art ""rainB/rainB"""
assets/data/characterData.bin.mid,1667,HumanDescription,レインコートが私服なやる気のない姉。,,,jp_only_event,low,
assets/data/characterData.bin.mid,1667,ZombieDescription,やる気はないが、殺る気はある。,,やる気はないが、殺る気はある。,jp_only_event,low,proposed carried from TM
assets/data/characterData.bin.mid,1668,Name,イーリス,,,jp_only_event,low,"JP-only; art ""God2M/God2M"""
assets/data/characterData.bin.mid,1668,HumanDescription,神々の伝令を務めるパシリ女神。,,,jp_only_event,low,
assets/data/characterData.bin.mid,1668,ZombieDescription,伝令を装い油断した神々を実食する強盗女神。,,,jp_only_event,low,
assets/data/characterData.bin.mid,1669,Name,おそうじネコ,,,jp_only_event,low,"JP-only; art ""Cat/Cat"""
assets/data/characterData.bin.mid,1669,HumanDescription,カフェに雇われた掃除婦。,,,jp_only_event,low,
assets/data/characterData.bin.mid,1669,ZombieDescription,ゴミと人間の区別がつかない掃除婦。,,,jp_only_event,low,
assets/data/characterData.bin.mid,1670,Name,ハルピュイア,,,jp_only_event,low,"JP-only; art ""God2N/God2N"""
assets/data/characterData.bin.mid,1670,HumanDescription,イーリスの姉妹。,,,jp_only_event,low,
assets/data/characterData.bin.mid,1670,ZombieDescription,鳥並みの知能から若干上昇したと家族が喜ぶ。,,,jp_only_event,low,
assets/data/characterData.bin.mid,1671,Name,ヘパイストス,,,jp_only_event,low,"JP-only; art ""God2O/God2O"""
assets/data/characterData.bin.mid,1671,HumanDescription,炎と鍛冶の神。,,,jp_only_event,low,
assets/data/characterData.bin.mid,1671,ZombieDescription,ハンマーを置くともう少し早く動ける気がする。,,,jp_only_event,low,
assets/data/characterData.bin.mid,1672,Name,鍛冶屋の娘,,,jp_only_event,low,"JP-only; art ""God2P/God2P"""
assets/data/characterData.bin.mid,1672,HumanDescription,気がついたら異世界で鍛冶屋になっていた私。,,,jp_only_event,low,
assets/data/characterData.bin.mid,1672,ZombieDescription,突然かっこいい男たちに囲まれてニヤニヤしながら、ほんわかした日常カフェライフ突入。,,,jp_only_event,low,
assets/data/characterData.bin.mid,1673,Name,鳥とん王子,,,jp_only_event,low,"JP-only; art ""hatoX/hatoX"""
assets/data/characterData.bin.mid,1673,HumanDescription,ハトの中のハト。仲間を捕食するゾンビが憎い。,,,jp_only_event,low,
assets/data/characterData.bin.mid,1673,ZombieDescription,ハトが一体なんだっていうんだと思っていたが、べらぼうにうまい。,,,jp_only_event,low,
assets/data/characterData.bin.mid,1674,Name,ハトゴースト,,,jp_only_event,low,"JP-only; art ""hatoY/hatoY"""
assets/data/characterData.bin.mid,1674,HumanDescription,ハト牧場からドナドナ中。,,,jp_only_event,low,
assets/data/characterData.bin.mid,1674,ZombieDescription,死ぬことで生贄価値が下がりドナドナ中。,,,jp_only_event,low,
assets/data/characterData.bin.mid,1675,Name,海の家,,,jp_only_event,low,"JP-only; art ""seahorseA/seahorseA"""
assets/data/characterData.bin.mid,1675,HumanDescription,いらっしゃいませ、こんにちは～,,,jp_only_event,low,
assets/data/characterData.bin.mid,1675,ZombieDescription,イシャッセェェェェェイ！コチワァァァァァ！,,,jp_only_event,low,
assets/data/characterData.bin.mid,1676,Name,アメフトバイト,,,jp_only_event,low,"JP-only; art ""seahorseB/seahorseB"""
assets/data/characterData.bin.mid,1676,HumanDescription,マッスル、ハッスル！ハッスル、ハッスル！,,,jp_only_event,low,
assets/data/characterData.bin.mid,1676,ZombieDescription,マッスル、ハッスル！タックル、タッッグゥルゥゥゥゥ！,,,jp_only_event,low,
assets/data/characterData.bin.mid,1677,Name,猪鹿リトルシスター,,,jp_only_event,low,"JP-only; art ""inoshikaA/inoshikaA"""
assets/data/characterData.bin.mid,1677,HumanDescription,猪鹿家の末っ子。コスプレ好き。,,,jp_only_event,low,
assets/data/characterData.bin.mid,1677,ZombieDescription,人を見ると突進してしまうほどイノシシ好き。,,,jp_only_event,low,
assets/data/characterData.bin.mid,1678,Name,猪鹿シスター,,,jp_only_event,low,"JP-only; art ""inoshikaB/inoshikaB"""
assets/data/characterData.bin.mid,1678,HumanDescription,猪鹿家の長女。バスガイド。,,,jp_only_event,low,
assets/data/characterData.bin.mid,1678,ZombieDescription,脳みそを鹿煎餅に挟んで食べるほど鹿好き。,,,jp_only_event,low,
assets/data/characterData.bin.mid,1679,Name,猪鹿チョウ助,,,jp_only_event,low,"JP-only; art ""inoshikaC/inoshikaC"""
assets/data/characterData.bin.mid,1679,HumanDescription,猪鹿家の後妻の子。学生。,,,jp_only_event,low,
assets/data/characterData.bin.mid,1679,ZombieDescription,この期に及んで調子のいいファンキーな変態野郎。,,,jp_only_event,low,
assets/data/characterData.bin.mid,1680,Name,ダンテ（DMC1）,,,jp_only_event,low,"JP-only; art ""DMCJ/DMCJ"""
assets/data/characterData.bin.mid,1680,HumanDescription,今夜はカフェは閉店だ…,,,jp_only_event,low,
assets/data/characterData.bin.mid,1680,ZombieDescription,Jack Pot!!,,,jp_only_event,low,
assets/data/characterData.bin.mid,1681,Name,魔人アラストル,,,jp_only_event,low,"JP-only; art ""DMCK/DMCK"""
assets/data/characterData.bin.mid,1681,HumanDescription,雷の力を宿す魔剣の魔人。,,,jp_only_event,low,
assets/data/characterData.bin.mid,1681,ZombieDescription,剣の主であるダンテに大きな不満を持っているらしい・・・,,,jp_only_event,low,
assets/data/characterData.bin.mid,1682,Name,アクセル,,,jp_only_event,low,"JP-only; art ""XL/XL"""
assets/data/characterData.bin.mid,1682,HumanDescription,どいて、どいてーっ！！,,,jp_only_event,low,
assets/data/characterData.bin.mid,1682,ZombieDescription,何やってるの!!こんなカフェでじっとしてたら危ないよ!!早く逃げて!!,,,jp_only_event,low,
assets/data/characterData.bin.mid,1683,Name,Over-1,,,jp_only_event,low,"JP-only; art ""XM/XM"""
assets/data/characterData.bin.mid,1683,HumanDescription,Dr.ライトとDr.コサックが共同開発した新世代のレプリロイド。,,,jp_only_event,low,
assets/data/characterData.bin.mid,1683,ZombieDescription,まだだ！まだ僕の戦いは終わっていない！！,,,jp_only_event,low,
assets/data/characterData.bin.mid,1684,Name,ネットアイドル,,,jp_only_event,low,"JP-only; art ""headphone/headphone"""
assets/data/characterData.bin.mid,1684,HumanDescription,ネットでは輝くが、私生活はまじやばい。,,,jp_only_event,low,
assets/data/characterData.bin.mid,1684,ZombieDescription,これやばい！まじやばい！やばい、まじうける！,,,jp_only_event,low,
assets/data/characterData.bin.mid,1685,Name,偉大な作曲家,,,jp_only_event,low,"JP-only; art ""Beethoven/Beethoven"""
assets/data/characterData.bin.mid,1685,HumanDescription,ルートヴィヒ、ファン・・・ベートホーフェン！,,,jp_only_event,low,
assets/data/characterData.bin.mid,1685,ZombieDescription,ウーンババ、バッハッハ・・・ドビュッシー！！,,,jp_only_event,low,
assets/data/characterData.bin.mid,1686,Name,人体模型,,,jp_only_event,low,"JP-only; art ""mokei/mokei"""
assets/data/characterData.bin.mid,1686,HumanDescription,何に使うのかわからない学校の人体模型。,,,jp_only_event,low,
assets/data/characterData.bin.mid,1686,ZombieDescription,今では怪談や肝試しに引っ張りだこ。,,,jp_only_event,low,
assets/data/characterData.bin.mid,1687,Name,ふっく船長,,,jp_only_event,low,"JP-only; art ""PiratesmanE/PiratesmanE"""
assets/data/characterData.bin.mid,1687,HumanDescription,俺は乗られている時が一番乗ってる。,,,jp_only_event,low,
assets/data/characterData.bin.mid,1687,ZombieDescription,俺は乗っとられた時が一番乗ってくる。,,,jp_only_event,low,
assets/data/characterData.bin.mid,1688,Name,インビジパティシエ,,,jp_only_event,low,"JP-only; art ""chefA/chefA"""
assets/data/characterData.bin.mid,1688,HumanDescription,砂糖を舐めるたびに透過率が上がった。,,,jp_only_event,low,
assets/data/characterData.bin.mid,1688,ZombieDescription,脳みそをコーティングする最高の砂糖を求め透過率を維持。,,,jp_only_event,low,
assets/data/characterData.bin.mid,1689,Name,インビジクック,,,jp_only_event,low,"JP-only; art ""chefB/chefB"""
assets/data/characterData.bin.mid,1689,HumanDescription,最高の食材を求めるうちに透過率が上がった。,,,jp_only_event,low,
assets/data/characterData.bin.mid,1689,ZombieDescription,脳みそという最高の食材にたどり着き透過率を維持。,,,jp_only_event,low,
assets/data/characterData.bin.mid,1690,Name,鬼子母神,,,jp_only_event,low,"JP-only; art ""God2Q/God2Q"""
assets/data/characterData.bin.mid,1690,HumanDescription,子供の名前は決めたけど、旦那の名前が解らない。,,,jp_only_event,low,
assets/data/characterData.bin.mid,1690,ZombieDescription,認知してよと近づくのが趣味。,,,jp_only_event,low,
assets/data/characterData.bin.mid,1691,Name,メイドシスター妹,Maid,Maid,direct_english_row,high,"art ""maidSA/maidSA"" -> EN row 216"
assets/data/characterData.bin.mid,1691,HumanDescription,最近メイド服が私服な楽天家の妹。,最近メイド服が私服な楽天家の妹。,最近メイド服が私服な楽天家の妹。,direct_english_row,high,
assets/data/characterData.bin.mid,1691,ZombieDescription,家事をしてもらうと得した気分になる。,家事をしてもらうと得した気分になる。,家事をしてもらうと得した気分になる。,direct_english_row,high,
assets/data/characterData.bin.mid,1692,Name,メイドシスター姉,Maid,Maid,direct_english_row,high,"art ""maidSB/maidSB"" -> EN row 217"
assets/data/characterData.bin.mid,1692,HumanDescription,最近メイド服が私服なやる気のない姉。,最近メイド服が私服なやる気のない姉。,最近メイド服が私服なやる気のない姉。,direct_english_row,high,
assets/data/characterData.bin.mid,1692,ZombieDescription,やる気はないが、殺る気はある。,やる気はないが、殺る気はある。,やる気はないが、殺る気はある。,direct_english_row,high,
assets/data/characterData.bin.mid,1693,Name,レンタル執事,,,jp_only_event,low,"JP-only; art ""situjiA/situjiA"""
assets/data/characterData.bin.mid,1693,HumanDescription,ワンランク上の生活をご提供します。,,,jp_only_event,low,
assets/data/characterData.bin.mid,1693,ZombieDescription,カフェを取り仕切る影のレンタル支配者。,,,jp_only_event,low,
assets/data/characterData.bin.mid,1694,Name,裏執事,,,jp_only_event,low,"JP-only; art ""situjiB/situjiB"""
assets/data/characterData.bin.mid,1694,HumanDescription,さらにワンランク上の生活をご提供します。,,,jp_only_event,low,
assets/data/characterData.bin.mid,1694,ZombieDescription,カフェを取り仕切るさらに裏の影の支配者。,,,jp_only_event,low,
assets/data/characterData.bin.mid,1695,Name,キングアリーマー,,,jp_only_event,low,"JP-only; art ""hatoD/hatoD"""
assets/data/characterData.bin.mid,1695,HumanDescription,キング,,,jp_only_event,low,
assets/data/characterData.bin.mid,1695,ZombieDescription,キング,,,jp_only_event,low,
assets/data/characterData.bin.mid,1696,Name,ＤＩＹ親方,,,jp_only_event,low,"JP-only; art ""hatoZ/hatoZ"""
assets/data/characterData.bin.mid,1696,HumanDescription,ＤＩＹ初心者だが、身なりだけは一級品。,,,jp_only_event,low,
assets/data/characterData.bin.mid,1696,ZombieDescription,指一本動かさないが、弟子をとるのが趣味。,,,jp_only_event,low,
assets/data/characterData.bin.mid,1697,Name,月兎つくよみ,,,jp_only_event,low,"JP-only; art ""japanG/japanG"""
assets/data/characterData.bin.mid,1697,HumanDescription,日の本の神。夜が好きだっちゃ。,,,jp_only_event,low,
assets/data/characterData.bin.mid,1697,ZombieDescription,ウチだっちゃ！神だっちゃ！,,,jp_only_event,low,
assets/data/characterData.bin.mid,1698,Name,ホワイトラビット,,,jp_only_event,low,"JP-only; art ""animal2_H/animal2_H"""
assets/data/characterData.bin.mid,1698,HumanDescription,二代目サイコラビット。,,,jp_only_event,low,
assets/data/characterData.bin.mid,1698,ZombieDescription,今年の抱きしめたいゾンビにエントリー。,,,jp_only_event,low,
assets/data/characterData.bin.mid,1699,Name,バニーガール,,,jp_only_event,low,"JP-only; art ""bunny/costume_a"""
assets/data/characterData.bin.mid,1699,HumanDescription,まごうことなくバニーガール。,,,jp_only_event,low,
assets/data/characterData.bin.mid,1699,ZombieDescription,ヘイ！カモォーン。,,,jp_only_event,low,
assets/data/characterData.bin.mid,1700,Name,ダッコチャン,,,jp_only_event,low,"JP-only; art ""third_chef3/third_chef3"""
assets/data/characterData.bin.mid,1700,HumanDescription,十五夜記念あいつ。,,,jp_only_event,low,
assets/data/characterData.bin.mid,1700,ZombieDescription,ウサギにあいつがついているようなもの。,,,jp_only_event,low,
assets/data/characterData.bin.mid,1701,Name,クッキンアイドル,,,jp_only_event,low,"JP-only; art ""third_chef4/third_chef4"""
assets/data/characterData.bin.mid,1701,HumanDescription,よく続いたもんだ5周年。,,,jp_only_event,low,
assets/data/characterData.bin.mid,1701,ZombieDescription,また暇あったら一緒にゾンビカフェでもしまひょか。,,,jp_only_event,low,
assets/data/characterData.bin.mid,1702,Name,裏飯姉妹,,,jp_only_event,low,"JP-only; art ""ghostN/ghostN"""
assets/data/characterData.bin.mid,1702,HumanDescription,バイトの募集を見てカフェにやってきた双子の妹。,,,jp_only_event,low,
assets/data/characterData.bin.mid,1702,ZombieDescription,肩こりがひどくゾンビになった。,,,jp_only_event,low,
assets/data/characterData.bin.mid,1703,Name,三種の神器,,,jp_only_event,low,"JP-only; art ""japanF/japanF"""
assets/data/characterData.bin.mid,1703,HumanDescription,ついに3種の神器をそろえた日の本の神。,,,jp_only_event,low,
assets/data/characterData.bin.mid,1703,ZombieDescription,色々そろえた彼に死角はない。,,,jp_only_event,low,
assets/data/characterData.bin.mid,1704,Name,エントリーNo.ファイブ,,,jp_only_event,low,"JP-only; art ""God2R/God2R"""
assets/data/characterData.bin.mid,1704,HumanDescription,神々の運動会。,,,jp_only_event,low,
assets/data/characterData.bin.mid,1704,ZombieDescription,いっぱい喰った＼運動会！／,,,jp_only_event,low,
assets/data/characterData.bin.mid,1705,Name,鉄男,,,jp_only_event,low,"JP-only; art ""robo3A/robo3A"""
assets/data/characterData.bin.mid,1705,HumanDescription,趣味で鉄の身体に身を包む。,,,jp_only_event,low,
assets/data/characterData.bin.mid,1705,ZombieDescription,サビを振りかけた脳が大変好物。,,,jp_only_event,low,
assets/data/characterData.bin.mid,1706,Name,カオティックギア,,,jp_only_event,low,"JP-only; art ""robo3B/robo3B"""
assets/data/characterData.bin.mid,1706,HumanDescription,寝巻も鉄の身体に身を包む。,,,jp_only_event,low,
assets/data/characterData.bin.mid,1706,ZombieDescription,頭をかまれるとその年はアレ。,,,jp_only_event,low,
assets/data/characterData.bin.mid,1707,Name,スピードキング,,,jp_only_event,low,"JP-only; art ""teen2/teen2"""
assets/data/characterData.bin.mid,1707,HumanDescription,超人的スピードでヒーローとして戦うこともある。,,,jp_only_event,low,
assets/data/characterData.bin.mid,1707,ZombieDescription,ぶっ飛ばすゾ！ギュン！ギュギュン！！,,,jp_only_event,low,
assets/data/characterData.bin.mid,1708,Name,ティーンズ,,,jp_only_event,low,"JP-only; art ""teen3/teen3"""
assets/data/characterData.bin.mid,1708,HumanDescription,超人に目覚める前の若者。,,,jp_only_event,low,
assets/data/characterData.bin.mid,1708,ZombieDescription,超人に目覚める前のゾンビ。,,,jp_only_event,low,
assets/data/characterData.bin.mid,1709,Name,ラミエル,,,jp_only_event,low,"JP-only; art ""God2S/God2S"""
assets/data/characterData.bin.mid,1709,HumanDescription,人間に神の言葉を伝える天使。,,,jp_only_event,low,
assets/data/characterData.bin.mid,1709,ZombieDescription,神の雷霆で得意のミディアムレアを披露！,,,jp_only_event,low,
assets/data/characterData.bin.mid,1710,Name,キューピット,,,jp_only_event,low,"JP-only; art ""angel2A/angel2A"""
assets/data/characterData.bin.mid,1710,HumanDescription,恋の成就にカフェに来店。,,,jp_only_event,low,
assets/data/characterData.bin.mid,1710,ZombieDescription,天使の輪っかが変態との境界線。,,,jp_only_event,low,
assets/data/characterData.bin.mid,1711,Name,堕天使,,,jp_only_event,low,"JP-only; art ""God2T/God2T"""
assets/data/characterData.bin.mid,1711,HumanDescription,暗黒面に落ちた天使。カフェで堕落する。,,,jp_only_event,low,
assets/data/characterData.bin.mid,1711,ZombieDescription,アスタ・ラ・ビスタ ベイビー！,,,jp_only_event,low,
assets/data/characterData.bin.mid,1712,Name,ギュービッド,,,jp_only_event,low,"JP-only; art ""angel2B/angel2B"""
assets/data/characterData.bin.mid,1712,HumanDescription,キューピットがクソッタレになった。,,,jp_only_event,low,
assets/data/characterData.bin.mid,1712,ZombieDescription,オマエヨロコベ、二次元ト成就シテヤルゾ。,,,jp_only_event,low,
assets/data/characterData.bin.mid,1713,Name,グレー,,,jp_only_event,low,"JP-only; art ""alienA/alienA"""
assets/data/characterData.bin.mid,1713,HumanDescription,この宇宙人は1日5人にチップを植えるのが仕事だ。,,,jp_only_event,low,
assets/data/characterData.bin.mid,1713,ZombieDescription,チップを植えるついでに前頭葉を頂くのは論理的だ。,,,jp_only_event,low,
assets/data/characterData.bin.mid,1714,Name,Mr.ブレイン,,,jp_only_event,low,"JP-only; art ""alienB/alienB"""
assets/data/characterData.bin.mid,1714,HumanDescription,自慢の脳を見せたくて自ら改造。,,,jp_only_event,low,
assets/data/characterData.bin.mid,1714,ZombieDescription,目の前に餌が浮かんでいては正気が持たない。,,,jp_only_event,low,
assets/data/characterData.bin.mid,1715,Name,ハロウィンJK,,,jp_only_event,low,"JP-only; art ""HWA/HWA"""
assets/data/characterData.bin.mid,1715,HumanDescription,ハロウィン時期に現れるレアJK。,,,jp_only_event,low,
assets/data/characterData.bin.mid,1715,ZombieDescription,ハロウィン時期に現れる超レアJK。,,,jp_only_event,low,
assets/data/characterData.bin.mid,1716,Name,重症患者,,,jp_only_event,low,"JP-only; art ""FFED/FFED"""
assets/data/characterData.bin.mid,1716,HumanDescription,包帯の巻かたにはこだわりがある。,,,jp_only_event,low,
assets/data/characterData.bin.mid,1716,ZombieDescription,右巻きから左巻きに変わった。,,,jp_only_event,low,
assets/data/characterData.bin.mid,1717,Name,フランケン女子,,,jp_only_event,low,"JP-only; art ""HWC/HWC"""
assets/data/characterData.bin.mid,1717,HumanDescription,フランケンの現代型。婚活始めました。,,,jp_only_event,low,
assets/data/characterData.bin.mid,1717,ZombieDescription,フランケンの現代型改。若いのに写真で断られる。,,,jp_only_event,low,
assets/data/characterData.bin.mid,1718,Name,占いネコ,,,jp_only_event,low,"JP-only; art ""HWD/HWD"""
assets/data/characterData.bin.mid,1718,HumanDescription,よく当たると3丁目界隈で噂になっている。,,,jp_only_event,low,
assets/data/characterData.bin.mid,1718,ZombieDescription,路地裏に誘い込み、占い、そして喰う。,,,jp_only_event,low,
assets/data/characterData.bin.mid,1719,Name,トリトリート,,,jp_only_event,low,"JP-only; art ""HWE/HWE"""
assets/data/characterData.bin.mid,1719,HumanDescription,トリック・・・嫌？・・・ならトリートください。,,,jp_only_event,low,
assets/data/characterData.bin.mid,1719,ZombieDescription,この時期は「トリックです」で全て解決。,,,jp_only_event,low,
assets/data/characterData.bin.mid,1720,Name,さるさん,,,jp_only_event,low,"JP-only; art ""animal2_I/animal2_I"""
assets/data/characterData.bin.mid,1720,HumanDescription,非礼勿視、非礼勿聴、非礼勿言,,,jp_only_event,low,
assets/data/characterData.bin.mid,1720,ZombieDescription,一度決めたことはゾンビになっても曲げない。,,,jp_only_event,low,
assets/data/characterData.bin.mid,1721,Name,寡黙なモアイ,,,jp_only_event,low,"JP-only; art ""moai/moai"""
assets/data/characterData.bin.mid,1721,HumanDescription,鳥が止まるほど寡黙。,,,jp_only_event,low,
assets/data/characterData.bin.mid,1721,ZombieDescription,もう、だれにも寡黙と呼ばせない。,,,jp_only_event,low,
assets/data/characterData.bin.mid,1722,Name,陽気な隣人,,,jp_only_event,low,"JP-only; art ""otakuB/Venusian"""
assets/data/characterData.bin.mid,1722,HumanDescription,人間観察の為、地域に溶け込む金星人。,,,jp_only_event,low,
assets/data/characterData.bin.mid,1722,ZombieDescription,この度、寄生体には感染しないことが分かった。,,,jp_only_event,low,
assets/data/characterData.bin.mid,1723,Name,元珍走団,,,jp_only_event,low,"JP-only; art ""HWB/HWB"""
assets/data/characterData.bin.mid,1723,HumanDescription,騒音を出さないし、交通ルールを守っているつもりの彼。,,,jp_only_event,low,
assets/data/characterData.bin.mid,1723,ZombieDescription,ゾンビになって珍走の血が騒ぐ。,,,jp_only_event,low,
