record_index,jp_name,proposed_english,candidate_decision,reason,art_identity,art_share_count,role,collab_event_group,acquisition_dependency,dominance,cafe_level,cost,toxin_flag,energy,speed,attack,tip_rating
0,,Cashier,cut,placeholder record (dummy/empty name),generic/,2,worker_event,,roulette/event (server-scheduled),dominated,0,0,0,1000,40,40,30
1,,Senior,cut,placeholder record (dummy/empty name),oldman/faris,1,worker_event,,roulette/event (server-scheduled),dominated,0,0,0,1000,40,40,30
2,,Cashier,cut,placeholder record (dummy/empty name),genericfemale/,2,worker_event,,roulette/event (server-scheduled),dominated,0,0,0,1000,40,40,30
3,,Hipster,cut,placeholder record (dummy/empty name),generic/omar,1,worker_event,,roulette/event (server-scheduled),dominated,0,0,0,1000,40,40,30
4,,Cashier,cut,placeholder record (dummy/empty name),genericfemale/cutegirl,1,worker_event,,roulette/event (server-scheduled),dominated,0,0,0,1000,40,40,30
5,怠け者,Couch Potato,keep,"EN-matched, already named in English (pass 3)",nerd/faris,15,worker_event,,roulette/event (server-scheduled),dominated,0,0,0,1000,40,40,30
6,怠け者,Couch Potato,keep,"EN-matched, already named in English (pass 3)",genericfemale/,2,worker_event,,roulette/event (server-scheduled),dominated,0,0,0,1000,40,40,30
7,テレフォンアポインター,Telemarketer,keep,"EN-matched, already named in English (pass 3)",generic/,2,worker_event,,roulette/event (server-scheduled),dominated,0,0,0,1000,30,40,50
8,テレフォンアポインター,Telemarketer,keep,"EN-matched, already named in English (pass 3)",generic/businesswoman,2,worker_event,,roulette/event (server-scheduled),dominated,0,0,0,1000,30,40,50
9,教師,Teacher,keep,"EN-matched, already named in English (pass 3)",nerd/generic,1,worker_event,,roulette/event (server-scheduled),dominated,0,0,0,1000,40,30,30
10,教師,Teacher,keep,"EN-matched, already named in English (pass 3)",nerd/oldlady,1,worker_event,,roulette/event (server-scheduled),dominated,0,0,0,1000,40,30,30
11,会計士,Accountant,keep,"EN-matched, already named in English (pass 3)",businessman/oldman,4,worker_event,,roulette/event (server-scheduled),dominated,0,0,0,1000,40,40,20
12,ヨガの先生,Yoga Instructor,keep,"EN-matched, already named in English (pass 3)",firefighter/cutegirl,1,worker_event,,roulette/event (server-scheduled),dominated,0,0,0,1000,40,50,30
13,ビジネスマン,Businessman,keep,"EN-matched, already named in English (pass 3)",businessman/faris,3,worker_event,,roulette/event (server-scheduled),dominated,0,0,0,1000,40,30,40
14,ビジネスマン,Businessman,keep,"EN-matched, already named in English (pass 3)",businessman/,7,worker_event,,roulette/event (server-scheduled),dominated,0,0,0,900,40,30,40
15,OL,Businesswoman,keep,"EN-matched, already named in English (pass 3)",businesswoman/,7,worker_event,,roulette/event (server-scheduled),dominated,0,0,0,900,40,30,40
16,政治家,Politician,keep,"EN-matched, already named in English (pass 3)",businessman/,7,worker_store,,store (cash),,6,100,0,900,40,30,50
17,政治家,Politician,keep,"EN-matched, already named in English (pass 3)",businesswoman/,7,worker_store,,store (cash),,2,100,0,900,40,30,50
18,企業幹部,Executive,keep,"EN-matched, already named in English (pass 3)",businessman/,7,worker_store,,store (cash),,9,750,0,900,40,30,70
19,企業幹部,Executive,keep,"EN-matched, already named in English (pass 3)",businesswoman/,7,worker_store,,store (cash),,9,750,0,900,40,30,70
20,社長,CEO,keep,"EN-matched, already named in English (pass 3)",businessman/,7,worker_store,,store (cash),,12,1500,0,900,40,30,100
21,社長,CEO,keep,"EN-matched, already named in English (pass 3)",businesswoman/,7,worker_store,,store (cash),,12,1500,0,900,40,30,100
22,退職者,Retiree,keep,"EN-matched, already named in English (pass 3)",oldman/,2,worker_event,,roulette/event (server-scheduled),dominated,0,0,0,700,10,20,60
23,退職者,Retiree,keep,"EN-matched, already named in English (pass 3)",genericfemale/oldlady,2,worker_event,,roulette/event (server-scheduled),dominated,0,0,0,700,10,20,60
24,退役軍人,Veteran,keep,"EN-matched, already named in English (pass 3)",firefighter/oldman,2,worker_store,,store (cash),,0,100,0,1000,20,60,60
25,100歳,Centenarian,keep,"EN-matched, already named in English (pass 3)",oldman/,2,worker_event,,roulette/event (server-scheduled),dominated,6,0,0,500,10,20,60
26,10代,Teenager,keep,"EN-matched, already named in English (pass 3)",teen/,8,worker_event,,roulette/event (server-scheduled),dominated,0,0,0,850,70,40,10
27,パンク,Punk,keep,"EN-matched, already named in English (pass 3)",teen/,8,worker_store,,store (cash),,7,500,0,850,80,50,10
28,落ちこぼれ,Underachiever,keep,"EN-matched, already named in English (pass 3)",teen/omar,1,worker_event,,roulette/event (server-scheduled),dominated,0,0,0,800,50,40,10
29,クラスの笑い者,Class Clown,keep,"EN-matched, already named in English (pass 3)",teen/,8,worker_store,,store (cash),,11,750,0,900,70,40,60
30,オタク,Nerd,keep,"EN-matched, already named in English (pass 3)",nerd/,3,worker_store,,store (cash),,2,200,0,650,70,20,40
31,数学マニア,Mathlete,keep,"EN-matched, already named in English (pass 3)",businessman/nerd,1,worker_store,,store (cash),,2,750,0,650,90,40,30
32,情報主任,CIO,keep,"EN-matched, already named in English (pass 3)",oldman/nerd,1,worker_store,,store (cash),,10,1500,0,750,80,30,80
33,肉体労働者,Construction Worker,keep,"EN-matched, already named in English (pass 3)",teen/constructionworker,2,worker_store,,store (cash),,3,250,0,1400,30,90,10
34,エンジニア,Engineer,keep,"EN-matched, already named in English (pass 3)",constructionworker/,1,worker_store,,store (cash),,4,500,0,1400,30,70,20
35,現場監督,Foreman,keep,"EN-matched, already named in English (pass 3)",businessman/constructionworker,1,worker_store,,store (cash),,7,1500,0,1500,40,80,30
36,警官,Cop,keep,"EN-matched, already named in English (pass 3)",officer/,1,worker_store,,store (toxin),,5,1,1,1400,60,70,20
37,交通警官,Traffic Cop,keep,"EN-matched, already named in English (pass 3)",constructionworker/officer,1,worker_store,,store (toxin),,10,1,1,1400,50,60,30
38,巡査部長,Sergeant,keep,"EN-matched, already named in English (pass 3)",businessman/officer,2,worker_store,,store (toxin),,7,10,1,1500,50,80,70
39,地元の英雄,Local Hero,keep,"EN-matched, already named in English (pass 3)",officer/omar,3,worker_store,,store (toxin),,8,10,1,1600,60,70,60
40,ボクサー,Boxer,keep,"EN-matched, already named in English (pass 3)",boxer/,8,worker_store,,store (toxin),,7,15,1,2250,70,90,10
41,ボクサーくずれ,Washed-Up Boxer,keep,"EN-matched, already named in English (pass 3)",boxer/,8,worker_store,,store (toxin),,15,1,1,1500,50,70,20
42,チャンピオン,Champion,keep,"EN-matched, already named in English (pass 3)",boxer/,8,worker_store,,store (toxin),dominated,7,20,1,2500,80,100,60
43,アメフト選手,Football Player,keep,"EN-matched, already named in English (pass 3)",footballplayer/,1,worker_store,,store (toxin),,3,10,1,1600,70,70,10
44,控え選手,Benchwarmer,keep,"EN-matched, already named in English (pass 3)",generic/footballplayer,1,worker_store,,store (toxin),dominated,15,1,1,1300,50,50,10
45,花形選手,Star Player,keep,"EN-matched, already named in English (pass 3)",footballplayer/generic,3,worker_store,,store (toxin),,7,15,1,1800,90,80,30
46,ピエロ,Clown,keep,"EN-matched, already named in English (pass 3)",clown/,1,worker_store,,store (toxin),,8,8,1,1100,50,50,100
47,とぼけたピエロ,Stoogey the Clown,keep,"EN-matched, already named in English (pass 3)",teen/clown,4,worker_store,,store (toxin),,8,12,1,1300,90,50,100
48,消防士,Fire Fighter,keep,"EN-matched, already named in English (pass 3)",firefighter/,1,worker_store,,store (cash),,9,750,0,1200,60,70,40
49,消防署長,Fire Chief,keep,"EN-matched, already named in English (pass 3)",businessman/firefighter,1,worker_store,,store (cash),,10,1800,0,1400,50,80,60
50,力士,Sumo Wrestler,keep,"EN-matched, already named in English (pass 3)",sumowrestler/,5,worker_store,,store (toxin),,8,20,1,4000,50,100,10
51,セレブ,Celebrity,keep,"EN-matched, already named in English (pass 3)",model/,5,worker_store,,store (toxin),,10,5,1,800,70,40,90
52,スーパーモデル,Supermodel,keep,"EN-matched, already named in English (pass 3)",model/,5,worker_store,,store (toxin),,12,10,1,800,100,40,80
53,映画スター,Movie Star,keep,"EN-matched, already named in English (pass 3)",model/,5,worker_store,,store (toxin),,12,15,1,1000,80,50,100
54,ライバルのシェフ,Enemy Chef,keep,"EN-matched, already named in English (pass 3)",enemyChef/,1,enemy_chef,,roulette/event (server-scheduled),dominated,255,0,0,1000,50,50,50
55,シェフ,Chef,keep,playable chef (owner-approved set; do not edit),enemyChef/generic,2,chef,,roulette/event (server-scheduled),,0,0,0,900,50,40,30
56,シェフ,Chef,keep,playable chef (owner-approved set; do not edit),enemyChef/genericfemale,2,chef,,roulette/event (server-scheduled),,0,0,0,900,50,40,30
57,シェフ,Chef,keep,playable chef (owner-approved set; do not edit),enemyChef/businessman,2,chef,,roulette/event (server-scheduled),,0,0,0,900,50,40,30
58,シェフ,Chef,keep,playable chef (owner-approved set; do not edit),enemyChef/businesswoman,2,chef,,roulette/event (server-scheduled),,0,0,0,900,50,40,30
59,シェフ,Chef,keep,playable chef (owner-approved set; do not edit),enemyChef/cutegirl,2,chef,,roulette/event (server-scheduled),,0,0,0,900,50,40,30
60,シェフ,Chef,keep,playable chef (owner-approved set; do not edit),enemyChef/teen,2,chef,,roulette/event (server-scheduled),,0,0,0,900,50,40,30
61,シェフ,Chef,keep,playable chef (owner-approved set; do not edit),enemyChef/faris,2,chef,,roulette/event (server-scheduled),,0,0,0,900,50,40,30
62,シェフ,Chef,keep,playable chef (owner-approved set; do not edit),enemyChef/nerd,2,chef,,roulette/event (server-scheduled),,0,0,0,900,50,40,30
63,シェフ,Chef,keep,playable chef (owner-approved set; do not edit),enemyChef/omar,2,chef,,roulette/event (server-scheduled),,0,0,0,900,50,40,30
64,ライバルシェフ,Enemy Chef,keep,"EN-matched, already named in English (pass 3)",enemyChef/enemychefgeneric,2,enemy_chef,,roulette/event (server-scheduled),dominated,255,0,0,1000,50,50,50
65,ライバルシェフ,Enemy Chef,keep,"EN-matched, already named in English (pass 3)",enemyChef/enemychefdiner,2,enemy_chef,,roulette/event (server-scheduled),dominated,255,0,0,1000,50,50,50
66,ライバルシェフ,Enemy Chef,keep,"EN-matched, already named in English (pass 3)",enemyChef/enemychefitalian,2,enemy_chef,,roulette/event (server-scheduled),dominated,255,0,0,1000,50,50,50
67,ライバルシェフ,Enemy Chef,keep,"EN-matched, already named in English (pass 3)",enemyChef/enemychefasian,2,enemy_chef,,roulette/event (server-scheduled),dominated,255,0,0,1000,50,50,50
68,ライバルシェフ,Enemy Chef,keep,"EN-matched, already named in English (pass 3)",enemyChef/enemycheftexmex,2,enemy_chef,,roulette/event (server-scheduled),dominated,255,0,0,1000,50,50,50
69,ライバルシェフ,Enemy Chef,keep,"EN-matched, already named in English (pass 3)",enemyChef/enemychefpub,2,enemy_chef,,roulette/event (server-scheduled),dominated,255,0,0,1000,50,50,50
70,ライバルシェフ,Enemy Chef,keep,"EN-matched, already named in English (pass 3)",enemyChef/enemycheffrench,2,enemy_chef,,roulette/event (server-scheduled),dominated,255,0,0,1000,50,50,50
71,マッドサイエンティストシェフ,Mad Scientist Chef,keep,"EN-matched, already named in English (pass 3)",enemyChef/enemychefscientist,2,enemy_chef,,roulette/event (server-scheduled),dominated,255,0,0,1000,50,50,50
72,シェフ,Chef,keep,playable chef (owner-approved set; do not edit),enemyChef/generic,2,chef,,store (toxin),,3,5,1,1200,50,50,60
73,シェフ,Chef,keep,playable chef (owner-approved set; do not edit),enemyChef/genericfemale,2,chef,,store (toxin),,3,5,1,1200,50,50,60
74,シェフ,Chef,keep,playable chef (owner-approved set; do not edit),enemyChef/businessman,2,chef,,store (toxin),,3,5,1,1200,50,50,60
75,シェフ,Chef,keep,playable chef (owner-approved set; do not edit),enemyChef/businesswoman,2,chef,,store (toxin),,3,5,1,1200,50,50,60
76,シェフ,Chef,keep,playable chef (owner-approved set; do not edit),enemyChef/cutegirl,2,chef,,store (toxin),,3,5,1,1200,50,50,60
77,シェフ,Chef,keep,playable chef (owner-approved set; do not edit),enemyChef/teen,2,chef,,store (toxin),,3,5,1,1200,50,50,60
78,シェフ,Chef,keep,playable chef (owner-approved set; do not edit),enemyChef/faris,2,chef,,store (toxin),,3,5,1,1200,50,50,60
79,シェフ,Chef,keep,playable chef (owner-approved set; do not edit),enemyChef/nerd,2,chef,,store (toxin),,3,5,1,1200,50,50,60
80,リアリティ番組のスター,Reality TV Star,keep,"EN-matched, already named in English (pass 3)",model/,5,worker_store,,store (toxin),,15,1,1,800,60,40,80
81,横綱,Yokozuna,keep,"EN-matched, already named in English (pass 3)",sumowrestler/,5,worker_store,,store (toxin),,12,30,1,5250,60,100,60
82,横綱,Yokozuna,keep,"EN-matched, already named in English (pass 3)",sumowrestler/,5,worker_store,,store (toxin),,255,50,1,5250,60,100,60
83,ミドル級,Middleweight,keep,"EN-matched, already named in English (pass 3)",boxer/,8,worker_store,,store (toxin),,15,12,1,1800,80,80,10
84,ミドル級,Middleweight,keep,"EN-matched, already named in English (pass 3)",boxer/,8,worker_store,,store (toxin),,255,12,1,1800,80,80,10
85,シェフ,Chef,keep,playable chef (owner-approved set; do not edit),enemyChef/omar,2,chef,,store (toxin),,3,5,1,1200,50,50,60
86,ベテラン刑事,Veteran Cop,keep,"EN-matched, already named in English (pass 3)",officer/oldman,1,worker_store,,store (toxin),,15,1,1,1250,60,70,60
87,アメフト選手,Football Player,keep,playable chef (owner-approved set; do not edit),enemyChef/footballplayer,2,chef,,store (cash),,3,100,0,1600,70,70,10
88,エンジニア,Engineer,keep,playable chef (owner-approved set; do not edit),enemyChef/constructionworker,2,chef,,store (cash),,4,200,0,1400,30,70,20
89,退職者,Retiree,keep,playable chef (owner-approved set; do not edit),enemyChef/oldlady,2,chef,,store (cash),,5,500,0,700,10,20,60
90,退役軍人,Veteran,keep,playable chef (owner-approved set; do not edit),enemyChef/oldman,2,chef,,store (cash),,6,800,0,1000,20,60,60
91,チャンピオン,Champion,keep,playable chef (owner-approved set; do not edit),enemyChef/boxer,3,chef,,store (cash),,7,1200,0,2500,80,100,60
92,地元の英雄,Local Hero,keep,playable chef (owner-approved set; do not edit),enemyChef/officer,2,chef,,store (cash),,8,1400,0,2600,100,70,60
93,とぼけたピエロ,Stoogey the Clown,keep,playable chef (owner-approved set; do not edit),enemyChef/clown,2,chef,,store (cash),,9,2400,0,1500,90,50,100
94,消防署長,Fire Chief,keep,playable chef (owner-approved set; do not edit),enemyChef/firefighter,2,chef,,store (cash),dominated,10,3200,0,1600,50,80,60
95,横綱,Yokozuna,keep,playable chef (owner-approved set; do not edit),enemyChef/sumowrestler,2,chef,,store (cash),,12,5000,0,5250,60,100,60
96,映画スター,Movie Star,keep,playable chef (owner-approved set; do not edit),enemyChef/model,2,chef,,store (cash),dominated,12,5000,0,1000,80,50,100
97,アメフト選手,Football Player,keep,playable chef (owner-approved set; do not edit),enemyChef/footballplayer,2,chef,,store (toxin),dominated,3,10,1,3200,70,70,10
98,エンジニア,Engineer,keep,playable chef (owner-approved set; do not edit),enemyChef/constructionworker,2,chef,,store (toxin),dominated,4,10,1,2800,30,70,20
99,退職者,Retiree,keep,playable chef (owner-approved set; do not edit),enemyChef/oldlady,2,chef,,store (toxin),dominated,5,5,1,1400,10,20,60
100,退役軍人,Veteran,keep,playable chef (owner-approved set; do not edit),enemyChef/oldman,2,chef,,store (toxin),,6,5,1,2000,20,60,60
101,チャンピオン,Champion,keep,playable chef (owner-approved set; do not edit),enemyChef/boxer,3,chef,,store (toxin),,7,20,1,5000,80,100,60
102,地元の英雄,Local Hero,keep,playable chef (owner-approved set; do not edit),enemyChef/officer,2,chef,,store (toxin),,8,10,1,5200,100,70,60
103,とぼけたピエロ,Stoogey the Clown,keep,playable chef (owner-approved set; do not edit),enemyChef/clown,2,chef,,store (toxin),,9,12,1,3000,90,50,100
104,消防署長,Fire Chief,keep,playable chef (owner-approved set; do not edit),enemyChef/firefighter,2,chef,,store (toxin),,10,10,1,3200,50,80,60
105,横綱,Yokozuna,keep,playable chef (owner-approved set; do not edit),enemyChef/sumowrestler,2,chef,,store (toxin),,12,50,1,10500,60,100,60
106,映画スター,Movie Star,keep,playable chef (owner-approved set; do not edit),enemyChef/model,2,chef,,store (toxin),,12,15,1,2000,80,50,100
107,ロボット,Robo,keep,playable chef (owner-approved set; do not edit),robot/,1,chef,,store (toxin),,8,50,1,5000,80,100,100
108,ジャック船長,Captain Jack,keep,playable chef (owner-approved set; do not edit),pirate/,1,chef,,store (toxin),dominated,10,50,1,5000,80,100,100
109,カフェのシェフ,Café Chef,keep,playable chef (owner-approved set; do not edit),enemyChef/enemychefgeneric,2,chef,,store (toxin),dominated,255,50,1,5000,50,50,50
110,ダイナーのシェフ,Diner Chef,keep,playable chef (owner-approved set; do not edit),enemyChef/enemychefdiner,2,chef,,store (toxin),dominated,255,50,1,5000,50,50,50
111,イタリア料理シェフ,Italian Chef,keep,playable chef (owner-approved set; do not edit),enemyChef/enemychefitalian,2,chef,,store (toxin),dominated,255,50,1,5000,50,50,50
112,アジア料理シェフ,Asian Chef,keep,playable chef (owner-approved set; do not edit),enemyChef/enemychefasian,2,chef,,store (toxin),dominated,255,50,1,5000,50,50,50
113,メキシコ料理シェフ,Tex-Mex Chef,keep,playable chef (owner-approved set; do not edit),enemyChef/enemycheftexmex,2,chef,,store (toxin),dominated,255,50,1,5000,50,50,50
114,パブのシェフ,Pub Chef,keep,playable chef (owner-approved set; do not edit),enemyChef/enemychefpub,2,chef,,store (toxin),dominated,255,50,1,5000,50,50,50
115,フランス料理シェフ,French Chef,keep,playable chef (owner-approved set; do not edit),enemyChef/enemycheffrench,2,chef,,store (toxin),dominated,255,50,1,5000,50,50,50
116,マッドサイエンティストシェフ,Mad Scientist Chef,keep,playable chef (owner-approved set; do not edit),enemyChef/enemychefscientist,2,chef,,store (toxin),dominated,255,50,1,5000,50,50,50
117,一等兵,Private,keep,"EN-matched, already named in English (pass 3)",military/teen,1,worker_store,,store (cash),,0,600,0,1000,50,50,20
118,大佐,Colonel,keep,"EN-matched, already named in English (pass 3)",military/businessman,3,worker_store,,store (toxin),dominated,7,10,1,1500,60,60,20
119,伍長,Corporal,keep,"EN-matched, already named in English (pass 3)",military/military,2,worker_store,,store (toxin),,9,15,1,2500,60,80,20
120,老いぼれヒッピー,Old Hippie,keep,"EN-matched, already named in English (pass 3)",hippie/oldman,2,worker_store,,store (cash),dominated,4,400,0,800,20,40,50
121,青年ヒッピー,Young Male Hippie,keep,"EN-matched, already named in English (pass 3)",hippie/teen,2,worker_store,,store (cash),,6,800,0,1000,30,40,50
122,女性ヒッピー,Young Female Hippie,keep,"EN-matched, already named in English (pass 3)",hippie/hippie,2,worker_store,,store (cash),dominated,8,1500,0,1000,30,40,50
123,大佐シェフ,Corporal Chef,keep,playable chef (owner-approved set; do not edit),enemyChef/military,2,chef,,store (cash),dominated,9,2000,0,1500,60,80,20
124,ヒッピーシェフ,Hippie Chef,keep,playable chef (owner-approved set; do not edit),enemyChef/hippie,2,chef,,store (cash),,4,400,0,800,20,40,50
125,大佐シェフ,Corporal Chef,keep,playable chef (owner-approved set; do not edit),enemyChef/military,2,chef,,store (toxin),dominated,9,40,1,5000,60,80,20
126,ヒッピーシェフ,Hippie Chef,keep,playable chef (owner-approved set; do not edit),enemyChef/hippie,2,chef,,store (toxin),dominated,4,5,1,1600,20,40,50
127,フランケン,Frankenstein,keep,playable chef (owner-approved set; do not edit),enemyChef/Frankenstein,1,chef,,store (toxin),,255,100,1,12000,90,100,70
128,ミイラ女のシェフ,Mummy Chef,keep,playable chef (owner-approved set; do not edit),FrankieFemaleMummy/femaleMummy,1,chef,,store (toxin),,5,5,1,2400,20,40,50
129,ミイラ男のシェフ,Male Mummy Chef,keep,playable chef (owner-approved set; do not edit),FrankieMaleMummy/maleMummy,1,chef,,store (toxin),,6,5,1,2400,20,40,50
130,魔女のシェフ,Witch Chef,keep,playable chef (owner-approved set; do not edit),FrankieWitch/witch,1,chef,,store (toxin),dominated,7,20,1,3600,60,80,20
131,狼男のシェフ,Wolfman Chef,keep,playable chef (owner-approved set; do not edit),FrankieWolfman/wolfman,1,chef,,store (toxin),,8,40,1,5000,80,50,100
132,ミイラ女,Mummy Woman,keep,"EN-matched, already named in English (pass 3)",femaleMummy/femaleMummy,2,worker_store,,store (cash),,5,1000,0,1200,20,40,50
133,ミイラ男,Mummy Man,keep,"EN-matched, already named in English (pass 3)",maleMummy/maleMummy,2,worker_store,,store (cash),,6,1000,0,1200,20,40,50
134,魔女,Witch,keep,"EN-matched, already named in English (pass 3)",witch/witch,2,worker_store,,store (toxin),,7,10,1,1800,60,80,20
135,人狼,Werewolf,keep,"EN-matched, already named in English (pass 3)",wolfman/wolfman,9,worker_store,,store (toxin),,8,20,1,2500,80,50,100
136,メイド,,keep,playable chef (owner-approved set; do not edit),maid/maid,5,chef,,store (toxin),,15,1,1,1300,30,40,100
137,執事,,keep,playable chef (owner-approved set; do not edit),butler/butler,2,chef,,store (toxin),,255,130,1,15000,100,80,80
138,メイドロボ,,keep,unique flavor text + competitive stats,maid/maid,5,worker_store,,store (toxin),,20,25,1,3000,100,70,10
139,メイドカフェの敵メイド,,uncertain,"recycled text, competitive stats — needs review",MaidCafeMaid/MaidCafeMaid,1,worker_event,,roulette/event (server-scheduled),,0,0,0,1300,30,40,100
140,メイドカフェの敵オタク,,uncertain,unique art but recycled text and dominated stats — art-only value,MaidCafeNerd/MaidCafeNerd,1,worker_event,,roulette/event (server-scheduled),dominated,0,0,0,900,50,40,30
141,ストロー級,Strawweight,keep,"EN-matched, already named in English (pass 3)",boxer/,8,worker_store,,store (toxin),,255,5,1,1650,60,80,20
142,ウエルター級,Welterweight,keep,"EN-matched, already named in English (pass 3)",boxer/,8,worker_store,,store (toxin),,255,17,1,2000,80,90,20
143,２階級制覇,Two-Division Champ,keep,"EN-matched, already named in English (pass 3)",boxer/,8,worker_store,,store (toxin),,255,50,1,4000,90,100,90
144,ビジネスマン＋１,Businessman +1,keep,"EN-matched, already named in English (pass 3)",businessman/faris,3,worker_store,,store (cash),,255,1500,0,1000,50,40,50
145,企業戦士,Corporate Warrior,keep,"EN-matched, already named in English (pass 3)",businessman/faris,3,worker_store,,store (toxin),,255,5,1,1500,60,50,60
146,会計士＋１,Accountant +1,keep,"EN-matched, already named in English (pass 3)",businessman/oldman,4,worker_store,,store (cash),dominated,255,1500,0,1100,50,50,40
147,警部,Police Inspector,keep,"EN-matched, already named in English (pass 3)",businessman/officer,2,worker_store,,store (toxin),,255,15,1,1600,60,90,70
148,政治家くずれ,Washed-Up Politician,keep,"EN-matched, already named in English (pass 3)",businessman/,7,worker_store,,store (toxin),,255,1500,10,900,40,30,40
149,官僚,Bureaucrat,keep,"EN-matched, already named in English (pass 3)",businessman/,7,worker_store,,store (toxin),,255,12,1,1500,80,50,70
150,大臣,,uncertain,unique flavor text (joke value) but stat-dominated,butler/oldman,1,worker_store,,store (toxin),dominated,255,50,1,3000,70,70,100
151,監査役,Auditor,keep,"EN-matched, already named in English (pass 3)",businessman/,7,worker_store,,store (cash),,255,3000,0,1000,50,40,100
152,OL＋１,Businesswoman +1,keep,"EN-matched, already named in English (pass 3)",businesswoman/,7,worker_store,,store (cash),,255,1500,0,1000,50,40,50
153,企業戦士,Corporate Warrior,keep,"EN-matched, already named in English (pass 3)",businesswoman/,7,worker_store,,store (toxin),,255,5,1,1500,60,50,60
154,ボーイ,,keep,unique flavor text + competitive stats,butler/faris,1,worker_store,,store (cash),,255,1500,0,1000,50,30,80
155,指揮者,,keep,unique flavor text + competitive stats,butler/businesswoman,1,worker_store,,store (cash),,255,2000,0,1000,60,20,80
156,ミイラ女＋１,Mummy Woman +1,keep,"EN-matched, already named in English (pass 3)",femaleMummy/femaleMummy,2,worker_store,,store (cash),dominated,255,2000,0,1300,30,50,60
157,ミイラ男＋１,Mummy Man +1,keep,"EN-matched, already named in English (pass 3)",maleMummy/maleMummy,2,worker_store,,store (cash),dominated,255,2000,0,1300,30,50,60
158,ヨガの大先生,,keep,unique flavor text + competitive stats,firefighter/oldlady,2,worker_store,,store (toxin),,255,5,1,1100,60,70,50
159,ヨガの達人,,keep,unique flavor text + competitive stats,firefighter/oldlady,2,worker_store,,store (toxin),,255,10,1,1200,70,80,60
160,退役軍人＋１,Veteran +1,keep,"EN-matched, already named in English (pass 3)",firefighter/oldman,2,worker_store,,store (cash),,255,1500,0,1100,30,70,70
161,伝説の選手,Legendary Player,keep,"EN-matched, already named in English (pass 3)",footballplayer/generic,3,worker_store,,store (toxin),,255,20,1,2000,90,90,50
162,アイアムレジェンド,I Am Legend,keep,"EN-matched, already named in English (pass 3)",footballplayer/generic,3,worker_store,,store (toxin),,255,50,1,2500,90,90,100
163,テレフォンアポインター＋１,Telemarketer +1,keep,"EN-matched, already named in English (pass 3)",generic/businesswoman,2,worker_store,,store (cash),dominated,255,1500,0,1100,30,50,70
164,怠け者＋１,Couch Potato +1,keep,"EN-matched, already named in English (pass 3)",nerd/faris,15,worker_store,,store (cash),,255,1500,0,1500,50,50,30
165,退職者＋１,Retiree +1,keep,"EN-matched, already named in English (pass 3)",genericfemale/oldlady,2,worker_store,,store (cash),dominated,255,1500,0,800,20,20,80
166,手遅れヒッピー,Hopeless Hippie,keep,"EN-matched, already named in English (pass 3)",hippie/oldman,2,worker_store,,store (cash),dominated,255,1500,0,900,30,50,60
167,青年ヒッピー＋１,Young Male Hippie +1,keep,"EN-matched, already named in English (pass 3)",hippie/teen,2,worker_store,,store (cash),,255,1500,0,1100,40,50,60
168,女性ヒッピー＋１,Young Female Hippie +1,keep,"EN-matched, already named in English (pass 3)",hippie/hippie,2,worker_store,,store (cash),dominated,255,2000,0,1100,40,50,60
169,ヒッピーオタク,,keep,unique flavor text + competitive stats,hippie/nerd,1,worker_store,,store (cash),,255,2000,0,1000,60,40,50
170,元伍長,,uncertain,unique flavor text (joke value) but stat-dominated,businessman/military,1,worker_store,,store (toxin),dominated,255,2000,1,1000,60,80,20
171,女兵士,,keep,unique flavor text + competitive stats,military/cutegirl,2,worker_store,,store (toxin),,255,7,1,1500,70,60,50
172,超女兵士,,keep,unique flavor text + competitive stats,military/cutegirl,2,worker_store,,store (toxin),,255,20,1,2500,80,80,50
173,中尉,Lieutenant,keep,"EN-matched, already named in English (pass 3)",military/businessman,3,worker_store,,store (toxin),,255,12,1,1600,70,60,30
174,大尉,Captain,keep,"EN-matched, already named in English (pass 3)",military/businessman,3,worker_store,,store (toxin),,255,15,1,2000,80,60,40
175,少将,Major General,keep,"EN-matched, already named in English (pass 3)",military/military,2,worker_store,,store (toxin),,255,17,1,2500,70,70,50
176,元帥,,uncertain,unique flavor text (joke value) but stat-dominated,military/oldman,1,worker_store,,store (toxin),dominated,255,50,1,3500,30,90,70
177,ウルトラモデル,Ultra Model,keep,"EN-matched, already named in English (pass 3)",model/,5,worker_store,,store (toxin),dominated,255,30,1,800,100,10,90
178,女子アナ,News Anchor,keep,"EN-matched, already named in English (pass 3)",businesswoman/,7,worker_store,,store (toxin),,255,2,1,1000,70,30,70
179,教頭,,keep,unique flavor text + competitive stats,businessman/generic,1,worker_store,,store (toxin),,255,5,1,1200,50,40,70
180,教頭,,keep,unique flavor text + competitive stats,businessman/oldlady,1,worker_store,,store (toxin),,255,5,1,1200,50,40,70
181,校長,Principal,keep,"EN-matched, already named in English (pass 3)",businessman/oldman,4,worker_store,,store (toxin),,255,10,1,1400,50,60,80
182,校長,Principal,keep,"EN-matched, already named in English (pass 3)",businesswoman/oldlady,1,worker_store,,store (toxin),,255,10,1,1400,50,60,80
183,教育委員会長,School Board Chief,keep,"EN-matched, already named in English (pass 3)",businessman/oldman,4,worker_store,,store (toxin),dominated,255,15,1,1500,60,70,90
184,妄想戦士,Daydream Warrior,keep,"EN-matched, already named in English (pass 3)",nerd/,3,worker_store,,store (cash),dominated,255,1500,0,650,80,30,20
185,ゲームプログラマー,Game Programmer,keep,"EN-matched, already named in English (pass 3)",nerd/,3,worker_store,,store (cash),,255,2000,0,1200,90,10,20
186,ネゴシエイター,,keep,unique flavor text + competitive stats,officer/boxer,2,worker_store,,store (toxin),,255,15,1,1500,60,80,100
187,ネゴシエイター＋１,,keep,unique flavor text + competitive stats,officer/boxer,2,worker_store,,store (toxin),,255,30,1,2000,60,80,100
188,秘密警察,Secret Police,keep,"EN-matched, already named in English (pass 3)",officer/omar,3,worker_store,,store (toxin),dominated,255,20,1,2200,70,80,60
189,幕外,Rookie Sumo,keep,"EN-matched, already named in English (pass 3)",sumowrestler/,5,worker_store,,store (toxin),,255,25,1,3000,50,80,10
190,大関,Ozeki,keep,"EN-matched, already named in English (pass 3)",sumowrestler/,5,worker_store,,store (toxin),,255,40,1,4500,50,100,10
191,10代＋１,Teenager +1,keep,"EN-matched, already named in English (pass 3)",teen/,8,worker_store,,store (cash),,255,1500,0,950,70,50,20
192,なりたてピエロ,Rookie Clown,keep,"EN-matched, already named in English (pass 3)",teen/clown,4,worker_store,,store (toxin),,255,6,1,1300,80,40,90
193,おまぬけピエロ,Goofy Clown,keep,"EN-matched, already named in English (pass 3)",teen/clown,4,worker_store,,store (toxin),,255,15,1,1300,100,50,100
194,ピエロマスター,Clown Master,keep,"EN-matched, already named in English (pass 3)",teen/clown,4,worker_store,,store (toxin),,255,50,1,3000,100,70,100
195,現場の鬼,Demon Foreman,keep,"EN-matched, already named in English (pass 3)",teen/constructionworker,2,worker_store,,store (toxin),,255,15,1,2500,50,90,10
196,ミュージシャン気取り,Wannabe Musician,keep,"EN-matched, already named in English (pass 3)",teen/,8,worker_store,,store (cash),dominated,255,1500,0,850,60,40,10
197,インディーズバンド,Indie Rocker,keep,"EN-matched, already named in English (pass 3)",teen/,8,worker_store,,store (cash),,255,2000,0,1050,80,60,30
198,プロロッカー,Pro Rocker,keep,"EN-matched, already named in English (pass 3)",teen/,8,worker_store,,store (toxin),,255,10,1,1250,80,70,60
199,プロロッカー＋１,Pro Rocker +1,keep,"EN-matched, already named in English (pass 3)",teen/,8,worker_store,,store (toxin),,255,15,1,1450,80,80,90
200,魔女長,Head Witch,keep,"EN-matched, already named in English (pass 3)",witch/witch,2,worker_store,,store (toxin),,255,15,1,2000,60,90,40
201,魔女っ娘,,keep,unique flavor text + competitive stats,witch/majokko,1,worker_store,,store (toxin),,255,50,1,2500,100,80,100
202,人狼王,Werewolf King,keep,"EN-matched, already named in English (pass 3)",wolfman/wolfman,9,worker_store,,store (toxin),,255,50,1,4000,80,100,100
203,究極の人狼,Ultimate Werewolf,keep,"EN-matched, already named in English (pass 3)",wolfman/wolfman,9,worker_store,,store (toxin),,255,70,1,5000,80,100,100
204,秘密警察署長,Secret Police Chief,keep,"EN-matched, already named in English (pass 3)",officer/omar,3,worker_store,,store (toxin),,255,20,1,2500,70,80,70
205,バイトリーダー,Shift Leader,keep,"EN-matched, already named in English (pass 3)",nerd/faris,15,worker_store,,store (cash),dominated,255,1500,0,1100,50,50,40
206,バイト戦士,Part-Time Warrior,keep,"EN-matched, already named in English (pass 3)",nerd/faris,15,worker_store,,store (toxin),,255,5,1,1200,60,60,50
207,フランケンボクサー,,uncertain,unique flavor text (joke value) but stat-dominated,boxer/Frankenstein,1,worker_store,,store (toxin),dominated,255,100,1,5000,100,90,70
208,フランケンビジネス,,uncertain,unique flavor text (joke value) but stat-dominated,businessman/Frankenstein,1,worker_store,,store (toxin),dominated,255,100,1,5000,70,90,100
209,フランケンアーミー,,uncertain,unique flavor text (joke value) but stat-dominated,military/Frankenstein,1,worker_store,,store (toxin),dominated,255,100,1,5000,90,100,70
210,マッドサイエンティスト,,uncertain,unique flavor text (joke value) but stat-dominated,Rare_enemychefscientist/Rare_enemychefscientist,1,worker_store,,store (toxin),dominated,255,70,1,4000,70,70,100
211,ロボット,Robo,keep,"EN-matched, already named in English (pass 3)",Rare_robot/Rare_robot,1,worker_store,,store (toxin),dominated,255,80,1,5000,80,100,100
212,海賊,,uncertain,unique art but recycled text and dominated stats — art-only value,Rare_pirate/Rare_pirate,1,worker_store,,store (toxin),dominated,255,70,1,4500,80,100,100
213,執事,,uncertain,unique flavor text (joke value) but stat-dominated,Rare_butler/Rare_butler,1,worker_store,,store (toxin),dominated,255,80,1,5000,100,80,80
214,東洋のゾンビ,,keep,unique flavor text + competitive stats,Kyonshi_child/Kyonshi_child,2,worker_store,event_kyonshi,store (toxin),,12,20,1,2000,90,60,70
215,東洋のゾンビ,,keep,unique flavor text + competitive stats,Kyonshi_man/Kyonshi_man,3,worker_store,event_kyonshi,store (toxin),,12,20,1,2000,60,90,80
216,東洋のゾンビ,,keep,unique flavor text + competitive stats,Kyonshi_woman/Kyonshi_woman,2,worker_store,event_kyonshi,store (toxin),,12,20,1,2000,80,60,100
217,東洋のゾンビ,,keep,playable chef (owner-approved set; do not edit),KyonshiShop_man/KyonshiShop_man,1,chef,event_kyonshi,store (toxin),,255,100,1,13000,100,80,80
218,東洋のゾンビショップの東洋のゾンビチャイルド,,uncertain,unique flavor text (joke value) but stat-dominated,KyonshiShop_child/KyonshiShop_child,1,worker_event,event_kyonshi,roulette/event (server-scheduled),dominated,0,0,0,1300,50,50,50
219,東洋のゾンビショップの東洋のゾンビウーマン,,uncertain,unique flavor text (joke value) but stat-dominated,KyonshiShop_woman/KyonshiShop_woman,1,worker_event,event_kyonshi,roulette/event (server-scheduled),dominated,0,0,0,1300,30,30,30
220,アジアンゾンビスター,,keep,unique flavor text + competitive stats,Kyonshi_child/Kyonshi_child,2,worker_store,,store (toxin),,255,70,1,4500,100,70,100
221,メイドロボＭｋ－２,,keep,unique flavor text + competitive stats,maid/Rare_robot,2,worker_store,,store (toxin),,255,80,1,5000,100,80,100
222,フランケンの花嫁,Bride of Frankenstein,keep,"EN-matched, already named in English (pass 3)",femaleMummy/BrideOfFrankenstein,1,worker_store,,store (toxin),dominated,255,70,1,4500,80,90,90
223,エイリアン,,uncertain,unique flavor text (joke value) but stat-dominated,Rare_robot/Martian,1,worker_store,,store (toxin),dominated,255,80,1,5000,90,80,50
224,レプラコーン,Evil Leprechaun,keep,playable chef (owner-approved set; do not edit),enemyChef/Leprechaun,1,chef,,store (toxin),,255,75,1,12000,90,50,100
225,ラーメン屋店員,,keep,unique flavor text + competitive stats,Kyonshi_man/generic,1,worker_store,,store (cash),,11,5000,0,1800,70,70,70
226,ラーメン屋店員,,keep,unique flavor text + competitive stats,Kyonshi_woman/cutegirl,1,worker_store,,store (cash),,11,5000,0,1800,70,70,70
227,ラーメン屋店長,,keep,unique flavor text + competitive stats,Kyonshi_man/omar,1,worker_store,,store (toxin),,11,18,1,2100,70,80,80
228,非業のレーサー,,keep,unique flavor text + competitive stats,maleRacer/faris,1,worker_store,,store (toxin),,255,60,1,4500,120,70,10
229,非業のレースクイーン,,keep,unique flavor text + competitive stats,femaleRacer/model,1,worker_store,,store (toxin),,255,60,1,4500,120,70,10
230,親方,,keep,unique flavor text + competitive stats,firefighter/sumowrestler,1,worker_store,,store (cash),,11,100000,0,6500,20,30,100
231,モヒカン,,keep,unique flavor text + competitive stats,teen/boxer,1,worker_store,,store (cash),,11,500,0,1300,40,40,40
232,土管工,,keep,unique flavor text + competitive stats,clown/firefighter,1,worker_store,,store (cash),,11,5000,0,3000,50,50,30
233,大道芸人,,keep,unique flavor text + competitive stats,generic/clown,1,worker_store,,store (cash),,11,4000,0,2500,50,40,60
234,消KAレッド,,keep,unique flavor text + competitive stats,Ranger_Red/Ranger_Red,2,worker_store,,store (toxin),,255,100,1,6000,70,110,70
235,HAKA士ブルー,,uncertain,unique flavor text (joke value) but stat-dominated,Ranger_Blue/Ranger_Blue,2,worker_store,,store (toxin),dominated,255,100,1,5000,80,70,100
236,ドスKOIイエロー,,uncertain,unique flavor text (joke value) but stat-dominated,Ranger_Yellow/Ranger_Yellow,2,worker_store,,store (toxin),dominated,255,100,1,7000,60,100,70
237,軍SOグリーン,,uncertain,unique flavor text (joke value) but stat-dominated,Ranger_Green/Ranger_Green,2,worker_store,,store (toxin),dominated,255,100,1,6500,90,110,20
238,コスPlayX2000ピンク,,keep,unique flavor text + competitive stats,Ranger_Pink/Ranger_Pink,2,worker_store,,store (toxin),,255,100,1,5500,110,70,100
239,？？？,,uncertain,unique flavor text (joke value) but stat-dominated,businessman/unknown,1,worker_event,,roulette/event (server-scheduled),dominated,255,0,0,100,10,10,10
240,下忍,,keep,unique flavor text + competitive stats,Ninjaman/Ninjaman,3,worker_store,,store (cash),,13,10000,0,1500,100,40,30
241,中忍,,keep,unique flavor text + competitive stats,Ninjawoman/Ninjawoman,4,worker_store,,store (toxin),,13,20,1,2000,110,50,40
242,上忍,,keep,unique flavor text + competitive stats,Ninjaman/Ninjaman,3,worker_store,,store (toxin),,13,30,1,3500,120,60,50
243,特忍,,uncertain,unique flavor text (joke value) but stat-dominated,Ninjawoman/Ninjawoman,4,worker_store,,store (toxin),dominated,255,100,1,4500,130,70,60
244,お頭,,uncertain,"recycled text, competitive stats — needs review",Ninjareader/Ninjareader,4,worker_store,,store (toxin),,255,130,1,6000,140,70,70
245,お頭,,keep,playable chef (owner-approved set; do not edit),Ninjareader/Ninjareader,4,chef,,store (toxin),,255,130,1,13000,140,70,70
246,火星人サイエンティスト,Martian Scientist,keep,"EN-matched, already named in English (pass 3)",martian1/martian1,1,worker_store,,store (cash),,7,30000,0,2500,80,50,50
247,火星人ソルジャー,Martian Soldier,keep,"EN-matched, already named in English (pass 3)",martian2/martian2,4,worker_store,,store (toxin),,7,20,1,3500,80,100,60
248,火星人コマンダー,Martian Commander,keep,"EN-matched, already named in English (pass 3)",martian3/martian3,2,worker_store,,store (toxin),,8,20,1,4000,70,60,100
249,火星人ドクター,Martian Doctor,keep,"EN-matched, already named in English (pass 3)",martian4/martian4,1,worker_store,,store (cash),,7,30000,0,2500,50,50,70
250,火星人ブレイン,,keep,unique flavor text + competitive stats,MarsAlien/MarsAlien,1,worker_store,,store (toxin),,255,110,1,6250,110,70,100
251,金星人,,uncertain,"recycled text, competitive stats — needs review",Venusian/Venusian,3,worker_store,,store (toxin),,255,130,1,6500,90,110,100
252,金星人シェフ,,keep,playable chef (owner-approved set; do not edit),Venusian/Venusian,3,chef,,store (toxin),,255,130,1,14000,90,110,100
253,豪力の滅兎,,uncertain,unique flavor text (joke value) but stat-dominated,Ninjaman/footballplayer,1,worker_store,,store (toxin),dominated,255,150,1,7000,60,120,60
254,疾風の卑妃,,uncertain,unique flavor text (joke value) but stat-dominated,Ninjawoman/hippie,1,worker_store,,store (toxin),dominated,255,150,1,6500,140,70,60
255,勤勉の龍,,keep,unique flavor text + competitive stats,Ninjaman/faris,1,worker_store,,store (toxin),,255,150,1,6750,110,70,70
256,チップの独,,keep,unique flavor text + competitive stats,Ninjaman/Rare_enemychefscientist,1,worker_store,,store (toxin),,255,150,1,6500,120,80,100
257,エイリアン忍者,,keep,unique flavor text + competitive stats,Ninjaman/Venusian,1,worker_store,,store (toxin),,255,170,1,6500,130,100,90
258,スケルトン,,keep,unique flavor text + competitive stats,skelton/skelton,4,worker_store,,store (cash),,14,20000,0,4000,40,60,50
259,ブロンズナイト,,uncertain,unique flavor text (joke value) but stat-dominated,Brondsknight/Brondsknight,2,worker_store,,store (toxin),dominated,255,120,1,7800,40,130,60
260,シルバーナイト,Silver Knight,keep,"EN-matched, already named in English (pass 3)",knight/knight,3,worker_store,,store (toxin),,255,130,1,7900,40,130,70
261,ゴールドナイト,,keep,unique flavor text + competitive stats,Goldknight/Goldknight,3,worker_store,,store (toxin),,255,140,1,8000,40,130,80
262,ダイヤモンドナイト,,keep,unique flavor text + competitive stats,Diamondknight/Diamondknight,1,worker_store,,store (toxin),,255,200,1,10000,50,130,100
263,スケルトンナイト銅,,uncertain,unique flavor text (joke value) but stat-dominated,Brondsknight/skelton,1,worker_store,,store (toxin),dominated,255,120,1,7800,80,80,40
264,スケルトンナイト銀,,uncertain,unique flavor text (joke value) but stat-dominated,knight/skelton,1,worker_store,,store (toxin),dominated,255,130,1,7900,80,80,40
265,スケルトンナイト金,,uncertain,unique flavor text (joke value) but stat-dominated,Goldknight/skelton,1,worker_store,,store (toxin),dominated,255,140,1,8000,80,80,40
266,ダイヤモンドスケルトン,,uncertain,unique flavor text (joke value) but stat-dominated,Diamondknight/skelton,1,worker_store,,store (toxin),dominated,255,140,1,10000,80,80,40
267,ホッケーマスクＦＲＩ,,uncertain,unique art but recycled text and dominated stats — art-only value,jasonA/jasonA,4,worker_store,,store (toxin),dominated,255,200,1,7500,90,130,30
268,ホッケーマスクＳＡＴ,,uncertain,unique flavor text (joke value) but stat-dominated,jasonB/jasonB,2,worker_store,,store (toxin),dominated,255,200,1,7500,110,110,50
269,ホッケーマスクＳＵＮ,,uncertain,unique flavor text (joke value) but stat-dominated,jasonC/jasonC,2,worker_store,,store (toxin),dominated,255,200,1,7500,130,90,30
270,死のセールスマン,,uncertain,unique flavor text (joke value) but stat-dominated,reaperA/reaperA,2,worker_store,,store (toxin),dominated,255,200,1,7500,90,130,30
271,死の宅配業者,,uncertain,unique flavor text (joke value) but stat-dominated,reaperB/reaperB,3,worker_store,,store (toxin),dominated,255,200,1,7500,110,110,50
272,死の職員,,uncertain,unique flavor text (joke value) but stat-dominated,reaperC/reaperC,2,worker_store,,store (toxin),dominated,255,200,1,7500,130,90,30
273,空手師範・柔,,uncertain,unique flavor text (joke value) but stat-dominated,dojokarateA/dojokarateA,3,worker_store,,store (toxin),dominated,255,130,1,3500,80,90,40
274,空手師範・剛,,uncertain,unique flavor text (joke value) but stat-dominated,dojokarateB/dojokarateB,3,worker_store,,store (toxin),dominated,255,130,1,3500,60,110,40
275,空手師範・空,,uncertain,unique flavor text (joke value) but stat-dominated,dojokarateC/dojokarateC,3,worker_store,,store (toxin),dominated,255,130,1,3500,70,80,40
276,ホッケーマスクＭＯＮ,,uncertain,unique flavor text (joke value) but stat-dominated,jasonD/jasonD,1,worker_store,,store (toxin),dominated,255,200,1,7500,90,120,60
277,ホッケーマスクＴＵＥ,,uncertain,unique flavor text (joke value) but stat-dominated,jasonE/jasonE,1,worker_store,,store (toxin),dominated,255,200,1,7500,100,110,70
278,ホッケーマスクＷＥＤ,,uncertain,unique flavor text (joke value) but stat-dominated,jasonF/jasonF,1,worker_store,,store (toxin),dominated,255,200,1,7500,120,80,30
279,ホッケーマスクＴＨＵ,,uncertain,unique flavor text (joke value) but stat-dominated,jasonG/jasonG,1,worker_store,,store (toxin),dominated,255,200,1,7500,100,110,20
280,相撲格闘家,,uncertain,unique flavor text (joke value) but stat-dominated,dojokarateB/sumowrestler,1,worker_store,,store (toxin),dominated,255,130,1,6000,40,120,60
281,愚霊死柔術格闘家,,uncertain,unique flavor text (joke value) but stat-dominated,dojokarateA/boxer,1,worker_store,,store (toxin),dominated,255,130,1,5000,80,100,100
282,路上ファイター,,uncertain,unique flavor text (joke value) but stat-dominated,dojokarateC/teen,1,worker_store,,store (toxin),dominated,255,130,1,5000,60,110,30
283,サンジェルマン伯爵,,uncertain,unique art but recycled text and dominated stats — art-only value,DraculaA/DraculaA,4,worker_store,,store (toxin),dominated,255,200,1,7500,100,110,60
284,ヨンジェルマン伯爵,,uncertain,unique flavor text (joke value) but stat-dominated,DraculaA/DraculaB,2,worker_store,,store (toxin),dominated,255,200,1,7500,100,120,70
285,ゴジェルマン伯爵,,keep,unique flavor text + competitive stats,DraculaA/DraculaC,2,worker_store,,store (toxin),,255,200,1,7500,140,90,70
286,フランケン甲型,,keep,unique flavor text + competitive stats,FrankensteinB/Frankenstein,2,worker_store,,store (toxin),,255,130,1,6500,80,110,80
287,フランケン乙型,,keep,unique flavor text + competitive stats,FrankensteinB/FrankensteinB,2,worker_store,,store (toxin),,255,130,1,6500,60,120,80
288,フランケン丙型,,keep,unique flavor text + competitive stats,FrankensteinB/FrankensteinC,2,worker_store,,store (toxin),,255,130,1,6500,50,130,80
289,一狼,,keep,unique flavor text + competitive stats,wolfman/wolfmanC,2,worker_store,,store (toxin),,255,120,1,6000,90,110,60
290,次狼,,keep,unique flavor text + competitive stats,wolfman/wolfmanB,2,worker_store,,store (toxin),,255,120,1,6000,100,100,60
291,中年隊ＮＯＲＴＨ,,keep,unique flavor text + competitive stats,tyunenA/dojokarateA,1,worker_store,,store (toxin),,255,120,1,5700,100,90,90
292,中年隊ＷＥＳＴ,,keep,unique flavor text + competitive stats,tyunenA/dojokarateB,1,worker_store,,store (toxin),,255,120,1,5600,90,100,100
293,中年隊ＳＯＵＴＨ,,keep,unique flavor text + competitive stats,tyunenA/dojokarateC,1,worker_store,,store (toxin),,255,120,1,5500,80,110,90
294,サイコラビット,,uncertain,unique art but recycled text and dominated stats — art-only value,clown/costume_a,4,worker_store,,store (toxin),dominated,255,200,1,7300,120,110,70
295,サイコタイガー,,uncertain,unique flavor text (joke value) but stat-dominated,clown/costume_b,2,worker_store,,store (toxin),dominated,255,200,1,7400,100,120,70
296,サイコパンダ,,uncertain,unique flavor text (joke value) but stat-dominated,clown/costume_c,2,worker_store,,store (toxin),dominated,255,200,1,7500,80,130,70
297,カウボーイ,Cowboy,keep,"EN-matched, already named in English (pass 3)",cowboy/cowboy,1,worker_store,,store (toxin),,11,20,1,5000,70,60,80
298,ラムズヘッド,,uncertain,unique flavor text (joke value) but stat-dominated,akumaA/akumaA,2,worker_store,,store (toxin),dominated,255,220,1,6660,110,120,30
299,シープヘッド,,uncertain,unique flavor text (joke value) but stat-dominated,akumaB/akumaB,2,worker_store,,store (toxin),dominated,255,220,1,6660,100,130,30
300,ゴートヘッド,,uncertain,unique flavor text (joke value) but stat-dominated,akumaC/akumaC,2,worker_store,,store (toxin),dominated,255,220,1,6660,90,140,30
301,シープヘッドシェフ,,keep,enemy chef — needed by raid/boss content (enemyItems sets),enemyChef/akumaB,2,enemy_chef,,roulette/event (server-scheduled),dominated,255,0,0,16660,150,150,50
302,人狼騎士,,uncertain,unique flavor text (joke value) but stat-dominated,Goldknight/wolfman,1,worker_store,,store (toxin),dominated,255,200,1,7000,130,120,40
303,フルアーマーロボ,,uncertain,unique flavor text (joke value) but stat-dominated,knight/Rare_robot,1,worker_store,,store (toxin),dominated,255,200,1,6800,110,130,50
304,デーモン忍者,,uncertain,unique flavor text (joke value) but stat-dominated,Ninjaman/akumaC,1,worker_store,,store (toxin),dominated,255,200,1,6600,140,110,20
305,サイコウルフ,,keep,unique flavor text + competitive stats,clown/costume_d,1,worker_store,,store (toxin),,255,200,1,7700,80,140,70
306,サイコチキン,,keep,unique flavor text + competitive stats,clown/costume_e,1,worker_store,,store (toxin),,255,200,1,7600,110,130,70
307,サイコマウス,,keep,unique flavor text + competitive stats,clown/costume_f,2,worker_store,,store (toxin),,255,200,1,7500,120,120,70
308,ドラキュラレディ,,uncertain,unique flavor text (joke value) but stat-dominated,DraculaA/Dracula_fami,1,worker_store,,store (toxin),dominated,255,200,1,3000,120,20,60
309,ナイトシェフ,,keep,enemy chef — needed by raid/boss content (enemyItems sets),enemyChef/Goldknight,1,enemy_chef,,roulette/event (server-scheduled),dominated,255,0,0,9900,120,110,50
310,ナイト店員Ａ,,cut,"reskin: recycled text, recycled art, stat-dominated",Brondsknight/Brondsknight,2,worker_event,,roulette/event (server-scheduled),dominated,255,0,0,4500,90,60,50
311,ナイト店員Ｂ,Knight Clerk B,keep,"EN-matched, already named in English (pass 3)",knight/knight,3,worker_event,,roulette/event (server-scheduled),dominated,255,0,0,4500,90,60,50
312,吸血シェフ,,keep,enemy chef — needed by raid/boss content (enemyItems sets),enemyChef/DraculaA,1,enemy_chef,,roulette/event (server-scheduled),dominated,255,0,0,12650,120,120,50
313,吸血店員Ａ,,cut,"reskin: recycled text, recycled art, stat-dominated",DraculaA/DraculaB,2,worker_event,,roulette/event (server-scheduled),dominated,255,0,0,4500,70,110,50
314,吸血店員Ｂ,,cut,"reskin: recycled text, recycled art, stat-dominated",DraculaA/DraculaC,2,worker_event,,roulette/event (server-scheduled),dominated,255,0,0,4500,80,100,50
315,ホッケーマスクシェフ,,keep,enemy chef — needed by raid/boss content (enemyItems sets),enemyChef/jasonA,1,enemy_chef,,roulette/event (server-scheduled),dominated,255,0,0,11550,130,120,50
316,ホッケーマスク店員Ａ,,cut,"reskin: recycled text, recycled art, stat-dominated",jasonB/jasonB,2,worker_event,,roulette/event (server-scheduled),dominated,255,0,0,4440,80,110,50
317,ホッケーマスク店員Ｂ,,cut,"reskin: recycled text, recycled art, stat-dominated",jasonC/jasonC,2,worker_event,,roulette/event (server-scheduled),dominated,255,0,0,4440,70,100,50
318,死神シェフ,,keep,enemy chef — needed by raid/boss content (enemyItems sets),enemyChef/reaperB,1,enemy_chef,,roulette/event (server-scheduled),dominated,255,0,0,12100,130,120,50
319,死神店員Ａ,,cut,"reskin: recycled text, recycled art, stat-dominated",reaperA/reaperA,2,worker_event,,roulette/event (server-scheduled),dominated,255,0,0,6660,50,110,50
320,死神店員Ｂ,,cut,"reskin: recycled text, recycled art, stat-dominated",reaperC/reaperC,2,worker_event,,roulette/event (server-scheduled),dominated,255,0,0,6660,50,110,50
321,メイドシェフ,,cut,"reskin: recycled text, recycled art, stat-dominated",butler/butler,2,worker_event,,roulette/event (server-scheduled),dominated,255,0,0,11000,120,110,50
322,メイド店員Ａ,,cut,"reskin: recycled text, recycled art, stat-dominated",maid/maid,5,worker_event,,roulette/event (server-scheduled),dominated,255,0,0,4440,70,100,50
323,メイド店員Ｂ,,cut,"reskin: recycled text, recycled art, stat-dominated",maid/Rare_robot,2,worker_event,,roulette/event (server-scheduled),dominated,255,0,0,4440,70,100,50
324,着ぐるみシェフ,,keep,enemy chef — needed by raid/boss content (enemyItems sets),enemyChef/costume_a,1,enemy_chef,,roulette/event (server-scheduled),dominated,255,0,0,11550,120,110,50
325,着ぐるみ店員Ａ,,cut,"reskin: recycled text, recycled art, stat-dominated",clown/costume_b,2,worker_event,,roulette/event (server-scheduled),dominated,255,0,0,4500,80,100,50
326,着ぐるみ店員Ｂ,,cut,"reskin: recycled text, recycled art, stat-dominated",clown/costume_c,2,worker_event,,roulette/event (server-scheduled),dominated,255,0,0,4500,60,100,50
327,宇宙人シェフ,,keep,enemy chef — needed by raid/boss content (enemyItems sets),enemyChef/Venusian,1,enemy_chef,,roulette/event (server-scheduled),dominated,255,0,0,10450,120,110,50
328,宇宙人店員Ａ,Alien Clerk A,keep,"EN-matched, already named in English (pass 3)",martian2/martian2,4,worker_event,,roulette/event (server-scheduled),dominated,255,0,0,4500,80,100,50
329,宇宙人店員Ｂ,Alien Clerk B,keep,"EN-matched, already named in English (pass 3)",martian3/martian3,2,worker_event,,roulette/event (server-scheduled),dominated,255,0,0,4500,80,90,50
330,格闘家シェフ,,keep,enemy chef — needed by raid/boss content (enemyItems sets),enemyChef/dojokarateA,1,enemy_chef,,roulette/event (server-scheduled),dominated,255,0,0,10450,110,110,50
331,格闘家店員Ａ,,cut,"reskin: recycled text, recycled art, stat-dominated",dojokarateB/dojokarateB,3,worker_event,,roulette/event (server-scheduled),dominated,255,0,0,5000,60,100,50
332,格闘家店員Ｂ,,cut,"reskin: recycled text, recycled art, stat-dominated",dojokarateC/dojokarateC,3,worker_event,,roulette/event (server-scheduled),dominated,255,0,0,5000,80,80,50
333,合金ゴールドナイト,,keep,unique flavor text + competitive stats,Goldknight/Goldknight,3,worker_event,,roulette/event (server-scheduled),,255,0,0,8000,90,150,80
334,超合金ゴールドナイト,,uncertain,unique flavor text (joke value) but stat-dominated,Goldknight/Goldknight,3,worker_store,,store (toxin),dominated,255,400,1,10500,150,160,80
335,ジュウサンジェルマン伯爵,,uncertain,unique flavor text (joke value) but stat-dominated,DraculaA/DraculaA,4,worker_store,,store (toxin),dominated,255,400,1,9200,110,180,50
336,ニジュウサンジェルマン伯爵,,uncertain,unique flavor text (joke value) but stat-dominated,DraculaA/DraculaA,4,worker_store,,store (toxin),dominated,255,400,1,9000,130,180,60
337,ゴーリーマスクＴＨＵ,,cut,"reskin: recycled text, recycled art, stat-dominated",jasonA/jasonA,4,worker_store,,store (toxin),dominated,255,400,1,9100,110,150,50
338,ゴーリーマスクＷＥＤ,,cut,"reskin: recycled text, recycled art, stat-dominated",jasonA/jasonA,4,worker_store,,store (toxin),dominated,255,400,1,9800,140,170,50
339,死長,,cut,"reskin: recycled text, recycled art, stat-dominated",reaperB/reaperB,3,worker_store,,store (toxin),dominated,255,400,1,9000,110,160,50
340,死科医,,cut,"reskin: recycled text, recycled art, stat-dominated",reaperB/reaperB,3,worker_store,,store (toxin),dominated,255,400,1,9000,130,180,60
341,凶メイド,,cut,"reskin: recycled text, recycled art, stat-dominated",maid/maid,5,worker_store,,store (toxin),dominated,255,400,1,8000,120,140,60
342,最凶メイド,,cut,"reskin: recycled text, recycled art, stat-dominated",maid/maid,5,worker_store,,store (toxin),dominated,255,400,1,9600,150,160,80
343,悪サイコラビット,,cut,"reskin: recycled text, recycled art, stat-dominated",clown/costume_a,4,worker_store,,store (toxin),dominated,255,400,1,8000,80,160,50
344,極悪サイコラビット,,cut,"reskin: recycled text, recycled art, stat-dominated",clown/costume_a,4,worker_store,,store (toxin),dominated,255,400,1,9400,180,140,70
345,レアな宇宙人,Rare Alien,keep,"EN-matched, already named in English (pass 3)",martian2/martian2,4,worker_store,,store (toxin),dominated,255,400,1,8000,120,140,60
346,超レアな宇宙人,Super Rare Alien,keep,"EN-matched, already named in English (pass 3)",martian2/martian2,4,worker_store,,store (toxin),dominated,255,400,1,9500,150,160,90
347,凶格闘家,,cut,"reskin: recycled text, recycled art, stat-dominated",dojokarateA/dojokarateA,3,worker_store,,store (toxin),dominated,255,400,1,8000,70,150,40
348,最凶格闘家,,cut,"reskin: recycled text, recycled art, stat-dominated",dojokarateA/dojokarateA,3,worker_store,,store (toxin),dominated,255,400,1,8500,140,170,80
349,消KAレッドＲＸ,,uncertain,unique flavor text (joke value) but stat-dominated,clown/Ranger_Red,1,worker_store,,store (toxin),dominated,255,400,1,8000,120,140,70
350,HAKA士ブルーＧ,,uncertain,unique flavor text (joke value) but stat-dominated,Ninjaman/Ranger_Blue,1,worker_store,,store (toxin),dominated,255,400,1,8500,130,130,100
351,ドスKOIイエローマッスル,,uncertain,unique flavor text (joke value) but stat-dominated,dojokarateC/Ranger_Yellow,1,worker_store,,store (toxin),dominated,255,400,1,9000,110,140,70
352,軍SOグリーンＪ,,uncertain,unique flavor text (joke value) but stat-dominated,jasonA/Ranger_Green,1,worker_store,,store (toxin),dominated,255,400,1,7000,140,150,20
353,コスPlayX4000ピンク,,uncertain,unique flavor text (joke value) but stat-dominated,Venusian/Ranger_Pink,1,worker_store,,store (toxin),dominated,255,400,1,7500,150,130,100
354,サイコライオン,,keep,unique flavor text + competitive stats,clown/costume_g,1,worker_store,,store (toxin),,255,200,1,7700,90,150,40
355,サファイアナイト,,uncertain,unique flavor text (joke value) but stat-dominated,Brondsknight02/Brondsknight,1,worker_store,,store (toxin),dominated,255,400,1,7800,60,160,60
356,オパールナイト,,uncertain,unique flavor text (joke value) but stat-dominated,knight02/knight,1,worker_store,,store (toxin),dominated,255,400,1,7900,70,150,70
357,トパーズナイト,,uncertain,unique flavor text (joke value) but stat-dominated,Goldknight02/Goldknight,1,worker_store,,store (toxin),dominated,255,400,1,8000,80,140,80
358,サファイアスケルトン,,uncertain,unique flavor text (joke value) but stat-dominated,Brondsknight02/skelton,1,worker_store,,store (toxin),dominated,255,400,1,7900,70,150,30
359,オパールスケルトン,,uncertain,unique flavor text (joke value) but stat-dominated,knight02/skelton,1,worker_store,,store (toxin),dominated,255,400,1,8000,80,140,40
360,トパーズスケルトン,,uncertain,unique flavor text (joke value) but stat-dominated,Goldknight02/skelton,1,worker_store,,store (toxin),dominated,255,400,1,8100,90,130,50
361,ヒーローシェフ,Hero Chef,keep,"EN-matched, already named in English (pass 3)",enemyChef/Ranger_RedB,1,enemy_chef,event_hero,roulette/event (server-scheduled),dominated,255,0,0,21000,150,170,50
362,ヒーロー店員Ａ,Hero Clerk A,keep,"EN-matched, already named in English (pass 3)",Ranger_BlueB/Ranger_BlueB,1,worker_event,event_hero,roulette/event (server-scheduled),dominated,255,0,0,11000,110,160,50
363,ヒーロー店員Ｂ,Hero Clerk B,keep,"EN-matched, already named in English (pass 3)",Ranger_PinkB/Ranger_PinkB,1,worker_event,event_hero,roulette/event (server-scheduled),dominated,255,0,0,11000,110,160,50
364,デビルシェフ,,keep,enemy chef — needed by raid/boss content (enemyItems sets),enemyChef/akumaA,1,enemy_chef,,roulette/event (server-scheduled),,255,0,0,23000,150,180,50
365,デビル店員Ａ,,uncertain,"recycled text, competitive stats — needs review",akumaB/akumaB,2,worker_event,,roulette/event (server-scheduled),,255,0,0,12000,120,160,50
366,デビル店員Ｂ,,uncertain,"recycled text, competitive stats — needs review",akumaC/akumaC,2,worker_event,,roulette/event (server-scheduled),,255,0,0,12000,120,160,50
367,スモーシェフ,,keep,enemy chef — needed by raid/boss content (enemyItems sets),enemyChef/sumowrestlerB,1,enemy_chef,,roulette/event (server-scheduled),dominated,255,0,0,22000,150,170,50
368,スモー店員Ａ,,uncertain,unique art but recycled text and dominated stats — art-only value,sumowrestlerD/sumowrestlerC,3,worker_event,,roulette/event (server-scheduled),dominated,255,0,0,12000,100,160,50
369,スモー店員Ｂ,,uncertain,unique art but recycled text and dominated stats — art-only value,sumowrestlerD/sumowrestler,1,worker_event,,roulette/event (server-scheduled),dominated,255,0,0,12000,100,160,50
370,飲茶シェフ,,keep,enemy chef — needed by raid/boss content (enemyItems sets),enemyChef/KyonshiB,1,enemy_chef,,roulette/event (server-scheduled),dominated,255,0,0,21000,150,170,50
371,飲茶店員Ａ,,cut,"reskin: recycled text, recycled art, stat-dominated",Kyonshi_man/Kyonshi_man,3,worker_event,,roulette/event (server-scheduled),dominated,255,0,0,11000,100,160,50
372,飲茶店員Ｂ,,cut,"reskin: recycled text, recycled art, stat-dominated",Kyonshi_woman/Kyonshi_woman,2,worker_event,,roulette/event (server-scheduled),dominated,255,0,0,11000,100,160,50
373,忍者シェフ,,keep,enemy chef — needed by raid/boss content (enemyItems sets),enemyChef/Ninjakamen,1,enemy_chef,,roulette/event (server-scheduled),dominated,255,0,0,22000,150,170,50
374,忍者店員Ａ,,uncertain,"recycled text, competitive stats — needs review",Ninjaman/Ninjaman,3,worker_event,,roulette/event (server-scheduled),,255,0,0,11000,130,140,50
375,忍者店員Ｂ,,uncertain,"recycled text, competitive stats — needs review",Ninjawoman/Ninjawoman,4,worker_event,,roulette/event (server-scheduled),,255,0,0,11000,130,140,50
376,フランケンシェフ,,keep,enemy chef — needed by raid/boss content (enemyItems sets),enemyChef/FrankensteinD,1,enemy_chef,,roulette/event (server-scheduled),dominated,255,0,0,22000,150,170,50
377,フランケン店員Ａ,,cut,"reskin: recycled text, recycled art, stat-dominated",FrankensteinB/FrankensteinB,2,worker_event,,roulette/event (server-scheduled),dominated,255,0,0,12000,100,160,50
378,フランケン店員Ｂ,,cut,"reskin: recycled text, recycled art, stat-dominated",FrankensteinB/FrankensteinC,2,worker_event,,roulette/event (server-scheduled),dominated,255,0,0,12000,100,160,50
379,ミリタリーシェフ,,keep,enemy chef — needed by raid/boss content (enemyItems sets),enemyChef/Gasmask,1,enemy_chef,,roulette/event (server-scheduled),dominated,255,0,0,21000,150,170,50
380,ミリタリー店員Ａ,,uncertain,unique art but recycled text and dominated stats — art-only value,militaryC/militaryC,3,worker_event,,roulette/event (server-scheduled),dominated,255,0,0,12000,100,160,50
381,ミリタリー店員Ｂ,,uncertain,unique art but recycled text and dominated stats — art-only value,militaryB/militaryB,2,worker_event,,roulette/event (server-scheduled),dominated,255,0,0,12000,100,160,50
382,スケルトンシェフ,,keep,enemy chef — needed by raid/boss content (enemyItems sets),enemyChef/skelton,1,enemy_chef,,roulette/event (server-scheduled),,255,0,0,23000,150,180,50
383,スケルトン店員Ａ,,cut,"reskin: recycled text, recycled art, stat-dominated",skelton/skelton,4,worker_event,,roulette/event (server-scheduled),dominated,255,0,0,11000,110,160,50
384,スケルトン店員Ｂ,,cut,"reskin: recycled text, recycled art, stat-dominated",skelton/skelton,4,worker_event,,roulette/event (server-scheduled),dominated,255,0,0,11000,110,160,50
385,人狼シェフ,,keep,enemy chef — needed by raid/boss content (enemyItems sets),enemyChef/wolfmanD,1,enemy_chef,,roulette/event (server-scheduled),,255,0,0,23000,150,180,50
386,人狼店員Ａ,,uncertain,"recycled text, competitive stats — needs review",wolfman/wolfmanC,2,worker_event,,roulette/event (server-scheduled),,255,0,0,12000,120,160,50
387,人狼店員Ｂ,,uncertain,"recycled text, competitive stats — needs review",wolfman/wolfmanB,2,worker_event,,roulette/event (server-scheduled),,255,0,0,12000,120,160,50
388,邪悪なシープヘッド,,uncertain,unique flavor text (joke value) but stat-dominated,akumaE/akumaE,1,worker_store,,store (toxin),dominated,255,400,1,8800,110,170,30
389,邪悪なゴートヘッド,,uncertain,unique flavor text (joke value) but stat-dominated,akumaF/akumaF,1,worker_store,,store (toxin),dominated,255,400,1,9000,120,170,40
390,邪悪なホースヘッド,,uncertain,unique flavor text (joke value) but stat-dominated,akumaD/akumaD,1,worker_store,,store (toxin),dominated,255,400,1,9400,110,190,50
391,邪悪なラムズヘッド,,uncertain,unique flavor text (joke value) but stat-dominated,akumaA/akumaA,2,worker_store,,store (toxin),dominated,255,400,1,9300,100,190,50
392,北の横綱,,uncertain,unique flavor text (joke value) but stat-dominated,sumowrestlerD/sumowrestlerD,1,worker_store,,store (toxin),dominated,255,400,1,9500,70,180,30
393,南の横綱,,uncertain,unique flavor text (joke value) but stat-dominated,sumowrestlerD/sumowrestlerC,3,worker_store,,store (toxin),dominated,255,400,1,9700,70,180,40
394,東の横綱,,uncertain,unique flavor text (joke value) but stat-dominated,sumowrestlerD/sumowrestlerB,1,worker_store,,store (toxin),dominated,255,400,1,9500,90,170,50
395,西の横綱,,uncertain,unique flavor text (joke value) but stat-dominated,sumowrestler/sumowrestlerC,1,worker_store,,store (toxin),dominated,255,400,1,9400,90,170,50
396,餃子王のゾンビ,,uncertain,unique flavor text (joke value) but stat-dominated,KyonshiD/KyonshiD,1,worker_store,,store (toxin),dominated,255,400,1,8400,110,140,30
397,チャーハン王のゾンビ,,uncertain,unique flavor text (joke value) but stat-dominated,KyonshiC/KyonshiC,1,worker_store,,store (toxin),dominated,255,400,1,8400,120,140,40
398,ラーメン王のゾンビ,,uncertain,unique flavor text (joke value) but stat-dominated,KyonshiB/KyonshiB,1,worker_store,,store (toxin),dominated,255,400,1,8000,110,150,50
399,肉まん王のゾンビ,,uncertain,unique flavor text (joke value) but stat-dominated,Kyonshi_man/Kyonshi_man,3,worker_store,,store (toxin),dominated,255,400,1,7900,110,150,50
400,乱破衆・哀,,uncertain,unique flavor text (joke value) but stat-dominated,NinjamanB/NinjamanB,1,worker_store,,store (toxin),dominated,255,400,1,8300,130,140,30
401,乱破衆・怖,,uncertain,unique flavor text (joke value) but stat-dominated,NinjamanC/NinjamanC,1,worker_store,,store (toxin),dominated,255,400,1,8000,160,120,40
402,乱破衆・怒,,uncertain,unique flavor text (joke value) but stat-dominated,Ninjakamen/Ninjakamen,1,worker_store,,store (toxin),dominated,255,400,1,8800,160,120,50
403,乱破頭,,uncertain,unique flavor text (joke value) but stat-dominated,Ninjareader/Ninjareader,4,worker_store,,store (toxin),dominated,255,400,1,8600,160,120,50
404,フランケン丁型,,uncertain,unique flavor text (joke value) but stat-dominated,FrankensteinF/FrankensteinF,1,worker_store,,store (toxin),dominated,255,400,1,8300,90,170,30
405,フランケン戊型,,uncertain,unique flavor text (joke value) but stat-dominated,FrankensteinE/FrankensteinC,1,worker_store,,store (toxin),dominated,255,400,1,9000,110,160,40
406,フランケン己型,,uncertain,unique flavor text (joke value) but stat-dominated,FrankensteinD/FrankensteinD,1,worker_store,,store (toxin),dominated,255,400,1,9200,100,170,50
407,フランケン庚型,,uncertain,unique flavor text (joke value) but stat-dominated,FrankensteinD/Frankenstein,1,worker_store,,store (toxin),dominated,255,400,1,9100,100,170,50
408,特殊部隊アルファ,,uncertain,unique flavor text (joke value) but stat-dominated,militaryB/militaryB,2,worker_store,,store (toxin),dominated,255,400,1,8000,100,150,30
409,特殊部隊ブラボー,,uncertain,unique flavor text (joke value) but stat-dominated,militaryC/militaryC,3,worker_store,,store (toxin),dominated,255,400,1,8500,90,160,40
410,特殊部隊チャーリー,,uncertain,unique flavor text (joke value) but stat-dominated,militaryB/Gasmask,2,worker_store,,store (toxin),dominated,255,400,1,8500,100,160,50
411,特殊部隊デルタ,,uncertain,unique flavor text (joke value) but stat-dominated,Gasmask/Gasmask,1,worker_store,,store (toxin),dominated,255,400,1,8400,120,140,50
412,海賊スケルトン,,uncertain,unique flavor text (joke value) but stat-dominated,skeltonD/skeltonD,1,worker_store,,store (toxin),dominated,255,400,1,8800,80,190,30
413,琥珀スケルトン,,uncertain,unique flavor text (joke value) but stat-dominated,skeltonC/skeltonC,1,worker_store,,store (toxin),dominated,255,400,1,8900,80,190,40
414,クリスタルスケルトン,,uncertain,unique flavor text (joke value) but stat-dominated,skeltonB/skeltonB,1,worker_store,,store (toxin),dominated,255,400,1,9800,90,190,50
415,カルシウムキング,,uncertain,unique flavor text (joke value) but stat-dominated,skelton/skelton,4,worker_store,,store (toxin),dominated,255,400,1,9600,90,190,50
416,極上の人狼,,uncertain,unique flavor text (joke value) but stat-dominated,wolfmanD/wolfmanD,1,worker_store,,store (toxin),dominated,255,400,1,8800,110,170,30
417,至高の人狼,,uncertain,unique flavor text (joke value) but stat-dominated,wolfmanF/wolfmanF,1,worker_store,,store (toxin),dominated,255,400,1,8900,120,170,40
418,典雅な人狼王,,uncertain,unique flavor text (joke value) but stat-dominated,wolfmanE/wolfmanE,1,worker_store,,store (toxin),dominated,255,400,1,9200,110,190,50
419,優雅な人狼王,,uncertain,unique flavor text (joke value) but stat-dominated,wolfmanD/wolfman,1,worker_store,,store (toxin),dominated,255,400,1,9300,110,180,50
420,ゴーリーマスクＳＵＮ,,uncertain,unique flavor text (joke value) but stat-dominated,jasonJ/jasonJ,1,worker_store,,store (toxin),dominated,255,400,1,8300,80,170,30
421,ゴーリーマスクＳＡＴ,,uncertain,unique flavor text (joke value) but stat-dominated,jasonI/jasonI,1,worker_store,,store (toxin),dominated,255,400,1,8200,110,150,40
422,ゴーリーマスクＦＲＩ,,uncertain,unique flavor text (joke value) but stat-dominated,jasonH/jasonH,1,worker_store,,store (toxin),dominated,255,400,1,9300,120,140,50
423,死験官,,uncertain,unique flavor text (joke value) but stat-dominated,reaperoffA/reaperoffA,1,worker_store,,store (toxin),dominated,255,400,1,8300,90,170,30
424,死圧師,,uncertain,unique flavor text (joke value) but stat-dominated,reaperoffB/reaperoffB,1,worker_store,,store (toxin),dominated,255,400,1,8600,130,140,40
425,弁護死,,uncertain,unique flavor text (joke value) but stat-dominated,reaperoffC/reaperoffC,2,worker_store,,store (toxin),dominated,255,400,1,9100,110,160,50
426,ロクジェルマン伯爵,,uncertain,unique flavor text (joke value) but stat-dominated,DraculaD/DraculaD,1,worker_store,,store (toxin),dominated,255,400,1,8700,110,170,30
427,ナナジェルマン伯爵,,uncertain,unique flavor text (joke value) but stat-dominated,DraculaD/DraculaE,1,worker_store,,store (toxin),dominated,255,400,1,8800,120,170,40
428,ハチジェルマン伯爵,,uncertain,unique flavor text (joke value) but stat-dominated,DraculaD/DraculaF,1,worker_store,,store (toxin),dominated,255,400,1,9100,120,180,50
429,三女メイド,,uncertain,unique flavor text (joke value) but stat-dominated,maidB/maidB,1,worker_store,,store (toxin),dominated,255,400,1,7900,130,160,30
430,次女メイド,,uncertain,unique flavor text (joke value) but stat-dominated,maidC/maidC,1,worker_store,,store (toxin),dominated,255,400,1,8000,140,150,40
431,長女メイド,,uncertain,unique flavor text (joke value) but stat-dominated,maidD/maidD,1,worker_store,,store (toxin),dominated,255,400,1,8100,140,140,50
432,クリス,Chris,keep,"EN-matched, already named in English (pass 3)",nerd/faris,15,worker_store,capcom_re6,store (toxin),,0,400,1,4500,90,110,30
433,レオン,Leon,keep,"EN-matched, already named in English (pass 3)",nerd/faris,15,worker_store,capcom_re6,store (toxin),,0,400,1,4500,90,110,30
434,ジェイク,Jake,keep,"EN-matched, already named in English (pass 3)",nerd/faris,15,worker_store,capcom_re6,store (toxin),,0,400,1,4500,90,110,30
435,ピアーズ,Piers,keep,"EN-matched, already named in English (pass 3)",nerd/faris,15,worker_store,capcom_re6,store (toxin),,0,400,1,4500,90,110,30
436,シェリー,Sherry,keep,"EN-matched, already named in English (pass 3)",nerd/faris,15,worker_store,capcom_re6,store (toxin),,0,400,1,4500,90,110,30
437,ヘレナ,Helena,keep,"EN-matched, already named in English (pass 3)",nerd/faris,15,worker_store,capcom_re6,store (toxin),,0,400,1,4500,90,110,30
438,エイダ,Ada,keep,"EN-matched, already named in English (pass 3)",nerd/faris,15,worker_store,capcom_re6,store (toxin),,0,400,1,4500,90,110,30
439,フランケン,Frankenstein,keep,"EN-matched, already named in English (pass 3)",FrankensteinB/Frankenstein,2,worker_store,,store (toxin),,11,30,1,3500,80,90,60
440,イエローヒーロー,,uncertain,unique flavor text (joke value) but stat-dominated,Ranger_Yellow/Ranger_Yellow,2,worker_store,event_hero,store (toxin),dominated,12,30,1,5000,50,90,60
441,ファイター,,keep,unique flavor text + competitive stats,dojokarateB/dojokarateB,3,worker_store,,store (toxin),,13,30,1,3000,50,100,40
442,グリーンヒーロー,,keep,unique flavor text + competitive stats,Ranger_Green/Ranger_Green,2,worker_store,event_hero,store (toxin),,14,35,1,4500,70,90,20
443,空手家,,uncertain,unique flavor text (joke value) but stat-dominated,dojokarateC/dojokarateC,3,worker_store,,store (toxin),dominated,15,35,1,3000,70,80,40
444,ピンクヒーロー,,keep,unique flavor text + competitive stats,Ranger_Pink/Ranger_Pink,2,worker_store,event_hero,store (toxin),,16,35,1,3500,100,70,90
445,家庭警備員,,keep,unique flavor text + competitive stats,militaryC/militaryC,3,worker_store,,store (cash),,17,790000,0,4000,80,100,40
446,ブルーヒーロー,,keep,unique flavor text + competitive stats,Ranger_Blue/Ranger_Blue,2,worker_store,event_hero,store (toxin),,18,40,1,4000,80,80,70
447,金星人Ⅱ,,keep,unique flavor text + competitive stats,Venusian/Venusian,3,worker_store,,store (toxin),,19,40,1,4100,90,90,80
448,レッドヒーロー,,keep,unique flavor text + competitive stats,Ranger_Red/Ranger_Red,2,worker_store,event_hero,store (toxin),,20,40,1,4200,70,100,90
449,お頭代理,,keep,unique flavor text + competitive stats,Ninjareader/Ninjareader,4,worker_store,,store (toxin),,21,40,1,4500,120,80,50
450,家庭警備スペシャリスト,,keep,unique flavor text + competitive stats,militaryB/Gasmask,2,worker_store,,store (toxin),,22,40,1,4700,80,100,50
451,いぶし銀ナイト,Burnished Knight,keep,"EN-matched, already named in English (pass 3)",knight/knight,3,worker_store,,store (cash),,23,1500000,0,5500,30,110,50
452,横綱見習い,,keep,unique flavor text + competitive stats,sumowrestlerD/sumowrestlerC,3,worker_store,,store (toxin),,24,45,1,6000,50,120,80
453,サイコラット,,keep,unique flavor text + competitive stats,clown/costume_f,2,worker_store,,store (toxin),,25,45,1,4000,110,100,90
454,死の宣伝マン,,keep,unique flavor text + competitive stats,reaperoffC/reaperoffC,2,worker_store,,store (toxin),,26,45,1,5500,100,120,50
455,アイアンボクサー,,uncertain,unique flavor text (joke value) but stat-dominated,boxer_a/boxer_a,1,worker_store,,store (toxin),dominated,255,400,1,8500,140,170,80
456,アウトボクサー,,uncertain,unique flavor text (joke value) but stat-dominated,boxer_a/boxer_b,1,worker_store,,store (toxin),dominated,255,400,1,9500,150,160,90
457,インボクサー,,uncertain,unique flavor text (joke value) but stat-dominated,boxer_c/boxer_c,1,worker_store,,store (toxin),dominated,255,400,1,9200,140,170,10
458,スモーキンボクサー,,uncertain,unique flavor text (joke value) but stat-dominated,boxer_b/boxer_b,1,worker_store,,store (toxin),dominated,255,400,1,9600,150,160,10
459,ボクサーシェフ,The Champ,keep,"EN-matched, already named in English (pass 3)",enemyChef/boxer,3,enemy_chef,,roulette/event (server-scheduled),dominated,255,0,0,21000,150,170,50
460,ボクサー店員Ａ,,uncertain,unique art but recycled text and dominated stats — art-only value,boxer/boxer_a,1,worker_event,,roulette/event (server-scheduled),dominated,255,0,0,11000,110,160,50
461,ボクサー店員Ｂ,,uncertain,unique art but recycled text and dominated stats — art-only value,boxer/boxer_c,1,worker_event,,roulette/event (server-scheduled),dominated,255,0,0,11000,110,160,50
462,悪の人形,,uncertain,unique flavor text (joke value) but stat-dominated,chucky_a/chucky_a,1,worker_store,,store (toxin),dominated,255,400,1,8000,130,180,90
463,魔の人形,,uncertain,unique flavor text (joke value) but stat-dominated,chucky_b/chucky_b,1,worker_store,,store (toxin),dominated,255,400,1,9600,150,160,80
464,死の人形,,uncertain,unique art but recycled text and dominated stats — art-only value,chucky_c/chucky_c,2,worker_store,,store (toxin),dominated,255,400,1,9400,180,140,70
465,ジャックの人形,,uncertain,unique flavor text (joke value) but stat-dominated,clown/chucky_a,1,worker_store,,store (toxin),dominated,255,400,1,9400,180,140,70
466,人形シェフ,,keep,enemy chef — needed by raid/boss content (enemyItems sets),enemyChef/chucky_a,1,enemy_chef,,roulette/event (server-scheduled),dominated,255,0,0,21000,150,170,50
467,人形店員Ａ,,uncertain,unique art but recycled text and dominated stats — art-only value,clown/chucky_b,1,worker_event,,roulette/event (server-scheduled),dominated,255,0,0,11000,110,160,50
468,人形店員Ｂ,,uncertain,unique art but recycled text and dominated stats — art-only value,clown/chucky_c,1,worker_event,,roulette/event (server-scheduled),dominated,255,0,0,11000,110,160,50
469,流星の保安官,,uncertain,unique flavor text (joke value) but stat-dominated,cowboy_a/cowboy_a,1,worker_store,,store (toxin),dominated,255,400,1,10000,190,130,70
470,新星の保安官,,uncertain,unique flavor text (joke value) but stat-dominated,cowboy_b/cowboy_b,1,worker_store,,store (toxin),dominated,255,400,1,9000,140,170,50
471,凶星の保安官,,uncertain,unique flavor text (joke value) but stat-dominated,cowboy_c/cowboy,1,worker_store,,store (toxin),dominated,255,400,1,10500,150,160,60
472,超新星の保安官,,uncertain,unique flavor text (joke value) but stat-dominated,cowboy_c/cowboy_c,1,worker_store,,store (toxin),dominated,255,400,1,10500,150,160,60
473,保安官シェフ,,keep,enemy chef — needed by raid/boss content (enemyItems sets),enemyChef/cowboy,1,enemy_chef,,roulette/event (server-scheduled),dominated,255,0,0,21000,150,170,50
474,保安官店員Ａ,,uncertain,unique art but recycled text and dominated stats — art-only value,cowboy/cowboy_c,1,worker_event,,roulette/event (server-scheduled),dominated,255,0,0,11000,110,160,50
475,保安官店員Ｂ,,uncertain,unique art but recycled text and dominated stats — art-only value,cowboy/cowboy_a,1,worker_event,,roulette/event (server-scheduled),dominated,255,0,0,11000,110,160,50
476,ニコラオス,,uncertain,unique flavor text (joke value) but stat-dominated,santa_a/santa_a,1,worker_store,,store (toxin),dominated,255,400,1,9800,180,140,60
477,ニコライ,,uncertain,unique flavor text (joke value) but stat-dominated,santa_b/santa_b,1,worker_store,,store (toxin),dominated,255,400,1,9800,140,170,50
478,ニコラス,,uncertain,unique flavor text (joke value) but stat-dominated,santa_c/santa_c,1,worker_store,,store (toxin),dominated,255,400,1,9000,130,180,60
479,サイコルドルフ,,uncertain,unique flavor text (joke value) but stat-dominated,clown/costume_H,1,worker_store,,store (toxin),dominated,255,400,1,8000,150,160,70
480,サンタシェフ,,keep,enemy chef — needed by raid/boss content (enemyItems sets),enemyChef/santa_a,1,enemy_chef,event_christmas,roulette/event (server-scheduled),dominated,255,0,0,3600,70,60,50
481,サンタ店員Ａ,,keep,enemy chef — needed by raid/boss content (enemyItems sets),enemyChef/santa_b,1,enemy_chef,event_christmas,roulette/event (server-scheduled),dominated,255,0,0,1200,40,70,50
482,サンタ店員Ｂ,,keep,enemy chef — needed by raid/boss content (enemyItems sets),enemyChef/santa_c,1,enemy_chef,event_christmas,roulette/event (server-scheduled),dominated,255,0,0,2400,50,60,40
483,ホース・デモンズ,,uncertain,unique flavor text (joke value) but stat-dominated,demonreaper_a/demonreaper_a,1,worker_store,,store (toxin),dominated,255,400,1,1660,70,80,20
484,シープ・デモンズ,,uncertain,unique flavor text (joke value) but stat-dominated,demonreaper_b/demonreaper_b,1,worker_store,,store (toxin),dominated,255,400,1,1660,60,80,20
485,ゴート・デモンズ,,uncertain,unique flavor text (joke value) but stat-dominated,demonreaper_c/demonreaper_c,1,worker_store,,store (toxin),dominated,255,400,1,1660,70,70,20
486,FRY・ハーミット,,uncertain,unique flavor text (joke value) but stat-dominated,jsonreaper_a/jsonreaper_a,1,worker_store,,store (toxin),dominated,255,400,1,7770,110,110,30
487,SAT・ハーミット,,uncertain,unique flavor text (joke value) but stat-dominated,jsonreaper_b/jsonreaper_b,1,worker_store,,store (toxin),dominated,255,400,1,7770,100,120,30
488,SUN・ハーミット,,uncertain,unique flavor text (joke value) but stat-dominated,jsonreaper_c/jsonreaper_c,1,worker_store,,store (toxin),dominated,255,400,1,7770,90,130,30
489,スカル・デス,,uncertain,unique flavor text (joke value) but stat-dominated,skullreaper_a/skullreaper_a,1,worker_store,,store (toxin),dominated,255,400,1,4440,90,80,100
490,ヒカル・デス,,uncertain,unique flavor text (joke value) but stat-dominated,skullreaper_b/skullreaper_b,1,worker_store,,store (toxin),dominated,255,400,1,4440,80,100,100
491,マバユイ・デス,,uncertain,unique flavor text (joke value) but stat-dominated,skullreaper_c/skullreaper_c,1,worker_store,,store (toxin),dominated,255,400,1,4440,80,90,100
492,シュリンプ・レッド,,uncertain,unique flavor text (joke value) but stat-dominated,shrimpA/shrimpA,1,worker_store,,store (toxin),dominated,255,400,1,9990,140,170,90
493,シュリンプ・ブルー,,uncertain,unique flavor text (joke value) but stat-dominated,shrimpB/shrimpB,1,worker_store,,store (toxin),dominated,255,400,1,9990,180,140,80
494,シュリンプ・パープル,,uncertain,unique flavor text (joke value) but stat-dominated,shrimpC/shrimpC,1,worker_store,,store (toxin),dominated,255,400,1,9990,130,180,10
495,ピストル・シュリンプ,,uncertain,unique flavor text (joke value) but stat-dominated,jasonC/shrimpB,1,worker_store,,store (toxin),dominated,255,400,1,9990,150,160,10
496,シュリンプシェフ,,keep,enemy chef — needed by raid/boss content (enemyItems sets),enemyChef/shrimpA,1,enemy_chef,,roulette/event (server-scheduled),dominated,255,0,0,9990,70,60,50
497,シュリンプ店員Ａ,,keep,enemy chef — needed by raid/boss content (enemyItems sets),enemyChef/shrimpB,1,enemy_chef,,roulette/event (server-scheduled),dominated,255,0,0,4440,40,70,50
498,シュリンプ店員B,,keep,enemy chef — needed by raid/boss content (enemyItems sets),enemyChef/shrimpC,1,enemy_chef,,roulette/event (server-scheduled),dominated,255,0,0,4440,50,60,50
499,サイキッカー,,uncertain,unique flavor text (joke value) but stat-dominated,psychicA/dojokarateA,1,worker_store,,store (toxin),dominated,255,400,1,5000,150,150,90
500,サイコメトラー,,uncertain,unique flavor text (joke value) but stat-dominated,psychicA/dojokarateB,3,worker_store,,store (toxin),dominated,255,400,1,6000,140,160,80
501,サイキックハンド,,uncertain,unique flavor text (joke value) but stat-dominated,psychicA/dojokarateC,2,worker_store,,store (toxin),dominated,255,400,1,7500,140,160,70
502,サイキック中年,,uncertain,unique flavor text (joke value) but stat-dominated,psychicB/dojokarateC,1,worker_store,,store (toxin),dominated,255,400,1,7500,120,170,70
503,ペーパーバッグ,,uncertain,unique flavor text (joke value) but stat-dominated,businesswoman/boxmanC,1,worker_store,,store (toxin),dominated,255,400,1,9000,160,150,10
504,バケツ,,uncertain,unique flavor text (joke value) but stat-dominated,boxmanB/boxmanB,2,worker_store,,store (toxin),dominated,255,400,1,8000,160,150,10
505,ダンボール,,uncertain,unique flavor text (joke value) but stat-dominated,military/boxmanA,1,worker_store,,store (toxin),dominated,255,400,1,7000,150,150,10
506,プラスチックダンボール,,uncertain,unique flavor text (joke value) but stat-dominated,dojokarateC/boxmanA,1,worker_store,,store (toxin),dominated,255,400,1,8000,140,150,10
507,レッドドラゴノイド,,uncertain,unique flavor text (joke value) but stat-dominated,akumaA/dragonA,1,worker_store,,store (toxin),dominated,255,400,1,8880,110,180,30
508,グリーンドラゴノイド,,uncertain,unique flavor text (joke value) but stat-dominated,akumaA/dragonB,3,worker_store,,store (toxin),dominated,255,400,1,9500,110,180,40
509,ブルードラゴノイド,,uncertain,unique flavor text (joke value) but stat-dominated,akumaA/dragonC,2,worker_store,,store (toxin),dominated,255,400,1,9990,110,180,50
510,ドラゴノイド,,uncertain,unique flavor text (joke value) but stat-dominated,akumaE/dragonA,1,worker_store,,store (toxin),dominated,255,400,1,8000,130,160,30
511,熱血マスクレスラー,,uncertain,unique flavor text (joke value) but stat-dominated,maskedA/maskedA,1,worker_store,,store (toxin),dominated,255,400,1,9290,140,170,40
512,悪のマスクレスラー,,uncertain,unique flavor text (joke value) but stat-dominated,maskedB/maskedB,3,worker_store,,store (toxin),dominated,255,400,1,8290,130,180,60
513,正義のマスクレスラー,,uncertain,unique flavor text (joke value) but stat-dominated,maskedC/maskedC,2,worker_store,,store (toxin),dominated,255,400,1,11290,130,190,70
514,毒霧レスラー,,uncertain,unique flavor text (joke value) but stat-dominated,maskedD/maskedA,1,worker_store,,store (toxin),dominated,255,400,1,11290,100,170,80
515,灼熱の人狼ナイト,,uncertain,unique flavor text (joke value) but stat-dominated,nightR/wolfmanC,2,worker_store,,store (toxin),dominated,255,400,1,9990,110,210,30
516,鋼鉄の人狼ナイト,,uncertain,unique flavor text (joke value) but stat-dominated,nightR/wolfmanD,2,worker_store,,store (toxin),dominated,255,400,1,9990,100,210,40
517,咆哮の人狼ナイト,,uncertain,unique flavor text (joke value) but stat-dominated,nightR/wolfmanE,2,worker_store,,store (toxin),dominated,255,400,1,11110,120,200,50
518,人狼ナイト,,uncertain,unique flavor text (joke value) but stat-dominated,nightB/wolfmanC,1,worker_store,,store (toxin),dominated,255,400,1,9000,120,170,50
519,森のゴブリン,,uncertain,unique flavor text (joke value) but stat-dominated,nightB/GoblinA,1,worker_store,,store (toxin),dominated,255,400,1,8800,190,130,10
520,岩場のゴブリン,,uncertain,unique flavor text (joke value) but stat-dominated,nightB/GoblinB,2,worker_store,,store (toxin),dominated,255,400,1,8800,180,140,10
521,鉱山のゴブリン,,uncertain,unique flavor text (joke value) but stat-dominated,nightB/GoblinC,2,worker_store,,store (toxin),dominated,255,400,1,9400,180,140,10
522,荒野のゴブリン,,uncertain,unique flavor text (joke value) but stat-dominated,nightR/GoblinA,1,worker_store,,store (toxin),dominated,255,400,1,8000,180,130,10
523,インビジブル芸人,,uncertain,unique flavor text (joke value) but stat-dominated,InvisiblemanA/InvisiblemanA,2,worker_store,,store (toxin),dominated,255,400,1,9500,190,130,90
524,インビジブルリーマン,,uncertain,unique flavor text (joke value) but stat-dominated,InvisiblemanB/InvisiblemanB,2,worker_store,,store (toxin),dominated,255,400,1,9000,180,140,80
525,インビジブルレディ,,uncertain,unique flavor text (joke value) but stat-dominated,InvisiblemanC/InvisiblemanC,2,worker_store,,store (toxin),dominated,255,400,1,9600,180,140,70
526,ミスターインビジブル,,uncertain,unique flavor text (joke value) but stat-dominated,InvisiblemanA/InvisiblemanA,2,worker_store,,store (toxin),dominated,255,400,1,8300,170,140,70
527,サイキックシェフ,,uncertain,unique art but recycled text and dominated stats — art-only value,psychicB/dojokarateA,1,worker_event,,roulette/event (server-scheduled),dominated,255,0,0,900,40,40,70
528,サイキック店員Ａ,,cut,"reskin: recycled text, recycled art, stat-dominated",psychicA/dojokarateB,3,worker_event,,roulette/event (server-scheduled),dominated,255,0,0,600,40,40,70
529,サイキック店員B,,cut,"reskin: recycled text, recycled art, stat-dominated",psychicA/dojokarateC,2,worker_event,,roulette/event (server-scheduled),dominated,255,0,0,600,40,30,50
530,容器なシェフ,,keep,enemy chef — needed by raid/boss content (enemyItems sets),enemyChef/boxmanA,1,enemy_chef,,roulette/event (server-scheduled),,255,0,0,900,40,40,70
531,容器な店員Ａ,,uncertain,unique art but recycled text and dominated stats — art-only value,boxmanC/boxmanC,2,worker_event,,roulette/event (server-scheduled),dominated,255,0,0,600,40,40,70
532,容器な店員B,,cut,"reskin: recycled text, recycled art, stat-dominated",boxmanB/boxmanB,2,worker_event,,roulette/event (server-scheduled),dominated,255,0,0,600,40,30,50
533,ドラゴンシェフ,,keep,enemy chef — needed by raid/boss content (enemyItems sets),enemyChef/dragonA,1,enemy_chef,,roulette/event (server-scheduled),,255,0,0,900,40,40,70
534,ドラゴン店員Ａ,,cut,"reskin: recycled text, recycled art, stat-dominated",akumaA/dragonB,3,worker_event,,roulette/event (server-scheduled),dominated,255,0,0,600,40,40,70
535,ドラゴン店員B,,cut,"reskin: recycled text, recycled art, stat-dominated",akumaA/dragonC,2,worker_event,,roulette/event (server-scheduled),dominated,255,0,0,600,40,30,50
536,プロテインシェフ,,keep,enemy chef — needed by raid/boss content (enemyItems sets),enemyChef/maskedA,1,enemy_chef,,roulette/event (server-scheduled),,255,0,0,900,40,40,70
537,プロテイン店員Ａ,,cut,"reskin: recycled text, recycled art, stat-dominated",maskedB/maskedB,3,worker_event,,roulette/event (server-scheduled),dominated,255,0,0,600,40,40,70
538,プロテイン店員B,,cut,"reskin: recycled text, recycled art, stat-dominated",maskedC/maskedC,2,worker_event,,roulette/event (server-scheduled),dominated,255,0,0,600,40,30,50
539,根城のシェフ,,cut,"reskin: recycled text, recycled art, stat-dominated",nightR/wolfmanC,2,worker_event,,roulette/event (server-scheduled),dominated,255,0,0,900,40,40,70
540,根城の店員Ａ,,cut,"reskin: recycled text, recycled art, stat-dominated",nightR/wolfmanD,2,worker_event,,roulette/event (server-scheduled),dominated,255,0,0,600,40,40,70
541,根城の店員B,,cut,"reskin: recycled text, recycled art, stat-dominated",nightR/wolfmanE,2,worker_event,,roulette/event (server-scheduled),dominated,255,0,0,600,40,30,50
542,ゴブリンシェフ,,keep,enemy chef — needed by raid/boss content (enemyItems sets),enemyChef/GoblinA,1,enemy_chef,,roulette/event (server-scheduled),,255,0,0,900,40,40,70
543,ゴブリン店員Ａ,,cut,"reskin: recycled text, recycled art, stat-dominated",nightB/GoblinB,2,worker_event,,roulette/event (server-scheduled),dominated,255,0,0,600,40,40,70
544,ゴブリン店員B,,cut,"reskin: recycled text, recycled art, stat-dominated",nightB/GoblinC,2,worker_event,,roulette/event (server-scheduled),dominated,255,0,0,600,40,30,50
545,透明シェフ,,keep,enemy chef — needed by raid/boss content (enemyItems sets),enemyChef/InvisiblemanA,1,enemy_chef,,roulette/event (server-scheduled),,255,0,0,900,40,40,70
546,透明店員Ａ,,cut,"reskin: recycled text, recycled art, stat-dominated",InvisiblemanB/InvisiblemanB,2,worker_event,,roulette/event (server-scheduled),dominated,255,0,0,600,40,40,70
547,透明店員B,,cut,"reskin: recycled text, recycled art, stat-dominated",InvisiblemanC/InvisiblemanC,2,worker_event,,roulette/event (server-scheduled),dominated,255,0,0,600,40,30,50
548,サイキックファイター,,uncertain,unique flavor text (joke value) but stat-dominated,psychicA/dojokarateB,3,worker_store,,store (toxin),dominated,255,400,1,8000,120,170,70
549,紙袋,,uncertain,unique flavor text (joke value) but stat-dominated,boxmanC/boxmanC,2,worker_store,,store (toxin),dominated,255,400,1,8100,130,160,10
550,ハーフドラゴン,,uncertain,unique flavor text (joke value) but stat-dominated,akumaA/dragonB,3,worker_store,,store (toxin),dominated,255,400,1,8000,130,160,50
551,マスクレスラー,,uncertain,unique flavor text (joke value) but stat-dominated,maskedB/maskedB,3,worker_store,,store (toxin),dominated,255,400,1,5290,80,100,80
552,ナイトウルフ,,uncertain,unique flavor text (joke value) but stat-dominated,nightB/wolfmanD,1,worker_store,,store (toxin),dominated,255,400,1,5550,90,80,50
553,砂のゴブリン,,uncertain,unique flavor text (joke value) but stat-dominated,nightR/GoblinB,1,worker_store,,store (toxin),dominated,255,400,1,4900,90,90,10
554,インビジブル,,uncertain,unique flavor text (joke value) but stat-dominated,InvisiblemanC/InvisiblemanB,1,worker_store,,store (toxin),dominated,255,400,1,5550,90,80,70
555,ミカエル,,uncertain,unique flavor text (joke value) but stat-dominated,angelmanA/angelmanA,1,worker_store,,store (toxin),dominated,255,400,1,8910,170,130,90
556,ミハエル,,uncertain,unique flavor text (joke value) but stat-dominated,angelmanB/angelmanB,2,worker_store,,store (toxin),dominated,255,400,1,7770,160,140,80
557,ミッシェル,,uncertain,unique flavor text (joke value) but stat-dominated,angelmanC/angelmanC,2,worker_store,,store (toxin),dominated,255,400,1,10400,130,160,70
558,マイケル,,uncertain,unique flavor text (joke value) but stat-dominated,angelmanD/angelmanD,1,worker_store,,store (toxin),dominated,255,400,1,7770,140,140,70
559,特殊部隊エコー,,uncertain,unique flavor text (joke value) but stat-dominated,militaryD/militaryD,1,worker_store,,store (toxin),dominated,255,400,1,9900,140,150,90
560,特殊部隊フォックス,,uncertain,unique flavor text (joke value) but stat-dominated,militaryF/militaryF,2,worker_store,,store (toxin),dominated,255,400,1,7700,120,170,80
561,特殊部隊ゴルフ,,uncertain,unique flavor text (joke value) but stat-dominated,militaryE/militaryE,2,worker_store,,store (toxin),dominated,255,400,1,8800,160,140,70
562,特殊部隊ホテル,,uncertain,unique flavor text (joke value) but stat-dominated,militaryG/militaryG,1,worker_store,,store (toxin),dominated,255,400,1,8800,100,160,70
563,ユニコーンヘッド,,uncertain,unique flavor text (joke value) but stat-dominated,akumaG/akumaG,1,worker_store,,store (toxin),dominated,255,400,1,9990,140,180,80
564,コカトリスヘッド,,uncertain,unique flavor text (joke value) but stat-dominated,akumaH/akumaH,1,worker_store,,store (toxin),dominated,255,400,1,9990,150,170,30
565,グリフォンヘッド,,uncertain,unique flavor text (joke value) but stat-dominated,akumaI/akumaI,1,worker_store,,store (toxin),dominated,255,400,1,9990,130,190,40
566,ホークヘッド,,uncertain,unique flavor text (joke value) but stat-dominated,akumaJ/akumaJ,1,worker_store,,store (toxin),dominated,255,400,1,9990,100,180,50
567,サバリーマン,,uncertain,unique flavor text (joke value) but stat-dominated,fishmanB/fishmanB,2,worker_store,,store (toxin),dominated,255,400,1,8000,130,170,80
568,マンボウ中年,,uncertain,unique flavor text (joke value) but stat-dominated,fishmanC/fishmanC,2,worker_store,,store (toxin),dominated,255,400,1,7500,160,150,30
569,アンコウジェントル,,uncertain,unique flavor text (joke value) but stat-dominated,fishmanA/fishmanA,1,worker_store,,store (toxin),dominated,255,400,1,9000,140,160,40
570,フィッシュスケルトン,,uncertain,unique flavor text (joke value) but stat-dominated,fishmanD/fishmanD,1,worker_store,,store (toxin),dominated,255,400,1,8000,120,150,50
571,ブリキロボット朱,,uncertain,unique flavor text (joke value) but stat-dominated,robotB/robotB,1,worker_store,,store (toxin),dominated,255,400,1,10680,110,190,70
572,ブリキロボット藍,,uncertain,unique flavor text (joke value) but stat-dominated,robotC/robotC,2,worker_store,,store (toxin),dominated,255,400,1,10680,100,200,70
573,ブリキロボット萌木,,uncertain,unique flavor text (joke value) but stat-dominated,robotD/robotD,2,worker_store,,store (toxin),dominated,255,400,1,10680,130,180,70
574,ゼンマイ式ロボット,,uncertain,unique flavor text (joke value) but stat-dominated,robotE/robotE,1,worker_store,,store (toxin),dominated,255,400,1,7500,120,160,70
575,天使シェフ,,keep,enemy chef — needed by raid/boss content (enemyItems sets),enemyChef/angelmanA,1,enemy_chef,,store (toxin),dominated,255,400,1,900,50,40,50
576,天使店員Ａ,,cut,"reskin: recycled text, recycled art, stat-dominated",angelmanB/angelmanB,2,worker_store,,store (toxin),dominated,255,400,1,600,40,40,50
577,天使店員Ｂ,,cut,"reskin: recycled text, recycled art, stat-dominated",angelmanC/angelmanC,2,worker_store,,store (toxin),dominated,255,400,1,600,40,30,50
578,特殊部隊シェフ,,keep,enemy chef — needed by raid/boss content (enemyItems sets),enemyChef/militaryD,1,enemy_chef,,store (toxin),dominated,255,400,1,2500,70,40,50
579,特殊部隊店員Ａ,,cut,"reskin: recycled text, recycled art, stat-dominated",militaryE/militaryE,2,worker_store,,store (toxin),dominated,255,400,1,1200,60,50,50
580,特殊部隊店員Ｂ,,cut,"reskin: recycled text, recycled art, stat-dominated",militaryF/militaryF,2,worker_store,,store (toxin),dominated,255,400,1,1600,50,60,50
581,悪魔シェフ,,keep,enemy chef — needed by raid/boss content (enemyItems sets),enemyChef/akumaG,1,enemy_chef,,store (toxin),dominated,255,400,1,2550,40,70,50
582,悪魔店員Ａ,,uncertain,unique art but recycled text and dominated stats — art-only value,akumaG/akumaH,1,worker_store,,store (toxin),dominated,255,400,1,1220,50,60,50
583,悪魔店員Ｂ,,uncertain,unique art but recycled text and dominated stats — art-only value,akumaH/akumaI,1,worker_store,,store (toxin),dominated,255,400,1,1660,60,50,50
584,魚シェフ,,keep,enemy chef — needed by raid/boss content (enemyItems sets),enemyChef/fishmanA,1,enemy_chef,,store (toxin),dominated,255,400,1,1000,50,50,50
585,魚店員Ａ,,cut,"reskin: recycled text, recycled art, stat-dominated",fishmanB/fishmanB,2,worker_store,,store (toxin),dominated,255,400,1,600,40,40,50
586,魚店員Ｂ,,cut,"reskin: recycled text, recycled art, stat-dominated",fishmanC/fishmanC,2,worker_store,,store (toxin),dominated,255,400,1,600,40,30,50
587,ブリキシェフ,,keep,enemy chef — needed by raid/boss content (enemyItems sets),enemyChef/robotB,1,enemy_chef,,store (toxin),dominated,255,400,1,2500,50,70,50
588,ブリキ店員Ａ,,cut,"reskin: recycled text, recycled art, stat-dominated",robotC/robotC,2,worker_store,,store (toxin),dominated,255,400,1,1200,60,60,50
589,ブリキ店員Ｂ,,cut,"reskin: recycled text, recycled art, stat-dominated",robotD/robotD,2,worker_store,,store (toxin),dominated,255,400,1,1600,60,50,50
590,一丁目の幽霊,,uncertain,unique flavor text (joke value) but stat-dominated,ghostA/ghostA,1,worker_store,,store (toxin),dominated,255,400,1,9000,150,170,80
591,二丁目の幽霊,,uncertain,unique art but recycled text and dominated stats — art-only value,ghostB/ghostB,2,worker_store,,store (toxin),dominated,255,400,1,8500,120,190,80
592,三丁目の幽霊,,uncertain,unique flavor text (joke value) but stat-dominated,ghostC/ghostC,1,worker_store,,store (toxin),dominated,255,400,1,9200,130,180,80
593,幽太郎,,uncertain,unique flavor text (joke value) but stat-dominated,ghostD/ghostD,1,worker_store,,store (toxin),dominated,255,400,1,8500,120,160,80
594,ダイヤのトランプ,,uncertain,unique flavor text (joke value) but stat-dominated,CardsA/CardsA,1,worker_store,,store (toxin),dominated,255,400,1,9200,120,190,100
595,クラブのトランプ,,uncertain,unique flavor text (joke value) but stat-dominated,CardsB/CardsB,2,worker_store,,store (toxin),dominated,255,400,1,9680,130,180,100
596,ハートのトランプ,,uncertain,unique flavor text (joke value) but stat-dominated,CardsC/CardsC,2,worker_store,,store (toxin),dominated,255,400,1,8100,110,200,100
597,スペードのトランプ,,uncertain,unique flavor text (joke value) but stat-dominated,CardsD/CardsD,1,worker_store,,store (toxin),dominated,255,400,1,8500,110,180,100
598,トランプスケルトン,,uncertain,unique flavor text (joke value) but stat-dominated,CardsC/skelton,1,worker_store,,store (toxin),dominated,255,400,1,8500,90,170,100
599,よく刺す看護師,,uncertain,unique flavor text (joke value) but stat-dominated,nurseA/nurseA,1,worker_store,,store (toxin),dominated,255,400,1,8910,180,140,100
600,よく踏む看護師,,uncertain,unique flavor text (joke value) but stat-dominated,nurseB/nurseB,2,worker_store,,store (toxin),dominated,255,400,1,8910,160,150,100
601,よく切る看護師,,uncertain,unique flavor text (joke value) but stat-dominated,nurseC/nurseC,2,worker_store,,store (toxin),dominated,255,400,1,8910,150,160,100
602,よく噛む看護師,,uncertain,unique flavor text (joke value) but stat-dominated,maidB/nurseD,1,worker_store,,store (toxin),dominated,255,400,1,8910,150,130,100
603,赤ずきん,,uncertain,unique flavor text (joke value) but stat-dominated,akazukinA/akazukinA,1,worker_store,,store (toxin),dominated,255,400,1,7800,140,180,100
604,白ずきん,,uncertain,unique flavor text (joke value) but stat-dominated,akazukinB/akazukinB,2,worker_store,,store (toxin),dominated,255,400,1,7800,130,180,100
605,黒ずきん,,uncertain,unique flavor text (joke value) but stat-dominated,akazukinC/akazukinC,2,worker_store,,store (toxin),dominated,255,400,1,7800,120,190,100
606,おばあさん,,uncertain,unique flavor text (joke value) but stat-dominated,businesswomanB/businesswomanB,1,worker_store,,store (toxin),dominated,255,400,1,8800,110,190,100
607,メイドずきん,,uncertain,unique flavor text (joke value) but stat-dominated,maidB/akazukinD,1,worker_store,,store (toxin),dominated,255,400,1,7800,110,160,100
608,ゆうれいシェフ,,keep,enemy chef — needed by raid/boss content (enemyItems sets),enemyChef/ghostE,1,enemy_chef,,store (toxin),dominated,255,400,1,900,40,40,50
609,ゆうれい店員Ａ,,uncertain,unique art but recycled text and dominated stats — art-only value,ghostF/ghostF,1,worker_store,,store (toxin),dominated,255,400,1,600,40,40,50
610,ゆうれい店員Ｂ,,uncertain,unique art but recycled text and dominated stats — art-only value,ghostG/ghostG,1,worker_store,,store (toxin),dominated,255,400,1,600,40,30,50
611,トランプシェフ,,keep,enemy chef — needed by raid/boss content (enemyItems sets),enemyChef/CardsA,1,enemy_chef,,store (toxin),dominated,255,400,1,1000,50,50,50
612,トランプ店員Ａ,,cut,"reskin: recycled text, recycled art, stat-dominated",CardsB/CardsB,2,worker_store,,store (toxin),dominated,255,400,1,600,40,40,50
613,トランプ店員Ｂ,,cut,"reskin: recycled text, recycled art, stat-dominated",CardsC/CardsC,2,worker_store,,store (toxin),dominated,255,400,1,600,40,30,50
614,看護師シェフ,,keep,enemy chef — needed by raid/boss content (enemyItems sets),enemyChef/nurseA,1,enemy_chef,,store (toxin),dominated,255,400,1,1000,50,50,50
615,看護師店員Ａ,,cut,"reskin: recycled text, recycled art, stat-dominated",nurseB/nurseB,2,worker_store,,store (toxin),dominated,255,400,1,600,40,40,50
616,看護師店員Ｂ,,cut,"reskin: recycled text, recycled art, stat-dominated",nurseC/nurseC,2,worker_store,,store (toxin),dominated,255,400,1,600,40,30,50
617,あかずきんシェフ,,keep,enemy chef — needed by raid/boss content (enemyItems sets),enemyChef/akazukinA,1,enemy_chef,,store (toxin),dominated,255,400,1,1000,50,50,50
618,あかずきん店員Ａ,,cut,"reskin: recycled text, recycled art, stat-dominated",akazukinB/akazukinB,2,worker_store,,store (toxin),dominated,255,400,1,600,40,40,50
619,あかずきん店員Ｂ,,cut,"reskin: recycled text, recycled art, stat-dominated",akazukinC/akazukinC,2,worker_store,,store (toxin),dominated,255,400,1,600,40,30,50
620,赤龍騎士,,uncertain,unique flavor text (joke value) but stat-dominated,dragonNight1/dragonNight1,1,worker_store,,store (toxin),dominated,255,400,1,1680,70,80,20
621,緑龍騎士,,uncertain,unique flavor text (joke value) but stat-dominated,dragonNight2/dragonNight2,1,worker_store,,store (toxin),dominated,255,400,1,1680,60,80,20
622,青龍騎士,,uncertain,unique flavor text (joke value) but stat-dominated,dragonNight3/dragonNight3,1,worker_store,,store (toxin),dominated,255,400,1,1680,70,70,20
623,龍戦士,,uncertain,unique flavor text (joke value) but stat-dominated,dragonNight4/dragonNight4,1,worker_store,,store (toxin),dominated,255,400,1,1680,70,70,20
624,婦人突撃部隊,,uncertain,unique flavor text (joke value) but stat-dominated,Ladymilitary1/Ladymilitary1,1,worker_store,,store (toxin),dominated,255,400,1,4440,90,80,100
625,婦人守備部隊,,uncertain,unique flavor text (joke value) but stat-dominated,Ladymilitary2/Ladymilitary2,1,worker_store,,store (toxin),dominated,255,400,1,4440,80,100,100
626,婦人ゲリラ部隊,,uncertain,unique flavor text (joke value) but stat-dominated,Ladymilitary3/Ladymilitary3,1,worker_store,,store (toxin),dominated,255,400,1,4440,80,90,100
627,婦人特殊部隊,,uncertain,unique flavor text (joke value) but stat-dominated,Ladymilitary4/Ladymilitary4,1,worker_store,,store (toxin),dominated,255,400,1,4440,70,100,100
628,機械警察部長,,uncertain,unique flavor text (joke value) but stat-dominated,roboCup1/roboCup1,1,worker_store,,store (toxin),dominated,255,400,1,7700,90,120,30
629,機械警察課長,,uncertain,unique flavor text (joke value) but stat-dominated,roboCup2/roboCup2,1,worker_store,,store (toxin),dominated,255,400,1,6000,100,120,30
630,機械警察署長,,uncertain,unique flavor text (joke value) but stat-dominated,roboCup3/roboCup3,1,worker_store,,store (toxin),dominated,255,400,1,7700,90,120,30
631,機械警察巡査,,uncertain,unique flavor text (joke value) but stat-dominated,roboCup4/roboCup4,1,worker_store,,store (toxin),dominated,255,400,1,6000,100,120,30
632,怠惰な女騎士,,uncertain,unique flavor text (joke value) but stat-dominated,valkyrie1/valkyrie1,1,worker_store,,store (toxin),dominated,255,400,1,1700,70,80,20
633,憂鬱な女騎士,,uncertain,unique flavor text (joke value) but stat-dominated,valkyrie2/valkyrie2,1,worker_store,,store (toxin),dominated,255,400,1,1700,60,80,20
634,自堕落な女騎士,,uncertain,unique flavor text (joke value) but stat-dominated,valkyrie3/valkyrie3,1,worker_store,,store (toxin),dominated,255,400,1,1700,70,70,20
635,女騎士,,uncertain,unique flavor text (joke value) but stat-dominated,valkyrie4/valkyrie4,1,worker_store,,store (toxin),dominated,255,400,1,1700,70,70,20
636,極光の女神,,uncertain,unique flavor text (joke value) but stat-dominated,Walkure1/Walkure1,1,worker_store,,store (toxin),dominated,255,400,1,7200,110,110,30
637,勝利の女神,,uncertain,unique flavor text (joke value) but stat-dominated,Walkure2/Walkure2,1,worker_store,,store (toxin),dominated,255,400,1,7000,110,110,30
638,愛の女神,,uncertain,unique flavor text (joke value) but stat-dominated,Walkure3/Walkure3,1,worker_store,,store (toxin),dominated,255,400,1,7000,110,110,30
639,運命の女神,,uncertain,unique flavor text (joke value) but stat-dominated,Walkure4/Walkure4,1,worker_store,,store (toxin),dominated,255,400,1,6900,110,110,30
640,鎌倉の武者,,uncertain,unique flavor text (joke value) but stat-dominated,MushaA/MushaA,1,worker_store,,store (toxin),dominated,255,400,1,9400,150,160,90
641,奥州の武者,,uncertain,unique flavor text (joke value) but stat-dominated,MushaB/MushaB,2,worker_store,,store (toxin),dominated,255,400,1,9400,120,190,80
642,甲斐の武者,,uncertain,unique flavor text (joke value) but stat-dominated,MushaC/MushaC,2,worker_store,,store (toxin),dominated,255,400,1,9500,130,180,70
643,落ち武者,,uncertain,unique flavor text (joke value) but stat-dominated,MushaD/sumowrestlerB,1,worker_store,,store (toxin),dominated,255,400,1,7500,120,150,70
644,伝説の剣士,,uncertain,unique flavor text (joke value) but stat-dominated,shinsenA/shinsenA,1,worker_store,,store (toxin),dominated,255,400,1,8400,160,170,90
645,一流の剣士,,uncertain,unique flavor text (joke value) but stat-dominated,shinsenB/shinsenB,2,worker_store,,store (toxin),dominated,255,400,1,8600,130,190,80
646,最上の剣士,,uncertain,unique flavor text (joke value) but stat-dominated,shinsenC/shinsenC,2,worker_store,,store (toxin),dominated,255,400,1,8800,140,180,70
647,剣士,,uncertain,unique flavor text (joke value) but stat-dominated,shinsenD/clown,1,worker_store,,store (toxin),dominated,255,400,1,7400,110,160,70
648,闇夜の魔女,,uncertain,unique flavor text (joke value) but stat-dominated,witchA/witchA,1,worker_store,,store (toxin),dominated,255,400,1,9000,170,150,100
649,月夜の魔女,,uncertain,unique flavor text (joke value) but stat-dominated,witchB/witchB,2,worker_store,,store (toxin),dominated,255,400,1,8500,180,150,100
650,満月の魔女,,uncertain,unique flavor text (joke value) but stat-dominated,witchC/witchC,2,worker_store,,store (toxin),dominated,255,400,1,9200,170,150,80
651,新月の魔女,,uncertain,unique flavor text (joke value) but stat-dominated,witchD/reaperoffB,1,worker_store,,store (toxin),dominated,255,400,1,8000,120,150,50
652,快速,,uncertain,unique flavor text (joke value) but stat-dominated,trainA/trainA,1,worker_store,,store (toxin),dominated,255,400,1,8460,190,140,100
653,急行,,uncertain,unique flavor text (joke value) but stat-dominated,trainB/trainB,2,worker_store,,store (toxin),dominated,255,400,1,8460,190,130,100
654,特急,,uncertain,unique flavor text (joke value) but stat-dominated,trainC/trainC,2,worker_store,,store (toxin),dominated,255,400,1,8460,180,140,100
655,鈍行,,uncertain,unique flavor text (joke value) but stat-dominated,trainD/butler,1,worker_store,,store (toxin),dominated,255,400,1,8460,100,160,50
656,ありす,,uncertain,unique art but recycled text and dominated stats — art-only value,alice/alice,2,worker_store,,store (toxin),dominated,255,400,1,9000,150,170,100
657,女王様,,uncertain,unique flavor text (joke value) but stat-dominated,queen/queen,1,worker_store,,store (toxin),dominated,255,400,1,8500,120,190,100
658,むしゃシェフ,,keep,enemy chef — needed by raid/boss content (enemyItems sets),enemyChef/MushaA,1,enemy_chef,,store (toxin),dominated,255,400,1,900,40,40,70
659,むしゃ店員Ａ,,cut,"reskin: recycled text, recycled art, stat-dominated",MushaB/MushaB,2,worker_store,,store (toxin),dominated,255,400,1,600,40,40,70
660,むしゃ店員Ｂ,,cut,"reskin: recycled text, recycled art, stat-dominated",MushaC/MushaC,2,worker_store,,store (toxin),dominated,255,400,1,600,40,30,50
661,剣士シェフ,,keep,enemy chef — needed by raid/boss content (enemyItems sets),enemyChef/shinsenA,1,enemy_chef,,store (toxin),dominated,255,400,1,900,40,40,50
662,剣士店員Ａ,,cut,"reskin: recycled text, recycled art, stat-dominated",shinsenB/shinsenB,2,worker_store,,store (toxin),dominated,255,400,1,600,40,40,50
663,剣士店員Ｂ,,cut,"reskin: recycled text, recycled art, stat-dominated",shinsenC/shinsenC,2,worker_store,,store (toxin),dominated,255,400,1,600,40,30,50
664,魔女シェフ,,keep,enemy chef — needed by raid/boss content (enemyItems sets),enemyChef/witchA,1,enemy_chef,,store (toxin),dominated,255,400,1,900,40,40,50
665,魔女店員Ａ,,cut,"reskin: recycled text, recycled art, stat-dominated",witchB/witchB,2,worker_store,,store (toxin),dominated,255,400,1,600,40,40,50
666,魔女店員Ｂ,,cut,"reskin: recycled text, recycled art, stat-dominated",witchC/witchC,2,worker_store,,store (toxin),dominated,255,400,1,600,40,30,50
667,電車シェフ,,keep,enemy chef — needed by raid/boss content (enemyItems sets),enemyChef/trainA,1,enemy_chef,,store (toxin),dominated,255,400,1,900,40,40,50
668,電車店員Ａ,,cut,"reskin: recycled text, recycled art, stat-dominated",trainB/trainB,2,worker_store,,store (toxin),dominated,255,400,1,600,40,40,50
669,電車店員Ｂ,,cut,"reskin: recycled text, recycled art, stat-dominated",trainC/trainC,2,worker_store,,store (toxin),dominated,255,400,1,600,40,30,50
670,女王様シェフ,,keep,enemy chef — needed by raid/boss content (enemyItems sets),enemyChef/queen,1,enemy_chef,,store (toxin),dominated,255,400,1,900,40,40,50
671,新米メイド,,uncertain,unique flavor text (joke value) but stat-dominated,maid2/maid2,1,worker_store,,store (toxin),dominated,255,400,1,3000,80,60,10
672,うさぎのありす,,uncertain,unique flavor text (joke value) but stat-dominated,alice/costume_a,1,worker_store,,store (toxin),dominated,255,400,1,7770,130,140,80
673,ぱんだシスター長女,,uncertain,unique flavor text (joke value) but stat-dominated,pandaA/pandaA,1,worker_store,,store (toxin),dominated,255,400,1,8000,130,200,90
674,ぱんだブラザー長男,,uncertain,unique flavor text (joke value) but stat-dominated,pandaB/pandaB,2,worker_store,,store (toxin),dominated,255,400,1,8200,140,190,80
675,ぱんだ双子・姉,,uncertain,unique flavor text (joke value) but stat-dominated,pandaC/pandaC,2,worker_store,,store (toxin),dominated,255,400,1,9400,120,200,70
676,ぱんだ双子・妹,,uncertain,unique flavor text (joke value) but stat-dominated,maidC/pandaD,1,worker_store,,store (toxin),dominated,255,400,1,6500,130,140,70
677,超八戒,,uncertain,unique flavor text (joke value) but stat-dominated,saiyukiA/saiyukiA,1,worker_store,,store (toxin),dominated,255,400,1,9300,170,160,90
678,孫悟食,,uncertain,unique flavor text (joke value) but stat-dominated,saiyukiB/saiyukiB,2,worker_store,,store (toxin),dominated,255,400,1,8500,120,200,80
679,詐悟浄,,uncertain,unique flavor text (joke value) but stat-dominated,saiyukiC/saiyukiC,2,worker_store,,store (toxin),dominated,255,400,1,9300,130,190,70
680,三憎法師,,uncertain,unique flavor text (joke value) but stat-dominated,saiyukiD/saiyukiD,1,worker_store,,store (toxin),dominated,255,400,1,8500,130,170,70
681,牛魔嘔,,uncertain,unique flavor text (joke value) but stat-dominated,saiyukiE/akumaB,1,worker_store,,store (toxin),dominated,255,400,1,7400,120,150,70
682,阿修ラー,,uncertain,unique flavor text (joke value) but stat-dominated,asyuraA/asyuraA,1,worker_store,,store (toxin),dominated,255,400,1,8000,110,200,90
683,阿修リー,,uncertain,unique flavor text (joke value) but stat-dominated,asyuraB/asyuraB,2,worker_store,,store (toxin),dominated,255,400,1,8000,100,200,80
684,阿修ルー,,uncertain,unique flavor text (joke value) but stat-dominated,asyuraC/asyuraC,2,worker_store,,store (toxin),dominated,255,400,1,8000,100,200,70
685,阿修レー,,uncertain,unique flavor text (joke value) but stat-dominated,asyuraD/robotB,1,worker_store,,store (toxin),dominated,255,400,1,6300,100,170,70
686,アラデン,,uncertain,unique flavor text (joke value) but stat-dominated,lampA/lampA,1,worker_store,,store (toxin),dominated,255,400,1,9000,170,150,90
687,ジャスメン,,uncertain,unique flavor text (joke value) but stat-dominated,lampB/lampB,2,worker_store,,store (toxin),dominated,255,400,1,8500,160,160,80
688,ランプおやじ,,uncertain,unique flavor text (joke value) but stat-dominated,lampC/lampC,2,worker_store,,store (toxin),dominated,255,400,1,9200,170,150,70
689,一般人アラブー,,uncertain,unique flavor text (joke value) but stat-dominated,lampD/omar,1,worker_store,,store (toxin),dominated,255,400,1,6800,120,150,70
690,ぱんだシェフ,,keep,enemy chef — needed by raid/boss content (enemyItems sets),enemyChef/pandaA,1,enemy_chef,,store (toxin),dominated,255,400,1,900,40,40,70
691,ぱんだ店員Ａ,,cut,"reskin: recycled text, recycled art, stat-dominated",pandaB/pandaB,2,worker_store,,store (toxin),dominated,255,400,1,600,40,40,70
692,ぱんだ店員Ｂ,,cut,"reskin: recycled text, recycled art, stat-dominated",pandaC/pandaC,2,worker_store,,store (toxin),dominated,255,400,1,600,40,30,50
693,西遊記シェフ,,keep,enemy chef — needed by raid/boss content (enemyItems sets),enemyChef/saiyukiA,1,enemy_chef,,store (toxin),dominated,255,400,1,900,40,40,70
694,西遊記店員Ａ,,cut,"reskin: recycled text, recycled art, stat-dominated",saiyukiB/saiyukiB,2,worker_store,,store (toxin),dominated,255,400,1,600,40,40,70
695,西遊記店員Ｂ,,cut,"reskin: recycled text, recycled art, stat-dominated",saiyukiC/saiyukiC,2,worker_store,,store (toxin),dominated,255,400,1,600,40,30,50
696,あしゅらシェフ,,keep,enemy chef — needed by raid/boss content (enemyItems sets),enemyChef/asyuraA,1,enemy_chef,,store (toxin),dominated,255,400,1,900,40,40,70
697,あしゅら店員Ａ,,cut,"reskin: recycled text, recycled art, stat-dominated",asyuraB/asyuraB,2,worker_store,,store (toxin),dominated,255,400,1,600,40,40,70
698,あしゅら店員Ｂ,,cut,"reskin: recycled text, recycled art, stat-dominated",asyuraC/asyuraC,2,worker_store,,store (toxin),dominated,255,400,1,600,40,30,50
699,ランプシェフ,,keep,enemy chef — needed by raid/boss content (enemyItems sets),enemyChef/lampA,1,enemy_chef,,store (toxin),dominated,255,400,1,900,40,40,70
700,ランプ店員Ａ,,cut,"reskin: recycled text, recycled art, stat-dominated",lampB/lampB,2,worker_store,,store (toxin),dominated,255,400,1,600,40,40,70
701,ランプ店員Ｂ,,cut,"reskin: recycled text, recycled art, stat-dominated",lampC/lampC,2,worker_store,,store (toxin),dominated,255,400,1,600,40,30,50
702,ちょい強化ハト,,uncertain,unique art but recycled text and dominated stats — art-only value,hatoD/hatoD,3,worker_store,,store (toxin),dominated,255,100,1,100,10,10,10
703,強化ハト,,uncertain,unique flavor text (joke value) but stat-dominated,hatoC/hatoC,1,worker_store,,store (toxin),dominated,255,100,1,100,10,10,10
704,超強化ハト,,uncertain,unique flavor text (joke value) but stat-dominated,hatoB/hatoB,1,worker_store,,store (toxin),dominated,255,100,1,100,10,10,10
705,極強化ハト,,uncertain,unique flavor text (joke value) but stat-dominated,hatoA/hatoA,29,worker_store,,store (toxin),dominated,255,100,1,100,10,10,10
706,ひとりシシマイ,,uncertain,unique flavor text (joke value) but stat-dominated,ShishimaiA/ShishimaiA,1,worker_store,,store (toxin),dominated,255,400,1,6000,109,217,70
707,あかなまはげ,,uncertain,unique flavor text (joke value) but stat-dominated,ShishimaiB/ShishimaiB,2,worker_store,,store (toxin),dominated,255,400,1,6000,120,208,70
708,あおなまはげ,,uncertain,unique flavor text (joke value) but stat-dominated,ShishimaiC/ShishimaiC,2,worker_store,,store (toxin),dominated,255,400,1,6000,109,215,70
709,シシカフェ店員,,uncertain,unique flavor text (joke value) but stat-dominated,maidB/ShishimaiE,1,worker_store,,store (toxin),dominated,255,400,1,5200,91,180,70
710,海・賊夫,,uncertain,unique flavor text (joke value) but stat-dominated,PiratesmanA/PiratesmanA,1,worker_store,,store (toxin),dominated,255,400,1,10000,161,168,70
711,海・賊之助,,uncertain,unique flavor text (joke value) but stat-dominated,PiratesmanB/PiratesmanB,2,worker_store,,store (toxin),dominated,255,400,1,10000,164,165,70
712,海・賊子,,uncertain,unique flavor text (joke value) but stat-dominated,PiratesmanC/PiratesmanC,2,worker_store,,store (toxin),dominated,255,400,1,9999,165,160,70
713,海賊リーマン,,uncertain,unique flavor text (joke value) but stat-dominated,businessman/PiratesmanD,1,worker_store,,store (toxin),dominated,255,400,1,9500,120,146,70
714,ツケマ・インビジボー,,uncertain,unique flavor text (joke value) but stat-dominated,Invisibleman_BandageA/Invisibleman_BandageA,1,worker_store,,store (toxin),dominated,255,400,1,6500,200,147,70
715,ウェスタン・インビジボー,,uncertain,unique flavor text (joke value) but stat-dominated,Invisibleman_BandageB/Invisibleman_BandageB,2,worker_store,,store (toxin),dominated,255,400,1,7000,200,145,70
716,謎解き屋インビジボー,,uncertain,unique flavor text (joke value) but stat-dominated,Invisibleman_BandageC/Invisibleman_BandageC,2,worker_store,,store (toxin),dominated,255,400,1,8000,200,143,70
717,NOセンス・インビジボー,,uncertain,unique flavor text (joke value) but stat-dominated,InvisiblemanB/Invisibleman_BandageD,1,worker_store,,store (toxin),dominated,255,400,1,6000,199,97,70
718,幕の内松,,uncertain,unique flavor text (joke value) but stat-dominated,KabukiA/KabukiA,1,worker_store,,store (toxin),dominated,255,400,1,9500,185,150,70
719,幕の内竹,,uncertain,unique flavor text (joke value) but stat-dominated,KabukiB/KabukiB,2,worker_store,,store (toxin),dominated,255,400,1,9000,180,154,70
720,幕の内梅,,uncertain,unique flavor text (joke value) but stat-dominated,KabukiC/KabukiC,2,worker_store,,store (toxin),dominated,255,400,1,8500,182,154,70
721,悪の新婦,,uncertain,unique flavor text (joke value) but stat-dominated,BrideA/BrideA,1,worker_store,,store (toxin),dominated,255,400,1,7800,105,135,70
722,殺の新婦,,uncertain,unique flavor text (joke value) but stat-dominated,BrideB/BrideB,1,worker_store,,store (toxin),dominated,255,400,1,6000,84,115,70
723,呪の新婦,,uncertain,unique flavor text (joke value) but stat-dominated,BrideC/BrideC,1,worker_store,,store (toxin),dominated,255,400,1,4300,67,92,70
724,獅子舞シェフ,,keep,enemy chef — needed by raid/boss content (enemyItems sets),enemyChef/ShishimaiA,1,enemy_chef,,store (toxin),dominated,255,400,1,900,40,40,70
725,獅子舞店員Ａ,,cut,"reskin: recycled text, recycled art, stat-dominated",ShishimaiB/ShishimaiB,2,worker_store,,store (toxin),dominated,255,400,1,600,40,40,70
726,獅子舞店員Ｂ,,cut,"reskin: recycled text, recycled art, stat-dominated",ShishimaiC/ShishimaiC,2,worker_store,,store (toxin),dominated,255,400,1,600,40,30,50
727,パイレーツシェフ,,keep,enemy chef — needed by raid/boss content (enemyItems sets),enemyChef/PiratesmanA,1,enemy_chef,,store (toxin),dominated,255,400,1,900,40,40,70
728,パイレーツ店員Ａ,,cut,"reskin: recycled text, recycled art, stat-dominated",PiratesmanB/PiratesmanB,2,worker_store,,store (toxin),dominated,255,400,1,600,40,40,70
729,パイレーツ店員Ｂ,,cut,"reskin: recycled text, recycled art, stat-dominated",PiratesmanC/PiratesmanC,2,worker_store,,store (toxin),dominated,255,400,1,600,40,30,50
730,透明ミイラシェフ,,keep,enemy chef — needed by raid/boss content (enemyItems sets),enemyChef/Invisibleman_BandageA,1,enemy_chef,,store (toxin),dominated,255,400,1,900,40,40,70
731,透明ミイラ店員Ａ,,cut,"reskin: recycled text, recycled art, stat-dominated",Invisibleman_BandageB/Invisibleman_BandageB,2,worker_store,,store (toxin),dominated,255,400,1,600,40,40,70
732,透明ミイラ店員Ｂ,,cut,"reskin: recycled text, recycled art, stat-dominated",Invisibleman_BandageC/Invisibleman_BandageC,2,worker_store,,store (toxin),dominated,255,400,1,600,40,30,50
733,幕野幕之内,,uncertain,unique flavor text (joke value) but stat-dominated,Ninjakamen/KabukiD,1,worker_store,,store (toxin),dominated,255,400,1,8200,177,108,70
734,シュリンプブライド,,uncertain,unique flavor text (joke value) but stat-dominated,BrideD/shrimpA,1,worker_store,,store (toxin),dominated,255,400,1,1600,65,77,70
735,メイドロイド,,uncertain,unique flavor text (joke value) but stat-dominated,maid2B/maid2B,1,worker_store,,store (toxin),dominated,255,400,1,3000,80,60,10
736,モーホック,,uncertain,unique flavor text (joke value) but stat-dominated,PrisonerA/PrisonerA,1,worker_store,,store (toxin),dominated,255,100,1,100,10,10,10
737,ヒーローシェフ,Hero Chef,keep,"EN-matched, already named in English (pass 3)",nerd/faris,15,worker_store,event_hero,store (toxin),dominated,255,400,1,900,40,40,70
738,ヒーロー店員Ａ,Hero Clerk A,keep,"EN-matched, already named in English (pass 3)",nerd/faris,15,worker_store,event_hero,store (toxin),dominated,255,400,1,600,40,40,70
739,ヒーロー店員Ｂ,Hero Clerk B,keep,"EN-matched, already named in English (pass 3)",nerd/faris,15,worker_store,event_hero,store (toxin),dominated,255,400,1,600,40,30,50
740,歌舞伎シェフ,,keep,enemy chef — needed by raid/boss content (enemyItems sets),enemyChef/KabukiA,1,enemy_chef,,store (toxin),dominated,255,400,1,900,40,40,70
741,歌舞伎店員Ａ,,cut,"reskin: recycled text, recycled art, stat-dominated",KabukiB/KabukiB,2,worker_store,,store (toxin),dominated,255,400,1,600,40,40,70
742,歌舞伎店員Ｂ,,cut,"reskin: recycled text, recycled art, stat-dominated",KabukiC/KabukiC,2,worker_store,,store (toxin),dominated,255,400,1,600,40,30,50
743,シシマイ師匠,,uncertain,unique flavor text (joke value) but stat-dominated,ShishimaiD/ShishimaiD,1,worker_store,,store (toxin),dominated,255,400,1,6000,106,219,70
744,どろっしー,,uncertain,unique flavor text (joke value) but stat-dominated,alice/ozA,1,worker_store,,store (toxin),dominated,255,400,1,8000,141,210,80
745,ブリブリブリキ,,uncertain,unique flavor text (joke value) but stat-dominated,nightB/ozB,2,worker_store,,store (toxin),dominated,255,400,1,8500,151,190,70
746,脳無しカカッシー,,uncertain,unique flavor text (joke value) but stat-dominated,chucky_b/ozC,2,worker_store,,store (toxin),dominated,255,400,1,9000,180,143,80
747,らいおん丸,,uncertain,unique flavor text (joke value) but stat-dominated,ozD/costume_g,1,worker_store,,store (toxin),dominated,255,400,1,6000,91,178,70
748,ファラオ・ザ・グレート,,uncertain,unique flavor text (joke value) but stat-dominated,Pharaoh_A/Pharaoh_A,1,worker_store,,store (toxin),dominated,255,400,1,10000,127,205,80
749,エル・アヌビス,,uncertain,unique flavor text (joke value) but stat-dominated,Pharaoh_B/Pharaoh_B,2,worker_store,,store (toxin),dominated,255,400,1,9700,141,190,70
750,ミス・パトラ,,uncertain,unique flavor text (joke value) but stat-dominated,Cleopatra/Cleopatra,2,worker_store,,store (toxin),dominated,255,400,1,10500,164,147,90
751,ドクトル・ネムティ,,keep,unique flavor text + competitive stats,Pharaoh_C/Pharaoh_C,1,worker_store,,store (toxin),,16,35,1,7000,92,175,80
752,フランス浴衣女子,,uncertain,unique flavor text (joke value) but stat-dominated,kimonoA/kimonoA,1,worker_store,,store (toxin),dominated,255,400,1,9000,160,150,90
753,日本浴衣女子,,uncertain,unique flavor text (joke value) but stat-dominated,kimonoB/kimonoB,2,worker_store,,store (toxin),dominated,255,400,1,7400,125,135,90
754,アメリカ浴衣女子,,uncertain,unique flavor text (joke value) but stat-dominated,kimonoC/kimonoC,2,worker_store,,store (toxin),dominated,255,400,1,5200,93,123,90
755,フランケンの愛人,,uncertain,unique flavor text (joke value) but stat-dominated,kimonoD/BrideOfFrankenstein,1,worker_store,,store (toxin),dominated,255,400,1,3000,76,92,90
756,参謀ピンキートンキー,,uncertain,unique flavor text (joke value) but stat-dominated,TFA/TFA,1,worker_store,,store (toxin),dominated,255,400,1,8800,176,156,80
757,工兵ボストンダック,,uncertain,unique flavor text (joke value) but stat-dominated,TFB/TFB,1,worker_store,,store (toxin),dominated,255,400,1,9400,125,220,70
758,司令レッドフォックス,,uncertain,unique flavor text (joke value) but stat-dominated,TFC/TFC,1,worker_store,,store (toxin),dominated,255,400,1,9500,155,178,70
759,二等兵レッドボックス,,uncertain,unique flavor text (joke value) but stat-dominated,TFD/robotB,1,worker_store,,store (toxin),dominated,255,400,1,6000,87,181,70
760,オズシェフ,,keep,enemy chef — needed by raid/boss content (enemyItems sets),enemyChef/ozA,1,enemy_chef,,store (toxin),dominated,255,400,1,900,40,40,70
761,オズ店員Ａ,,cut,"reskin: recycled text, recycled art, stat-dominated",nightB/ozB,2,worker_store,,store (toxin),dominated,255,400,1,600,40,40,70
762,オズ店員Ｂ,,cut,"reskin: recycled text, recycled art, stat-dominated",chucky_b/ozC,2,worker_store,,store (toxin),dominated,255,400,1,600,40,30,50
763,エジプトシェフ,,keep,enemy chef — needed by raid/boss content (enemyItems sets),enemyChef/Pharaoh_A,1,enemy_chef,,store (toxin),dominated,255,400,1,900,40,40,70
764,エジプト店員Ａ,,cut,"reskin: recycled text, recycled art, stat-dominated",Pharaoh_B/Pharaoh_B,2,worker_store,,store (toxin),dominated,255,400,1,600,40,40,70
765,エジプト店員Ｂ,,cut,"reskin: recycled text, recycled art, stat-dominated",Cleopatra/Cleopatra,2,worker_store,,store (toxin),dominated,255,400,1,600,40,30,50
766,ゆかたシェフ,,keep,enemy chef — needed by raid/boss content (enemyItems sets),enemyChef/kimonoA,1,enemy_chef,,store (toxin),dominated,255,400,1,900,40,40,70
767,ゆかた店員Ａ,,cut,"reskin: recycled text, recycled art, stat-dominated",kimonoB/kimonoB,2,worker_store,,store (toxin),dominated,255,400,1,600,40,40,70
768,ゆかた店員Ｂ,,cut,"reskin: recycled text, recycled art, stat-dominated",kimonoC/kimonoC,2,worker_store,,store (toxin),dominated,255,400,1,600,40,30,50
769,ロボシェフ,,uncertain,unique art but recycled text and dominated stats — art-only value,TFA2/TFA2,1,worker_store,,store (toxin),dominated,255,400,1,900,40,40,70
770,ロボ店員Ａ,,uncertain,unique art but recycled text and dominated stats — art-only value,TFB2/TFB2,1,worker_store,,store (toxin),dominated,255,400,1,600,40,40,70
771,ロボ店員Ｂ,,uncertain,unique art but recycled text and dominated stats — art-only value,TFC2/TFC2,1,worker_store,,store (toxin),dominated,255,400,1,600,40,30,50
772,フラワーテイル,,uncertain,unique flavor text (joke value) but stat-dominated,PlantA/PlantA,1,worker_store,,store (toxin),dominated,255,400,1,8750,147,202,90
773,らふれしあん,,uncertain,unique flavor text (joke value) but stat-dominated,PlantB/PlantB,1,worker_store,,store (toxin),dominated,255,400,1,6000,110,122,70
774,生えたてじいさん,,uncertain,unique flavor text (joke value) but stat-dominated,PlantC/PlantC,1,worker_store,,store (toxin),dominated,255,400,1,3500,75,85,50
775,夏祭り女子,,uncertain,unique flavor text (joke value) but stat-dominated,kimonoE/kimonoE,1,worker_store,,store (toxin),dominated,255,400,1,8100,161,173,90
776,浮遊霊子,,keep,unique flavor text + competitive stats,ghostH/ghostH,1,worker_store,,store (toxin),,255,44,1,4567,100,123,80
777,ゆうしゃ,,uncertain,unique flavor text (joke value) but stat-dominated,yuusyaA/yuusyaA,2,worker_store,,store (toxin),dominated,255,400,1,8800,156,182,80
778,そうりょ,,uncertain,unique flavor text (joke value) but stat-dominated,yuusyaB/yuusyaB,2,worker_store,,store (toxin),dominated,255,400,1,9200,163,166,70
779,まほうつかい,,uncertain,unique flavor text (joke value) but stat-dominated,yuusyaC/yuusyaC,2,worker_store,,store (toxin),dominated,255,400,1,8000,182,155,70
780,にせゆうしゃ,,uncertain,unique flavor text (joke value) but stat-dominated,yuusyaD/businessman,1,worker_store,,store (toxin),dominated,255,400,1,6800,110,150,70
781,サキュバス,,uncertain,unique flavor text (joke value) but stat-dominated,harpyA/harpyA,2,worker_store,,store (toxin),dominated,255,400,1,8700,166,166,80
782,セイレーン,,uncertain,unique flavor text (joke value) but stat-dominated,harpyB/harpyB,2,worker_store,,store (toxin),dominated,255,400,1,9400,172,148,70
783,ハーピー,,uncertain,unique flavor text (joke value) but stat-dominated,harpyC/harpyC,2,worker_store,,store (toxin),dominated,255,400,1,9200,148,184,70
784,コケコーン,,uncertain,unique flavor text (joke value) but stat-dominated,harpyD/costume_e,1,worker_store,,store (toxin),dominated,255,400,1,7200,133,112,70
785,勇者シェフ,,cut,"reskin: recycled text, recycled art, stat-dominated",yuusyaA/yuusyaA,2,worker_store,,store (toxin),dominated,255,400,1,900,40,40,70
786,僧侶店員Ｂ,,cut,"reskin: recycled text, recycled art, stat-dominated",yuusyaB/yuusyaB,2,worker_store,,store (toxin),dominated,255,400,1,600,40,40,70
787,魔法使い店員Ｂ,,cut,"reskin: recycled text, recycled art, stat-dominated",yuusyaC/yuusyaC,2,worker_store,,store (toxin),dominated,255,400,1,600,40,30,50
788,サキュバスシェフ,,cut,"reskin: recycled text, recycled art, stat-dominated",harpyA/harpyA,2,worker_store,,store (toxin),dominated,255,400,1,900,40,40,70
789,セイレーン店員Ａ,,cut,"reskin: recycled text, recycled art, stat-dominated",harpyB/harpyB,2,worker_store,,store (toxin),dominated,255,400,1,600,40,40,70
790,ハーピー店員Ｂ,,cut,"reskin: recycled text, recycled art, stat-dominated",harpyC/harpyC,2,worker_store,,store (toxin),dominated,255,400,1,600,40,30,50
791,レディナイト,,uncertain,unique flavor text (joke value) but stat-dominated,valkyrieA/valkyrieA,2,worker_store,,store (toxin),dominated,255,400,1,9000,134,205,80
792,ヴァルキリー,,uncertain,unique flavor text (joke value) but stat-dominated,valkyrieB/valkyrieB,2,worker_store,,store (toxin),dominated,255,400,1,9500,151,174,80
793,アマゾネス,,uncertain,unique flavor text (joke value) but stat-dominated,valkyrieC/valkyrieC,2,worker_store,,store (toxin),dominated,255,400,1,10000,158,158,80
794,オシャレナイト,,uncertain,unique flavor text (joke value) but stat-dominated,valkyrieD/model,1,worker_store,,store (toxin),dominated,255,400,1,8500,100,130,70
795,オスカーさん,,uncertain,unique flavor text (joke value) but stat-dominated,FranceA/FranceA,1,worker_store,,store (toxin),dominated,255,400,1,9999,136,188,70
796,アンドーさん,,uncertain,unique flavor text (joke value) but stat-dominated,FranceB/FranceB,2,worker_store,,store (toxin),dominated,255,400,1,8500,122,230,70
797,マリーさん,,uncertain,unique flavor text (joke value) but stat-dominated,BrideA/FranceC,2,worker_store,,store (toxin),dominated,255,400,1,9000,159,170,90
798,そこらへんの貴族,,keep,unique flavor text + competitive stats,FranceD/faris,1,worker_store,,store (toxin),,15,35,1,7000,100,150,60
799,ジュラファン,,uncertain,unique flavor text (joke value) but stat-dominated,baseballA/baseballA,1,worker_store,,store (toxin),dominated,255,400,1,8800,111,240,80
800,アルパッチョ,,uncertain,unique flavor text (joke value) but stat-dominated,baseballB/baseballB,2,worker_store,,store (toxin),dominated,255,400,1,9999,135,190,90
801,ゴリラップ,,uncertain,unique flavor text (joke value) but stat-dominated,baseballC/baseballC,2,worker_store,,store (toxin),dominated,255,400,1,10000,99,240,80
802,ミスターベースボール,,uncertain,unique flavor text (joke value) but stat-dominated,baseballD/enemychefpub,1,worker_store,,store (toxin),dominated,255,400,1,6000,91,178,70
803,ヴァルキリーシェフ,,cut,"reskin: recycled text, recycled art, stat-dominated",valkyrieA/valkyrieA,2,worker_store,,store (toxin),dominated,255,400,1,900,40,40,70
804,ヴァルキリー店員Ａ,,cut,"reskin: recycled text, recycled art, stat-dominated",valkyrieB/valkyrieB,2,worker_store,,store (toxin),dominated,255,400,1,600,40,40,70
805,ヴァルキリー店員Ｂ,,cut,"reskin: recycled text, recycled art, stat-dominated",valkyrieC/valkyrieC,2,worker_store,,store (toxin),dominated,255,400,1,600,40,30,50
806,フランスシェフ,,keep,enemy chef — needed by raid/boss content (enemyItems sets),enemyChef/FranceA,1,enemy_chef,,store (toxin),dominated,255,400,1,900,40,40,70
807,フランス店員Ａ,,cut,"reskin: recycled text, recycled art, stat-dominated",FranceB/FranceB,2,worker_store,,store (toxin),dominated,255,400,1,600,40,40,70
808,フランス店員Ｂ,,cut,"reskin: recycled text, recycled art, stat-dominated",BrideA/FranceC,2,worker_store,,store (toxin),dominated,255,400,1,600,40,30,50
809,動物マスコットシェフ,,keep,enemy chef — needed by raid/boss content (enemyItems sets),enemyChef/baseballA,1,enemy_chef,,store (toxin),dominated,255,400,1,900,40,40,70
810,動物マスコット店員Ａ,,cut,"reskin: recycled text, recycled art, stat-dominated",baseballB/baseballB,2,worker_store,,store (toxin),dominated,255,400,1,600,40,40,70
811,動物マスコット店員Ｂ,,cut,"reskin: recycled text, recycled art, stat-dominated",baseballC/baseballC,2,worker_store,,store (toxin),dominated,255,400,1,600,40,30,50
812,デビルシェフ,,keep,playable chef (owner-approved set; do not edit),enemyChef/akumaB,2,chef,,store (toxin),,255,130,1,16660,150,150,50
813,サイコラビットシェフ,,keep,playable chef (owner-approved set; do not edit),clown/costume_a,4,chef,,store (cash),,4,1000,0,1400,50,50,70
814,ちょい強化ハトシェフ,,keep,playable chef (owner-approved set; do not edit),hatoD/hatoD,3,chef,,store (toxin),dominated,6,1,1,100,10,10,10
815,サンジェルマン伯爵シェフ,,keep,playable chef (owner-approved set; do not edit),DraculaA/DraculaA,4,chef,,store (cash),,7,10000,0,5000,70,90,60
816,ホッケーマスクＦＲIシェフ,,keep,playable chef (owner-approved set; do not edit),jasonA/jasonA,4,chef,,store (cash),,8,500000,0,8000,90,130,20
817,ありすシェフ,,keep,playable chef (owner-approved set; do not edit),alice/alice,2,chef,,store (toxin),,11,125,1,9000,150,170,100
818,死の人形,,keep,playable chef (owner-approved set; do not edit),chucky_c/chucky_c,2,chef,,store (toxin),,18,50,1,9400,140,90,70
819,どろいどっこ４．０,,uncertain,unique flavor text (joke value) but stat-dominated,droidA/droidA,1,worker_store,,store (toxin),dominated,255,400,1,3000,90,90,60
820,どろいどっこ４．３,,uncertain,unique flavor text (joke value) but stat-dominated,droidB/droidB,1,worker_store,,store (toxin),dominated,255,400,1,7200,125,125,80
821,ゾンビ船船長,,uncertain,unique flavor text (joke value) but stat-dominated,EDFA/EDFA,1,worker_store,,store (toxin),dominated,255,400,1,8500,180,147,90
822,ゾンビ船補佐官,,uncertain,unique flavor text (joke value) but stat-dominated,EDFB/EDFB,2,worker_store,,store (toxin),dominated,255,400,1,9200,163,163,70
823,ULTRAゾンビ,,uncertain,unique flavor text (joke value) but stat-dominated,EDFC/EDFC,2,worker_store,,store (toxin),dominated,255,400,1,10000,120,210,70
824,セイビングマン,,uncertain,unique flavor text (joke value) but stat-dominated,EDFD/EDFD,1,worker_store,,store (toxin),dominated,255,400,1,8500,120,100,70
825,モン女フランケン科,,uncertain,unique flavor text (joke value) but stat-dominated,SGA/SGA,1,worker_store,,store (toxin),dominated,255,400,1,8888,165,164,90
826,吸血ヶ台学園,,uncertain,unique flavor text (joke value) but stat-dominated,SGB/SGB,2,worker_store,,store (toxin),dominated,255,400,1,9000,200,112,85
827,モン女ホッケー科,,uncertain,unique flavor text (joke value) but stat-dominated,SGC/SGC,2,worker_store,,store (toxin),dominated,255,400,1,9999,140,182,70
828,とらとらとら,,keep,unique flavor text + competitive stats,SGD/costume_b,1,worker_store,,store (toxin),,16,35,1,8000,115,115,50
829,チェイソン,,uncertain,unique flavor text (joke value) but stat-dominated,SGE/jasonB,1,worker_store,,store (toxin),dominated,255,400,1,8300,110,150,50
830,ひみこっち,,uncertain,unique flavor text (joke value) but stat-dominated,haniwaA/haniwaA,1,worker_store,,store (toxin),dominated,255,400,1,9500,132,200,90
831,縄文式ゾンビ,,uncertain,unique flavor text (joke value) but stat-dominated,haniwaB/haniwaB,2,worker_store,,store (toxin),dominated,255,400,1,9000,190,127,70
832,弥生式ゾンビ,,uncertain,unique flavor text (joke value) but stat-dominated,haniwaC/haniwaC,2,worker_store,,store (toxin),dominated,255,400,1,10000,157,158,60
833,大和式ゾンビ,,uncertain,unique flavor text (joke value) but stat-dominated,haniwaD/haniwaD,1,worker_store,,store (toxin),dominated,255,400,1,8500,120,130,50
834,ドキ土器ピエロ,,uncertain,unique flavor text (joke value) but stat-dominated,clown/haniwaE,1,worker_store,,store (toxin),dominated,255,400,1,8300,95,140,50
835,ドキ土器カフェクルー,,uncertain,unique flavor text (joke value) but stat-dominated,maid/haniwaD,1,worker_store,,store (toxin),dominated,255,400,1,8500,120,102,70
836,ドキ土器ヒロイン,,uncertain,unique flavor text (joke value) but stat-dominated,alice/haniwaG,1,worker_store,,store (toxin),dominated,255,400,1,8500,113,113,70
837,特攻式ハニワ,,uncertain,unique flavor text (joke value) but stat-dominated,haniwaH/haniwaH,1,worker_store,,store (toxin),dominated,255,400,1,8888,143,174,60
838,隊員シェフ,,keep,enemy chef — needed by raid/boss content (enemyItems sets),enemyChef/EDFA,1,enemy_chef,,store (toxin),dominated,255,400,1,900,40,40,70
839,隊員店員Ａ,,cut,"reskin: recycled text, recycled art, stat-dominated",EDFB/EDFB,2,worker_store,,store (toxin),dominated,255,400,1,600,40,40,70
840,隊員店員Ｂ,,cut,"reskin: recycled text, recycled art, stat-dominated",EDFC/EDFC,2,worker_store,,store (toxin),dominated,255,400,1,600,40,30,50
841,せいふくシェフ,,keep,enemy chef — needed by raid/boss content (enemyItems sets),enemyChef/SGA,1,enemy_chef,,store (toxin),dominated,255,400,1,900,40,40,70
842,せいふく店員Ａ,,cut,"reskin: recycled text, recycled art, stat-dominated",SGB/SGB,2,worker_store,,store (toxin),dominated,255,400,1,600,40,40,70
843,せいふく店員Ｂ,,cut,"reskin: recycled text, recycled art, stat-dominated",SGC/SGC,2,worker_store,,store (toxin),dominated,255,400,1,600,40,30,50
844,はにわシェフ,,keep,enemy chef — needed by raid/boss content (enemyItems sets),enemyChef/haniwaA,1,enemy_chef,,store (toxin),dominated,255,400,1,900,40,40,70
845,はにわ店員Ａ,,cut,"reskin: recycled text, recycled art, stat-dominated",haniwaB/haniwaB,2,worker_store,,store (toxin),dominated,255,400,1,600,40,40,70
846,はにわ店員Ｂ,,cut,"reskin: recycled text, recycled art, stat-dominated",haniwaC/haniwaC,2,worker_store,,store (toxin),dominated,255,400,1,600,40,30,50
847,にゃんこぱんつ,,uncertain,unique flavor text (joke value) but stat-dominated,HWcat/HWcat,1,worker_store,,store (toxin),dominated,255,400,1,9100,140,177,90
848,骨ボーイ,,uncertain,unique flavor text (joke value) but stat-dominated,fishmanA/CardsE,1,worker_store,,store (toxin),dominated,255,400,1,1800,65,72,20
849,かぼちゃTUX,,uncertain,unique flavor text (joke value) but stat-dominated,fishmanA/HWpumpkinA,1,worker_store,,store (toxin),dominated,255,400,1,8800,95,132,60
850,かぼちゃMAID,,uncertain,unique flavor text (joke value) but stat-dominated,maid2B/HWpumpkinB,1,worker_store,,store (toxin),dominated,255,400,1,11000,60,77,70
851,かぼちゃNURSE,,uncertain,unique flavor text (joke value) but stat-dominated,nurseA/HWpumpkinC,1,worker_store,,store (toxin),dominated,255,400,1,2000,60,75,70
852,かぼちゃSAT,,uncertain,unique flavor text (joke value) but stat-dominated,militaryF/HWpumpkinD,1,worker_store,,store (toxin),dominated,255,400,1,2800,80,80,50
853,小魔女王,,uncertain,unique flavor text (joke value) but stat-dominated,HWwitchA/HWwitchA,1,worker_store,,store (toxin),dominated,255,400,1,10100,125,182,70
854,蕎麦屋の大将,,uncertain,unique flavor text (joke value) but stat-dominated,BicycleB/BicycleB,3,worker_store,,store (toxin),dominated,255,400,1,8700,179,146,85
855,中華屋女子ハン,,uncertain,unique flavor text (joke value) but stat-dominated,BicycleA/BicycleA,1,worker_store,,store (toxin),dominated,255,400,1,10100,155,159,70
856,蕎麦屋の弟子,,keep,unique flavor text + competitive stats,BicycleC/businessman,1,worker_store,,store (toxin),,15,35,1,7100,125,125,60
857,蕎麦屋の周さん,,uncertain,unique flavor text (joke value) but stat-dominated,BicycleD/Kyonshi_man,1,worker_store,,store (toxin),dominated,255,400,1,6700,90,167,50
858,中華屋女子ソン,,uncertain,unique flavor text (joke value) but stat-dominated,BicycleE/model,1,worker_store,,store (toxin),dominated,255,400,1,7200,106,138,60
859,中華屋女子ミン,,uncertain,unique flavor text (joke value) but stat-dominated,BicycleF/maid,1,worker_store,,store (toxin),dominated,255,400,1,8200,99,128,30
860,猫少女,,uncertain,unique flavor text (joke value) but stat-dominated,specterA/specterA,1,worker_store,,store (toxin),dominated,255,400,1,9300,134,199,90
861,狐っ子,,uncertain,unique flavor text (joke value) but stat-dominated,specterB/specterB,2,worker_store,,store (toxin),dominated,255,400,1,10000,150,170,90
862,兎のミミ,,uncertain,unique flavor text (joke value) but stat-dominated,specterC/specterC,2,worker_store,,store (toxin),dominated,255,400,1,8500,185,141,90
863,ニャーゴ,,uncertain,unique flavor text (joke value) but stat-dominated,specterD/specterD,1,worker_store,,store (toxin),dominated,255,400,1,9300,105,210,90
864,ナマネコ,,uncertain,unique flavor text (joke value) but stat-dominated,specterE/ShishimaiB,1,worker_store,,store (toxin),dominated,255,400,1,8888,120,96,90
865,にゃん護婦,,uncertain,unique flavor text (joke value) but stat-dominated,specterF/specterF,1,worker_store,,store (toxin),dominated,255,400,1,9000,145,188,90
866,メイドFOX,,uncertain,unique flavor text (joke value) but stat-dominated,specterG/specterG,1,worker_store,,store (toxin),dominated,255,400,1,13400,100,175,90
867,中華屋うさぎ,,uncertain,unique flavor text (joke value) but stat-dominated,specterH/specterH,1,worker_store,,store (toxin),dominated,255,400,1,8500,174,154,90
868,ファースト,,uncertain,unique flavor text (joke value) but stat-dominated,baseballC/teen,1,worker_store,,store (toxin),dominated,255,400,1,4000,44,78,10
869,セカンド,,uncertain,unique flavor text (joke value) but stat-dominated,baseballC/nerd,1,worker_store,,store (toxin),dominated,255,400,1,1900,60,90,30
870,センター,,uncertain,unique flavor text (joke value) but stat-dominated,baseballC/boxer,1,worker_store,,store (toxin),dominated,255,400,1,3200,75,50,10
871,レフト,,uncertain,unique flavor text (joke value) but stat-dominated,baseballC/omar,1,worker_store,,store (toxin),dominated,255,400,1,2800,50,40,30
872,ライト,,uncertain,unique flavor text (joke value) but stat-dominated,baseballC/sumowrestlerD,1,worker_store,,store (toxin),dominated,255,400,1,2100,62,50,20
873,監督兼サード,,uncertain,unique flavor text (joke value) but stat-dominated,baseballC/oldman,1,worker_store,,store (toxin),dominated,255,400,1,2200,50,70,20
874,ピッチャー,,uncertain,unique flavor text (joke value) but stat-dominated,baseballC/militaryC,2,worker_store,,store (toxin),dominated,255,400,1,3000,100,88,40
875,キャッチャー,,uncertain,unique flavor text (joke value) but stat-dominated,baseballC/jasonA,2,worker_store,,store (toxin),dominated,255,400,1,4000,55,132,50
876,ショート,,uncertain,unique flavor text (joke value) but stat-dominated,baseballC/costume_e,1,worker_store,,store (toxin),dominated,255,400,1,7200,70,70,30
877,ご当地キリン,,uncertain,unique flavor text (joke value) but stat-dominated,Giraffe/baseballA,1,worker_store,,store (toxin),dominated,255,400,1,12000,102,201,90
878,浮遊レイ,,uncertain,unique flavor text (joke value) but stat-dominated,ghostI/ghostI,1,worker_store,,store (toxin),dominated,255,400,1,4567,66,100,70
879,新米メイド二代目,,uncertain,unique flavor text (joke value) but stat-dominated,maid2C/maid2C,1,worker_store,,store (toxin),dominated,255,400,1,2800,80,85,60
880,クルーチェインソー,,uncertain,unique flavor text (joke value) but stat-dominated,maid2D/maid2D,1,worker_store,,store (toxin),dominated,255,400,1,8700,163,140,100
881,ダミーデータ,,cut,"reskin: recycled text, recycled art, stat-dominated",hatoA/hatoA,29,worker_store,,store (toxin),dominated,255,400,1,10,10,10,10
882,出前シェフ,,keep,enemy chef — needed by raid/boss content (enemyItems sets),enemyChef/BicycleA,1,enemy_chef,,store (toxin),dominated,255,400,1,900,40,40,70
883,出前店員Ａ,,cut,"reskin: recycled text, recycled art, stat-dominated",BicycleB/BicycleB,3,worker_store,,store (toxin),dominated,255,400,1,600,40,40,70
884,出前店員Ｂ,,cut,"reskin: recycled text, recycled art, stat-dominated",BicycleB/BicycleB,3,worker_store,,store (toxin),dominated,255,400,1,600,40,30,50
885,ねこみみシェフ,,keep,enemy chef — needed by raid/boss content (enemyItems sets),enemyChef/specterA,1,enemy_chef,,store (toxin),dominated,255,400,1,900,40,40,70
886,ねこみみ店員Ａ,,cut,"reskin: recycled text, recycled art, stat-dominated",specterB/specterB,2,worker_store,,store (toxin),dominated,255,400,1,600,40,40,70
887,ねこみみ店員Ｂ,,cut,"reskin: recycled text, recycled art, stat-dominated",specterC/specterC,2,worker_store,,store (toxin),dominated,255,400,1,600,40,30,50
888,野球シェフ,,cut,"reskin: recycled text, recycled art, stat-dominated",baseballC/jasonA,2,worker_store,,store (toxin),dominated,255,400,1,900,40,40,70
889,野球店員Ａ,,cut,"reskin: recycled text, recycled art, stat-dominated",baseballC/militaryC,2,worker_store,,store (toxin),dominated,255,400,1,600,40,40,70
890,野球店員Ｂ,,uncertain,unique art but recycled text and dominated stats — art-only value,baseballC/costume_g,1,worker_store,,store (toxin),dominated,255,400,1,600,40,30,50
891,二丁目の幽霊シェフ,,keep,playable chef (owner-approved set; do not edit),ghostB/ghostB,2,chef,,store (toxin),dominated,255,12,1,2000,80,50,70
892,はとファイター,,uncertain,unique flavor text (joke value) but stat-dominated,hatoE/hatoE,1,worker_store,,store (toxin),dominated,255,400,1,9000,165,160,60
893,ありすうさぎっこ,,uncertain,unique flavor text (joke value) but stat-dominated,aliceC/aliceC,1,worker_store,,store (toxin),dominated,255,400,1,10000,137,190,90
894,アリッサム,,uncertain,unique flavor text (joke value) but stat-dominated,PlantD/PlantD,1,worker_store,,store (toxin),dominated,255,400,1,5200,90,128,90
895,生えたてアフロ,,uncertain,unique flavor text (joke value) but stat-dominated,PlantE/PlantE,1,worker_store,,store (toxin),dominated,255,400,1,2400,68,75,45
896,ティラ,,uncertain,unique flavor text (joke value) but stat-dominated,DinosaurA/DinosaurA,2,worker_store,,store (toxin),dominated,255,400,1,9100,135,200,85
897,プテドン,,uncertain,unique flavor text (joke value) but stat-dominated,DinosaurB/DinosaurB,2,worker_store,,store (toxin),dominated,255,400,1,8500,176,151,85
898,トリプス,,uncertain,unique flavor text (joke value) but stat-dominated,DinosaurC/DinosaurC,2,worker_store,,store (toxin),dominated,255,400,1,11300,125,180,85
899,サーベル,,uncertain,unique flavor text (joke value) but stat-dominated,DinosaurD/DinosaurD,2,worker_store,,store (toxin),dominated,255,400,1,9300,158,162,85
900,ティラ鉄,,uncertain,unique flavor text (joke value) but stat-dominated,trainB/DinosaurE,1,worker_store,,store (toxin),dominated,255,400,1,7400,100,150,70
901,囚人サーベル,,uncertain,unique flavor text (joke value) but stat-dominated,PrisonerA/DinosaurF,1,worker_store,,store (toxin),dominated,255,400,1,8100,124,110,70
902,恐竜シェフ赤,,keep,enemy chef — needed by raid/boss content (enemyItems sets),enemyChef/DinosaurA,1,enemy_chef,,store (toxin),dominated,255,400,1,900,40,40,70
903,恐竜店員赤,,cut,"reskin: recycled text, recycled art, stat-dominated",DinosaurA/DinosaurA,2,worker_store,,store (toxin),dominated,255,400,1,600,40,40,70
904,恐竜店員緑,,cut,"reskin: recycled text, recycled art, stat-dominated",DinosaurC/DinosaurC,2,worker_store,,store (toxin),dominated,255,400,1,600,40,30,50
905,恐竜シェフ青,,keep,enemy chef — needed by raid/boss content (enemyItems sets),enemyChef/DinosaurB,1,enemy_chef,,store (toxin),dominated,255,400,1,900,40,40,70
906,恐竜店員青,,cut,"reskin: recycled text, recycled art, stat-dominated",DinosaurB/DinosaurB,2,worker_store,,store (toxin),dominated,255,400,1,600,40,40,70
907,恐竜店員黄,,cut,"reskin: recycled text, recycled art, stat-dominated",DinosaurD/DinosaurD,2,worker_store,,store (toxin),dominated,255,400,1,600,40,30,50
908,サバイバルレア１,,uncertain,unique flavor text (joke value) but stat-dominated,rareA/rareA,1,worker_store,,store (toxin),dominated,255,200,1,7300,120,110,70
909,サバイバルレア2,,uncertain,unique art but recycled text and dominated stats — art-only value,rareB/rareB,1,worker_store,,store (toxin),dominated,255,200,1,7400,100,120,70
910,バラの妖精てき,,uncertain,unique flavor text (joke value) but stat-dominated,hatoA/hatoA,29,worker_store,,store (toxin),dominated,255,200,1,7500,80,130,70
911,ペンギンてき,,uncertain,unique flavor text (joke value) but stat-dominated,hatoA/hatoA,29,worker_store,,store (toxin),dominated,255,100,1,2000,20,60,10
912,ラメエル,,uncertain,unique flavor text (joke value) but stat-dominated,angelA/angelA,1,worker_store,,store (toxin),dominated,255,400,1,9000,140,200,80
913,ガブリエル,,uncertain,unique flavor text (joke value) but stat-dominated,angelB/angelB,1,worker_store,,store (toxin),dominated,255,400,1,7700,122,138,60
914,ウリエル,,uncertain,unique flavor text (joke value) but stat-dominated,angelC/angelC,1,worker_store,,store (toxin),dominated,255,400,1,4900,109,112,50
915,ルサルカ,,uncertain,unique flavor text (joke value) but stat-dominated,angelE/angelE,1,worker_store,,store (toxin),dominated,255,400,1,9000,160,160,30
916,ろあ,,uncertain,unique flavor text (joke value) but stat-dominated,angelF/angelF,1,worker_store,,store (toxin),dominated,255,400,1,9000,153,175,80
917,ラムエル,,uncertain,unique flavor text (joke value) but stat-dominated,angelD/angelD,1,worker_store,,store (toxin),dominated,255,400,1,10000,180,160,100
918,ナレル,,uncertain,unique flavor text (joke value) but stat-dominated,angelG/angelmanB,1,worker_store,,store (toxin),dominated,255,400,1,3200,72,101,40
919,デス学園男子,,uncertain,unique flavor text (joke value) but stat-dominated,SBA/SBA,1,worker_store,,store (toxin),dominated,255,400,1,9400,158,168,85
920,ハンター学園男子,,uncertain,unique flavor text (joke value) but stat-dominated,SBB/SBB,2,worker_store,,store (toxin),dominated,255,400,1,8800,176,148,85
921,不死身高校男子,,uncertain,unique flavor text (joke value) but stat-dominated,SBC/SBC,2,worker_store,,store (toxin),dominated,255,400,1,10600,133,186,85
922,不死身高校OB,,uncertain,unique flavor text (joke value) but stat-dominated,SBD/SBD,1,worker_store,,store (toxin),dominated,255,400,1,9300,136,143,85
923,インブル高校男子,,keep,unique flavor text + competitive stats,SBE/Invisibleman_BandageC,1,worker_store,,store (toxin),,15,35,1,7500,132,106,70
924,死神シェフ,,keep,enemy chef — needed by raid/boss content (enemyItems sets),enemyChef/SBA,1,enemy_chef,,store (toxin),dominated,255,400,1,1000,40,40,70
925,狼男店員,,cut,"reskin: recycled text, recycled art, stat-dominated",SBB/SBB,2,worker_store,,store (toxin),dominated,255,400,1,650,40,40,70
926,包帯店員,,cut,"reskin: recycled text, recycled art, stat-dominated",SBC/SBC,2,worker_store,,store (toxin),dominated,255,400,1,650,40,30,50
927,ゆかいなゾウ,,uncertain,unique flavor text (joke value) but stat-dominated,clown/animalA,1,worker_store,,store (toxin),dominated,255,400,1,11000,127,186,50
928,すまいるシマ,,uncertain,unique flavor text (joke value) but stat-dominated,clown/animalB,2,worker_store,,store (toxin),dominated,255,400,1,8600,176,152,50
929,おとぼけセイウチ,,uncertain,unique flavor text (joke value) but stat-dominated,clown/animalC,2,worker_store,,store (toxin),dominated,255,400,1,9600,143,182,50
930,ねむねむサイ,,uncertain,unique flavor text (joke value) but stat-dominated,clown/animalD,1,worker_store,,store (toxin),dominated,255,400,1,8100,142,158,50
931,サイの剣士,,uncertain,unique flavor text (joke value) but stat-dominated,shinsenA/animalE,1,worker_store,,store (toxin),dominated,255,400,1,7900,109,135,50
932,雪だれまん,,uncertain,unique flavor text (joke value) but stat-dominated,snowmanC/snowmanC,1,worker_store,,store (toxin),dominated,255,400,1,10200,131,192,50
933,ベル・ホワイティ,,uncertain,unique flavor text (joke value) but stat-dominated,santagirlA/santagirlA,2,worker_store,,store (toxin),dominated,255,400,1,8700,156,182,70
934,マシュマロ・スノー,,uncertain,unique flavor text (joke value) but stat-dominated,snowmanB/snowmanB,2,worker_store,event_marshmallow,store (toxin),dominated,255,400,1,8100,122,153,40
935,パンダ・ホワイティ,,uncertain,unique flavor text (joke value) but stat-dominated,santagirlC/pandaA,1,worker_store,,store (toxin),dominated,255,400,1,7800,112,140,70
936,ミス・サンタ,,uncertain,unique flavor text (joke value) but stat-dominated,santagirlB/santagirlB,1,worker_store,event_christmas,store (toxin),dominated,255,400,1,10000,138,178,90
937,ミスター・サンタボーン,,uncertain,unique flavor text (joke value) but stat-dominated,santabone/santabone,1,worker_store,event_christmas,store (toxin),dominated,255,400,1,7800,100,130,60
938,BlackBake2,,uncertain,unique flavor text (joke value) but stat-dominated,santa_b/boxmanB,1,worker_store,,store (toxin),dominated,255,400,1,3000,100,80,90
939,ホワイト女王,,uncertain,unique flavor text (joke value) but stat-dominated,alice_whitequeen/alice_whitequeen,1,worker_store,,store (toxin),dominated,255,400,1,9400,156,165,80
940,たまご紳士,,uncertain,unique flavor text (joke value) but stat-dominated,alice_Humpty/alice_Humpty,1,worker_store,,store (toxin),dominated,255,400,1,9999,106,233,50
941,ホワイトうさぎ,,uncertain,unique flavor text (joke value) but stat-dominated,alice_rabbit/alice_rabbit,1,worker_store,,store (toxin),dominated,255,400,1,8700,182,146,50
942,おしゃれ帽子野郎,,uncertain,unique flavor text (joke value) but stat-dominated,alice_Hatter/alice_Hatter,1,worker_store,,store (toxin),dominated,255,400,1,8500,165,172,40
943,ネコ電,,uncertain,unique flavor text (joke value) but stat-dominated,trainB/alice_CheshireB,1,worker_store,,store (toxin),dominated,255,400,1,2800,85,85,50
944,チェシャー,,uncertain,unique flavor text (joke value) but stat-dominated,alice_CheshireA/alice_CheshireA,2,worker_store,,store (toxin),dominated,255,400,1,5300,120,90,50
945,レッド女王,,uncertain,unique flavor text (joke value) but stat-dominated,alice_redqueen/alice_redqueen,1,worker_store,,store (toxin),dominated,255,400,1,10000,136,176,20
946,不思議なアリス,,uncertain,unique flavor text (joke value) but stat-dominated,aliceD/aliceD,1,worker_store,,store (toxin),dominated,255,400,1,9300,150,180,70
947,ダミーデータ,,keep,enemy chef — needed by raid/boss content (enemyItems sets),enemyChef/animalA,3,enemy_chef,,store (toxin),dominated,255,400,1,1000,40,40,70
948,シスターさん,,uncertain,unique flavor text (joke value) but stat-dominated,sisterA/sisterA,2,worker_store,,store (toxin),dominated,255,400,1,8700,182,146,50
949,シスGUN,,uncertain,unique flavor text (joke value) but stat-dominated,sisterB/sisterB,2,worker_store,,store (toxin),dominated,255,400,1,8800,153,185,50
950,和洋シスター,,uncertain,unique flavor text (joke value) but stat-dominated,sisterC/kimonoE,1,worker_store,,store (toxin),dominated,255,400,1,8000,116,125,50
951,ジャバ・ヴァレンタイン,,uncertain,unique flavor text (joke value) but stat-dominated,alice_Jabberwocky/alice_Jabberwocky,1,worker_store,,store (toxin),dominated,255,400,1,10000,120,140,50
952,シシ剣士,,uncertain,unique flavor text (joke value) but stat-dominated,shinsenA/ShishimaiA,1,worker_store,,store (toxin),dominated,255,400,1,8800,155,182,50
953,冠お象,,uncertain,unique flavor text (joke value) but stat-dominated,animalA/animalA,1,worker_store,,store (toxin),dominated,255,400,1,11600,125,182,50
954,しまさん,,uncertain,unique flavor text (joke value) but stat-dominated,animalB/animalB,2,worker_store,,store (toxin),dominated,255,400,1,9000,175,150,50
955,せいうち君,,uncertain,unique flavor text (joke value) but stat-dominated,animalC/animalC,2,worker_store,,store (toxin),dominated,255,400,1,9800,140,188,50
956,困ったサイさん,,uncertain,unique flavor text (joke value) but stat-dominated,animalD/animalD,1,worker_store,,store (toxin),dominated,255,400,1,8400,145,165,50
957,シマ女子高生,,uncertain,unique flavor text (joke value) but stat-dominated,SGB/animalB,1,worker_store,,store (toxin),dominated,255,400,1,8000,118,123,50
958,ぞうシェフ,,keep,enemy chef — needed by raid/boss content (enemyItems sets),enemyChef/animalA,3,enemy_chef,,store (toxin),dominated,255,400,1,1000,40,40,70
959,しまうま店員,,cut,"reskin: recycled text, recycled art, stat-dominated",clown/animalB,2,worker_store,,store (toxin),dominated,255,400,1,650,40,40,70
960,せいうち店員,,cut,"reskin: recycled text, recycled art, stat-dominated",clown/animalC,2,worker_store,,store (toxin),dominated,255,400,1,650,40,30,50
961,シスターシェフ,,keep,enemy chef — needed by raid/boss content (enemyItems sets),enemyChef/sisterA,1,enemy_chef,,store (toxin),dominated,255,400,1,1000,40,40,70
962,シスター店員,,cut,"reskin: recycled text, recycled art, stat-dominated",sisterB/sisterB,2,worker_store,,store (toxin),dominated,255,400,1,650,40,40,70
963,シスター店員,,cut,"reskin: recycled text, recycled art, stat-dominated",sisterA/sisterA,2,worker_store,,store (toxin),dominated,255,400,1,650,40,30,50
964,ぞうシェフ2,,keep,enemy chef — needed by raid/boss content (enemyItems sets),enemyChef/animalA,3,enemy_chef,,store (toxin),dominated,255,400,1,1000,40,40,70
965,しまうま店員2,,cut,"reskin: recycled text, recycled art, stat-dominated",animalB/animalB,2,worker_store,,store (toxin),dominated,255,400,1,650,40,40,70
966,せいうち店員2,,cut,"reskin: recycled text, recycled art, stat-dominated",animalC/animalC,2,worker_store,,store (toxin),dominated,255,400,1,650,40,30,50
967,雪シェフ,,keep,enemy chef — needed by raid/boss content (enemyItems sets),enemyChef/snowmanC,1,enemy_chef,,store (toxin),dominated,255,400,1,1000,40,40,70
968,雪店員1,,cut,"reskin: recycled text, recycled art, stat-dominated",santagirlA/santagirlA,2,worker_store,,store (toxin),dominated,255,400,1,650,40,40,70
969,雪店員2,,cut,"reskin: recycled text, recycled art, stat-dominated",snowmanB/snowmanB,2,worker_store,,store (toxin),dominated,255,400,1,650,40,30,50
970,半魚会長ゆい,,uncertain,unique flavor text (joke value) but stat-dominated,MermanA/MermanA,1,worker_store,,store (toxin),dominated,255,400,1,9900,139,186,80
971,半魚会計ひな,,uncertain,unique flavor text (joke value) but stat-dominated,MermanB/MermanB,2,worker_store,,store (toxin),dominated,255,400,1,9200,173,152,100
972,半魚書記レオ,,uncertain,unique flavor text (joke value) but stat-dominated,MermanC/MermanC,2,worker_store,,store (toxin),dominated,255,400,1,8900,141,200,50
973,半ギョのレイ,,uncertain,unique flavor text (joke value) but stat-dominated,ghostA/MermanC,1,worker_store,,store (toxin),dominated,255,400,1,8100,130,110,40
974,晴着アリッサム,,uncertain,unique flavor text (joke value) but stat-dominated,haregi/PlantD,1,worker_store,,store (toxin),dominated,255,400,1,5400,100,128,90
975,晴着テイル,,uncertain,unique flavor text (joke value) but stat-dominated,haregi/PlantA,1,worker_store,,store (toxin),dominated,255,400,1,8900,147,210,60
976,晴着ラフレシアン,,uncertain,unique flavor text (joke value) but stat-dominated,haregi/PlantB,1,worker_store,,store (toxin),dominated,255,400,1,6400,110,128,90
977,晴着ミミ,,uncertain,unique flavor text (joke value) but stat-dominated,haregi/specterI,1,worker_store,,store (toxin),dominated,255,400,1,9100,135,195,60
978,いえってぃー,,uncertain,unique flavor text (joke value) but stat-dominated,WhitebeastA/WhitebeastA,1,worker_store,,store (toxin),dominated,255,400,1,9800,118,219,70
979,ホワイトゴリラ,,uncertain,unique flavor text (joke value) but stat-dominated,WhitebeastB/WhitebeastB,2,worker_store,,store (toxin),dominated,255,400,1,10800,132,185,60
980,しろー・くま,,uncertain,unique flavor text (joke value) but stat-dominated,WhitebeastC/WhitebeastC,2,worker_store,,store (toxin),dominated,255,400,1,9100,159,172,50
981,ゴリッ船長,,uncertain,unique flavor text (joke value) but stat-dominated,PiratesmanA/WhitebeastB,1,worker_store,,store (toxin),dominated,255,400,1,7800,110,140,40
982,半漁シェフ,,keep,enemy chef — needed by raid/boss content (enemyItems sets),enemyChef/MermanA,1,enemy_chef,,store (toxin),dominated,255,400,1,1000,40,40,70
983,半漁店員1,,cut,"reskin: recycled text, recycled art, stat-dominated",MermanB/MermanB,2,worker_store,,store (toxin),dominated,255,400,1,650,40,40,70
984,半漁店員2,,cut,"reskin: recycled text, recycled art, stat-dominated",MermanC/MermanC,2,worker_store,,store (toxin),dominated,255,400,1,650,40,30,50
985,UMAシェフ,,keep,enemy chef — needed by raid/boss content (enemyItems sets),enemyChef/WhitebeastA,1,enemy_chef,,store (toxin),dominated,255,400,1,1000,40,40,70
986,UMA店員1,,cut,"reskin: recycled text, recycled art, stat-dominated",WhitebeastB/WhitebeastB,2,worker_store,,store (toxin),dominated,255,400,1,650,40,40,70
987,UMA店員2,,cut,"reskin: recycled text, recycled art, stat-dominated",WhitebeastC/WhitebeastC,2,worker_store,,store (toxin),dominated,255,400,1,650,40,30,50
988,巫女ムーン,,uncertain,unique flavor text (joke value) but stat-dominated,MikoA/MikoA,1,worker_store,,store (toxin),dominated,255,400,1,10000,135,190,80
989,巫女マーズ,,uncertain,unique flavor text (joke value) but stat-dominated,MikoB/MikoB,2,worker_store,,store (toxin),dominated,255,400,1,9800,165,152,100
990,巫女マーキュリー,,uncertain,unique flavor text (joke value) but stat-dominated,MikoC/MikoC,2,worker_store,,store (toxin),dominated,255,400,1,10600,144,168,90
991,覆面巫女,,uncertain,unique flavor text (joke value) but stat-dominated,MikoD/MikoD,1,worker_store,,store (toxin),dominated,255,400,1,8400,115,123,60
992,蛇炎龍波くん,,uncertain,unique flavor text (joke value) but stat-dominated,snakeA/snakeA,1,worker_store,,store (toxin),dominated,255,400,1,9900,130,200,80
993,めでゅーさ,,uncertain,unique flavor text (joke value) but stat-dominated,snakeB/snakeB,2,worker_store,,store (toxin),dominated,255,400,1,9800,150,175,70
994,ヘビコーデ,,uncertain,unique flavor text (joke value) but stat-dominated,snakeC/snakeC,2,worker_store,,store (toxin),dominated,255,400,1,10300,146,172,60
995,黒炎龍N・E・E・T,,uncertain,unique flavor text (joke value) but stat-dominated,snakeD/teen,1,worker_store,,store (toxin),dominated,255,400,1,7000,105,130,40
996,ULTRAパイ,,uncertain,unique flavor text (joke value) but stat-dominated,EDFE/EDFE,1,worker_store,,store (toxin),dominated,255,400,1,10000,140,186,90
997,ULTRAゾンビX,,uncertain,unique flavor text (joke value) but stat-dominated,EDFF/EDFF,2,worker_store,,store (toxin),dominated,255,400,1,11500,100,220,50
998,真ULTRAゾンビ,,uncertain,unique flavor text (joke value) but stat-dominated,EDFG/EDFG,2,worker_store,,store (toxin),dominated,255,400,1,10800,110,215,70
999,ダミー,Dummy,cut,placeholder record (dummy/empty name),nerd/faris,15,worker_store,,store (toxin),dominated,255,400,1,100,10,10,10
1000,さかな隊員,,uncertain,unique flavor text (joke value) but stat-dominated,EDFH/fishmanC,1,worker_store,,store (toxin),dominated,255,400,1,8500,150,95,50
1001,ポルチェ・大将,,uncertain,unique flavor text (joke value) but stat-dominated,MilitaryWomanA/MilitaryWomanA,1,worker_store,,store (toxin),dominated,255,400,1,9800,145,180,100
1002,ポルチェ・少将,,uncertain,unique flavor text (joke value) but stat-dominated,MilitaryWomanB/MilitaryWomanB,1,worker_store,,store (toxin),dominated,255,400,1,9000,111,140,60
1003,独裁者,,keep,unique flavor text + competitive stats,MilitaryWomanE/omar,1,worker_store,,store (toxin),,6,20,1,3150,68,120,30
1004,ペラーリ・少将,,uncertain,unique flavor text (joke value) but stat-dominated,MilitaryWomanC/MilitaryWomanC,1,worker_store,,store (toxin),dominated,255,400,1,9300,170,152,60
1005,パーケン・少将,,uncertain,unique flavor text (joke value) but stat-dominated,MilitaryWomanD/MilitaryWomanD,1,worker_store,,store (toxin),dominated,255,400,1,9600,145,182,80
1006,ランポルペーニ・少将,,uncertain,unique flavor text (joke value) but stat-dominated,MilitaryWomanF/MilitaryWomanF,1,worker_store,,store (toxin),dominated,255,400,1,10000,150,168,70
1007,巫女シェフ,,keep,enemy chef — needed by raid/boss content (enemyItems sets),enemyChef/MikoA,1,enemy_chef,,store (toxin),,255,400,1,1100,40,40,70
1008,巫女店員1,,cut,"reskin: recycled text, recycled art, stat-dominated",MikoB/MikoB,2,worker_store,,store (toxin),dominated,255,400,1,650,40,40,70
1009,巫女店員2,,cut,"reskin: recycled text, recycled art, stat-dominated",MikoC/MikoC,2,worker_store,,store (toxin),dominated,255,400,1,650,40,30,50
1010,へびシェフ,,keep,enemy chef — needed by raid/boss content (enemyItems sets),enemyChef/snakeA,1,enemy_chef,,store (toxin),,255,400,1,1100,40,40,70
1011,へび店員1,,cut,"reskin: recycled text, recycled art, stat-dominated",snakeB/snakeB,2,worker_store,,store (toxin),dominated,255,400,1,650,40,40,70
1012,へび店員2,,cut,"reskin: recycled text, recycled art, stat-dominated",snakeC/snakeC,2,worker_store,,store (toxin),dominated,255,400,1,650,40,30,50
1013,ULTRAシェフ,,keep,enemy chef — needed by raid/boss content (enemyItems sets),enemyChef/EDFE,1,enemy_chef,,store (toxin),,255,400,1,1100,40,40,70
1014,ULTRA店員1,,cut,"reskin: recycled text, recycled art, stat-dominated",EDFF/EDFF,2,worker_store,,store (toxin),dominated,255,400,1,650,40,40,70
1015,ULTRA店員2,,cut,"reskin: recycled text, recycled art, stat-dominated",EDFG/EDFG,2,worker_store,,store (toxin),dominated,255,400,1,650,40,30,50
1016,そうそう,,uncertain,unique flavor text (joke value) but stat-dominated,SangokushiA/SangokushiA,1,worker_store,,store (toxin),dominated,255,400,1,9400,121,230,70
1017,りゅうび,,uncertain,unique flavor text (joke value) but stat-dominated,SangokushiB/SangokushiB,1,worker_store,,store (toxin),dominated,255,400,1,9300,164,174,100
1018,そんけん,,uncertain,unique flavor text (joke value) but stat-dominated,SangokushiC/SangokushiC,1,worker_store,,store (toxin),dominated,255,400,1,11000,141,175,80
1019,そんしょうこう,,uncertain,unique flavor text (joke value) but stat-dominated,SangokushiD/SangokushiD,1,worker_store,,store (toxin),dominated,255,400,1,9400,172,160,90
1020,ちょうせん,,uncertain,unique flavor text (joke value) but stat-dominated,SangokushiE/SangokushiE,1,worker_store,,store (toxin),dominated,255,400,1,9900,145,161,90
1021,チョウセン,,uncertain,unique flavor text (joke value) but stat-dominated,SangokushiF/SangokushiF,1,worker_store,,store (toxin),dominated,255,400,1,11500,150,165,100
1022,そうそう兵,,uncertain,unique flavor text (joke value) but stat-dominated,SangokushiG/SangokushiG,1,worker_store,,store (toxin),dominated,255,400,1,7100,95,128,50
1023,ゆかいな兵,,uncertain,unique flavor text (joke value) but stat-dominated,SangokushiG/animalA,1,worker_store,,store (toxin),dominated,255,400,1,5400,120,105,50
1024,いつわりのラビリンス,,uncertain,unique flavor text (joke value) but stat-dominated,angelJ/angelJ,2,worker_store,,store (toxin),dominated,255,400,1,10800,162,149,90
1025,まわるマロングラッセ,,uncertain,unique flavor text (joke value) but stat-dominated,angelK/angelK,2,worker_store,,store (toxin),dominated,255,400,1,10000,143,184,70
1026,ショッピングマイセルフ,,uncertain,unique flavor text (joke value) but stat-dominated,angelL/boxmanC,1,worker_store,,store (toxin),dominated,255,400,1,7600,145,108,80
1027,新陰流の剣士,,uncertain,unique flavor text (joke value) but stat-dominated,MasterfencerB/MasterfencerB,2,worker_store,,store (toxin),dominated,255,400,1,9800,133,203,60
1028,ツバメの剣士,,uncertain,unique flavor text (joke value) but stat-dominated,MasterfencerC/MasterfencerC,2,worker_store,,store (toxin),dominated,255,400,1,9900,150,177,80
1029,むさしの剣士,,uncertain,unique flavor text (joke value) but stat-dominated,MasterfencerA/MasterfencerA,1,worker_store,,store (toxin),dominated,255,400,1,10634,151,165,60
1030,かぶきもの剣士,,uncertain,unique flavor text (joke value) but stat-dominated,MasterfencerB/KabukiC,1,worker_store,,store (toxin),dominated,255,400,1,7300,116,149,40
1031,コアラ,,uncertain,unique flavor text (joke value) but stat-dominated,godzillaA/godzillaA,1,worker_store,,store (toxin),dominated,255,400,1,12500,130,168,90
1032,ＫＯＡＲＡ,,uncertain,unique flavor text (joke value) but stat-dominated,godzillaB/godzillaB,2,worker_store,,store (toxin),dominated,255,400,1,11000,131,189,70
1033,チェケラッチョ星人,,uncertain,unique flavor text (joke value) but stat-dominated,godzillaC/godzillaC,2,worker_store,,store (toxin),dominated,255,400,1,10000,170,148,60
1034,サイ人,,uncertain,unique flavor text (joke value) but stat-dominated,godzillaC/animalD,1,worker_store,,store (toxin),dominated,255,400,1,15000,70,100,30
1035,紳士パープル,,uncertain,unique flavor text (joke value) but stat-dominated,SpiritbehindA/SpiritbehindA,1,worker_store,,store (toxin),dominated,255,400,1,9800,153,172,80
1036,イエロー看護キャノン,,uncertain,unique flavor text (joke value) but stat-dominated,SpiritbehindB/SpiritbehindB,2,worker_store,,store (toxin),dominated,255,400,1,9500,164,161,100
1037,パラディンズグレー,,uncertain,unique flavor text (joke value) but stat-dominated,SpiritbehindC/SpiritbehindC,2,worker_store,,store (toxin),dominated,255,400,1,9000,146,194,60
1038,多目的ケサランパサラン,,uncertain,unique flavor text (joke value) but stat-dominated,SpiritbehindD/SpiritbehindD,1,worker_store,,store (toxin),dominated,255,400,1,8300,111,142,10
1039,ラビリンス,,uncertain,unique flavor text (joke value) but stat-dominated,angelH/angelH,2,worker_store,,store (toxin),dominated,255,400,1,11000,159,150,80
1040,マロングラッセ,,uncertain,unique flavor text (joke value) but stat-dominated,angelI/angelI,2,worker_store,,store (toxin),dominated,255,400,1,10300,125,208,70
1041,ダンシングレッドワイン,,uncertain,unique flavor text (joke value) but stat-dominated,angelL/ShishimaiB,1,worker_store,,store (toxin),dominated,255,400,1,7776,96,172,60
1042,堕天使シェフ1,,keep,enemy chef — needed by raid/boss content (enemyItems sets),enemyChef/angelJ,1,enemy_chef,,store (toxin),,255,400,1,1100,40,40,70
1043,堕天使店員1,,cut,"reskin: recycled text, recycled art, stat-dominated",angelK/angelK,2,worker_store,,store (toxin),dominated,255,400,1,650,40,40,70
1044,堕天使店員2,,cut,"reskin: recycled text, recycled art, stat-dominated",angelJ/angelJ,2,worker_store,,store (toxin),dominated,255,400,1,650,40,30,50
1045,剣豪シェフ,,keep,enemy chef — needed by raid/boss content (enemyItems sets),enemyChef/MasterfencerA,1,enemy_chef,,store (toxin),,255,400,1,1100,40,40,70
1046,剣豪店員1,,cut,"reskin: recycled text, recycled art, stat-dominated",MasterfencerB/MasterfencerB,2,worker_store,,store (toxin),dominated,255,400,1,650,40,40,70
1047,剣豪店員2,,cut,"reskin: recycled text, recycled art, stat-dominated",MasterfencerC/MasterfencerC,2,worker_store,,store (toxin),dominated,255,400,1,650,40,30,50
1048,怪獣シェフ,,keep,enemy chef — needed by raid/boss content (enemyItems sets),enemyChef/godzillaA,1,enemy_chef,,store (toxin),,255,400,1,1100,40,40,70
1049,怪獣店員1,,cut,"reskin: recycled text, recycled art, stat-dominated",godzillaB/godzillaB,2,worker_store,,store (toxin),dominated,255,400,1,650,40,40,70
1050,怪獣店員2,,cut,"reskin: recycled text, recycled art, stat-dominated",godzillaC/godzillaC,2,worker_store,,store (toxin),dominated,255,400,1,650,40,30,50
1051,守護霊シェフ,,keep,enemy chef — needed by raid/boss content (enemyItems sets),enemyChef/SpiritbehindA,1,enemy_chef,,store (toxin),,255,400,1,1100,40,40,70
1052,守護霊店員1,,cut,"reskin: recycled text, recycled art, stat-dominated",SpiritbehindB/SpiritbehindB,2,worker_store,,store (toxin),dominated,255,400,1,650,40,40,70
1053,守護霊店員2,,cut,"reskin: recycled text, recycled art, stat-dominated",SpiritbehindC/SpiritbehindC,2,worker_store,,store (toxin),dominated,255,400,1,650,40,30,50
1054,堕天使シェフ2,,keep,enemy chef — needed by raid/boss content (enemyItems sets),enemyChef/angelH,1,enemy_chef,,store (toxin),,255,400,1,1100,40,40,70
1055,堕天使店員3,,cut,"reskin: recycled text, recycled art, stat-dominated",angelI/angelI,2,worker_store,,store (toxin),dominated,255,400,1,650,40,40,70
1056,堕天使店員4,,cut,"reskin: recycled text, recycled art, stat-dominated",angelH/angelH,2,worker_store,,store (toxin),dominated,255,400,1,650,40,30,50
1057,先輩メイド,,uncertain,unique flavor text (joke value) but stat-dominated,maid2/maid2B,1,worker_store,,store (toxin),dominated,255,400,1,3800,80,100,60
1058,大統領ハト,,keep,unique flavor text + competitive stats,hatoF/hatoF,1,worker_store,,store (toxin),,255,100,1,10000,100,100,100
1059,黒子ッス,,uncertain,unique art but recycled text and dominated stats — art-only value,kuroko/kuroko,2,worker_store,,store (toxin),dominated,255,100,1,2000,100,80,30
1060,黒子テウス,,uncertain,unique flavor text (joke value) but stat-dominated,shinwa_prometeusB/shinwa_prometeusB,1,worker_store,,store (toxin),dominated,255,100,1,2500,105,85,30
1061,プロメテウス,,uncertain,unique flavor text (joke value) but stat-dominated,shinwa_prometeus/shinwa_prometeus,1,worker_store,,store (toxin),dominated,255,100,1,4000,120,100,30
1062,黒子デス,,uncertain,unique art but recycled text and dominated stats — art-only value,kurokoB/kurokoB,1,worker_store,,store (toxin),dominated,255,100,1,3500,100,120,30
1063,黒デス,,uncertain,unique art but recycled text and dominated stats — art-only value,shinwa_hadesB/shinwa_hadesB,1,worker_store,,store (toxin),dominated,255,100,1,5000,110,135,30
1064,黒頭デス,,uncertain,unique flavor text (joke value) but stat-dominated,shinwa_hadesC/shinwa_hadesC,1,worker_store,,store (toxin),dominated,255,100,1,6000,120,140,40
1065,ハデス,,uncertain,unique flavor text (joke value) but stat-dominated,shinwa_hades/shinwa_hades,1,worker_store,,store (toxin),dominated,255,100,1,8600,150,175,60
1066,黒子です,,uncertain,unique art but recycled text and dominated stats — art-only value,kurokoB/shinwa_hades2,1,worker_store,,store (toxin),dominated,255,100,1,3500,100,120,30
1067,迷界のハデス,,keep,unique flavor text + competitive stats,shinwa_hades2/shinwa_hades2,1,worker_store,,store (toxin),,255,100,1,9200,150,182,60
1068,アテーナー,,keep,unique flavor text + competitive stats,shinwa_atene/shinwa_atene,1,worker_store,,store (toxin),,255,100,1,10600,148,169,30
1069,アテーナさん,,keep,unique flavor text + competitive stats,shinwa_atene2/shinwa_atene2,1,worker_store,,store (toxin),,255,100,1,9800,154,169,30
1070,パワーアップの宝石1,,cut,"reskin: recycled text, recycled art, stat-dominated",hatoA/hatoA,29,worker_store,,store (toxin),dominated,255,100,1,100,10,10,10
1071,パワーアップの宝石2,,cut,"reskin: recycled text, recycled art, stat-dominated",hatoA/hatoA,29,worker_store,,store (toxin),dominated,255,100,1,100,10,10,10
1072,パワーアップの宝石3,,cut,"reskin: recycled text, recycled art, stat-dominated",hatoA/hatoA,29,worker_store,,store (toxin),dominated,255,100,1,100,10,10,10
1073,人間火力発電所,,uncertain,unique flavor text (joke value) but stat-dominated,ghostRiderA/ghostRiderA,2,worker_store,,store (toxin),dominated,255,400,1,9800,136,193,60
1074,ひたむきな霊,,uncertain,unique flavor text (joke value) but stat-dominated,ghostRiderC/ghostRiderC,2,worker_store,,store (toxin),dominated,255,400,1,9000,165,165,60
1075,元気なガイコツ,,uncertain,unique flavor text (joke value) but stat-dominated,skelton/ghostRiderA,1,worker_store,,store (toxin),dominated,255,400,1,7600,124,130,40
1076,レッドマシーン,,uncertain,unique flavor text (joke value) but stat-dominated,G_Robo1/G_Robo1,1,worker_store,,store (toxin),dominated,255,400,1,10000,151,172,90
1077,ドリリングマシーン,,uncertain,unique flavor text (joke value) but stat-dominated,G_Robo2/G_Robo2,2,worker_store,,store (toxin),dominated,255,400,1,9000,176,152,70
1078,ジャンピングマシーン,,uncertain,unique flavor text (joke value) but stat-dominated,G_Robo3/G_Robo3,2,worker_store,,store (toxin),dominated,255,400,1,12000,120,187,60
1079,コンドルマシーン,,uncertain,unique flavor text (joke value) but stat-dominated,G_Robo1/Pharaoh_C,1,worker_store,,store (toxin),dominated,255,400,1,8000,112,140,30
1080,コック・どろっしー,,uncertain,unique flavor text (joke value) but stat-dominated,chef/ozA,1,worker_store,,store (toxin),dominated,255,400,1,8100,135,210,60
1081,コック・テイル,,keep,unique flavor text + competitive stats,chef/PlantA,1,worker_store,,store (toxin),,255,400,1,9100,140,200,100
1082,コック・ラフレシアン,,uncertain,unique flavor text (joke value) but stat-dominated,chef/PlantB,1,worker_store,,store (toxin),dominated,255,400,1,6500,110,128,90
1083,コック・アリッサム,,uncertain,unique flavor text (joke value) but stat-dominated,chef/PlantD,1,worker_store,,store (toxin),dominated,255,400,1,5500,100,128,90
1084,覆面コック,,uncertain,unique flavor text (joke value) but stat-dominated,chef/MikoD,2,worker_store,,store (toxin),dominated,255,400,1,3800,100,135,40
1085,じいさんコック,,keep,enemy chef — needed by raid/boss content (enemyItems sets),enemyChef/PlantC,2,enemy_chef,,store (toxin),,255,400,1,3600,75,85,50
1086,アフロコック,,keep,enemy chef — needed by raid/boss content (enemyItems sets),enemyChef/PlantE,2,enemy_chef,,store (toxin),dominated,255,400,1,2500,68,75,45
1087,ゴーストシェフ,,keep,enemy chef — needed by raid/boss content (enemyItems sets),enemyChef/ghostRiderA,1,enemy_chef,,store (toxin),,255,400,1,1100,40,40,70
1088,ゴースト店員1,,cut,"reskin: recycled text, recycled art, stat-dominated",ghostRiderC/ghostRiderC,2,worker_store,,store (toxin),dominated,255,400,1,650,40,40,70
1089,ゴースト店員2,,cut,"reskin: recycled text, recycled art, stat-dominated",ghostRiderA/ghostRiderA,2,worker_store,,store (toxin),dominated,255,400,1,650,40,30,50
1090,マシーンシェフ,,keep,enemy chef — needed by raid/boss content (enemyItems sets),enemyChef/G_Robo1,1,enemy_chef,,store (toxin),,255,400,1,1100,40,40,70
1091,マシーン店員1,,cut,"reskin: recycled text, recycled art, stat-dominated",G_Robo2/G_Robo2,2,worker_store,,store (toxin),dominated,255,400,1,650,40,40,70
1092,マシーン店員2,,cut,"reskin: recycled text, recycled art, stat-dominated",G_Robo3/G_Robo3,2,worker_store,,store (toxin),dominated,255,400,1,650,40,30,50
1093,コック・ムーン,,uncertain,unique flavor text (joke value) but stat-dominated,chef/chef,1,worker_store,,store (toxin),dominated,255,400,1,9500,135,190,60
1094,妖怪ぬらり,,uncertain,unique flavor text (joke value) but stat-dominated,YoukaiF/YoukaiF,1,worker_store,,store (toxin),dominated,255,400,1,11200,143,163,90
1095,妖怪ぬらりひょん,,uncertain,unique flavor text (joke value) but stat-dominated,YoukaiA/YoukaiA,1,worker_store,,store (toxin),dominated,255,400,1,3200,60,130,90
1096,妖怪おゆき,,uncertain,unique flavor text (joke value) but stat-dominated,YoukaiB/YoukaiB,1,worker_store,,store (toxin),dominated,255,400,1,8100,130,136,70
1097,妖怪ヨーコ,,uncertain,unique flavor text (joke value) but stat-dominated,YoukaiE/YoukaiE,1,worker_store,,store (toxin),dominated,255,400,1,9900,149,176,60
1098,妖怪布フェチ,,uncertain,unique flavor text (joke value) but stat-dominated,YoukaiC/YoukaiC,1,worker_store,,store (toxin),dominated,255,400,1,11000,164,139,30
1099,グラップラー・傘,,uncertain,unique flavor text (joke value) but stat-dominated,YoukaiD/YoukaiD,1,worker_store,,store (toxin),dominated,255,400,1,11800,128,178,30
1100,レッカ,,keep,unique flavor text + competitive stats,gaist_A/gaist_A,1,worker_store,,store (toxin),,4,50,1,7000,100,150,60
1101,さんご,,keep,unique flavor text + competitive stats,gaist_B/gaist_B,1,worker_store,,store (toxin),,4,10,1,3500,120,60,90
1102,バナ隊長,,keep,unique flavor text + competitive stats,gaist_C/gaist_C,1,worker_store,,store (toxin),,4,5,1,3500,60,120,50
1103,トップランカー,,uncertain,unique flavor text (joke value) but stat-dominated,catsparta/catsparta,2,worker_store,,store (toxin),dominated,255,400,1,10600,148,169,90
1104,三ツ目武将,,uncertain,unique flavor text (joke value) but stat-dominated,catmusha/catmusha,2,worker_store,event_sengoku,store (toxin),dominated,255,400,1,10200,162,154,70
1105,モーレツ冬将軍,,uncertain,unique flavor text (joke value) but stat-dominated,MushaA/snowmanC,1,worker_store,,store (toxin),dominated,255,400,1,8200,112,140,30
1106,風の日本人形,,uncertain,unique flavor text (joke value) but stat-dominated,poltergeistA/poltergeistA,1,worker_store,,store (toxin),dominated,255,400,1,9500,172,151,80
1107,水のフランス人,,uncertain,unique flavor text (joke value) but stat-dominated,poltergeistB/poltergeistB,1,worker_store,,store (toxin),dominated,255,400,1,9600,157,172,70
1108,火の腹話術,,uncertain,unique flavor text (joke value) but stat-dominated,poltergeistC/poltergeistC,1,worker_store,,store (toxin),dominated,255,400,1,9800,134,200,60
1109,土のシロクマ,,uncertain,unique flavor text (joke value) but stat-dominated,poltergeistD/poltergeistD,1,worker_store,,store (toxin),dominated,255,400,1,12500,119,182,70
1110,サイ風ゴースト,,uncertain,unique flavor text (joke value) but stat-dominated,ghostA/animalD,1,worker_store,,store (toxin),dominated,255,400,1,7500,124,135,50
1111,ねこシェフ,,keep,enemy chef — needed by raid/boss content (enemyItems sets),enemyChef/HWcat,1,enemy_chef,,store (toxin),,255,400,1,1100,40,40,70
1112,ねこ店員1,,cut,"reskin: recycled text, recycled art, stat-dominated",catsparta/catsparta,2,worker_store,,store (toxin),dominated,255,400,1,650,40,40,70
1113,ねこ店員2,,cut,"reskin: recycled text, recycled art, stat-dominated",catmusha/catmusha,2,worker_store,,store (toxin),dominated,255,400,1,650,40,30,50
1114,人形シェフ,,cut,"reskin: recycled text, recycled art, stat-dominated",chef/MikoD,2,worker_store,,store (toxin),dominated,255,400,1,1100,40,40,70
1115,人形店員1,,keep,enemy chef — needed by raid/boss content (enemyItems sets),enemyChef/PlantC,2,enemy_chef,,store (toxin),dominated,255,400,1,650,40,40,70
1116,人形店員2,,keep,enemy chef — needed by raid/boss content (enemyItems sets),enemyChef/PlantE,2,enemy_chef,,store (toxin),dominated,255,400,1,650,40,30,50
1117,空ぼミリネ,,uncertain,unique flavor text (joke value) but stat-dominated,MilitaryWomanG/MilitaryWomanG,1,worker_store,,store (toxin),dominated,255,400,1,11000,146,171,90
1118,護えいかんなだれ,,uncertain,unique flavor text (joke value) but stat-dominated,MilitaryWomanH/MilitaryWomanH,2,worker_store,,store (toxin),dominated,255,400,1,11800,150,152,70
1119,重巡洋かんかげぼし,,uncertain,unique flavor text (joke value) but stat-dominated,MilitaryWomanI/MilitaryWomanI,2,worker_store,,store (toxin),dominated,255,400,1,10450,168,148,60
1120,SSさとがえり,,uncertain,unique flavor text (joke value) but stat-dominated,MilitaryWomanI/robotC,1,worker_store,,store (toxin),dominated,255,400,1,7800,118,140,40
1121,テニス部員,,uncertain,unique flavor text (joke value) but stat-dominated,ECA1/ECA1,1,worker_store,,store (toxin),dominated,255,400,1,9800,163,163,70
1122,パソコン部員,,uncertain,unique flavor text (joke value) but stat-dominated,ECA2/ECA2,2,worker_store,,store (toxin),dominated,255,400,1,9800,135,203,40
1123,チアガール部員,,uncertain,unique flavor text (joke value) but stat-dominated,ECA3/ECA3,2,worker_store,,store (toxin),dominated,255,400,1,9800,170,153,60
1124,謎のテニスレスラー,,uncertain,unique flavor text (joke value) but stat-dominated,ECA1/maskedA,1,worker_store,,store (toxin),dominated,255,400,1,7900,100,165,40
1125,ノーブルアマガエル,,uncertain,unique flavor text (joke value) but stat-dominated,frogA/frogA,2,worker_store,,store (toxin),dominated,255,400,1,11300,144,168,90
1126,小松中重工DPSF,,uncertain,unique flavor text (joke value) but stat-dominated,frogB/frogB,2,worker_store,,store (toxin),dominated,255,400,1,13000,135,157,60
1127,うっかり力士,,uncertain,unique flavor text (joke value) but stat-dominated,maskedD/frogB,1,worker_store,,store (toxin),dominated,255,400,1,10000,106,120,40
1128,昆虫レッド,,uncertain,unique flavor text (joke value) but stat-dominated,InsectHeroA/InsectHeroA,1,worker_store,,store (toxin),dominated,255,400,1,11200,150,161,90
1129,昆虫グリーン,,uncertain,unique flavor text (joke value) but stat-dominated,InsectHeroB/InsectHeroB,1,worker_store,,store (toxin),dominated,255,400,1,10800,143,177,90
1130,昆虫ピンク,,uncertain,unique flavor text (joke value) but stat-dominated,InsectHeroC/InsectHeroC,1,worker_store,,store (toxin),dominated,255,400,1,8300,123,141,70
1131,昆虫ブラック,,uncertain,unique flavor text (joke value) but stat-dominated,InsectHeroD/InsectHeroD,1,worker_store,,store (toxin),dominated,255,400,1,14000,111,182,60
1132,昆虫ブルー,,uncertain,unique flavor text (joke value) but stat-dominated,InsectHeroE/InsectHeroE,1,worker_store,,store (toxin),dominated,255,400,1,5600,108,135,30
1133,謎の営業部長,,uncertain,unique flavor text (joke value) but stat-dominated,businessman/InsectHeroA,1,worker_store,,store (toxin),dominated,255,400,1,3000,90,113,30
1134,海軍シェフ,,keep,enemy chef — needed by raid/boss content (enemyItems sets),enemyChef/MilitaryWomanG,1,enemy_chef,,store (toxin),,255,400,1,1100,40,40,70
1135,海軍店員1,,cut,"reskin: recycled text, recycled art, stat-dominated",MilitaryWomanH/MilitaryWomanH,2,worker_store,,store (toxin),dominated,255,400,1,650,40,40,70
1136,海軍店員2,,cut,"reskin: recycled text, recycled art, stat-dominated",MilitaryWomanI/MilitaryWomanI,2,worker_store,,store (toxin),dominated,255,400,1,650,40,30,50
1137,部活シェフ,,keep,enemy chef — needed by raid/boss content (enemyItems sets),enemyChef/ECA1,1,enemy_chef,,store (toxin),,255,400,1,1100,40,40,70
1138,部活店員1,,cut,"reskin: recycled text, recycled art, stat-dominated",ECA2/ECA2,2,worker_store,,store (toxin),dominated,255,400,1,650,40,40,70
1139,部活店員2,,cut,"reskin: recycled text, recycled art, stat-dominated",ECA3/ECA3,2,worker_store,,store (toxin),dominated,255,400,1,650,40,30,50
1140,カエルシェフ,,keep,enemy chef — needed by raid/boss content (enemyItems sets),enemyChef/frogA,1,enemy_chef,,store (toxin),,255,400,1,1100,40,40,70
1141,カエル店員1,,cut,"reskin: recycled text, recycled art, stat-dominated",frogB/frogB,2,worker_store,,store (toxin),dominated,255,400,1,650,40,40,70
1142,カエル店員2,,cut,"reskin: recycled text, recycled art, stat-dominated",frogA/frogA,2,worker_store,,store (toxin),dominated,255,400,1,650,40,30,50
1143,キャベツの妖精,,uncertain,unique flavor text (joke value) but stat-dominated,fairyA/fairyA,2,worker_store,,store (toxin),dominated,255,400,1,9000,102,240,40
1144,ネットの妖精,,uncertain,unique flavor text (joke value) but stat-dominated,fairyB/fairyB,2,worker_store,,store (toxin),dominated,255,400,1,14000,100,193,70
1145,ジョウロの妖精,,uncertain,unique flavor text (joke value) but stat-dominated,fairyC/fairyC,2,worker_store,,store (toxin),dominated,255,400,1,11500,130,182,80
1146,多目的ケセラン妖精,,uncertain,unique flavor text (joke value) but stat-dominated,fairyA/SpiritbehindD,1,worker_store,,store (toxin),dominated,255,400,1,8200,56,175,40
1147,森のエルフ,,uncertain,unique flavor text (joke value) but stat-dominated,elfA/elfA,1,worker_store,,store (toxin),dominated,255,400,1,9600,170,162,90
1148,林のエルフ,,uncertain,unique flavor text (joke value) but stat-dominated,elfB/elfB,2,worker_store,,store (toxin),dominated,255,400,1,12000,125,186,70
1149,花のエルフ,,uncertain,unique flavor text (joke value) but stat-dominated,elfC/elfC,2,worker_store,,store (toxin),dominated,255,400,1,8800,125,220,40
1150,ウェデイングエルフ,,uncertain,unique flavor text (joke value) but stat-dominated,BrideA/elfA,1,worker_store,,store (toxin),dominated,255,400,1,6666,170,88,60
1151,カーニバルマニア,,uncertain,unique flavor text (joke value) but stat-dominated,CarnavalA/CarnavalA,1,worker_store,,store (toxin),dominated,255,400,1,10300,160,165,90
1152,カーニバル娘,,uncertain,unique flavor text (joke value) but stat-dominated,CarnavalB/CarnavalB,2,worker_store,,store (toxin),dominated,255,400,1,12500,123,183,70
1153,カーニバルの匠,,uncertain,unique flavor text (joke value) but stat-dominated,CarnavalC/CarnavalC,2,worker_store,,store (toxin),dominated,255,400,1,10800,115,203,50
1154,バーサーカー,,uncertain,unique flavor text (joke value) but stat-dominated,valkyrieB/CarnavalA,1,worker_store,,store (toxin),dominated,255,400,1,11000,100,110,40
1155,妖精シェフ,,cut,"reskin: recycled text, recycled art, stat-dominated",fairyA/fairyA,2,worker_store,,store (toxin),dominated,255,400,1,1100,40,40,70
1156,妖精店員１,,cut,"reskin: recycled text, recycled art, stat-dominated",fairyB/fairyB,2,worker_store,,store (toxin),dominated,255,400,1,650,40,40,70
1157,妖精店員２,,cut,"reskin: recycled text, recycled art, stat-dominated",fairyC/fairyC,2,worker_store,,store (toxin),dominated,255,400,1,650,40,30,50
1158,エルフシェフ,,keep,enemy chef — needed by raid/boss content (enemyItems sets),enemyChef/elfA,1,enemy_chef,,store (toxin),,255,400,1,1100,40,40,70
1159,エルフ店員１,,cut,"reskin: recycled text, recycled art, stat-dominated",elfB/elfB,2,worker_store,,store (toxin),dominated,255,400,1,650,40,40,70
1160,エルフ店員２,,cut,"reskin: recycled text, recycled art, stat-dominated",elfC/elfC,2,worker_store,,store (toxin),dominated,255,400,1,650,40,30,50
1161,カーニバルシェフ,,keep,enemy chef — needed by raid/boss content (enemyItems sets),enemyChef/CarnavalA,1,enemy_chef,,store (toxin),,255,400,1,1100,40,40,70
1162,カーニバル店員１,,cut,"reskin: recycled text, recycled art, stat-dominated",CarnavalB/CarnavalB,2,worker_store,,store (toxin),dominated,255,400,1,650,40,40,70
1163,カーニバル店員２,,cut,"reskin: recycled text, recycled art, stat-dominated",CarnavalC/CarnavalC,2,worker_store,,store (toxin),dominated,255,400,1,650,40,30,50
1164,つるっ子,,uncertain,unique flavor text (joke value) but stat-dominated,craneA/craneA,3,worker_store,,store (toxin),dominated,255,400,1,14200,173,210,90
1165,クレイン,,uncertain,unique flavor text (joke value) but stat-dominated,craneB/craneB,2,worker_store,,store (toxin),dominated,255,400,1,13200,118,183,70
1166,ハクツル,,uncertain,unique flavor text (joke value) but stat-dominated,craneC/craneC,1,worker_store,,store (toxin),dominated,255,400,1,15700,195,176,80
1167,クロづる,,uncertain,unique flavor text (joke value) but stat-dominated,craneD/craneD,1,worker_store,,store (toxin),dominated,255,400,1,7500,130,150,50
1168,サッカー部員,,uncertain,unique flavor text (joke value) but stat-dominated,ECA5/ECA5,2,worker_store,,store (toxin),dominated,255,400,1,12500,115,115,42
1169,ファンタジスタ,,keep,unique flavor text + competitive stats,ECA4/ECA4,2,worker_store,,store (toxin),,255,400,1,16400,201,173,99
1170,剣道女子,,uncertain,unique flavor text (joke value) but stat-dominated,ECA7/ECA7,1,worker_store,,store (toxin),dominated,255,400,1,11000,145,178,60
1171,剣道の鉄人,,uncertain,unique flavor text (joke value) but stat-dominated,ECA6/ECA6,2,worker_store,,store (toxin),dominated,255,400,1,10000,77,168,40
1172,ルナリア,,uncertain,unique flavor text (joke value) but stat-dominated,PlantF/PlantF,2,worker_store,,store (toxin),dominated,255,400,1,10000,148,188,80
1173,リリウム,,keep,unique flavor text + competitive stats,PlantG/PlantG,2,worker_store,,store (toxin),,255,400,1,10500,135,200,100
1174,おでかけアリッサム,,uncertain,unique flavor text (joke value) but stat-dominated,PlantG/PlantD,1,worker_store,,store (toxin),dominated,255,400,1,8000,105,170,40
1175,かぐや姫,,uncertain,unique flavor text (joke value) but stat-dominated,bambooA/bambooA,1,worker_store,,store (toxin),dominated,255,400,1,11111,110,210,80
1176,なよ竹の姫,,uncertain,unique flavor text (joke value) but stat-dominated,bambooB/bambooB,1,worker_store,,store (toxin),dominated,255,400,1,11111,130,180,80
1177,月の使者,,uncertain,unique flavor text (joke value) but stat-dominated,bambooC/bambooC,1,worker_store,,store (toxin),dominated,255,400,1,9600,118,218,70
1178,月光うさぎ,,uncertain,unique flavor text (joke value) but stat-dominated,bambooD/bambooD,1,worker_store,,store (toxin),dominated,255,400,1,11111,111,177,70
1179,あべのみうし,,uncertain,unique flavor text (joke value) but stat-dominated,bambooE/bambooE,1,worker_store,,store (toxin),dominated,255,400,1,13800,115,178,60
1180,くらもちのみこ,,uncertain,unique flavor text (joke value) but stat-dominated,bambooF/bambooF,1,worker_store,,store (toxin),dominated,255,400,1,12100,141,170,60
1181,いしづくりのみこ,,uncertain,unique flavor text (joke value) but stat-dominated,bambooE/snakeA,1,worker_store,,store (toxin),dominated,255,400,1,7500,100,142,40
1182,まろたり,,uncertain,unique flavor text (joke value) but stat-dominated,bambooF/FrankensteinC,1,worker_store,,store (toxin),dominated,255,400,1,3200,88,115,30
1183,おおとものみゆき,,uncertain,unique flavor text (joke value) but stat-dominated,bambooF/sumowrestlerD,1,worker_store,,store (toxin),dominated,255,400,1,2800,60,145,30
1184,強化ハト兄さん,,uncertain,unique flavor text (joke value) but stat-dominated,hatoG/hatoG,1,worker_store,,store (toxin),dominated,255,100,1,100,120,10,10
1185,つるシェフ,,cut,"reskin: recycled text, recycled art, stat-dominated",craneA/craneA,3,worker_store,,store (toxin),dominated,255,400,1,1100,40,40,70
1186,つる店員１,,cut,"reskin: recycled text, recycled art, stat-dominated",craneB/craneB,2,worker_store,,store (toxin),dominated,255,400,1,650,40,40,70
1187,つる店員２,,cut,"reskin: recycled text, recycled art, stat-dominated",craneA/craneA,3,worker_store,,store (toxin),dominated,255,400,1,650,40,30,50
1188,部活２シェフ,,cut,"reskin: recycled text, recycled art, stat-dominated",ECA4/ECA4,2,worker_store,,store (toxin),dominated,255,400,1,1100,40,40,70
1189,部活２店員１,,cut,"reskin: recycled text, recycled art, stat-dominated",ECA5/ECA5,2,worker_store,,store (toxin),dominated,255,400,1,650,40,40,70
1190,部活２店員２,,cut,"reskin: recycled text, recycled art, stat-dominated",ECA6/ECA6,2,worker_store,,store (toxin),dominated,255,400,1,650,40,30,50
1191,妖精２シェフ,,keep,enemy chef — needed by raid/boss content (enemyItems sets),enemyChef/PlantD,1,enemy_chef,,store (toxin),,255,400,1,1100,40,40,70
1192,妖精２定員１,,cut,"reskin: recycled text, recycled art, stat-dominated",PlantG/PlantG,2,worker_store,,store (toxin),dominated,255,400,1,650,40,40,70
1193,妖精２店員２,,cut,"reskin: recycled text, recycled art, stat-dominated",PlantF/PlantF,2,worker_store,,store (toxin),dominated,255,400,1,650,40,30,50
1194,ヒーローガール,,uncertain,unique flavor text (joke value) but stat-dominated,heroA/heroA,1,worker_store,event_hero,store (toxin),dominated,255,400,1,12400,126,272,90
1195,ヒーロー社長,,uncertain,unique flavor text (joke value) but stat-dominated,heroB/heroB,1,worker_store,event_hero,store (toxin),dominated,255,400,1,11100,125,192,80
1196,ヒーローおたく,,uncertain,unique flavor text (joke value) but stat-dominated,heroC/heroC,1,worker_store,event_hero,store (toxin),dominated,255,400,1,10100,150,177,70
1197,ライスボーイ,,uncertain,unique flavor text (joke value) but stat-dominated,heroD/heroD,1,worker_store,,store (toxin),dominated,255,400,1,6500,135,128,40
1198,トリプルボブ,,uncertain,unique flavor text (joke value) but stat-dominated,heroE/heroE,1,worker_store,,store (toxin),dominated,255,400,1,9800,140,172,60
1199,結社社員,,uncertain,unique flavor text (joke value) but stat-dominated,heroF/heroF,1,worker_store,,store (toxin),dominated,255,400,1,3200,112,92,30
1200,ベテラン天狗,,uncertain,unique flavor text (joke value) but stat-dominated,tengA/tengA,2,worker_store,,store (toxin),dominated,255,400,1,13000,223,180,90
1201,かけだし天狗,,uncertain,unique flavor text (joke value) but stat-dominated,tengB/tengB,2,worker_store,,store (toxin),dominated,255,400,1,10500,160,165,70
1202,カラス天狗,,uncertain,unique flavor text (joke value) but stat-dominated,tengC/tengC,2,worker_store,,store (toxin),dominated,255,400,1,7500,125,157,40
1203,売れっ子ボーカル,,uncertain,unique flavor text (joke value) but stat-dominated,rock_Vo/rock_Vo,2,worker_store,,store (toxin),dominated,255,400,1,14700,155,228,90
1204,貯蓄派ギター,,uncertain,unique flavor text (joke value) but stat-dominated,rock_Gt/rock_Gt,2,worker_store,,store (toxin),dominated,255,400,1,13000,105,205,70
1205,ドラマー気取り,,uncertain,unique flavor text (joke value) but stat-dominated,rock_Dr/rock_Dr,2,worker_store,,store (toxin),dominated,255,400,1,7800,100,179,30
1206,サイコドッグ,,uncertain,unique flavor text (joke value) but stat-dominated,dogA/dogA,2,worker_store,,store (toxin),dominated,255,400,1,11600,163,244,90
1207,トップブリーダー,,uncertain,unique flavor text (joke value) but stat-dominated,dogC/dogC,2,worker_store,,store (toxin),dominated,255,400,1,13200,118,183,70
1208,愛犬てる,,uncertain,unique flavor text (joke value) but stat-dominated,dogB/dogB,2,worker_store,,store (toxin),dominated,255,400,1,8300,135,140,40
1209,OLシャーマン,,uncertain,unique flavor text (joke value) but stat-dominated,IndianA/IndianA,2,worker_store,,store (toxin),dominated,255,400,1,9100,168,170,90
1210,ITシャーマン,,keep,unique flavor text + competitive stats,IndianB/IndianB,2,worker_store,,store (toxin),,255,400,1,18800,173,171,90
1211,ショーマン,,uncertain,unique flavor text (joke value) but stat-dominated,frogC/frogC,2,worker_store,,store (toxin),dominated,255,400,1,7800,121,158,30
1212,てんぐシェフ,,cut,"reskin: recycled text, recycled art, stat-dominated",tengC/tengC,2,worker_store,,store (toxin),dominated,255,400,1,1100,40,40,70
1213,てんぐ店員１,,cut,"reskin: recycled text, recycled art, stat-dominated",tengB/tengB,2,worker_store,,store (toxin),dominated,255,400,1,650,40,40,70
1214,てんぐ店員２,,cut,"reskin: recycled text, recycled art, stat-dominated",tengA/tengA,2,worker_store,,store (toxin),dominated,255,400,1,650,40,30,50
1215,ヘビメタシェフ,,cut,"reskin: recycled text, recycled art, stat-dominated",rock_Dr/rock_Dr,2,worker_store,,store (toxin),dominated,255,400,1,1100,40,40,70
1216,ヘビメタ店員１,,cut,"reskin: recycled text, recycled art, stat-dominated",rock_Gt/rock_Gt,2,worker_store,,store (toxin),dominated,255,400,1,650,40,40,70
1217,ヘビメタ店員２,,cut,"reskin: recycled text, recycled art, stat-dominated",rock_Vo/rock_Vo,2,worker_store,,store (toxin),dominated,255,400,1,650,40,30,50
1218,犬シェフ,,cut,"reskin: recycled text, recycled art, stat-dominated",dogB/dogB,2,worker_store,,store (toxin),dominated,255,400,1,1100,40,40,70
1219,犬店員１,,cut,"reskin: recycled text, recycled art, stat-dominated",dogC/dogC,2,worker_store,,store (toxin),dominated,255,400,1,650,40,40,70
1220,犬店員２,,cut,"reskin: recycled text, recycled art, stat-dominated",dogA/dogA,2,worker_store,,store (toxin),dominated,255,400,1,650,40,30,50
1221,インディアンシェフ,,cut,"reskin: recycled text, recycled art, stat-dominated",frogC/frogC,2,worker_store,,store (toxin),dominated,255,400,1,1100,40,40,70
1222,インディアン店員１,,cut,"reskin: recycled text, recycled art, stat-dominated",IndianB/IndianB,2,worker_store,,store (toxin),dominated,255,400,1,650,40,40,70
1223,インディアン店員２,,cut,"reskin: recycled text, recycled art, stat-dominated",IndianA/IndianA,2,worker_store,,store (toxin),dominated,255,400,1,650,40,30,50
1224,太平洋からの使者,,uncertain,unique flavor text (joke value) but stat-dominated,seaA/seaA,1,worker_store,,store (toxin),dominated,255,400,1,9800,172,159,60
1225,伝説の漁師,,uncertain,unique flavor text (joke value) but stat-dominated,seaB/seaB,1,worker_store,,store (toxin),dominated,255,400,1,10600,139,184,40
1226,プライベート海女,,uncertain,unique flavor text (joke value) but stat-dominated,seaC/seaC,1,worker_store,,store (toxin),dominated,255,400,1,12800,192,204,90
1227,海上デカ,,uncertain,unique flavor text (joke value) but stat-dominated,seaD/officer,1,worker_store,,store (toxin),dominated,255,400,1,8100,115,126,30
1228,フンボルトペンギン,,uncertain,unique flavor text (joke value) but stat-dominated,seaE/seaE,1,worker_store,,store (toxin),dominated,255,400,1,9800,165,140,50
1229,マーメイド,,uncertain,unique flavor text (joke value) but stat-dominated,seaF/seaF,1,worker_store,,store (toxin),dominated,255,400,1,11200,140,181,70
1230,超名医,,uncertain,unique flavor text (joke value) but stat-dominated,doctorA/doctorA,2,worker_store,,store (toxin),dominated,255,400,1,15600,200,172,90
1231,天才研修医,,uncertain,unique flavor text (joke value) but stat-dominated,doctorB/doctorB,2,worker_store,,store (toxin),dominated,255,400,1,12800,99,202,70
1232,コスプレナース,,uncertain,unique flavor text (joke value) but stat-dominated,nurseA/kimonoE,2,worker_store,,store (toxin),dominated,255,400,1,7800,104,176,40
1233,FU-JIN,,uncertain,unique flavor text (joke value) but stat-dominated,godA/godA,2,worker_store,,store (toxin),dominated,255,400,1,7700,203,134,80
1234,RAI-JIN,,uncertain,unique flavor text (joke value) but stat-dominated,godB/godB,2,worker_store,,store (toxin),dominated,255,400,1,11500,220,204,70
1235,TAKAGI,,uncertain,unique flavor text (joke value) but stat-dominated,godC/godC,2,worker_store,,store (toxin),dominated,255,400,1,7200,155,130,30
1236,カリスマブロガー,,uncertain,unique flavor text (joke value) but stat-dominated,subculA/subculA,2,worker_store,,store (toxin),dominated,255,400,1,13700,158,232,90
1237,バイクレビュアー,,uncertain,unique flavor text (joke value) but stat-dominated,subculB/subculB,2,worker_store,,store (toxin),dominated,255,400,1,10500,160,155,70
1238,恋するブロガー,,uncertain,unique flavor text (joke value) but stat-dominated,subculC/subculC,2,worker_store,,store (toxin),dominated,255,400,1,8800,105,166,66
1239,ドクターシェフ,,cut,"reskin: recycled text, recycled art, stat-dominated",nurseA/kimonoE,2,worker_store,,store (toxin),dominated,255,400,1,1100,40,40,70
1240,ドクター店員１,,cut,"reskin: recycled text, recycled art, stat-dominated",doctorA/doctorA,2,worker_store,,store (toxin),dominated,255,400,1,650,40,40,70
1241,ドクター店員２,,cut,"reskin: recycled text, recycled art, stat-dominated",doctorB/doctorB,2,worker_store,,store (toxin),dominated,255,400,1,650,40,30,50
1242,かみなりシェフ,,cut,"reskin: recycled text, recycled art, stat-dominated",godC/godC,2,worker_store,,store (toxin),dominated,255,400,1,1100,40,40,70
1243,かみなり店員１,,cut,"reskin: recycled text, recycled art, stat-dominated",godA/godA,2,worker_store,,store (toxin),dominated,255,400,1,650,40,40,70
1244,かみなり店員２,,cut,"reskin: recycled text, recycled art, stat-dominated",godB/godB,2,worker_store,,store (toxin),dominated,255,400,1,650,40,30,50
1245,ブロガーシェフ,,cut,"reskin: recycled text, recycled art, stat-dominated",subculC/subculC,2,worker_store,,store (toxin),dominated,255,400,1,1100,40,40,70
1246,ブロガー店員１,,cut,"reskin: recycled text, recycled art, stat-dominated",subculA/subculA,2,worker_store,,store (toxin),dominated,255,400,1,650,40,40,70
1247,ブロガー店員２,,cut,"reskin: recycled text, recycled art, stat-dominated",subculB/subculB,2,worker_store,,store (toxin),dominated,255,400,1,650,40,30,50
1248,覆面少女,,uncertain,unique flavor text (joke value) but stat-dominated,akazukinB/MikoD,1,worker_store,,store (toxin),dominated,255,400,1,5500,65,10,60
1249,私服ユニコーン,,uncertain,unique flavor text (joke value) but stat-dominated,clown/akumaG,1,worker_store,,store (toxin),dominated,255,400,1,2400,40,98,20
1250,サバウーマン,,uncertain,unique flavor text (joke value) but stat-dominated,businesswoman/fishmanB,1,worker_store,,store (toxin),dominated,255,400,1,2600,100,38,40
1251,ドラキュア,,uncertain,unique flavor text (joke value) but stat-dominated,third_Dracula/third_Dracula,1,worker_store,,store (toxin),dominated,255,400,1,10900,180,126,60
1252,フラン・Ａ・ケン,,keep,unique flavor text + competitive stats,third_Franken/third_Franken,1,worker_store,,store (toxin),,255,400,1,16600,103,261,66
1253,オオカミ伯父,,uncertain,unique flavor text (joke value) but stat-dominated,third_wolfman/third_wolfman,1,worker_store,,store (toxin),dominated,255,400,1,8800,178,160,55
1254,あいつ,,uncertain,unique flavor text (joke value) but stat-dominated,third_chef/third_chef,1,worker_store,,store (toxin),dominated,255,400,1,7500,118,166,77
1255,アリスコック,,uncertain,unique flavor text (joke value) but stat-dominated,third_alice/third_alice,1,worker_store,,store (toxin),dominated,255,400,1,9700,171,161,80
1256,９２代目花板,,keep,unique flavor text + competitive stats,robo_chefA/robo_chefA,2,worker_store,,store (toxin),,255,400,1,14800,231,148,92
1257,９３代目立板,,uncertain,unique flavor text (joke value) but stat-dominated,robo_chefB/robo_chefB,2,worker_store,,store (toxin),dominated,255,400,1,11400,152,155,68
1258,未開封シェフ,,uncertain,unique flavor text (joke value) but stat-dominated,third_robo/third_robo,2,worker_store,,store (toxin),dominated,255,400,1,9200,128,145,50
1259,マシュマロ軍大佐,,uncertain,unique flavor text (joke value) but stat-dominated,MilitaryWomanJ/MilitaryWomanJ,2,worker_store,event_marshmallow,store (toxin),dominated,255,400,1,14500,171,210,60
1260,マシュマロ軍中佐,Marshmallow Lt. Colonel,keep,"EN-matched, already named in English (pass 3)",MilitaryWomanK/MilitaryWomanK,2,worker_store,event_marshmallow,store (toxin),dominated,255,400,1,8900,172,164,50
1261,マシュマロ軍曹,,uncertain,unique flavor text (joke value) but stat-dominated,MilitaryWomanL/MilitaryWomanL,2,worker_store,event_marshmallow,store (toxin),dominated,255,400,1,7900,138,151,30
1262,イバラ姫,,uncertain,unique flavor text (joke value) but stat-dominated,Sleeping_princessA/Sleeping_princessA,1,worker_store,,store (toxin),dominated,255,400,1,15900,172,198,70
1263,いねむり姫,,uncertain,unique flavor text (joke value) but stat-dominated,Sleeping_princessB/Sleeping_princessB,1,worker_store,,store (toxin),dominated,255,400,1,8900,150,160,82
1264,よい王子,,uncertain,unique flavor text (joke value) but stat-dominated,Sleeping_prince/Sleeping_prince,1,worker_store,,store (toxin),dominated,255,400,1,9900,169,153,80
1265,バラの上の王子,,uncertain,unique flavor text (joke value) but stat-dominated,Sleeping_fairyA/Sleeping_fairyA,1,worker_store,,store (toxin),dominated,255,400,1,7500,126,135,40
1266,もりの魔女,,uncertain,unique flavor text (joke value) but stat-dominated,Sleeping_witch/Sleeping_witch,1,worker_store,,store (toxin),dominated,255,400,1,10100,146,169,70
1267,アーマード通販,,uncertain,unique flavor text (joke value) but stat-dominated,robo_chefC/robo_chefC,1,worker_store,,store (toxin),dominated,255,400,1,8400,129,163,50
1268,料理ロボシェフ,,cut,"reskin: recycled text, recycled art, stat-dominated",third_robo/third_robo,2,worker_store,,store (toxin),dominated,255,400,1,1100,40,40,70
1269,料理ロボ店員１,,cut,"reskin: recycled text, recycled art, stat-dominated",robo_chefA/robo_chefA,2,worker_store,,store (toxin),dominated,255,400,1,650,40,40,70
1270,料理ロボ店員２,,cut,"reskin: recycled text, recycled art, stat-dominated",robo_chefB/robo_chefB,2,worker_store,,store (toxin),dominated,255,400,1,650,40,30,50
1271,空軍シェフ,,cut,"reskin: recycled text, recycled art, stat-dominated",MilitaryWomanL/MilitaryWomanL,2,worker_store,,store (toxin),dominated,255,400,1,1100,40,40,70
1272,空軍店員１,,cut,"reskin: recycled text, recycled art, stat-dominated",MilitaryWomanJ/MilitaryWomanJ,2,worker_store,,store (toxin),dominated,255,400,1,650,40,40,70
1273,空軍店員２,Air Force Clerk 2,keep,"EN-matched, already named in English (pass 3)",MilitaryWomanK/MilitaryWomanK,2,worker_store,,store (toxin),dominated,255,400,1,650,40,30,50
1274,レッカ（ゴールド）,,uncertain,unique flavor text (joke value) but stat-dominated,gaist_D/gaist_D,1,worker_store,,store (toxin),dominated,255,400,1,14300,158,225,90
1275,マイクマ,,uncertain,unique flavor text (joke value) but stat-dominated,gaist_E/gaist_E,1,worker_store,,store (toxin),dominated,255,400,1,9800,182,138,70
1276,コハク,,uncertain,unique flavor text (joke value) but stat-dominated,gaist_F/gaist_F,1,worker_store,,store (toxin),dominated,255,400,1,8800,138,166,55
1277,ヒスイ,,uncertain,unique flavor text (joke value) but stat-dominated,gaist_G/gaist_G,1,worker_store,,store (toxin),dominated,255,400,1,8600,150,157,50
1278,バナ隊長（銃所持ver）,,uncertain,unique flavor text (joke value) but stat-dominated,gaist_H/gaist_H,1,worker_store,,store (toxin),dominated,255,400,1,9500,108,138,50
1279,ドット・アーサー,,uncertain,unique art but recycled text and dominated stats — art-only value,makaiA/makaiA,1,worker_store,,store (toxin),dominated,255,400,1,9600,171,162,60
1280,ゾンビ・アーサー,,uncertain,unique flavor text (joke value) but stat-dominated,makaiB/makaiB,1,worker_store,,store (toxin),dominated,255,400,1,14600,190,190,70
1281,ゾンビナイト・アーサー,,uncertain,unique flavor text (joke value) but stat-dominated,makaiC/makaiC,1,worker_store,,store (toxin),dominated,255,400,1,10000,160,165,45
1282,アーサー,,uncertain,unique flavor text (joke value) but stat-dominated,makaiF/makaiF,1,worker_store,,store (toxin),dominated,255,400,1,14600,190,190,70
1283,ナイト・アーサー,,uncertain,unique flavor text (joke value) but stat-dominated,makaiG/makaiG,1,worker_store,,store (toxin),dominated,255,400,1,10000,160,165,45
1284,レッドアリーマー,,uncertain,unique flavor text (joke value) but stat-dominated,makaiD/makaiD,1,worker_store,,store (toxin),dominated,255,400,1,7600,141,130,30
1285,魔王アスタロト,,uncertain,unique flavor text (joke value) but stat-dominated,makaiE/makaiE,1,worker_store,,store (toxin),dominated,255,400,1,11100,122,172,30
1286,金タロー,,uncertain,unique flavor text (joke value) but stat-dominated,kintaroA/kintaroA,1,worker_store,,store (toxin),dominated,255,400,1,17000,155,205,85
1287,クマ孝行,,uncertain,unique flavor text (joke value) but stat-dominated,kintaroB/kintaroB,1,worker_store,,store (toxin),dominated,255,400,1,10300,172,144,68
1288,金じいさん,,uncertain,unique flavor text (joke value) but stat-dominated,kintaroC/kintaroC,1,worker_store,,store (toxin),dominated,255,400,1,9300,116,166,40
1289,ワイバーン,,uncertain,unique flavor text (joke value) but stat-dominated,dragon2A/dragon2A,1,worker_store,,store (toxin),dominated,255,400,1,12600,221,175,60
1290,レッドどらごん,,uncertain,unique flavor text (joke value) but stat-dominated,dragon2B/dragon2B,1,worker_store,,store (toxin),dominated,255,400,1,8300,133,157,50
1291,骨どらごん,,keep,unique flavor text + competitive stats,dragon2C/dragon2C,1,worker_store,,store (toxin),,18,100,1,9900,153,160,84
1292,音速参謀,,keep,unique flavor text + competitive stats,TFVA/TFVA,1,worker_store,,store (toxin),,255,400,1,14100,248,160,92
1293,怪力参謀,,uncertain,unique flavor text (joke value) but stat-dominated,TFVB/TFVB,1,worker_store,,store (toxin),dominated,255,400,1,9800,103,245,68
1294,快速秘書,,uncertain,unique flavor text (joke value) but stat-dominated,TFVC/TFVC,1,worker_store,,store (toxin),dominated,255,400,1,7900,168,112,50
1295,騎士マンチャ,,uncertain,unique flavor text (joke value) but stat-dominated,donkiA/donkiA,1,worker_store,,store (toxin),dominated,255,400,1,13800,204,182,85
1296,農夫サンチョ,,uncertain,unique flavor text (joke value) but stat-dominated,donkiB/donkiB,1,worker_store,,store (toxin),dominated,255,400,1,9800,103,245,60
1297,騎士ウインドミル,,uncertain,unique flavor text (joke value) but stat-dominated,donkiC/donkiC,1,worker_store,,store (toxin),dominated,255,400,1,8200,144,144,30
1298,シヴァ,,uncertain,unique flavor text (joke value) but stat-dominated,sivaA/sivaA,1,worker_store,,store (toxin),dominated,255,400,1,14500,165,216,80
1299,パールヴァティー,,uncertain,unique flavor text (joke value) but stat-dominated,sivaB/sivaB,1,worker_store,,store (toxin),dominated,255,400,1,12800,140,255,95
1300,ハヌマーン,,uncertain,unique flavor text (joke value) but stat-dominated,sivaC/sivaC,1,worker_store,,store (toxin),dominated,255,400,1,9400,162,170,76
1301,どぅるがー,,uncertain,unique flavor text (joke value) but stat-dominated,sivaD/sivaD,1,worker_store,,store (toxin),dominated,255,400,1,10000,135,175,68
1302,ゴリラッパ,,uncertain,unique flavor text (joke value) but stat-dominated,sivaE/sivaE,1,worker_store,,store (toxin),dominated,255,400,1,4400,83,100,20
1303,進撃のパンダ,,uncertain,unique flavor text (joke value) but stat-dominated,sivaF/sivaF,1,worker_store,,store (toxin),dominated,255,400,1,11100,111,111,40
1304,ガネーシャ,,uncertain,unique flavor text (joke value) but stat-dominated,sivaG/sivaG,1,worker_store,,store (toxin),dominated,255,400,1,10500,140,176,80
1305,ジンジャーブレッドマン,,uncertain,unique flavor text (joke value) but stat-dominated,xmas2014A/xmas2014A,1,worker_store,,store (toxin),dominated,255,400,1,13200,200,191,90
1306,三太朗,,keep,unique flavor text + competitive stats,xmas2014B/xmas2014B,1,worker_store,,store (toxin),,255,400,1,16100,193,175,100
1307,虚無サンタ,,uncertain,unique flavor text (joke value) but stat-dominated,xmas2014C/xmas2014C,1,worker_store,event_christmas,store (toxin),dominated,255,400,1,6800,120,189,42
1308,姪探偵ホームズ,,uncertain,unique flavor text (joke value) but stat-dominated,sherlockholmsA/sherlockholmsA,1,worker_store,,store (toxin),dominated,255,400,1,11800,218,185,90
1309,ワト・ソン,,uncertain,unique flavor text (joke value) but stat-dominated,sherlockholmsB/sherlockholmsB,1,worker_store,,store (toxin),dominated,255,400,1,10700,155,160,45
1310,森アーティ教授,,uncertain,unique flavor text (joke value) but stat-dominated,sherlockholmsC/sherlockholmsC,1,worker_store,,store (toxin),dominated,255,400,1,7800,166,120,35
1311,ロックマン,,keep,collab set kept whole (capcom_rockman; keep-faithful policy),RockA/RockA,1,worker_store,capcom_rockman,store (toxin),dominated,255,400,1,13500,170,220,90
1312,ブルース,,uncertain,unique art but recycled text and dominated stats — art-only value,RockB/RockB,1,worker_store,,store (toxin),dominated,255,400,1,15800,139,231,95
1313,ロール,,uncertain,"recycled text, competitive stats — needs review",RockC/RockC,1,worker_store,,store (toxin),,255,400,1,9800,146,190,100
1314,ライト博士,,uncertain,unique art but recycled text and dominated stats — art-only value,RockD/RockD,1,worker_store,,store (toxin),dominated,255,400,1,11800,112,205,70
1315,メットール,,uncertain,unique flavor text (joke value) but stat-dominated,RockE/RockE,1,worker_store,,store (toxin),dominated,255,400,1,10,10,10,10
1316,スナイパージョー,,uncertain,unique flavor text (joke value) but stat-dominated,RockF/RockF,1,worker_store,,store (toxin),dominated,255,400,1,5100,77,99,12
1317,カットマン,,uncertain,unique flavor text (joke value) but stat-dominated,RockG/RockG,1,worker_store,,store (toxin),dominated,255,400,1,9300,110,137,44
1318,エアーマン,,uncertain,unique flavor text (joke value) but stat-dominated,RockH/RockH,1,worker_store,,store (toxin),dominated,255,400,1,10000,151,170,88
1319,Dr.ワイリー,,uncertain,unique flavor text (joke value) but stat-dominated,RockI/RockI,1,worker_store,,store (toxin),dominated,255,400,1,9800,143,171,77
1320,ロックマン,,keep,collab set kept whole (capcom_rockman; keep-faithful policy),RockJ/RockJ,1,worker_store,capcom_rockman,store (toxin),dominated,255,400,1,13500,170,220,90
1321,ブルース,,uncertain,unique art but recycled text and dominated stats — art-only value,RockK/RockK,1,worker_store,,store (toxin),dominated,255,400,1,15800,139,231,95
1322,ロール,,uncertain,"recycled text, competitive stats — needs review",RockL/RockL,1,worker_store,,store (toxin),,255,400,1,9800,146,190,100
1323,ライト博士,,uncertain,unique art but recycled text and dominated stats — art-only value,RockM/RockM,1,worker_store,,store (toxin),dominated,255,400,1,11800,112,205,70
1324,千手さん,,uncertain,unique flavor text (joke value) but stat-dominated,buddhaA/buddhaA,1,worker_store,,store (toxin),dominated,255,400,1,12500,150,248,70
1325,かんのん,,uncertain,unique flavor text (joke value) but stat-dominated,buddhaB/buddhaB,1,worker_store,,store (toxin),dominated,255,400,1,13200,182,210,80
1326,大仏さん,,uncertain,unique flavor text (joke value) but stat-dominated,buddhaC/buddhaC,1,worker_store,,store (toxin),dominated,255,400,1,11500,125,191,53
1327,リバティーさん,,uncertain,unique flavor text (joke value) but stat-dominated,buddhaD/buddhaD,1,worker_store,,store (toxin),dominated,255,400,1,9400,150,155,62
1328,彫刻作品,,uncertain,unique flavor text (joke value) but stat-dominated,buddhaE/buddhaE,1,worker_store,,store (toxin),dominated,255,400,1,8100,128,143,35
1329,スフィンクス,,cut,"reskin: recycled text, recycled art, stat-dominated",hatoA/hatoA,29,worker_store,,store (toxin),dominated,255,400,1,100,100,100,100
1330,モリガン,,uncertain,unique flavor text (joke value) but stat-dominated,VHA/VHA,1,worker_store,,store (toxin),dominated,255,400,1,12600,202,195,95
1331,デミトリ,,uncertain,unique flavor text (joke value) but stat-dominated,VHB/VHB,1,worker_store,,store (toxin),dominated,255,400,1,15100,167,210,75
1332,レイレイ,,keep,unique flavor text + competitive stats,VHC/VHC,1,worker_store,,store (toxin),,255,400,1,13300,213,178,100
1333,ドノヴァン,,uncertain,unique flavor text (joke value) but stat-dominated,VHD/VHD,1,worker_store,,store (toxin),dominated,255,400,1,14900,130,248,68
1334,ザベル,,uncertain,unique flavor text (joke value) but stat-dominated,VHE/VHE,1,worker_store,,store (toxin),dominated,255,400,1,7700,125,150,20
1335,ザベル（ギター所持）,,uncertain,unique flavor text (joke value) but stat-dominated,VHF/VHF,1,worker_store,,store (toxin),dominated,255,400,1,9300,135,175,30
1336,ガロン,,uncertain,unique flavor text (joke value) but stat-dominated,VHG/VHG,1,worker_store,,store (toxin),dominated,255,400,1,7900,140,143,30
1337,パイロン,,uncertain,unique flavor text (joke value) but stat-dominated,VHH/VHH,1,worker_store,,store (toxin),dominated,255,400,1,10400,127,198,50
1338,フェリシア,,uncertain,unique flavor text (joke value) but stat-dominated,VHI/VHI,1,worker_store,,store (toxin),dominated,255,400,1,10000,152,162,65
1339,木の人形,,uncertain,unique flavor text (joke value) but stat-dominated,PinokioA/PinokioA,1,worker_store,,store (toxin),dominated,255,400,1,13100,222,178,85
1340,死の人形職人,,uncertain,unique flavor text (joke value) but stat-dominated,PinokioB/PinokioB,1,worker_store,,store (toxin),dominated,255,400,1,9800,179,140,50
1341,キツネ紳士,,uncertain,unique flavor text (joke value) but stat-dominated,PinokioC/PinokioC,1,worker_store,,store (toxin),dominated,255,400,1,8700,142,138,32
1342,サイコシープ,,uncertain,unique flavor text (joke value) but stat-dominated,SheepA/SheepA,1,worker_store,,store (toxin),dominated,255,400,1,14400,144,238,88
1343,ウール,,uncertain,unique flavor text (joke value) but stat-dominated,SheepB/SheepB,1,worker_store,,store (toxin),dominated,255,400,1,10400,140,184,64
1344,シツジ,,uncertain,unique flavor text (joke value) but stat-dominated,SheepC/SheepC,1,worker_store,,store (toxin),dominated,255,400,1,9900,120,152,35
1345,バハムート,,uncertain,unique flavor text (joke value) but stat-dominated,syoukanA/syoukanA,1,worker_store,,store (toxin),dominated,255,400,1,10000,127,180,95
1346,リバイアサン,,uncertain,unique flavor text (joke value) but stat-dominated,syoukanB/syoukanB,1,worker_store,,store (toxin),dominated,255,400,1,14900,130,248,88
1347,ゐフリート,,uncertain,unique flavor text (joke value) but stat-dominated,syoukanC/syoukanC,1,worker_store,,store (toxin),dominated,255,400,1,8200,135,138,55
1348,ホエニクス,,uncertain,unique flavor text (joke value) but stat-dominated,syoukanD/syoukanD,1,worker_store,,store (toxin),dominated,255,400,1,10200,168,158,65
1349,シルフ,,uncertain,unique flavor text (joke value) but stat-dominated,syoukanE/syoukanE,1,worker_store,,store (toxin),dominated,255,400,1,16200,188,180,90
1350,コビット,,uncertain,unique flavor text (joke value) but stat-dominated,dwarfA/dwarfA,1,worker_store,,store (toxin),dominated,255,400,1,9200,115,170,40
1351,ドワーフ,,keep,unique flavor text + competitive stats,dwarfB/dwarfB,1,worker_store,,store (toxin),,255,400,1,18100,97,255,85
1352,にのきん,,uncertain,unique flavor text (joke value) but stat-dominated,ninomiyaA/ninomiyaA,1,worker_store,,store (toxin),dominated,255,400,1,11000,125,130,40
1353,卒業女子大生,,uncertain,unique flavor text (joke value) but stat-dominated,ninomiyaB/ninomiyaB,1,worker_store,,store (toxin),dominated,255,400,1,15500,162,211,88
1354,初代生徒会長,,uncertain,unique flavor text (joke value) but stat-dominated,seitokaiA/seitokaiA,1,worker_store,,store (toxin),dominated,255,400,1,8800,137,145,50
1355,生徒会長,,uncertain,unique flavor text (joke value) but stat-dominated,seitokaiB/seitokaiB,1,worker_store,,store (toxin),dominated,255,400,1,13300,152,239,85
1356,シェフ・アーサー,,keep,playable chef (owner-approved set; do not edit),makai2A/makai2A,1,chef,,store (toxin),,255,30,1,8400,140,140,80
1357,ドットナイト・アーサー,,uncertain,unique art but recycled text and dominated stats — art-only value,makai2B/makai2B,1,worker_store,,store (toxin),dominated,255,400,1,9800,142,164,60
1358,アーサー（黄金の鎧）,,uncertain,unique flavor text (joke value) but stat-dominated,makai2C/makai2C,1,worker_store,,store (toxin),dominated,255,400,1,14800,151,228,90
1359,プリンセス,,uncertain,unique flavor text (joke value) but stat-dominated,makai2D/makai2D,1,worker_store,,store (toxin),dominated,255,400,1,12000,135,175,72
1360,転校生,,keep,unique flavor text + competitive stats,CustomerA/MikoB,1,worker_store,,store (toxin),,14,50,1,7200,107,132,84
1361,ハトザムライ,,uncertain,unique flavor text (joke value) but stat-dominated,hatoH/hatoH,1,worker_store,,store (toxin),dominated,255,400,1,13000,170,210,85
1362,はと高生,,uncertain,unique flavor text (joke value) but stat-dominated,hatoI/hatoI,1,worker_store,,store (toxin),dominated,255,400,1,10700,155,165,90
1363,鳩小僧,,uncertain,unique flavor text (joke value) but stat-dominated,hatoJ/hatoJ,1,worker_store,,store (toxin),dominated,255,400,1,9900,185,150,70
1364,かぐや姫,,uncertain,unique flavor text (joke value) but stat-dominated,bambooG/bambooG,1,worker_store,,store (toxin),dominated,255,400,1,11111,128,192,70
1365,ダークガール,,keep,unique flavor text + competitive stats,heroH/heroH,1,worker_store,,store (toxin),,255,400,1,17200,121,238,88
1366,伝説の生物,,keep,unique flavor text + competitive stats,YoukaiM/YoukaiM,1,worker_store,,store (toxin),,9,20,1,4300,70,105,65
1367,クロクロ,,uncertain,unique flavor text (joke value) but stat-dominated,blackB/blackB,1,worker_store,,store (toxin),dominated,255,400,1,10800,140,140,80
1368,オフクロ,,keep,playable chef (owner-approved set; do not edit),blackC/blackC,1,chef,,store (toxin),,255,30,1,8800,105,180,75
1369,dummy,dummy,cut,placeholder record (dummy/empty name),wolfman/wolfman,9,worker_store,,store (toxin),dominated,255,400,1,100,100,100,10
1370,ざこ　骨,,uncertain,unique art but recycled text and dominated stats — art-only value,FFEG/FFEG,1,worker_store,,store (toxin),dominated,255,400,1,100,100,100,10
1371,西の魔法使い,,uncertain,unique flavor text (joke value) but stat-dominated,FFA/FFA,1,worker_store,,store (toxin),dominated,255,400,1,11900,143,188,77
1372,伝説の女剣士,,keep,unique flavor text + competitive stats,FFB/FFB,1,worker_store,,store (toxin),,255,400,1,19100,138,205,81
1373,ジャンヌ,,uncertain,unique flavor text (joke value) but stat-dominated,FFC/FFC,1,worker_store,,store (toxin),dominated,255,400,1,11000,142,163,88
1374,ハロウィンウィッチ,,keep,unique flavor text + competitive stats,FF2A/FF2A,1,worker_store,event_halloween,store (toxin),,255,400,1,13000,151,270,77
1375,ハロウィンナイト,,keep,unique flavor text + competitive stats,FF2B/FF2B,1,worker_store,event_halloween,store (toxin),,255,400,1,20000,125,210,81
1376,かぼちゃん,,uncertain,unique flavor text (joke value) but stat-dominated,FFEK/FFEK,1,worker_store,,store (toxin),dominated,255,400,1,9300,168,126,79
1377,かぼちゃの大将,,uncertain,unique flavor text (joke value) but stat-dominated,FFEH/FFEH,1,worker_store,,store (toxin),dominated,255,400,1,12300,142,152,62
1378,イノブタさん,,uncertain,unique flavor text (joke value) but stat-dominated,FFEE/FFEE,2,worker_store,,store (toxin),dominated,255,400,1,8300,125,158,10
1379,dummy,dummy,cut,placeholder record (dummy/empty name),wolfman/wolfman,9,worker_store,,store (toxin),dominated,255,400,1,100,10,10,10
1380,食用ガエル,,uncertain,unique flavor text (joke value) but stat-dominated,frog2A/frog2A,1,worker_store,,store (toxin),dominated,255,400,1,3000,50,30,50
1381,食用銀ガエル,,uncertain,unique flavor text (joke value) but stat-dominated,frog2B/frog2B,1,worker_store,,store (toxin),dominated,255,400,1,3000,50,40,70
1382,食用金ガエル,,uncertain,unique flavor text (joke value) but stat-dominated,frog2C/frog2C,1,worker_store,,store (toxin),dominated,255,400,1,3000,50,50,90
1383,しらゆき姫,,uncertain,unique flavor text (joke value) but stat-dominated,shimeA/shimeA,1,worker_store,,store (toxin),dominated,255,400,1,13200,212,182,98
1384,黑雪姫,,uncertain,unique flavor text (joke value) but stat-dominated,shimeB/shimeB,1,worker_store,,store (toxin),dominated,255,400,1,10000,162,150,85
1385,りんご使い,,uncertain,unique flavor text (joke value) but stat-dominated,shimeC/shimeC,1,worker_store,,store (toxin),dominated,255,400,1,7800,140,151,49
1386,dummy,dummy,cut,placeholder record (dummy/empty name),wolfman/wolfman,9,worker_store,,store (toxin),dominated,255,400,1,100,10,10,10
1387,dummy,dummy,cut,placeholder record (dummy/empty name),wolfman/wolfman,9,worker_store,,store (toxin),dominated,255,400,1,100,10,10,10
1388,dummy,dummy,cut,placeholder record (dummy/empty name),wolfman/wolfman,9,worker_store,,store (toxin),dominated,255,400,1,100,10,10,10
1389,元力士,,keep,unique flavor text + competitive stats,MermanC/sumowrestlerC,1,worker_store,,store (cash),,10,35000,0,4400,45,25,34
1390,死餓羅鬼,,uncertain,unique flavor text (joke value) but stat-dominated,tanukiA/tanukiA,1,worker_store,,store (toxin),dominated,255,400,1,15500,175,198,92
1391,アーマードタヌキ,,uncertain,unique flavor text (joke value) but stat-dominated,tanukiB/tanukiB,1,worker_store,,store (toxin),dominated,255,400,1,12300,161,157,80
1392,とんちぼ,,uncertain,unique flavor text (joke value) but stat-dominated,tanukiC/tanukiC,1,worker_store,,store (toxin),dominated,255,400,1,9000,140,142,70
1393,神速の動く城,,uncertain,unique flavor text (joke value) but stat-dominated,movecatleA/movecatleA,1,worker_store,,store (toxin),dominated,255,400,1,14000,230,157,85
1394,週間全自動日本の城,,uncertain,unique flavor text (joke value) but stat-dominated,movecatleB/movecatleB,1,worker_store,,store (toxin),dominated,255,400,1,12800,148,168,90
1395,走行テント,,uncertain,unique flavor text (joke value) but stat-dominated,movecatleC/movecatleC,1,worker_store,,store (toxin),dominated,255,400,1,9500,86,178,32
1396,リリス,,uncertain,unique flavor text (joke value) but stat-dominated,VHJ/VHJ,1,worker_store,,store (toxin),dominated,255,400,1,13300,181,211,92
1397,キュービィ,,uncertain,unique flavor text (joke value) but stat-dominated,VHK/VHK,1,worker_store,,store (toxin),dominated,255,400,1,12600,217,181,88
1398,サスカッチ,,uncertain,unique flavor text (joke value) but stat-dominated,VHL/VHL,1,worker_store,,store (toxin),dominated,255,400,1,10000,120,175,63
1399,色違いサスカッチ,,uncertain,unique flavor text (joke value) but stat-dominated,VHM/VHM,1,worker_store,,store (toxin),dominated,255,400,1,8900,120,135,48
1400,ビシャモン,,uncertain,unique flavor text (joke value) but stat-dominated,VHN/VHN,1,worker_store,,store (toxin),dominated,255,400,1,11000,150,175,66
1401,朧ビシャモン,,uncertain,unique flavor text (joke value) but stat-dominated,VHO/VHO,1,worker_store,,store (toxin),dominated,255,400,1,9500,136,184,66
1402,猫かぶりバレッタ,,uncertain,unique flavor text (joke value) but stat-dominated,VHP/VHP,1,worker_store,,store (toxin),dominated,255,400,1,9800,162,165,80
1403,バレッタ,,uncertain,unique flavor text (joke value) but stat-dominated,VHQ/VHQ,1,worker_store,,store (toxin),dominated,255,400,1,14200,195,190,72
1404,ジェダ,,uncertain,unique flavor text (joke value) but stat-dominated,VHR/VHR,1,worker_store,,store (toxin),dominated,255,400,1,15300,154,221,95
1405,ビクトル,,uncertain,unique flavor text (joke value) but stat-dominated,VHS/VHS,1,worker_store,,store (toxin),dominated,255,400,1,9000,119,158,46
1406,アニタ,,uncertain,unique flavor text (joke value) but stat-dominated,VHT/VHT,1,worker_store,,store (toxin),dominated,255,400,1,10000,160,154,82
1407,ドラムメジャー,,uncertain,unique flavor text (joke value) but stat-dominated,MbandA/MbandA,1,worker_store,,store (toxin),dominated,255,400,1,12500,214,185,86
1408,バスドラム奏者,,uncertain,unique flavor text (joke value) but stat-dominated,MbandB/MbandB,1,worker_store,,store (toxin),dominated,255,400,1,9900,154,142,75
1409,トランペット野郎,,uncertain,unique flavor text (joke value) but stat-dominated,MbandC/MbandC,1,worker_store,,store (toxin),dominated,255,400,1,7800,134,138,48
1410,あかべこ,,uncertain,unique flavor text (joke value) but stat-dominated,mingeiA/mingeiA,1,worker_store,,store (toxin),dominated,255,400,1,15200,175,202,90
1411,張子のいぬ,,uncertain,unique flavor text (joke value) but stat-dominated,mingeiB/mingeiB,1,worker_store,,store (toxin),dominated,255,400,1,9600,109,160,62
1412,ロボ―・クマ,,keep,unique flavor text + competitive stats,robo_kuma/robo_kuma,1,worker_store,,store (toxin),,255,400,1,17800,123,235,94
1413,ドルキャット,,uncertain,unique flavor text (joke value) but stat-dominated,mingeiC/mingeiC,1,worker_store,,store (toxin),dominated,255,400,1,14400,171,222,99
1414,ねこまねき,,uncertain,unique flavor text (joke value) but stat-dominated,mingeiD/mingeiD,1,worker_store,,store (toxin),dominated,255,400,1,9300,141,125,77
1415,曲芸のサル,,uncertain,unique flavor text (joke value) but stat-dominated,momoA/momoA,1,worker_store,,store (toxin),dominated,255,400,1,8900,112,149,26
1416,派犬社員,,uncertain,unique flavor text (joke value) but stat-dominated,momoB/momoB,1,worker_store,,store (toxin),dominated,255,400,1,9400,129,169,42
1417,超特急キジ,,uncertain,unique flavor text (joke value) but stat-dominated,momoC/momoC,1,worker_store,,store (toxin),dominated,255,400,1,7200,230,41,85
1418,ももタロー,,uncertain,unique flavor text (joke value) but stat-dominated,momoD/momoD,1,worker_store,,store (toxin),dominated,255,400,1,15400,161,215,96
1419,キメラ,,uncertain,unique flavor text (joke value) but stat-dominated,momoE/momoE,1,worker_store,,store (toxin),dominated,255,400,1,16100,121,248,90
1420,ピーチガール,,uncertain,unique flavor text (joke value) but stat-dominated,momoF/momoF,1,worker_store,,store (toxin),dominated,255,400,1,13600,210,188,88
1421,おにリーマン,,uncertain,unique flavor text (joke value) but stat-dominated,businessman/momoG,1,worker_store,,store (toxin),dominated,255,400,1,8900,105,146,50
1422,おにっこ,,uncertain,unique flavor text (joke value) but stat-dominated,momoH/momoH,1,worker_store,,store (toxin),dominated,255,400,1,9200,147,182,74
1423,地味女子高生,,keep,unique flavor text + competitive stats,CustomerA/kimonoB,1,worker_store,,store (toxin),,11,15,1,4000,55,90,55
1424,帰宅女子高生,,keep,unique flavor text + competitive stats,CustomerA/kimonoC,1,worker_store,,store (toxin),,16,15,1,5800,55,83,65
1425,近場の霊,,keep,unique flavor text + competitive stats,ghostRiderB/ghostRiderB,1,worker_store,,store (toxin),,17,10,1,7500,54,35,80
1426,剣道初段,,uncertain,unique flavor text (joke value) but stat-dominated,ECA6/omar,1,worker_store,,store (cash),dominated,9,20000,0,3500,38,55,15
1427,ネロ,,uncertain,unique flavor text (joke value) but stat-dominated,DMCA/DMCA,1,worker_store,,store (toxin),dominated,255,400,1,15100,164,222,80
1428,レディ,,uncertain,unique flavor text (joke value) but stat-dominated,DMCB/DMCB,1,worker_store,,store (toxin),dominated,255,400,1,11700,205,200,89
1429,ダンテ,,keep,unique flavor text + competitive stats,DMCC/DMCC,1,worker_store,,store (toxin),,255,400,1,16000,146,231,85
1430,トリッシュ,,uncertain,unique flavor text (joke value) but stat-dominated,DMCD/DMCD,1,worker_store,,store (toxin),dominated,255,400,1,13200,222,172,90
1431,べリアル,,uncertain,unique flavor text (joke value) but stat-dominated,DMCE/DMCE,1,worker_store,,store (toxin),dominated,255,400,1,7500,135,135,22
1432,炎獄のべリアル,,uncertain,unique flavor text (joke value) but stat-dominated,DMCF/DMCF,1,worker_store,,store (toxin),dominated,255,400,1,8500,140,165,44
1433,グロリア,,uncertain,unique flavor text (joke value) but stat-dominated,DMCG/DMCG,1,worker_store,,store (toxin),dominated,255,400,1,8500,144,131,77
1434,バージル,,uncertain,unique flavor text (joke value) but stat-dominated,DMCH/DMCH,1,worker_store,,store (toxin),dominated,255,400,1,11800,140,161,56
1435,魔人バージル,,uncertain,unique flavor text (joke value) but stat-dominated,DMCI/DMCI,1,worker_store,,store (toxin),dominated,255,400,1,11000,143,177,60
1436,死の匠,,uncertain,unique flavor text (joke value) but stat-dominated,reaper2A/reaper2A,1,worker_store,,store (toxin),dominated,255,400,1,14400,213,170,88
1437,冥途さん,,uncertain,unique flavor text (joke value) but stat-dominated,reaper2B/reaper2B,1,worker_store,,store (toxin),dominated,255,400,1,13600,193,196,99
1438,死のフリーター,,uncertain,unique flavor text (joke value) but stat-dominated,reaper2C/reaper2C,1,worker_store,,store (toxin),dominated,255,400,1,14400,73,94,39
1439,きんぐペンギン,,uncertain,unique flavor text (joke value) but stat-dominated,seaG/seaG,1,worker_store,,store (toxin),dominated,255,400,1,7800,150,130,100
1440,浮き輪らいおん丸,,uncertain,unique flavor text (joke value) but stat-dominated,seaH/costume_g,1,worker_store,,store (toxin),dominated,255,400,1,10700,135,159,60
1441,なみのりあいつ,,uncertain,unique flavor text (joke value) but stat-dominated,seaI/seaI,1,worker_store,,store (toxin),dominated,255,400,1,15900,158,220,90
1442,おかっぴきロボ,,uncertain,unique flavor text (joke value) but stat-dominated,bugyouC/bugyouC,1,worker_store,,store (toxin),dominated,255,400,1,11000,95,140,40
1443,おかっぴきロボG,,uncertain,unique flavor text (joke value) but stat-dominated,bugyouD/bugyouD,1,worker_store,,store (toxin),dominated,255,400,1,11500,105,160,50
1444,なよ竹の舞妓,,uncertain,unique flavor text (joke value) but stat-dominated,bambooB/maikoA,1,worker_store,,store (toxin),dominated,255,400,1,15000,130,256,93
1445,芸者の達人,,keep,unique flavor text + competitive stats,maikoB/maikoB,1,worker_store,,store (toxin),,255,400,1,17700,150,213,95
1446,新入り仲居,,uncertain,unique flavor text (joke value) but stat-dominated,maikoC/maikoC,1,worker_store,,store (toxin),dominated,255,400,1,8800,125,155,39
1447,dummy,dummy,cut,placeholder record (dummy/empty name),wolfman/wolfman,9,worker_store,,store (toxin),dominated,255,400,1,100,10,10,10
1448,フランス女将,,uncertain,unique flavor text (joke value) but stat-dominated,maikoE/maikoE,1,worker_store,,store (toxin),dominated,255,400,1,11300,145,161,66
1449,バレリーナ,,uncertain,unique flavor text (joke value) but stat-dominated,balletA/balletA,1,worker_store,,store (toxin),dominated,255,400,1,13700,242,166,78
1450,白鳥レスラー,,uncertain,unique flavor text (joke value) but stat-dominated,balletB/maskedA,1,worker_store,,store (toxin),dominated,255,400,1,8800,119,158,39
1451,故・浮遊霊子,,uncertain,unique flavor text (joke value) but stat-dominated,ghostJ/ghostJ,1,worker_store,,store (toxin),dominated,255,400,1,10100,129,166,44
1452,浮遊シェフ,,keep,playable chef (owner-approved set; do not edit),ghostK/ghostK,1,chef,,store (toxin),,255,50,1,9800,170,100,50
1453,裏飯幽,,uncertain,unique flavor text (joke value) but stat-dominated,ghostL/ghostL,1,worker_store,,store (toxin),dominated,255,400,1,14400,141,245,88
1454,裏飯澪,,uncertain,unique flavor text (joke value) but stat-dominated,ghostM/ghostM,1,worker_store,,store (toxin),dominated,255,400,1,12000,141,170,65
1455,白骨ピエロ,,uncertain,unique flavor text (joke value) but stat-dominated,pierrotA/pierrotA,1,worker_store,,store (toxin),dominated,255,400,1,8900,132,146,39
1456,新星のピエロ,,keep,unique flavor text + competitive stats,pierrotB/pierrotB,1,worker_store,,store (toxin),,255,400,1,18300,203,156,92
1457,サバイバルレア3,,uncertain,unique art but recycled text and dominated stats — art-only value,rareC/rareC,1,worker_store,,store (toxin),dominated,255,200,1,7400,100,120,70
1458,すてねこ,,keep,unique flavor text + competitive stats,alice_CheshireA/alice_CheshireA,2,worker_store,,store (toxin),,4,25,1,5000,110,90,55
1459,小悪党,,keep,unique flavor text + competitive stats,PrisonerA/clown,1,worker_store,,store (cash),,8,20000,0,1500,105,60,10
1460,看護副師長,,keep,unique flavor text + competitive stats,nurseA/FranceC,1,worker_store,,store (toxin),,8,10,1,4500,70,30,100
1461,黒衣,,keep,unique flavor text + competitive stats,kuroko/kuroko,2,worker_store,,store (cash),,13,100000,0,1800,180,18,20
1462,中華屋三女,,keep,unique flavor text + competitive stats,BicycleE/maidB,1,worker_store,,store (toxin),,14,10,1,4500,60,50,100
1463,浴衣次女,,keep,unique flavor text + competitive stats,kimonoB/maidC,1,worker_store,,store (toxin),,16,10,1,5000,70,40,80
1464,科学警備隊長女,,keep,unique flavor text + competitive stats,EDFB/maidD,1,worker_store,,store (toxin),,17,10,1,5500,40,80,70
1465,狼悪党,,keep,unique flavor text + competitive stats,PrisonerA/costume_d,1,worker_store,,store (toxin),,5,5,1,2300,40,85,10
1466,覆面そうりょ,,uncertain,unique flavor text (joke value) but stat-dominated,yuusyaB/maskedC,1,worker_store,,store (cash),dominated,4,5000,0,2000,50,50,30
1467,名探偵インビジボー,,uncertain,unique flavor text (joke value) but stat-dominated,InvisibleA/InvisibleA,1,worker_store,,store (toxin),dominated,255,400,1,15100,151,234,95
1468,ドクター・WHO,,uncertain,unique flavor text (joke value) but stat-dominated,InvisibleB/InvisibleB,1,worker_store,,store (toxin),dominated,255,400,1,7000,140,140,35
1469,怪盗インビジボー,,uncertain,unique flavor text (joke value) but stat-dominated,InvisibleC/InvisibleC,1,worker_store,,store (toxin),dominated,255,400,1,9000,145,153,52
1470,ひよっとこ,,keep,unique flavor text + competitive stats,chickA/chickA,1,worker_store,,store (toxin),,255,400,1,17400,120,248,92
1471,ひよっこ,,uncertain,unique flavor text (joke value) but stat-dominated,chickB/chickB,1,worker_store,,store (toxin),dominated,255,400,1,11500,151,165,98
1472,虚無鳥,,uncertain,unique flavor text (joke value) but stat-dominated,chickC/chickC,1,worker_store,,store (toxin),dominated,255,400,1,8300,110,177,42
1473,にゃんこブーツ,,uncertain,unique flavor text (joke value) but stat-dominated,catbootsA/catbootsA,1,worker_store,,store (toxin),dominated,255,400,1,15100,184,203,22
1474,ヒッピーマウス,,uncertain,unique flavor text (joke value) but stat-dominated,catbootsB/catbootsB,1,worker_store,,store (toxin),dominated,255,400,1,11000,129,122,64
1475,先代のヒッピー,,uncertain,unique flavor text (joke value) but stat-dominated,catbootsC/catbootsC,1,worker_store,,store (toxin),dominated,255,400,1,6800,152,210,88
1476,世紀末女学院生,,keep,unique flavor text + competitive stats,fourthA/fourthA,1,worker_store,,store (toxin),,255,400,1,14200,244,192,92
1477,モーホック200X,,uncertain,unique flavor text (joke value) but stat-dominated,fourthD/PrisonerA,1,worker_store,,store (toxin),dominated,255,400,1,6100,88,175,11
1478,ホッケーマスク200X,,uncertain,unique flavor text (joke value) but stat-dominated,fourthD/jasonA,1,worker_store,,store (toxin),dominated,255,400,1,12900,155,118,33
1479,あいつ200X,,uncertain,unique flavor text (joke value) but stat-dominated,fourthB/fourthB,1,worker_store,,store (toxin),dominated,255,400,1,9400,130,172,44
1480,あいつら,,uncertain,unique flavor text (joke value) but stat-dominated,fourthC/fourthC,1,worker_store,,store (toxin),dominated,255,400,1,14700,128,262,99
1481,マジックばあさん,,cut,"reskin: recycled text, recycled art, stat-dominated",hatoA/hatoA,29,worker_store,,store (toxin),dominated,255,400,1,100,10,10,65
1482,義理姉A,,cut,"reskin: recycled text, recycled art, stat-dominated",hatoA/hatoA,29,worker_store,,store (toxin),dominated,255,400,1,100,10,10,35
1483,義理姉B,,cut,"reskin: recycled text, recycled art, stat-dominated",hatoA/hatoA,29,worker_store,,store (toxin),dominated,255,400,1,100,10,10,65
1484,義母,,cut,"reskin: recycled text, recycled art, stat-dominated",hatoA/hatoA,29,worker_store,,store (toxin),dominated,255,400,1,100,10,10,35
1485,ざこ5,,cut,"reskin: recycled text, recycled art, stat-dominated",hatoA/hatoA,29,worker_store,,store (toxin),dominated,255,400,1,100,100,100,10
1486,ざこ6,,cut,"reskin: recycled text, recycled art, stat-dominated",hatoA/hatoA,29,worker_store,,store (toxin),dominated,255,400,1,100,100,100,10
1487,ざこ7,,cut,"reskin: recycled text, recycled art, stat-dominated",hatoA/hatoA,29,worker_store,,store (toxin),dominated,255,400,1,100,100,100,10
1488,ざこ1,,cut,"reskin: recycled text, recycled art, stat-dominated",hatoA/hatoA,29,worker_store,,store (toxin),dominated,255,400,1,100,100,100,10
1489,ざこ2,,cut,"reskin: recycled text, recycled art, stat-dominated",hatoA/hatoA,29,worker_store,,store (toxin),dominated,255,400,1,100,100,100,10
1490,ざこ　おたくA,,uncertain,unique art but recycled text and dominated stats — art-only value,otakuB/otakuB,1,worker_store,,store (toxin),dominated,255,400,1,10,10,10,10
1491,ざこ　おたくB,,uncertain,unique art but recycled text and dominated stats — art-only value,otakuC/otakuC,1,worker_store,,store (toxin),dominated,255,400,1,10,10,10,10
1492,ざこ　おたくC,,uncertain,unique art but recycled text and dominated stats — art-only value,otakuE/otakuE,1,worker_store,,store (toxin),dominated,255,400,1,10,10,10,10
1493,ざこ　おたくD,,uncertain,unique art but recycled text and dominated stats — art-only value,otakuB/omar,1,worker_store,,store (toxin),dominated,255,400,1,10,10,10,10
1494,ざこ　おたくE,,uncertain,unique art but recycled text and dominated stats — art-only value,otakuE/oldman,1,worker_store,,store (toxin),dominated,255,400,1,10,10,10,10
1495,ざこ　おっかけA,,uncertain,unique art but recycled text and dominated stats — art-only value,otakuF/otakuC,1,worker_store,,store (toxin),dominated,255,400,1,10,10,10,10
1496,ざこ　おっかけB,,uncertain,unique art but recycled text and dominated stats — art-only value,otakuF/otakuD,1,worker_store,,store (toxin),dominated,255,400,1,10,10,10,10
1497,ざこ　おっかけC,,uncertain,unique art but recycled text and dominated stats — art-only value,otakuF/teen,3,worker_store,,store (toxin),dominated,255,400,1,10,10,10,10
1498,ざこ　おっかけD,,cut,"reskin: recycled text, recycled art, stat-dominated",otakuF/teen,3,worker_store,,store (toxin),dominated,255,400,1,10,10,10,10
1499,ざこ　おっかけE,,cut,"reskin: recycled text, recycled art, stat-dominated",otakuF/teen,3,worker_store,,store (toxin),dominated,255,400,1,10,10,10,10
1500,西部のハト,,uncertain,unique flavor text (joke value) but stat-dominated,hatoK/hatoK,1,worker_store,,store (toxin),dominated,255,400,1,12600,152,152,60
1501,荒野の白い悪魔,,uncertain,unique flavor text (joke value) but stat-dominated,hatoL/hatoL,1,worker_store,,store (toxin),dominated,255,400,1,16200,160,199,40
1502,ゴールドハトラッシュ,,keep,unique flavor text + competitive stats,hatoM/hatoM,1,worker_store,,store (toxin),,255,400,1,19000,121,215,90
1503,銀髪の探検家,,keep,unique flavor text + competitive stats,Explorer/Explorer,1,worker_store,,store (toxin),,255,400,1,16300,202,182,95
1504,ハト・プリズナー,,uncertain,unique flavor text (joke value) but stat-dominated,hatoN/hatoN,1,worker_store,,store (toxin),dominated,255,400,1,10500,145,170,70
1505,ハトもどき,,uncertain,unique flavor text (joke value) but stat-dominated,hatoP/hatoP,1,worker_store,,store (toxin),dominated,255,400,1,9100,160,136,48
1506,ハトもどきG,,uncertain,unique flavor text (joke value) but stat-dominated,hatoS/hatoS,1,worker_store,,store (toxin),dominated,255,400,1,15000,120,124,65
1507,ざこ　大統領,,cut,"reskin: recycled text, recycled art, stat-dominated",hatoA/hatoA,29,worker_store,,store (toxin),dominated,255,400,1,100,100,100,10
1508,ざこ　どう,,cut,"reskin: recycled text, recycled art, stat-dominated",hatoA/hatoA,29,worker_store,,store (toxin),dominated,255,400,1,100,100,100,10
1509,ざこ　ぎん,,cut,"reskin: recycled text, recycled art, stat-dominated",hatoA/hatoA,29,worker_store,,store (toxin),dominated,255,400,1,100,100,100,10
1510,四天王,,keep,unique flavor text + competitive stats,sarukaniA/sarukaniA,1,worker_store,,store (toxin),,255,400,1,17100,141,225,90
1511,かにがーる,,uncertain,unique flavor text (joke value) but stat-dominated,sarukaniB/sarukaniB,1,worker_store,,store (toxin),dominated,255,400,1,7500,131,160,35
1512,妖怪ろくろさん,,keep,unique flavor text + competitive stats,YoukaiG/YoukaiG,1,worker_store,,store (toxin),,255,400,1,16100,155,222,85
1513,妖怪わらし,,uncertain,unique flavor text (joke value) but stat-dominated,YoukaiH/YoukaiH,1,worker_store,,store (toxin),dominated,255,400,1,10300,140,163,90
1514,妖怪しゃりん,,uncertain,unique flavor text (joke value) but stat-dominated,YoukaiN/YoukaiN,1,worker_store,,store (toxin),dominated,255,400,1,13400,128,190,74
1515,妖怪ちょうちん,,uncertain,unique flavor text (joke value) but stat-dominated,YoukaiO/YoukaiO,1,worker_store,,store (toxin),dominated,255,400,1,7700,148,141,36
1516,ざこ　ドラキュラ,,uncertain,unique art but recycled text and dominated stats — art-only value,FFEI/FFEI,1,worker_store,,store (toxin),dominated,255,400,1,5000,200,100,10
1517,ざこ　オオカミ男,,uncertain,unique art but recycled text and dominated stats — art-only value,FFEJ/FFEJ,1,worker_store,,store (toxin),dominated,255,400,1,100,100,100,10
1518,ざこ　木,,uncertain,unique art but recycled text and dominated stats — art-only value,FFEF/FFEF,1,worker_store,,store (toxin),dominated,255,400,1,100,100,100,10
1519,ざこ　いのぶた,,cut,"reskin: recycled text, recycled art, stat-dominated",FFEE/FFEE,2,worker_store,,store (toxin),dominated,255,400,1,100,100,100,10
1520,ざこ　カッパ,,cut,"reskin: recycled text, recycled art, stat-dominated",hatoA/hatoA,29,worker_store,,store (toxin),dominated,255,400,1,100,100,100,10
1521,ざこ　提灯,,cut,"reskin: recycled text, recycled art, stat-dominated",hatoA/hatoA,29,worker_store,,store (toxin),dominated,255,400,1,100,100,100,10
1522,ざこ　提灯,,cut,"reskin: recycled text, recycled art, stat-dominated",hatoA/hatoA,29,worker_store,,store (toxin),dominated,255,400,1,100,100,100,10
1523,覆面奉行,,keep,unique flavor text + competitive stats,bugyouB/bugyouB,1,worker_store,,store (toxin),,255,400,1,11500,236,244,95
1524,うっかり同心,,uncertain,unique flavor text (joke value) but stat-dominated,bugyouA/bugyouA,1,worker_store,,store (toxin),dominated,255,400,1,14800,188,199,72
1525,でっちぼうや,,uncertain,unique flavor text (joke value) but stat-dominated,bugyouE/bugyouE,1,worker_store,,store (toxin),dominated,255,400,1,10400,121,128,77
1526,夢見る猫娘,,keep,unique flavor text + competitive stats,VHI/VH2A,1,worker_store,,store (toxin),,255,400,1,15100,188,215,91
1527,アナカリス,,uncertain,unique flavor text (joke value) but stat-dominated,VH2B/VH2B,1,worker_store,,store (toxin),dominated,255,400,1,16600,138,229,88
1528,霊幻少女,,uncertain,unique flavor text (joke value) but stat-dominated,VH2C/VH2C,1,worker_store,,store (toxin),dominated,255,400,1,14400,179,231,94
1529,フォボス,,keep,unique flavor text + competitive stats,VH2D/VH2D,1,worker_store,,store (toxin),,255,400,1,21100,115,200,78
1530,オルバス,,uncertain,unique flavor text (joke value) but stat-dominated,VH2E/VH2E,1,worker_store,,store (toxin),dominated,255,400,1,9700,152,151,72
1531,ダークガロン,,uncertain,unique flavor text (joke value) but stat-dominated,VH2F/VH2F,1,worker_store,,store (toxin),dominated,255,400,1,13500,199,215,92
1532,パイロンゾンビ,,uncertain,unique flavor text (joke value) but stat-dominated,VH2G/VH2G,1,worker_store,,store (toxin),dominated,255,400,1,9800,115,182,68
1533,ジェダゾンビ,,uncertain,unique flavor text (joke value) but stat-dominated,VH2H/VH2H,1,worker_store,,store (toxin),dominated,255,400,1,14000,115,200,75
1534,モリガンゾンビ,,uncertain,unique flavor text (joke value) but stat-dominated,VH2I/VH2I,1,worker_store,,store (toxin),dominated,255,400,1,12600,170,180,82
1535,フェリシアゾンビ,,uncertain,unique flavor text (joke value) but stat-dominated,VH2J/VH2J,1,worker_store,,store (toxin),dominated,255,400,1,10500,133,170,88
1536,リリスシェフ,,keep,playable chef (owner-approved set; do not edit),VH2K/VH2K,1,chef,,store (toxin),,255,100,1,9800,160,160,95
1537,アイドルマイスター,,keep,unique flavor text + competitive stats,idolA/idolA,1,worker_store,,store (toxin),,255,400,1,12600,248,230,90
1538,ベテラン風アイドル,,uncertain,unique flavor text (joke value) but stat-dominated,idolB/idolB,1,worker_store,,store (toxin),dominated,255,400,1,11500,183,189,84
1539,アイドル声優,,uncertain,unique flavor text (joke value) but stat-dominated,idolC/idolC,1,worker_store,,store (toxin),dominated,255,400,1,8800,182,183,92
1540,上京アイドル,,uncertain,unique flavor text (joke value) but stat-dominated,CustomerA/idolD,1,worker_store,,store (toxin),dominated,255,400,1,8700,138,149,64
1541,電気街の男,,keep,unique flavor text + competitive stats,otakuA/otakuA,1,worker_store,,store (toxin),,18,80,1,11200,124,151,45
1542,アイドル志望,,keep,unique flavor text + competitive stats,CustomerA/idolE,1,worker_store,,store (toxin),,14,25,1,5100,85,80,77
1543,ぽせいどん,,keep,unique flavor text + competitive stats,PoseidonA/PoseidonA,1,worker_store,,store (toxin),,255,400,1,20000,120,215,92
1544,ウンディーネ,,keep,unique flavor text + competitive stats,PoseidonB/PoseidonB,1,worker_store,,store (toxin),,255,400,1,16200,151,225,99
1545,海の異端児,,uncertain,unique flavor text (joke value) but stat-dominated,seaD/fishmanE,1,worker_store,,store (toxin),dominated,255,400,1,7600,184,130,24
1546,ウリエル,,keep,unique flavor text + competitive stats,angelM/angelM,1,worker_store,,store (toxin),,255,400,1,15800,172,223,97
1547,キングオブツリー,,uncertain,unique flavor text (joke value) but stat-dominated,FFEL/FFEL,1,worker_store,,store (toxin),dominated,255,400,1,10000,103,182,28
1548,サンタインビジボー,,uncertain,unique flavor text (joke value) but stat-dominated,InvisibleD/InvisibleD,1,worker_store,event_christmas,store (toxin),dominated,255,400,1,11000,130,160,77
1549,いねむりサンタ,,uncertain,unique flavor text (joke value) but stat-dominated,Sleeping_princessC/Sleeping_princessC,1,worker_store,event_christmas,store (toxin),dominated,255,400,1,10500,185,224,90
1550,フルフル,,keep,unique flavor text + competitive stats,animal2_A/animal2_A,1,worker_store,,store (toxin),,255,400,1,16600,182,201,84
1551,サイコディア―,,uncertain,unique flavor text (joke value) but stat-dominated,clown/costume_I,1,worker_store,,store (toxin),dominated,255,400,1,11300,138,142,92
1552,すさのお,,keep,unique flavor text + competitive stats,japanC/japanC,1,worker_store,,store (toxin),,255,400,1,14500,143,277,89
1553,うずめ,,uncertain,unique flavor text (joke value) but stat-dominated,japanB/japanB,1,worker_store,,store (toxin),dominated,255,400,1,11200,158,165,88
1554,あまてらす,,uncertain,unique flavor text (joke value) but stat-dominated,japanA/japanA,1,worker_store,,store (toxin),dominated,255,400,1,12800,205,205,99
1555,やまたのおろち,,uncertain,unique flavor text (joke value) but stat-dominated,japanD/japanD,1,worker_store,,store (toxin),dominated,255,400,1,7900,133,202,58
1556,おろちさん,,uncertain,unique flavor text (joke value) but stat-dominated,japanE/japanE,1,worker_store,,store (toxin),dominated,255,400,1,13700,122,142,79
1557,曲芸師,,keep,unique flavor text + competitive stats,animal2_B/animal2_B,1,worker_store,,store (toxin),,255,400,1,17500,212,172,92
1558,サイコモンキー,,uncertain,unique flavor text (joke value) but stat-dominated,clown/costume_J,1,worker_store,,store (toxin),dominated,255,400,1,12300,160,122,62
1559,インスタント老人,,uncertain,unique flavor text (joke value) but stat-dominated,urasimaC/urasimaC,1,worker_store,,store (toxin),dominated,255,400,1,8200,125,150,28
1560,海鮮盛,,uncertain,unique flavor text (joke value) but stat-dominated,urasimaB/urasimaB,1,worker_store,,store (toxin),dominated,255,400,1,13800,165,168,82
1561,深海の乙姫,,uncertain,unique flavor text (joke value) but stat-dominated,urasimaD/urasimaD,1,worker_store,,store (toxin),dominated,255,400,1,9900,163,154,78
1562,昔の漁師,,keep,unique flavor text + competitive stats,urasimaA/urasimaA,1,worker_store,,store (toxin),,255,400,1,18200,165,195,99
1563,忍者アカデミア女子,,uncertain,unique flavor text (joke value) but stat-dominated,NinjaB/NinjaB,1,worker_store,,store (toxin),dominated,255,400,1,12600,231,235,91
1564,すっぱ先生,,uncertain,unique flavor text (joke value) but stat-dominated,NinjamanB/NinjaA,1,worker_store,,store (toxin),dominated,255,400,1,8800,205,120,65
1565,くノ一事務員,,uncertain,unique flavor text (joke value) but stat-dominated,Ninjawoman/Ninjawoman,4,worker_store,,store (toxin),dominated,255,400,1,6700,200,105,35
1566,すてごま先兵,,keep,unique flavor text + competitive stats,militaryD/heroC,1,worker_store,,store (toxin),,16,25,1,5800,88,100,65
1567,ベテラン傭兵,,keep,unique flavor text + competitive stats,militaryD/militaryH,1,worker_store,,store (toxin),,16,80,1,9900,142,160,82
1568,忍者学院女子,,uncertain,unique flavor text (joke value) but stat-dominated,NinjaC/NinjaC,1,worker_store,,store (toxin),dominated,255,400,1,12800,210,175,91
1569,けが忍,,uncertain,unique flavor text (joke value) but stat-dominated,NinjaD/NinjaD,1,worker_store,,store (toxin),dominated,255,400,1,10000,115,212,65
1570,Mr.サスケ先生,,uncertain,unique flavor text (joke value) but stat-dominated,NinjaE/NinjaE,1,worker_store,,store (toxin),dominated,255,400,1,12500,185,123,35
1571,入浴者,,uncertain,unique flavor text (joke value) but stat-dominated,bath/bath,1,worker_store,,store (toxin),dominated,255,400,1,8900,162,160,35
1572,貧乏神,,uncertain,unique flavor text (joke value) but stat-dominated,binbou/binbou,1,worker_store,,store (toxin),dominated,255,400,1,13100,174,255,91
1573,厄病神,,uncertain,unique flavor text (joke value) but stat-dominated,reaper2D/reaper2D,1,worker_store,,store (toxin),dominated,255,400,1,11400,130,145,65
1574,リリン,,keep,unique flavor text + competitive stats,SummonsA/SummonsA,1,worker_store,,store (toxin),,255,400,1,17200,144,221,35
1575,悪魔召喚,,uncertain,unique flavor text (joke value) but stat-dominated,SummonsB/SummonsB,1,worker_store,,store (toxin),dominated,255,400,1,9500,138,165,35
1576,シンデレラ,,keep,unique flavor text + competitive stats,CinderellaA/CinderellaA,1,worker_store,,store (toxin),,255,400,1,15200,162,233,99
1577,灰かぶり姫,,uncertain,unique flavor text (joke value) but stat-dominated,CinderellaB/CinderellaB,1,worker_store,,store (toxin),dominated,255,400,1,10400,149,158,65
1578,くつ王子,,uncertain,unique flavor text (joke value) but stat-dominated,CinderellaG/CinderellaG,1,worker_store,,store (toxin),dominated,255,400,1,13300,172,190,35
1579,ネズミ車,,uncertain,unique flavor text (joke value) but stat-dominated,CinderellaH/CinderellaH,1,worker_store,,store (toxin),dominated,255,400,1,7900,155,148,91
1580,ハトレスラー,,uncertain,unique flavor text (joke value) but stat-dominated,hatoT/hatoT,1,worker_store,,store (toxin),dominated,255,400,1,14400,142,198,72
1581,マスク・ド・チキン,,keep,unique flavor text + competitive stats,hatoU/hatoU,1,worker_store,,store (toxin),,255,400,1,19300,140,202,88
1582,灰かぶりシェフ,,keep,playable chef (owner-approved set; do not edit),CinderellaI/CinderellaI,1,chef,,store (toxin),,255,100,1,10400,149,158,87
1583,シーウィード,,keep,unique flavor text + competitive stats,PlantH/PlantH,1,worker_store,,store (toxin),,255,400,1,16800,168,207,99
1584,妖精ニート,,uncertain,unique flavor text (joke value) but stat-dominated,PlantI/PlantI,1,worker_store,,store (toxin),dominated,255,400,1,9600,148,124,35
1585,ゴスッ娘,,uncertain,unique flavor text (joke value) but stat-dominated,gosuA/gosuA,1,worker_store,,store (toxin),dominated,255,400,1,14100,212,212,99
1586,ゴスッ犬,,uncertain,unique flavor text (joke value) but stat-dominated,gosuB/gosuB,1,worker_store,,store (toxin),dominated,255,400,1,13300,115,136,75
1587,ZEUS,,keep,unique flavor text + competitive stats,God2A/God2A,1,worker_store,,store (toxin),,255,400,1,15000,127,285,95
1588,ヘーラクレース,,uncertain,unique flavor text (joke value) but stat-dominated,God2B/God2B,1,worker_store,,store (toxin),dominated,255,400,1,12300,145,164,82
1589,ヘラクレチュ,,uncertain,unique flavor text (joke value) but stat-dominated,God2C/God2C,1,worker_store,,store (toxin),dominated,255,400,1,10700,130,152,72
1590,あぽろん,,uncertain,unique flavor text (joke value) but stat-dominated,God2D/God2D,1,worker_store,,store (toxin),dominated,255,400,1,15300,128,215,78
1591,ヘラ,,uncertain,unique flavor text (joke value) but stat-dominated,God2E/God2E,1,worker_store,,store (toxin),dominated,255,400,1,11400,125,160,92
1592,ネクロマンサー,,keep,unique flavor text + competitive stats,necromancer/necromancer,1,worker_store,,store (toxin),,255,400,1,17300,118,244,94
1593,ルサンチマン,,uncertain,unique flavor text (joke value) but stat-dominated,hatoV/hatoV,1,worker_store,,store (toxin),dominated,255,400,1,10100,130,168,88
1594,西の白虎,,uncertain,unique flavor text (joke value) but stat-dominated,sisinA/sisinA,1,worker_store,,store (toxin),dominated,255,400,1,13400,202,188,65
1595,北の玄武,,uncertain,unique flavor text (joke value) but stat-dominated,sisinB/sisinB,1,worker_store,,store (toxin),dominated,255,400,1,9800,92,169,85
1596,南の朱雀,,keep,unique flavor text + competitive stats,sisinC/sisinC,1,worker_store,,store (toxin),,255,400,1,18500,168,191,97
1597,東の青龍,,uncertain,unique flavor text (joke value) but stat-dominated,sisinD/sisinD,1,worker_store,,store (toxin),dominated,255,400,1,11100,135,172,66
1598,黄竜,,uncertain,unique flavor text (joke value) but stat-dominated,sisinE/sisinE,1,worker_store,,store (toxin),dominated,255,400,1,14400,131,157,81
1599,オートマトン,,uncertain,unique flavor text (joke value) but stat-dominated,robo2A/robo2A,1,worker_store,,store (toxin),dominated,255,400,1,18800,105,121,85
1600,ガイノイド,,keep,unique flavor text + competitive stats,robo2B/robo2B,1,worker_store,,store (toxin),,255,400,1,16100,133,250,99
1601,箱ロイド,,uncertain,unique flavor text (joke value) but stat-dominated,robo2C/robo2C,1,worker_store,,store (toxin),dominated,255,400,1,9300,118,160,46
1602,キャプテン箱ロイド,,uncertain,unique flavor text (joke value) but stat-dominated,robo2D/robo2D,1,worker_store,,store (toxin),dominated,255,400,1,10600,158,165,76
1603,ロボト,,uncertain,unique flavor text (joke value) but stat-dominated,robo2E/robo2E,1,worker_store,,store (toxin),dominated,255,400,1,12100,225,193,88
1604,幸村さん,,keep,unique flavor text + competitive stats,BushiA/BushiA,1,worker_store,,store (toxin),,255,400,1,17700,190,190,99
1605,昌幸さん,,uncertain,unique flavor text (joke value) but stat-dominated,BushiB/BushiB,1,worker_store,,store (toxin),dominated,255,400,1,11000,108,173,75
1606,大うつけ,,keep,unique flavor text + competitive stats,BushiD/BushiD,1,worker_store,,store (toxin),,255,400,1,16600,140,241,91
1607,幸村くん,,uncertain,unique flavor text (joke value) but stat-dominated,BushiC/BushiC,1,worker_store,,store (toxin),dominated,255,400,1,17500,142,168,78
1608,海道一の弓取り,,uncertain,unique flavor text (joke value) but stat-dominated,BushiF/BushiF,1,worker_store,,store (toxin),dominated,255,400,1,13000,103,160,72
1609,ふつうの足軽,,uncertain,unique flavor text (joke value) but stat-dominated,BushiG/BushiG,1,worker_store,,store (toxin),dominated,255,400,1,7200,99,155,40
1610,お市,,uncertain,unique flavor text (joke value) but stat-dominated,BushiH/BushiH,1,worker_store,,store (toxin),dominated,255,400,1,10800,105,170,89
1611,サル,,uncertain,unique flavor text (joke value) but stat-dominated,hatoA/hatoA,29,worker_store,,store (toxin),dominated,255,400,1,100,20,20,88
1612,足軽2,,cut,"reskin: recycled text, recycled art, stat-dominated",hatoA/hatoA,29,worker_store,,store (toxin),dominated,255,400,1,100,20,20,10
1613,ジャガー,,uncertain,unique flavor text (joke value) but stat-dominated,animal2_C/animal2_C,1,worker_store,,store (toxin),dominated,255,400,1,11200,230,202,68
1614,いなり,,keep,unique flavor text + competitive stats,animal2_D/animal2_D,1,worker_store,,store (toxin),,255,400,1,15500,204,202,97
1615,ガールズ＆パンダ,,uncertain,unique flavor text (joke value) but stat-dominated,animal2_E/animal2_E,1,worker_store,,store (toxin),dominated,255,400,1,11200,154,158,85
1616,ガルパンダ,,uncertain,unique flavor text (joke value) but stat-dominated,animal2_G/animal2_G,1,worker_store,,store (toxin),dominated,255,400,1,16000,111,145,89
1617,大熊猫,,uncertain,unique flavor text (joke value) but stat-dominated,animal2_F/animal2_F,1,worker_store,,store (toxin),dominated,255,400,1,9900,110,166,78
1618,ドットロックマン,,keep,playable chef (owner-approved set; do not edit),XA/XA,1,chef,capcom_rockman,store (toxin),,255,100,1,11000,115,172,92
1619,ドットロックマン,,keep,collab set kept whole (capcom_rockman; keep-faithful policy),XB/XB,1,worker_store,capcom_rockman,store (toxin),dominated,255,400,1,11000,115,172,78
1620,エックス,,keep,unique flavor text + competitive stats,XD/XD,1,worker_store,,store (toxin),,255,400,1,16100,177,218,90
1621,ゾンビエックス,,uncertain,unique flavor text (joke value) but stat-dominated,XC/XC,1,worker_store,,store (toxin),dominated,255,400,1,15400,115,224,68
1622,エックス(フルアーマー),,keep,unique flavor text + competitive stats,XE/XE,1,worker_store,,store (toxin),,255,400,1,16500,145,244,91
1623,ゼロ,,keep,unique flavor text + competitive stats,XF/XF,1,worker_store,,store (toxin),,255,400,1,18900,158,200,89
1624,ブラックゼロ,,uncertain,unique flavor text (joke value) but stat-dominated,XG/XG,1,worker_store,,store (toxin),dominated,255,400,1,13700,124,170,77
1625,アイリス,,uncertain,unique flavor text (joke value) but stat-dominated,XH/XH,1,worker_store,,store (toxin),dominated,255,400,1,12000,111,164,84
1626,マック,,uncertain,unique flavor text (joke value) but stat-dominated,XJ/XJ,1,worker_store,,store (toxin),dominated,255,400,1,11300,107,158,48
1627,VAVA,,uncertain,unique flavor text (joke value) but stat-dominated,XI/XI,1,worker_store,,store (toxin),dominated,255,400,1,10500,135,139,62
1628,シグマ,,uncertain,unique flavor text (joke value) but stat-dominated,XK/XK,1,worker_store,,store (toxin),dominated,255,400,1,14400,103,154,77
1629,アイシー・ペンギーゴ,,cut,"reskin: recycled text, recycled art, stat-dominated",hatoA/hatoA,29,worker_store,,store (toxin),dominated,255,400,1,100,20,20,10
1630,ランチャー・オクトパス,,cut,"reskin: recycled text, recycled art, stat-dominated",hatoA/hatoA,29,worker_store,,store (toxin),dominated,255,400,1,100,20,20,10
1631,スパーク・マンドリラー,,cut,"reskin: recycled text, recycled art, stat-dominated",hatoA/hatoA,29,worker_store,,store (toxin),dominated,255,400,1,100,20,20,10
1632,メットールC15,,cut,"reskin: recycled text, recycled art, stat-dominated",hatoA/hatoA,29,worker_store,,store (toxin),dominated,255,400,1,100,20,20,10
1633,お市,,keep,playable chef (owner-approved set; do not edit),BushiJ/BushiJ,1,chef,,store (toxin),,255,100,1,9500,132,188,91
1634,双剣女子,,keep,unique flavor text + competitive stats,FFD/FFD,1,worker_store,,store (toxin),,255,400,1,12800,180,274,99
1635,カフェゴブリン,,uncertain,unique flavor text (joke value) but stat-dominated,FFE/FFE,1,worker_store,,store (toxin),dominated,255,400,1,12900,85,152,35
1636,大黒,,keep,unique flavor text + competitive stats,God2H/God2H,1,worker_store,,store (toxin),,255,400,1,18700,131,223,85
1637,びしゃもん,,uncertain,unique flavor text (joke value) but stat-dominated,God2J/God2J,1,worker_store,,store (toxin),dominated,255,400,1,13400,162,235,99
1638,ゑびす,,uncertain,unique flavor text (joke value) but stat-dominated,God2K/God2K,1,worker_store,,store (toxin),dominated,255,400,1,11800,106,172,46
1639,べんてん,,keep,unique flavor text + competitive stats,God2F/God2F,1,worker_store,,store (toxin),,255,400,1,15100,177,234,95
1640,福じい,,uncertain,unique flavor text (joke value) but stat-dominated,God2G/God2G,1,worker_store,,store (toxin),dominated,255,400,1,12800,192,218,72
1641,寿さん,,uncertain,unique flavor text (joke value) but stat-dominated,God2L/God2L,1,worker_store,,store (toxin),dominated,255,400,1,11700,102,171,78
1642,ほてゐ,,uncertain,unique flavor text (joke value) but stat-dominated,God2I/God2I,1,worker_store,,store (toxin),dominated,255,400,1,13200,85,168,92
1643,無銭飲食,,keep,unique flavor text + competitive stats,criminalA/criminalA,1,worker_store,,store (toxin),,255,400,1,19400,99,245,99
1644,強盗犯,,uncertain,unique flavor text (joke value) but stat-dominated,criminalB/criminalB,1,worker_store,,store (toxin),dominated,255,400,1,12200,199,87,35
1645,ULTRA・Z7,,keep,unique flavor text + competitive stats,ultraC/ultraC,1,worker_store,,store (toxin),,255,400,1,22200,105,211,65
1646,一部防衛隊,,uncertain,unique flavor text (joke value) but stat-dominated,ultraA/ultraA,1,worker_store,,store (toxin),dominated,255,400,1,14400,167,210,85
1647,えびもげら,,uncertain,unique flavor text (joke value) but stat-dominated,ultraE/ultraE,1,worker_store,,store (toxin),dominated,255,400,1,10400,126,140,97
1648,せみもげら,,uncertain,unique flavor text (joke value) but stat-dominated,ultraD/ultraD,1,worker_store,,store (toxin),dominated,255,400,1,14200,112,162,66
1649,一部防衛隊参謀,,uncertain,unique flavor text (joke value) but stat-dominated,ultraB/ultraB,1,worker_store,,store (toxin),dominated,255,400,1,13200,135,168,81
1650,ムシャ・バード,,keep,unique flavor text + competitive stats,hatoW/hatoW,1,worker_store,,store (toxin),,255,400,1,18600,125,228,77
1651,白袖の乙女,,keep,unique flavor text + competitive stats,kokesiE/kokesiE,1,worker_store,,store (toxin),,255,400,1,16000,190,210,92
1652,こけしどーる,,uncertain,unique flavor text (joke value) but stat-dominated,kokesiD/kokesiD,1,worker_store,,store (toxin),dominated,255,400,1,13000,195,198,77
1653,ザ・こけし,,uncertain,unique flavor text (joke value) but stat-dominated,kokesiA/kokesiA,1,worker_store,,store (toxin),dominated,255,400,1,11100,122,132,45
1654,日本のおみやげ,,uncertain,unique flavor text (joke value) but stat-dominated,kokesiB/kokesiB,1,worker_store,,store (toxin),dominated,255,400,1,10900,128,181,71
1655,ロシアのおみやげ,,uncertain,unique flavor text (joke value) but stat-dominated,kokesiC/kokesiC,1,worker_store,,store (toxin),dominated,255,400,1,12600,146,169,78
1656,ペガサス,,keep,unique flavor text + competitive stats,PegasusA/PegasusA,1,worker_store,,store (toxin),,255,400,1,16300,211,193,88
1657,けんた,,uncertain,unique flavor text (joke value) but stat-dominated,PegasusB/sumowrestlerC,1,worker_store,,store (toxin),dominated,255,400,1,12200,94,154,28
1658,キマイラ,,keep,unique flavor text + competitive stats,kimairaA/kimairaA,1,worker_store,,store (toxin),,255,400,1,19100,162,196,85
1659,たぶん羊使い,,uncertain,unique flavor text (joke value) but stat-dominated,kimairaB/kimairaB,1,worker_store,,store (toxin),dominated,255,400,1,12700,150,238,82
1660,ケルベロス,,uncertain,unique flavor text (joke value) but stat-dominated,kimairaC/kimairaC,1,worker_store,,store (toxin),dominated,255,400,1,11500,126,156,65
1661,グロべロス,,uncertain,unique flavor text (joke value) but stat-dominated,kimairaD/kimairaD,1,worker_store,,store (toxin),dominated,255,400,1,12100,110,166,15
1662,暴走王せりくま,,uncertain,unique flavor text (joke value) but stat-dominated,serikumaA/serikumaA,1,worker_store,,store (toxin),dominated,255,400,1,16400,145,241,91
1663,せりくま,,uncertain,unique flavor text (joke value) but stat-dominated,serikumaB/serikumaB,1,worker_store,,store (toxin),dominated,255,400,1,13000,102,138,24
1664,ドローン型女子,,keep,unique flavor text + competitive stats,drone/drone,1,worker_store,,store (toxin),,255,400,1,15100,184,228,99
1665,VRあいつ,,uncertain,unique flavor text (joke value) but stat-dominated,third_chef2/third_chef2,1,worker_store,,store (toxin),dominated,255,400,1,10300,119,185,78
1666,レインシスター妹,,keep,unique flavor text + competitive stats,rainA/rainA,1,worker_store,,store (toxin),,255,400,1,13400,230,230,95
1667,レインシスター姉,,uncertain,unique flavor text (joke value) but stat-dominated,rainB/rainB,1,worker_store,,store (toxin),dominated,255,400,1,12800,178,235,88
1668,イーリス,,keep,unique flavor text + competitive stats,God2M/God2M,1,worker_store,,store (toxin),,255,400,1,14400,216,218,97
1669,おそうじネコ,,uncertain,unique flavor text (joke value) but stat-dominated,Cat/Cat,1,worker_store,,store (toxin),dominated,255,400,1,11600,230,210,82
1670,ハルピュイア,,uncertain,unique flavor text (joke value) but stat-dominated,God2N/God2N,1,worker_store,,store (toxin),dominated,255,400,1,15000,187,180,42
1671,ヘパイストス,,uncertain,unique flavor text (joke value) but stat-dominated,God2O/God2O,1,worker_store,,store (toxin),dominated,255,400,1,14400,85,167,38
1672,鍛冶屋の娘,,uncertain,unique flavor text (joke value) but stat-dominated,God2P/God2P,1,worker_store,,store (toxin),dominated,255,400,1,13300,132,170,78
1673,鳥とん王子,,keep,unique flavor text + competitive stats,hatoX/hatoX,1,worker_store,,store (toxin),,255,400,1,17700,168,206,91
1674,ハトゴースト,,uncertain,unique flavor text (joke value) but stat-dominated,hatoY/hatoY,1,worker_store,,store (toxin),dominated,255,400,1,11500,105,165,44
1675,海の家,,keep,unique flavor text + competitive stats,seahorseA/seahorseA,1,worker_store,,store (toxin),,255,400,1,14300,235,212,99
1676,アメフトバイト,,uncertain,unique flavor text (joke value) but stat-dominated,seahorseB/seahorseB,1,worker_store,,store (toxin),dominated,255,400,1,14500,72,144,52
1677,猪鹿リトルシスター,,uncertain,unique flavor text (joke value) but stat-dominated,inoshikaA/inoshikaA,1,worker_store,,store (toxin),dominated,255,400,1,11000,102,193,67
1678,猪鹿シスター,,keep,unique flavor text + competitive stats,inoshikaB/inoshikaB,1,worker_store,,store (toxin),,255,400,1,13900,168,263,92
1679,猪鹿チョウ助,,uncertain,unique flavor text (joke value) but stat-dominated,inoshikaC/inoshikaC,1,worker_store,,store (toxin),dominated,255,400,1,13200,238,185,77
1680,ダンテ（DMC1）,,keep,unique flavor text + competitive stats,DMCJ/DMCJ,1,worker_store,,store (toxin),,255,400,1,15900,165,235,95
1681,魔人アラストル,,uncertain,unique flavor text (joke value) but stat-dominated,DMCK/DMCK,1,worker_store,,store (toxin),dominated,255,400,1,11800,95,190,42
1682,アクセル,,keep,unique flavor text + competitive stats,XL/XL,1,worker_store,,store (toxin),,255,400,1,14200,172,256,99
1683,Over-1,,uncertain,unique flavor text (joke value) but stat-dominated,XM/XM,1,worker_store,,store (toxin),dominated,255,400,1,13000,125,182,72
1684,ネットアイドル,,uncertain,unique flavor text (joke value) but stat-dominated,headphone/headphone,1,worker_store,,store (toxin),dominated,255,400,1,14100,195,190,82
1685,偉大な作曲家,,uncertain,unique flavor text (joke value) but stat-dominated,Beethoven/Beethoven,1,worker_store,,store (toxin),dominated,255,400,1,12600,100,188,48
1686,人体模型,,uncertain,unique flavor text (joke value) but stat-dominated,mokei/mokei,1,worker_store,,store (toxin),dominated,255,400,1,15800,124,145,32
1687,ふっく船長,,uncertain,unique flavor text (joke value) but stat-dominated,PiratesmanE/PiratesmanE,1,worker_store,,store (toxin),dominated,255,400,1,13800,65,200,18
1688,インビジパティシエ,,uncertain,unique flavor text (joke value) but stat-dominated,chefA/chefA,1,worker_store,,store (toxin),dominated,255,400,1,12800,90,148,65
1689,インビジクック,,uncertain,unique flavor text (joke value) but stat-dominated,chefB/chefB,1,worker_store,,store (toxin),dominated,255,400,1,11500,137,150,72
1690,鬼子母神,,keep,unique flavor text + competitive stats,God2Q/God2Q,1,worker_store,,store (toxin),,255,400,1,12700,236,240,92
1691,メイドシスター妹,Maid,keep,"EN-matched, already named in English (pass 3)",maidSA/maidSA,1,worker_store,,store (toxin),dominated,255,400,1,12900,200,200,84
1692,メイドシスター姉,Maid,keep,"EN-matched, already named in English (pass 3)",maidSB/maidSB,1,worker_store,,store (toxin),,255,400,1,14500,182,242,99
1693,レンタル執事,,uncertain,unique flavor text (joke value) but stat-dominated,situjiA/situjiA,1,worker_store,,store (toxin),dominated,255,400,1,12800,145,145,85
1694,裏執事,,uncertain,unique flavor text (joke value) but stat-dominated,situjiB/situjiB,1,worker_store,,store (toxin),dominated,255,400,1,13300,155,155,88
1695,キングアリーマー,,uncertain,unique flavor text (joke value) but stat-dominated,hatoD/hatoD,3,worker_store,,store (toxin),dominated,255,400,1,13300,155,155,88
1696,ＤＩＹ親方,,keep,unique flavor text + competitive stats,hatoZ/hatoZ,1,worker_store,,store (toxin),,255,400,1,15000,177,236,45
1697,月兎つくよみ,,keep,unique flavor text + competitive stats,japanG/japanG,1,worker_store,,store (toxin),,255,400,1,14200,210,225,90
1698,ホワイトラビット,,uncertain,unique flavor text (joke value) but stat-dominated,animal2_H/animal2_H,1,worker_store,,store (toxin),dominated,255,400,1,13000,222,190,77
1699,バニーガール,,uncertain,unique flavor text (joke value) but stat-dominated,bunny/costume_a,1,worker_store,,store (toxin),dominated,255,400,1,11200,120,146,27
1700,ダッコチャン,,uncertain,unique flavor text (joke value) but stat-dominated,third_chef3/third_chef3,1,worker_store,,store (toxin),dominated,255,400,1,11800,125,160,69
1701,クッキンアイドル,,uncertain,unique flavor text (joke value) but stat-dominated,third_chef4/third_chef4,1,worker_store,,store (toxin),dominated,255,400,1,12300,133,162,81
1702,裏飯姉妹,,uncertain,unique flavor text (joke value) but stat-dominated,ghostN/ghostN,1,worker_store,,store (toxin),dominated,255,400,1,14444,144,219,77
1703,三種の神器,,keep,unique flavor text + competitive stats,japanF/japanF,1,worker_store,,store (toxin),,255,400,1,15800,135,270,99
1704,エントリーNo.ファイブ,,uncertain,unique flavor text (joke value) but stat-dominated,God2R/God2R,1,worker_store,,store (toxin),dominated,255,400,1,13700,170,170,55
1705,鉄男,,uncertain,unique flavor text (joke value) but stat-dominated,robo3A/robo3A,1,worker_store,,store (toxin),dominated,255,400,1,15000,98,152,45
1706,カオティックギア,,uncertain,unique flavor text (joke value) but stat-dominated,robo3B/robo3B,1,worker_store,,store (toxin),dominated,255,400,1,14000,104,182,57
1707,スピードキング,,keep,unique flavor text + competitive stats,teen2/teen2,1,worker_store,,store (toxin),,255,400,1,13000,262,227,92
1708,ティーンズ,,uncertain,unique flavor text (joke value) but stat-dominated,teen3/teen3,1,worker_store,,store (toxin),dominated,255,400,1,11800,185,228,88
1709,ラミエル,,keep,unique flavor text + competitive stats,God2S/God2S,1,worker_store,,store (toxin),,255,400,1,13300,188,258,99
1710,キューピット,,uncertain,unique flavor text (joke value) but stat-dominated,angel2A/angel2A,1,worker_store,,store (toxin),dominated,255,400,1,12222,187,220,68
1711,堕天使,,uncertain,unique flavor text (joke value) but stat-dominated,God2T/God2T,1,worker_store,,store (toxin),dominated,255,400,1,12300,125,164,38
1712,ギュービッド,,uncertain,unique flavor text (joke value) but stat-dominated,angel2B/angel2B,1,worker_store,,store (toxin),dominated,255,400,1,13333,218,185,48
1713,グレー,,keep,unique flavor text + competitive stats,alienA/alienA,1,worker_store,,store (toxin),,255,400,1,14400,220,218,87
1714,Mr.ブレイン,,uncertain,unique flavor text (joke value) but stat-dominated,alienB/alienB,1,worker_store,,store (toxin),dominated,255,400,1,10300,134,152,35
1715,ハロウィンJK,,keep,unique flavor text + competitive stats,HWA/HWA,1,worker_store,event_halloween,store (toxin),,255,400,1,13800,180,255,92
1716,重症患者,,uncertain,unique flavor text (joke value) but stat-dominated,FFED/FFED,1,worker_store,,store (toxin),dominated,255,400,1,7500,110,202,44
1717,フランケン女子,,keep,unique flavor text + competitive stats,HWC/HWC,1,worker_store,,store (toxin),,255,400,1,18900,144,213,99
1718,占いネコ,,uncertain,unique flavor text (joke value) but stat-dominated,HWD/HWD,1,worker_store,,store (toxin),dominated,255,400,1,12800,195,199,77
1719,トリトリート,,uncertain,unique flavor text (joke value) but stat-dominated,HWE/HWE,1,worker_store,,store (toxin),dominated,255,400,1,11000,129,180,55
1720,さるさん,,keep,unique flavor text + competitive stats,animal2_I/animal2_I,1,worker_store,,store (toxin),,255,400,1,15100,242,201,88
1721,寡黙なモアイ,,uncertain,unique flavor text (joke value) but stat-dominated,moai/moai,1,worker_store,,store (toxin),dominated,255,400,1,15300,55,160,77
1722,陽気な隣人,,uncertain,unique flavor text (joke value) but stat-dominated,otakuB/Venusian,1,worker_store,,store (toxin),dominated,255,400,1,6000,90,90,28
1723,元珍走団,,uncertain,unique flavor text (joke value) but stat-dominated,HWB/HWB,1,worker_store,,store (toxin),dominated,255,400,1,11000,111,158,22
