index,name,jp_name,role,curation_suggestion,curation_reason,acquisition,collab_group,cafe_level_required,cost,currency,energy,speed,attack,tip_rating,cook_speed_bonus,tip_multiplier,U19_regen?,U20_cookxp?,U9,U10,U11,U12,U21,U22,U23,is_female,art,playable_flag,toxin_flag_raw,en_match,en_row,en_Cost_vanilla,en_Cost_v11,en_Energy_vanilla,en_Energy_v11,en_Speed_vanilla,en_Speed_v11,en_AttackStrength_vanilla,en_AttackStrength_v11,en_TipRating_vanilla,en_TipRating_v11,en_TipMultiplier_vanilla,en_TipMultiplier_v11,en_CookSpeedBonus_vanilla,en_CookSpeedBonus_v11
0,,,generic_customer,cut,placeholder record (dummy/empty name),roulette/event (server-scheduled),,0,0,cash,1000,40,40,30,1,1,1,1,30,50,50,480,0,-1,1,False,generic/,0,0,Man,0,0,0,100,100,4,4,4,4,3,3,1,1,1,1
1,,,generic_customer,cut,placeholder record (dummy/empty name),roulette/event (server-scheduled),,0,0,cash,1000,40,40,30,1,1,1,1,30,50,50,480,0,-1,1,False,oldman/faris,0,0,Senior,1,0,0,100,100,4,4,4,4,3,3,1,1,1,1
2,,,generic_customer,cut,placeholder record (dummy/empty name),roulette/event (server-scheduled),,0,0,cash,1000,40,40,30,1,1,1,1,30,50,50,480,0,-1,1,True,genericfemale/,0,0,Woman,2,0,0,100,100,4,4,4,4,3,3,1,1,1,1
3,,,generic_customer,cut,placeholder record (dummy/empty name),roulette/event (server-scheduled),,0,0,cash,1000,40,40,30,1,1,1,1,30,50,50,480,0,-1,1,False,generic/omar,0,0,Hipster,3,0,0,100,100,4,4,4,4,3,3,1,1,1,1
4,,,generic_customer,cut,placeholder record (dummy/empty name),roulette/event (server-scheduled),,0,0,cash,1000,40,40,30,1,1,1,1,30,50,50,480,0,-1,1,True,genericfemale/cutegirl,0,0,Cashier,4,0,0,100,100,4,4,4,4,3,3,1,1,1,1
5,Couch Potato,怠け者,event_reward_or_customer,keep,"EN-matched, already named in English (pass 3)",roulette/event (server-scheduled),,0,0,cash,1000,40,40,30,1,1,1,1,30,40,40,480,0,-1,1,False,nerd/faris,0,0,Couch Potato,5,0,0,100,100,4,4,4,4,3,3,1,1,1,1
6,Couch Potato,怠け者,event_reward_or_customer,keep,"EN-matched, already named in English (pass 3)",roulette/event (server-scheduled),,0,0,cash,1000,40,40,30,1,1,1,1,30,40,40,480,0,-1,1,True,genericfemale/,0,0,Woman,2,0,0,100,100,4,4,4,4,3,3,1,1,1,1
7,Telemarketer,テレフォンアポインター,event_reward_or_customer,keep,"EN-matched, already named in English (pass 3)",roulette/event (server-scheduled),,0,0,cash,1000,30,40,50,1,1,1,1,30,50,50,480,0,-1,1,False,generic/,0,0,Man,0,0,0,100,100,4,4,4,4,3,3,1,1,1,1
8,Telemarketer,テレフォンアポインター,event_reward_or_customer,keep,"EN-matched, already named in English (pass 3)",roulette/event (server-scheduled),,0,0,cash,1000,30,40,50,1,1,1,1,30,50,50,480,0,-1,1,True,generic/businesswoman,0,0,Telemarketer,8,0,0,100,100,3,3,4,4,5,5,1,1,1,1
9,Teacher,教師,event_reward_or_customer,keep,"EN-matched, already named in English (pass 3)",roulette/event (server-scheduled),,0,0,cash,1000,40,30,30,1,1,1,1,30,60,60,480,0,-1,1,False,nerd/generic,0,0,Teacher,9,0,0,100,100,4,4,3,3,3,3,1,1,1,1
10,Teacher,教師,event_reward_or_customer,keep,"EN-matched, already named in English (pass 3)",roulette/event (server-scheduled),,0,0,cash,1000,40,30,30,1,1,1,1,30,60,60,480,0,-1,1,True,nerd/oldlady,0,0,Teacher,10,0,0,100,100,4,4,3,3,3,3,1,1,1,1
11,Accountant,会計士,event_reward_or_customer,keep,"EN-matched, already named in English (pass 3)",roulette/event (server-scheduled),,0,0,cash,1000,40,40,20,1,1,1,1,30,60,60,480,0,-1,1,False,businessman/oldman,0,0,Accountant,11,0,0,100,100,4,4,4,4,2,2,1,1,1,1
12,Yoga Instructor,ヨガの先生,event_reward_or_customer,keep,"EN-matched, already named in English (pass 3)",roulette/event (server-scheduled),,0,0,cash,1000,40,50,30,1,1,1,1,50,40,40,480,0,-1,1,True,firefighter/cutegirl,0,0,Yoga Instructor,12,0,0,100,100,4,4,5,5,3,3,1,1,1,1
13,Businessman,ビジネスマン,event_reward_or_customer,keep,"EN-matched, already named in English (pass 3)",roulette/event (server-scheduled),,0,0,cash,1000,40,30,40,1,1,1,1,30,40,60,480,0,-1,1,False,businessman/faris,0,0,Businessman,13,0,0,100,100,4,4,3,3,4,4,1,1,1,1
14,Businessman,ビジネスマン,event_reward_or_customer,keep,"EN-matched, already named in English (pass 3)",roulette/event (server-scheduled),,0,0,cash,900,40,30,40,1,1,1,1,30,40,60,480,0,-1,1,False,businessman/,0,0,Businessman,14,0,0,90,90,4,4,3,3,4,4,1,1,1,1
15,Businesswoman,OL,event_reward_or_customer,keep,"EN-matched, already named in English (pass 3)",roulette/event (server-scheduled),,0,0,cash,900,40,30,40,1,1,1,1,30,40,60,480,0,-1,1,True,businesswoman/,0,0,Businesswoman,15,0,0,90,90,4,4,3,3,4,4,1,1,1,1
16,Politician,政治家,worker_cash,keep,"EN-matched, already named in English (pass 3)",store (cash),,6,100,cash,900,40,30,50,1,1,1,1,30,60,60,480,1,-1,1,False,businessman/,0,0,Businessman,14,0,0,90,90,4,4,3,3,4,4,1,1,1,1
17,Politician,政治家,worker_cash,keep,"EN-matched, already named in English (pass 3)",store (cash),,2,100,cash,900,40,30,50,1,1,1,1,30,60,60,480,0,-1,1,True,businesswoman/,0,0,Businesswoman,15,0,0,90,90,4,4,3,3,4,4,1,1,1,1
18,Executive,企業幹部,worker_cash,keep,"EN-matched, already named in English (pass 3)",store (cash),,9,750,cash,900,40,30,70,1,1,1,1,30,80,80,480,1,-1,1,False,businessman/,0,0,Businessman,14,0,0,90,90,4,4,3,3,4,4,1,1,1,1
19,Executive,企業幹部,worker_cash,keep,"EN-matched, already named in English (pass 3)",store (cash),,9,750,cash,900,40,30,70,1,1,1,1,30,80,80,480,1,-1,1,True,businesswoman/,0,0,Businesswoman,15,0,0,90,90,4,4,3,3,4,4,1,1,1,1
20,CEO,社長,worker_cash,keep,"EN-matched, already named in English (pass 3)",store (cash),,12,1500,cash,900,40,30,100,1,1,1,1,30,80,60,480,2,-1,1,False,businessman/,0,0,Businessman,14,0,0,90,90,4,4,3,3,4,4,1,1,1,1
21,CEO,社長,worker_cash,keep,"EN-matched, already named in English (pass 3)",store (cash),,12,1500,cash,900,40,30,100,1,1,1,1,30,80,60,480,2,-1,1,True,businesswoman/,0,0,Businesswoman,15,0,0,90,90,4,4,3,3,4,4,1,1,1,1
22,Retiree,退職者,event_reward_or_customer,keep,"EN-matched, already named in English (pass 3)",roulette/event (server-scheduled),,0,0,cash,700,10,20,60,1,1,1,1,30,20,100,480,0,-1,1,False,oldman/,0,0,Retiree,22,0,0,70,70,1,1,2,2,6,6,1,1,1,1
23,Retiree,退職者,event_reward_or_customer,keep,"EN-matched, already named in English (pass 3)",roulette/event (server-scheduled),,0,0,cash,700,10,20,60,1,1,1,1,30,20,100,480,0,-1,1,True,genericfemale/oldlady,0,0,Retiree,23,0,0,70,70,1,1,2,2,6,6,1,1,1,1
24,Veteran,退役軍人,worker_cash,keep,"EN-matched, already named in English (pass 3)",store (cash),,0,100,cash,1000,20,60,60,1,1,1,1,40,40,60,480,1,-1,1,False,firefighter/oldman,0,0,Veteran,24,100,50,100,90,2,2,6,6,6,7,1,1,1,1
25,Centenarian,100歳,event_reward_or_customer,keep,"EN-matched, already named in English (pass 3)",roulette/event (server-scheduled),,6,0,cash,500,10,20,60,1,1,1,1,10,20,100,480,0,-1,1,False,oldman/,0,0,Retiree,22,0,0,70,70,1,1,2,2,6,6,1,1,1,1
26,Teenager,10代,event_reward_or_customer,keep,"EN-matched, already named in English (pass 3)",roulette/event (server-scheduled),,0,0,cash,850,70,40,10,1,1,1,1,60,20,20,480,0,-1,1,False,teen/,0,0,Teenager,26,0,0,85,85,7,7,4,4,1,1,1,1,1,1
27,Punk,パンク,worker_cash,keep,"EN-matched, already named in English (pass 3)",store (cash),,7,500,cash,850,80,50,10,1,1,1,1,60,60,20,480,0,-1,1,False,teen/,0,0,Teenager,26,0,0,85,85,7,7,4,4,1,1,1,1,1,1
28,Underachiever,落ちこぼれ,event_reward_or_customer,keep,"EN-matched, already named in English (pass 3)",roulette/event (server-scheduled),,0,0,cash,800,50,40,10,1,1,1,1,60,10,20,480,0,-1,1,False,teen/omar,0,0,Underachiever,28,0,0,80,80,5,5,4,4,1,1,1,1,1,1
29,Class Clown,クラスの笑い者,worker_cash,keep,"EN-matched, already named in English (pass 3)",store (cash),,11,750,cash,900,70,40,60,1,1,1,1,60,60,20,480,1,-1,1,False,teen/,0,0,Teenager,26,0,0,85,85,7,7,4,4,1,1,1,1,1,1
30,Nerd,オタク,worker_cash,keep,"EN-matched, already named in English (pass 3)",store (cash),,2,200,cash,650,70,20,40,1,1,1,1,10,90,90,480,0,-1,1,False,nerd/,0,0,Nerd,30,200,300,65,90,7,7,2,2,4,5,1,1,1,1
31,Mathlete,数学マニア,worker_cash,keep,"EN-matched, already named in English (pass 3)",store (cash),,2,750,cash,650,90,40,30,1,1,1,1,10,90,60,480,0,-1,1,False,businessman/nerd,0,0,Mathlete,31,750,850,65,100,9,9,4,2,3,4,1,1,1,1
32,CIO,情報主任,worker_cash,keep,"EN-matched, already named in English (pass 3)",store (cash),,10,1500,cash,750,80,30,80,1,1,1,1,10,60,10,480,1,-1,1,False,oldman/nerd,0,0,CIO,32,1500,1650,75,100,8,7,3,3,8,7,1,1,1,1
33,Construction Worker,肉体労働者,worker_cash,keep,"EN-matched, already named in English (pass 3)",store (cash),,3,250,cash,1400,30,90,10,1,1,1,1,20,30,20,480,0,-1,1,False,teen/constructionworker,0,0,Construction Worker,33,250,250,140,100,3,3,9,9,1,1,1,1,1,1
34,Engineer,エンジニア,worker_cash,keep,"EN-matched, already named in English (pass 3)",store (cash),,4,500,cash,1400,30,70,20,1,1,1,1,20,70,20,480,1,-1,1,False,constructionworker/,0,0,Engineer,34,500,500,140,100,3,3,7,7,2,3,1,1,1,1
35,Foreman,現場監督,worker_cash,keep,"EN-matched, already named in English (pass 3)",store (cash),,7,1500,cash,1500,40,80,30,1,1,1,1,20,60,30,480,1,-1,1,False,businessman/constructionworker,0,0,Foreman,35,1500,1500,150,100,4,4,8,8,3,3,1,1,1,1
36,Cop,警官,worker_toxin,keep,"EN-matched, already named in English (pass 3)",store (toxin),,5,1,toxin,1400,60,70,20,1,1,1,1,30,70,90,480,0,-1,1,False,officer/,0,1,Cop,36,1,1,140,150,6,6,7,7,2,2,1,1,1,1
37,Traffic Cop,交通警官,worker_toxin,keep,"EN-matched, already named in English (pass 3)",store (toxin),,10,1,toxin,1400,50,60,30,1,1,1,1,30,100,100,480,0,-1,1,False,constructionworker/officer,0,1,Traffic Cop,37,1,1,140,150,5,5,6,6,3,3,1,1,1,1
38,Sergeant,巡査部長,worker_toxin,keep,"EN-matched, already named in English (pass 3)",store (toxin),,7,10,toxin,1500,50,80,70,1,1,1,1,30,80,100,480,1,-1,1,False,businessman/officer,0,1,Sergeant,38,10,10,150,175,5,8,8,9,7,7,1,1,1,1
39,Local Hero,地元の英雄,worker_toxin,keep,"EN-matched, already named in English (pass 3)",store (toxin),,8,10,toxin,1600,60,70,60,1,1,1,1,30,80,100,480,1,-1,1,False,officer/omar,0,1,Local Hero,39,10,10,160,175,6,8,7,9,6,6,1,1,1,1
40,Boxer,ボクサー,worker_toxin,keep,"EN-matched, already named in English (pass 3)",store (toxin),,7,15,toxin,2250,70,90,10,1,1,1,1,60,10,10,480,1,-1,1,False,boxer/,0,1,Boxer,40,15,12,225,175,7,8,9,10,1,2,1,1,1,1
41,Washed-Up Boxer,ボクサーくずれ,worker_toxin,keep,"EN-matched, already named in English (pass 3)",store (toxin),,15,1,toxin,1500,50,70,20,1,1,1,1,30,20,10,480,0,-1,1,False,boxer/,0,1,Boxer,40,15,12,225,175,7,8,9,10,1,2,1,1,1,1
42,Champion,チャンピオン,worker_toxin,keep,"EN-matched, already named in English (pass 3)",store (toxin),,7,20,toxin,2500,80,100,60,1,1,1,1,70,20,10,480,1,-1,1,False,boxer/,0,1,Boxer,40,15,12,225,175,7,8,9,10,1,2,1,1,1,1
43,Football Player,アメフト選手,worker_toxin,keep,"EN-matched, already named in English (pass 3)",store (toxin),,3,10,toxin,1600,70,70,10,1,1,1,1,90,10,10,480,0,-1,1,False,footballplayer/,0,1,Football Player,43,10,2,160,150,7,7,7,7,1,1,1,1,1,1
44,Benchwarmer,控え選手,worker_toxin,keep,"EN-matched, already named in English (pass 3)",store (toxin),,15,1,toxin,1300,50,50,10,1,1,1,1,90,10,10,480,0,-1,1,False,generic/footballplayer,0,1,Benchwarmer,44,1,1,130,150,5,5,5,5,1,1,1,1,1,1
45,Star Player,花形選手,worker_toxin,keep,"EN-matched, already named in English (pass 3)",store (toxin),,7,15,toxin,1800,90,80,30,1,1,1,1,90,50,30,480,1,-1,1,False,footballplayer/generic,0,1,Star Player,45,15,12,180,175,9,10,8,9,3,4,1,1,1,1
46,Clown,ピエロ,worker_toxin,keep,"EN-matched, already named in English (pass 3)",store (toxin),,8,8,toxin,1100,50,50,100,1,1,1,1,10,70,50,480,0,-1,1,False,clown/,0,1,Clown,46,8,12,110,175,5,8,5,6,10,12,1,1,1,1
47,Stoogey the Clown,とぼけたピエロ,worker_toxin,keep,"EN-matched, already named in English (pass 3)",store (toxin),,8,12,toxin,1300,90,50,100,1,1,1,1,10,10,10,480,0,-1,1,False,teen/clown,0,1,Stoogey the Clown,47,12,15,130,250,9,12,5,7,10,12,1,1,1,1
48,Fire Fighter,消防士,worker_cash,keep,"EN-matched, already named in English (pass 3)",store (cash),,9,750,cash,1200,60,70,40,1,1,1,1,60,50,20,480,0,-1,1,False,firefighter/,0,0,Fire Fighter,48,750,880,120,100,6,6,7,7,4,2,1,1,1,1
49,Fire Chief,消防署長,worker_cash,keep,"EN-matched, already named in English (pass 3)",store (cash),,10,1800,cash,1400,50,80,60,1,1,1,1,80,60,30,480,1,-1,1,False,businessman/firefighter,0,0,Fire Chief,49,1800,1800,140,105,5,5,8,8,6,6,1,1,1,1
50,Sumo Wrestler,力士,worker_toxin,keep,"EN-matched, already named in English (pass 3)",store (toxin),,8,20,toxin,4000,50,100,10,1,1,1,1,70,30,100,480,1,-1,1,False,sumowrestler/,0,1,Sumo Wrestler,50,30,25,400,475,5,9,10,11,1,3,1,1,1,1
51,Celebrity,セレブ,worker_toxin,keep,"EN-matched, already named in English (pass 3)",store (toxin),,10,5,toxin,800,70,40,90,1,1,1,1,80,30,30,480,1,-1,1,True,model/,0,1,Celebrity,51,5,10,80,175,7,9,4,6,9,12,1,1,1,1
52,Supermodel,スーパーモデル,worker_toxin,keep,"EN-matched, already named in English (pass 3)",store (toxin),,12,10,toxin,800,100,40,80,1,1,1,1,100,30,30,480,1,-1,1,True,model/,0,1,Celebrity,51,5,10,80,175,7,9,4,6,9,12,1,1,1,1
53,Movie Star,映画スター,worker_toxin,keep,"EN-matched, already named in English (pass 3)",store (toxin),,12,15,toxin,1000,80,50,100,1,1,1,1,50,70,50,480,2,-1,1,True,model/,0,1,Celebrity,51,5,10,80,175,7,9,4,6,9,12,1,1,1,1
54,Enemy Chef,ライバルのシェフ,enemy_or_event_chef,keep,"EN-matched, already named in English (pass 3)",roulette/event (server-scheduled),,255,0,cash,1000,50,50,50,1,1,1,1,50,50,50,480,0,-1,1,False,enemyChef/,0,0,Enemy Chef,54,0,0,100,100,5,5,5,5,5,5,1,1,1,1
55,Chef,シェフ,playable_chef,keep,playable chef (owner-approved set; do not edit),roulette/event (server-scheduled),,0,0,cash,900,50,40,30,1,1,1,1,50,50,50,480,0,-1,1,False,enemyChef/generic,1,0,Chef,55,0,0,90,90,5,5,4,4,3,6,1,1,1,1
56,Chef,シェフ,playable_chef,keep,playable chef (owner-approved set; do not edit),roulette/event (server-scheduled),,0,0,cash,900,50,40,30,1,1,1,1,50,50,50,480,0,-1,1,True,enemyChef/genericfemale,1,0,Chef,56,0,0,90,90,5,5,4,4,3,6,1,1,1,1
57,Chef,シェフ,playable_chef,keep,playable chef (owner-approved set; do not edit),roulette/event (server-scheduled),,0,0,cash,900,50,40,30,1,1,1,1,50,50,50,480,0,-1,1,False,enemyChef/businessman,1,0,Chef,57,0,0,90,90,5,5,4,4,3,6,1,1,1,1
58,Chef,シェフ,playable_chef,keep,playable chef (owner-approved set; do not edit),roulette/event (server-scheduled),,0,0,cash,900,50,40,30,1,1,1,1,50,50,50,480,0,-1,1,True,enemyChef/businesswoman,1,0,Chef,58,0,0,90,90,5,5,4,4,3,6,1,1,1,1
59,Chef,シェフ,playable_chef,keep,playable chef (owner-approved set; do not edit),roulette/event (server-scheduled),,0,0,cash,900,50,40,30,1,1,1,1,50,50,50,480,0,-1,1,True,enemyChef/cutegirl,1,0,Chef,59,0,0,90,90,5,5,4,4,3,6,1,1,1,1
60,Chef,シェフ,playable_chef,keep,playable chef (owner-approved set; do not edit),roulette/event (server-scheduled),,0,0,cash,900,50,40,30,1,1,1,1,50,50,50,480,0,-1,1,False,enemyChef/teen,1,0,Chef,60,0,0,90,90,5,5,4,4,3,6,1,1,1,1
61,Chef,シェフ,playable_chef,keep,playable chef (owner-approved set; do not edit),roulette/event (server-scheduled),,0,0,cash,900,50,40,30,1,1,1,1,50,50,50,480,0,-1,1,False,enemyChef/faris,1,0,Chef,61,0,0,90,90,5,5,4,4,3,6,1,1,1,1
62,Chef,シェフ,playable_chef,keep,playable chef (owner-approved set; do not edit),roulette/event (server-scheduled),,0,0,cash,900,50,40,30,1,1,1,1,50,50,50,480,0,-1,1,False,enemyChef/nerd,1,0,Chef,62,0,0,90,90,5,5,4,4,3,6,1,1,1,1
63,Chef,シェフ,playable_chef,keep,playable chef (owner-approved set; do not edit),roulette/event (server-scheduled),,0,0,cash,900,50,40,30,1,1,1,1,50,50,50,480,0,-1,1,False,enemyChef/omar,1,0,Chef,63,0,0,90,90,5,5,4,4,3,6,1,1,1,1
64,Enemy Chef,ライバルシェフ,enemy_or_event_chef,keep,"EN-matched, already named in English (pass 3)",roulette/event (server-scheduled),,255,0,cash,1000,50,50,50,1,1,1,1,50,50,50,480,0,-1,1,False,enemyChef/enemychefgeneric,0,0,Enemy Chef,64,0,0,100,100,5,5,5,5,5,5,1,1,1,1
65,Enemy Chef,ライバルシェフ,enemy_or_event_chef,keep,"EN-matched, already named in English (pass 3)",roulette/event (server-scheduled),,255,0,cash,1000,50,50,50,1,1,1,1,50,50,50,480,0,-1,1,False,enemyChef/enemychefdiner,0,0,Enemy Chef,65,0,0,100,100,5,5,5,5,5,5,1,1,1,1
66,Enemy Chef,ライバルシェフ,enemy_or_event_chef,keep,"EN-matched, already named in English (pass 3)",roulette/event (server-scheduled),,255,0,cash,1000,50,50,50,1,1,1,1,50,50,50,480,0,-1,1,False,enemyChef/enemychefitalian,0,0,Enemy Chef,66,0,0,100,100,5,5,5,5,5,5,1,1,1,1
67,Enemy Chef,ライバルシェフ,enemy_or_event_chef,keep,"EN-matched, already named in English (pass 3)",roulette/event (server-scheduled),,255,0,cash,1000,50,50,50,1,1,1,1,50,50,50,480,0,-1,1,False,enemyChef/enemychefasian,0,0,Enemy Chef,67,0,0,100,100,5,5,5,5,5,5,1,1,1,1
68,Enemy Chef,ライバルシェフ,enemy_or_event_chef,keep,"EN-matched, already named in English (pass 3)",roulette/event (server-scheduled),,255,0,cash,1000,50,50,50,1,1,1,1,50,50,50,480,0,-1,1,False,enemyChef/enemycheftexmex,0,0,Enemy Chef,68,0,0,100,100,5,5,5,5,5,5,1,1,1,1
69,Enemy Chef,ライバルシェフ,enemy_or_event_chef,keep,"EN-matched, already named in English (pass 3)",roulette/event (server-scheduled),,255,0,cash,1000,50,50,50,1,1,1,1,50,50,50,480,0,-1,1,False,enemyChef/enemychefpub,0,0,Enemy Chef,69,0,0,100,100,5,5,5,5,5,5,1,1,1,1
70,Enemy Chef,ライバルシェフ,enemy_or_event_chef,keep,"EN-matched, already named in English (pass 3)",roulette/event (server-scheduled),,255,0,cash,1000,50,50,50,1,1,1,1,50,50,50,480,0,-1,1,False,enemyChef/enemycheffrench,0,0,Enemy Chef,70,0,0,100,100,5,5,5,5,5,5,1,1,1,1
71,Mad Scientist Chef,マッドサイエンティストシェフ,enemy_or_event_chef,keep,"EN-matched, already named in English (pass 3)",roulette/event (server-scheduled),,255,0,cash,1000,50,50,50,1,1,1,1,50,50,50,480,0,-1,1,False,enemyChef/enemychefscientist,0,0,Mad Scientist Chef,71,0,0,100,100,5,5,5,5,5,5,1,1,1,1
72,Chef,シェフ,playable_chef,keep,playable chef (owner-approved set; do not edit),store (toxin),,3,5,toxin,1200,50,50,60,1,1,1,1,50,50,50,480,0,-1,1,False,enemyChef/generic,1,1,Chef,72,5,5,120,300,5,5,5,6,6,6,1,1,1,1
73,Chef,シェフ,playable_chef,keep,playable chef (owner-approved set; do not edit),store (toxin),,3,5,toxin,1200,50,50,60,1,1,1,1,50,50,50,480,0,-1,1,True,enemyChef/genericfemale,1,1,Chef,73,5,5,120,300,5,5,5,6,6,6,1,1,1,1
74,Chef,シェフ,playable_chef,keep,playable chef (owner-approved set; do not edit),store (toxin),,3,5,toxin,1200,50,50,60,1,1,1,1,50,50,50,480,0,-1,1,False,enemyChef/businessman,1,1,Chef,74,5,5,120,300,5,5,5,6,6,6,1,1,1,1.1
75,Chef,シェフ,playable_chef,keep,playable chef (owner-approved set; do not edit),store (toxin),,3,5,toxin,1200,50,50,60,1,1,1,1,50,50,50,480,0,-1,1,True,enemyChef/businesswoman,1,1,Chef,75,5,5,120,300,5,5,5,6,6,6,1,1,1,1
76,Chef,シェフ,playable_chef,keep,playable chef (owner-approved set; do not edit),store (toxin),,3,5,toxin,1200,50,50,60,1,1,1,1,50,50,50,480,0,-1,1,True,enemyChef/cutegirl,1,1,Chef,76,5,5,120,300,5,5,5,6,6,6,1,1,1,1
77,Chef,シェフ,playable_chef,keep,playable chef (owner-approved set; do not edit),store (toxin),,3,5,toxin,1200,50,50,60,1,1,1,1,50,50,50,480,0,-1,1,False,enemyChef/teen,1,1,Chef,77,5,5,120,300,5,5,5,6,6,6,1,1,1,1.1
78,Chef,シェフ,playable_chef,keep,playable chef (owner-approved set; do not edit),store (toxin),,3,5,toxin,1200,50,50,60,1,1,1,1,50,50,50,480,0,-1,1,False,enemyChef/faris,1,1,Chef,78,5,5,120,300,5,5,5,6,6,6,1,1,1,1
79,Chef,シェフ,playable_chef,keep,playable chef (owner-approved set; do not edit),store (toxin),,3,5,toxin,1200,50,50,60,1,1,1,1,50,50,50,480,0,-1,1,False,enemyChef/nerd,1,1,Chef,79,5,5,120,300,5,5,5,6,6,6,1,1,1,1
80,Reality TV Star,リアリティ番組のスター,worker_toxin,keep,"EN-matched, already named in English (pass 3)",store (toxin),,15,1,toxin,800,60,40,80,1,1,1,1,80,10,10,480,0,-1,1,True,model/,0,1,Celebrity,51,5,10,80,175,7,9,4,6,9,12,1,1,1,1
81,Yokozuna,横綱,worker_toxin,keep,"EN-matched, already named in English (pass 3)",store (toxin),,12,30,toxin,5250,60,100,60,1,1,1,1,70,70,100,480,2,-1,1,False,sumowrestler/,0,1,Sumo Wrestler,50,30,25,400,475,5,9,10,11,1,3,1,1,1,1
82,Yokozuna,横綱,worker_toxin,keep,"EN-matched, already named in English (pass 3)",store (toxin),,255,50,toxin,5250,60,100,60,1,1,1,1,70,70,100,480,1,-1,1,False,sumowrestler/,0,1,Sumo Wrestler,50,30,25,400,475,5,9,10,11,1,3,1,1,1,1
83,Middleweight,ミドル級,worker_toxin,keep,"EN-matched, already named in English (pass 3)",store (toxin),,15,12,toxin,1800,80,80,10,1,1,1,1,60,10,10,480,1,-1,1,False,boxer/,0,1,Boxer,40,15,12,225,175,7,8,9,10,1,2,1,1,1,1
84,Middleweight,ミドル級,worker_toxin,keep,"EN-matched, already named in English (pass 3)",store (toxin),,255,12,toxin,1800,80,80,10,1,1,1,1,60,10,10,480,1,-1,1,False,boxer/,0,1,Boxer,40,15,12,225,175,7,8,9,10,1,2,1,1,1,1
85,Chef,シェフ,playable_chef,keep,playable chef (owner-approved set; do not edit),store (toxin),,3,5,toxin,1200,50,50,60,1,1,1,1,50,50,50,480,0,-1,1,False,enemyChef/omar,1,1,Chef,85,5,5,120,300,5,5,5,6,6,6,1,1,1,1.1
86,Veteran Cop,ベテラン刑事,worker_toxin,keep,"EN-matched, already named in English (pass 3)",store (toxin),,15,1,toxin,1250,60,70,60,1,1,1,1,30,70,90,480,0,-1,1,False,officer/oldman,0,1,Veteran Cop,86,1,1,125,150,6,5,7,7,6,6,1,1,1,1
87,Football Player,アメフト選手,playable_chef,keep,playable chef (owner-approved set; do not edit),store (cash),,3,100,cash,1600,70,70,10,1,1,1,1,90,10,10,480,0,-1,1,False,enemyChef/footballplayer,1,0,Football Player,87,100,20,160,160,7,7,7,7,1,5,1,1,1,1
88,Engineer,エンジニア,playable_chef,keep,playable chef (owner-approved set; do not edit),store (cash),,4,200,cash,1400,30,70,20,1,1,1,1,20,70,20,480,0,-1,1,False,enemyChef/constructionworker,1,0,Engineer,88,200,200,140,140,3,5,7,7,2,6,1,1,1,1
89,Retiree,退職者,playable_chef,keep,playable chef (owner-approved set; do not edit),store (cash),,5,500,cash,700,10,20,60,1,1,1,1,30,20,100,480,0,-1,1,True,enemyChef/oldlady,1,0,Retiree,89,500,500,70,70,1,4,2,2,6,7,1,1,1,1
90,Veteran,退役軍人,playable_chef,keep,playable chef (owner-approved set; do not edit),store (cash),,6,800,cash,1000,20,60,60,1,1,1,1,40,40,60,480,0,-1,1,False,enemyChef/oldman,1,0,Veteran,90,800,800,100,100,2,5,6,6,6,6,1,1,1,1
91,Champion,チャンピオン,playable_chef,keep,playable chef (owner-approved set; do not edit),store (cash),,7,1200,cash,2500,80,100,60,1,1,1,1,50,50,50,480,0,-1,1,False,enemyChef/boxer,1,0,The Champ,91,1200,1200,250,250,8,8,10,10,6,7,1,1,1,1
92,Local Hero,地元の英雄,playable_chef,keep,playable chef (owner-approved set; do not edit),store (cash),,8,1400,cash,2600,100,70,60,1,1,1,1,30,80,100,480,0,-1,1,False,enemyChef/officer,1,0,Local Hero,92,1400,1400,260,260,10,10,7,7,6,7,1,1,1,1
93,Stoogey the Clown,とぼけたピエロ,playable_chef,keep,playable chef (owner-approved set; do not edit),store (cash),,9,2400,cash,1500,90,50,100,1,1,1,1,10,10,10,480,0,-1,1,False,enemyChef/clown,1,0,Stoogey the Clown,93,2400,2400,150,150,9,9,5,5,10,10,1,1,1,1
94,Fire Chief,消防署長,playable_chef,keep,playable chef (owner-approved set; do not edit),store (cash),,10,3200,cash,1600,50,80,60,1,1,1,1,80,60,30,480,0,-1,1,False,enemyChef/firefighter,1,0,Fire Chief,94,3200,3200,160,160,5,6,8,8,6,7,1,1,1,1
95,Yokozuna,横綱,playable_chef,keep,playable chef (owner-approved set; do not edit),store (cash),,12,5000,cash,5250,60,100,60,1,1,1,1,70,70,100,480,0,-1,1,False,enemyChef/sumowrestler,1,0,Yokozuna,95,5000,5000,525,525,6,7,10,10,6,8,1,1,1,1
96,Movie Star,映画スター,playable_chef,keep,playable chef (owner-approved set; do not edit),store (cash),,12,5000,cash,1000,80,50,100,1,1,1,1,50,50,50,480,0,-1,1,True,enemyChef/model,1,0,Movie Star,96,5000,12000,100,100,8,8,5,2,10,10,1,2,1,1
97,Football Player,アメフト選手,playable_chef,keep,playable chef (owner-approved set; do not edit),store (toxin),,3,10,toxin,3200,70,70,10,1,1,1,1,90,10,10,480,0,-1,1,False,enemyChef/footballplayer,1,1,Football Player,97,10,2,320,400,7,7,7,12,1,5,1,1,1,1
98,Engineer,エンジニア,playable_chef,keep,playable chef (owner-approved set; do not edit),store (toxin),,4,10,toxin,2800,30,70,20,1,1,1,1,20,70,20,480,0,-1,1,False,enemyChef/constructionworker,1,1,Engineer,98,10,8,280,450,3,5,7,10,2,6,1,1,1,1.1
99,Retiree,退職者,playable_chef,keep,playable chef (owner-approved set; do not edit),store (toxin),,5,5,toxin,1400,10,20,60,1,1,1,1,30,20,100,480,0,-1,1,True,enemyChef/oldlady,1,1,Retiree,99,5,6,140,300,1,4,2,4,6,7,1,1,1,1
100,Veteran,退役軍人,playable_chef,keep,playable chef (owner-approved set; do not edit),store (toxin),,6,5,toxin,2000,20,60,60,1,1,1,1,40,40,60,480,0,-1,1,False,enemyChef/oldman,1,1,Veteran,100,5,7,200,450,2,5,6,10,6,6,1,1,1,1
101,Champion,チャンピオン,playable_chef,keep,playable chef (owner-approved set; do not edit),store (toxin),,7,20,toxin,5000,80,100,60,1,3,1,1,50,50,50,480,0,-1,1,False,enemyChef/boxer,1,1,The Champ,101,20,25,500,850,8,8,10,20,6,7,3,2,1,1
102,Local Hero,地元の英雄,playable_chef,keep,playable chef (owner-approved set; do not edit),store (toxin),,8,10,toxin,5200,100,70,60,1,1,1,1,30,80,100,480,0,-1,1,False,enemyChef/officer,1,1,Local Hero,102,10,15,520,700,10,10,7,10,6,7,1,2,1,1
103,Stoogey the Clown,とぼけたピエロ,playable_chef,keep,playable chef (owner-approved set; do not edit),store (toxin),,9,12,toxin,3000,90,50,100,1,2,1,1,10,10,10,480,0,-1,1,False,enemyChef/clown,1,1,Stoogey the Clown,103,12,15,300,500,9,9,5,6,10,10,2,2,1,1
104,Fire Chief,消防署長,playable_chef,keep,playable chef (owner-approved set; do not edit),store (toxin),,10,10,toxin,3200,50,80,60,1,1,1,1,80,60,30,480,0,-1,1,False,enemyChef/firefighter,1,1,Fire Chief,104,10,12,320,550,5,6,8,12,6,7,1,2,1,1.1
105,Yokozuna,横綱,playable_chef,keep,playable chef (owner-approved set; do not edit),store (toxin),,12,50,toxin,10500,60,100,60,1,1,1.1,1,70,70,100,480,0,-1,1,False,enemyChef/sumowrestler,1,1,Yokozuna,105,50,35,1050,1100,6,7,10,18,6,8,1,2,1,1
106,Movie Star,映画スター,playable_chef,keep,playable chef (owner-approved set; do not edit),store (toxin),,12,15,toxin,2000,80,50,100,1,5,1,1,50,50,50,480,0,-1,1,True,enemyChef/model,1,1,Movie Star,106,15,25,200,600,8,8,5,8,10,10,5,3,1,1
107,Robo,ロボット,playable_chef,keep,playable chef (owner-approved set; do not edit),store (toxin),,8,50,toxin,5000,80,100,100,1.11,1,1,1,80,80,80,480,0,-1,1,False,robot/,1,1,Robo,107,50,40,500,1200,8,10,10,16,10,12,1,2,1.11,1.35
108,Captain Jack,ジャック船長,playable_chef,keep,playable chef (owner-approved set; do not edit),store (toxin),,10,50,toxin,5000,80,100,100,1,1,1,1.2,80,80,80,480,0,-1,1,False,pirate/,1,1,Captain Jack,108,50,125,500,1400,8,11,10,18,10,16,1,4,1,1.1
109,Cafe Chef,カフェのシェフ,playable_chef,keep,playable chef (owner-approved set; do not edit),store (toxin),,255,50,toxin,5000,50,50,50,1,2,1,1,50,50,50,480,0,-1,1,False,enemyChef/enemychefgeneric,1,1,Cafe Chef,109,50,40,500,800,5,7,5,7,5,9,2,3,1,1.25
110,Diner Chef,ダイナーのシェフ,playable_chef,keep,playable chef (owner-approved set; do not edit),store (toxin),,255,50,toxin,5000,50,50,50,1,2,1,1,50,50,50,480,0,-1,1,False,enemyChef/enemychefdiner,1,1,Diner Chef,110,50,40,500,800,5,7,5,7,5,9,2,3,1,1.15
111,Italian Chef,イタリア料理シェフ,playable_chef,keep,playable chef (owner-approved set; do not edit),store (toxin),,255,50,toxin,5000,50,50,50,1,2,1,1,50,50,50,480,0,-1,1,False,enemyChef/enemychefitalian,1,1,Italian Chef,111,50,60,500,850,5,8,5,8,5,12,2,4,1,1
112,Asian Chef,アジア料理シェフ,playable_chef,keep,playable chef (owner-approved set; do not edit),store (toxin),,255,50,toxin,5000,50,50,50,1,2,1,1,50,50,50,480,0,-1,1,False,enemyChef/enemychefasian,1,1,Asian Chef,112,50,50,500,800,5,7,5,7,5,9,2,3,1,1.4
113,Tex-Mex Chef,メキシコ料理シェフ,playable_chef,keep,playable chef (owner-approved set; do not edit),store (toxin),,255,50,toxin,5000,50,50,50,1,2,1,1,50,50,50,480,0,-1,1,False,enemyChef/enemycheftexmex,1,1,Tex Mex Chef,113,50,50,500,800,5,7,5,8,5,9,2,3,1,1
114,Pub Chef,パブのシェフ,playable_chef,keep,playable chef (owner-approved set; do not edit),store (toxin),,255,50,toxin,5000,50,50,50,1,2,1,1,50,50,50,480,0,-1,1,False,enemyChef/enemychefpub,1,1,Pub Chef,114,50,50,500,850,5,7,5,9,5,10,2,4,1,1
115,French Chef,フランス料理シェフ,playable_chef,keep,playable chef (owner-approved set; do not edit),store (toxin),,255,50,toxin,5000,50,50,50,1,2,1,1,50,50,50,480,0,-1,1,False,enemyChef/enemycheffrench,1,1,French Chef,115,50,55,500,800,5,7,5,7,5,10,2,4,1,1.1
116,Mad Scientist Chef,マッドサイエンティストシェフ,playable_chef,keep,playable chef (owner-approved set; do not edit),store (toxin),,255,50,toxin,5000,50,50,50,1,3,1,1,50,50,50,480,0,-1,1,False,enemyChef/enemychefscientist,1,1,Mad Scientist Chef,116,50,112,500,1500,5,9,5,14,5,14,3,4,1,1
117,Private,一等兵,worker_cash,keep,"EN-matched, already named in English (pass 3)",store (cash),,0,600,cash,1000,50,50,20,1,1,1,1,30,50,70,480,0,-1,1,False,military/teen,0,0,Private,117,600,600,100,100,5,6,5,6,2,1,1,1,1,1
118,Colonel,大佐,worker_toxin,keep,"EN-matched, already named in English (pass 3)",store (toxin),,7,10,toxin,1500,60,60,20,1,1,1,1,30,50,70,480,0,-1,1,False,military/businessman,0,1,,,,,,,,,,,,,,,,
119,Corporal,伍長,worker_toxin,keep,"EN-matched, already named in English (pass 3)",store (toxin),,9,15,toxin,2500,60,80,20,1,1,1,1,30,50,70,480,1,-1,1,False,military/military,0,1,,,,,,,,,,,,,,,,
120,Old Hippie,老いぼれヒッピー,worker_cash,keep,"EN-matched, already named in English (pass 3)",store (cash),,4,400,cash,800,20,40,50,1,1,1,1,30,20,70,480,0,-1,1,False,hippie/oldman,0,0,Old Hippie,120,400,350,80,90,2,2,4,4,5,7,1,1,1,1
121,Young Male Hippie,青年ヒッピー,worker_cash,keep,"EN-matched, already named in English (pass 3)",store (cash),,6,800,cash,1000,30,40,50,1,1,1,1,30,20,70,480,0,-1,1,False,hippie/teen,0,0,Young Male Hippie,121,800,800,100,100,3,4,4,4,5,5,1,1,1,1
122,Young Female Hippie,女性ヒッピー,worker_cash,keep,"EN-matched, already named in English (pass 3)",store (cash),,8,1500,cash,1000,30,40,50,1,1,1,1,30,20,70,480,0,-1,1,True,hippie/hippie,0,0,Young Female Hippie,122,1500,950,100,100,3,4,4,3,5,7,1,1,1,1
123,Corporal Chef,大佐シェフ,playable_chef,keep,playable chef (owner-approved set; do not edit),store (cash),,9,2000,cash,1500,60,80,20,1,1,1,1,30,50,70,480,0,-1,1,False,enemyChef/military,1,0,Corporal Chef,123,2000,2000,150,150,6,6,8,8,2,6,1,1,1,1
124,Hippie Chef,ヒッピーシェフ,playable_chef,keep,playable chef (owner-approved set; do not edit),store (cash),,4,400,cash,800,20,40,50,1,1,1,1,30,20,70,480,0,-1,1,True,enemyChef/hippie,1,0,Hippie Chef,124,400,400,80,80,2,5,4,4,5,6,1,1,1,1
125,Corporal Chef,大佐シェフ,playable_chef,keep,playable chef (owner-approved set; do not edit),store (toxin),,9,40,toxin,5000,60,80,20,1,1,1,1,30,50,70,480,0,-1,1,False,enemyChef/military,1,1,Corporal Chef,125,40,14,500,650,6,6,8,12,2,6,1,2,1,1
126,Hippie Chef,ヒッピーシェフ,playable_chef,keep,playable chef (owner-approved set; do not edit),store (toxin),,4,5,toxin,1600,20,40,50,1,1,1,1,30,20,70,480,0,-1,1,True,enemyChef/hippie,1,1,Hippie Chef,126,5,6,160,350,2,5,4,6,5,6,1,1,1,1
127,Frankenstein,フランケン,playable_chef,keep,playable chef (owner-approved set; do not edit),store (toxin),,255,100,toxin,12000,90,100,70,1,5,1,1,80,50,70,480,0,-1,1,False,enemyChef/Frankenstein,1,1,Frankenstein,127,100,175,1200,2200,9,11,10,25,7,17,5,6,1,1
128,Mummy Chef,ミイラ女のシェフ,playable_chef,keep,playable chef (owner-approved set; do not edit),store (toxin),,5,5,toxin,2400,20,40,50,1,1,1,1,30,20,70,480,0,-1,1,True,FrankieFemaleMummy/femaleMummy,1,1,Mummy Chef,128,5,8,240,400,2,4,4,8,5,6,1,1,1,1.1
129,Male Mummy Chef,ミイラ男のシェフ,playable_chef,keep,playable chef (owner-approved set; do not edit),store (toxin),,6,5,toxin,2400,20,40,50,1,1,1,1,30,20,70,480,0,-1,1,False,FrankieMaleMummy/maleMummy,1,1,Male Mummy Chef,129,5,8,240,400,2,4,4,8,5,6,1,1,1,1.1
130,Witch Chef,魔女のシェフ,playable_chef,keep,playable chef (owner-approved set; do not edit),store (toxin),,7,20,toxin,3600,60,80,20,1,1,1,1,30,50,70,480,0,-1,1,True,FrankieWitch/witch,1,1,Witch Chef,130,20,13,360,550,6,6,8,12,2,6,1,2,1,1
131,Wolfman Chef,狼男のシェフ,playable_chef,keep,playable chef (owner-approved set; do not edit),store (toxin),,8,40,toxin,5000,80,50,100,1,1,1,1,50,50,50,480,0,-1,1,False,FrankieWolfman/wolfman,1,1,Wolfman Chef,131,40,30,500,900,8,8,5,14,10,10,1,2,1,1
132,Mummy Woman,ミイラ女,worker_cash,keep,"EN-matched, already named in English (pass 3)",store (cash),,5,1000,cash,1200,20,40,50,1,1,1,1,30,20,70,480,0,-1,1,True,femaleMummy/femaleMummy,0,0,Mummy,132,1000,1000,120,100,2,2,4,4,5,6,1,1,1,1
133,Mummy Man,ミイラ男,worker_cash,keep,"EN-matched, already named in English (pass 3)",store (cash),,6,1000,cash,1200,20,40,50,1,1,1,1,30,20,70,480,0,-1,1,False,maleMummy/maleMummy,0,0,Mummy,133,1000,1000,120,100,2,2,4,4,5,6,1,1,1,1
134,Witch,魔女,worker_toxin,keep,"EN-matched, already named in English (pass 3)",store (toxin),,7,10,toxin,1800,60,80,20,1,1,1,1,30,50,70,480,1,-1,1,True,witch/witch,0,1,Witch,134,10,5,180,150,6,3,8,7,2,7,1,1,1,1
135,Werewolf,人狼,worker_toxin,keep,"EN-matched, already named in English (pass 3)",store (toxin),,8,20,toxin,2500,80,50,100,1,1,1,1,50,50,50,480,1,-1,1,False,wolfman/wolfman,0,1,Werewolf,135,20,50,250,790,8,11,5,14,10,8,1,1,1,1
136,Maid,メイド,playable_chef,keep,playable chef (owner-approved set; do not edit),store (toxin),,15,1,toxin,1300,30,40,100,1,1,1,1,80,10,10,480,1,-1,1,True,maid/maid,1,1,,,,,,,,,,,,,,,,
137,Butler,執事,playable_chef,keep,playable chef (owner-approved set; do not edit),store (toxin),,255,130,toxin,15000,100,80,80,1,6,1,1,80,50,70,480,0,-1,1,False,butler/butler,1,1,,,,,,,,,,,,,,,,
138,Maid Robot,メイドロボ,worker_toxin,keep,unique flavor text + competitive stats,store (toxin),,20,25,toxin,3000,100,70,10,1,1,1,1,80,50,70,480,2,-1,1,True,maid/maid,0,1,,,,,,,,,,,,,,,,
139,Maid Cafe Rival Maid,メイドカフェの敵メイド,event_reward_or_customer,uncertain,"recycled text, competitive stats — needs review",roulette/event (server-scheduled),,0,0,cash,1300,30,40,100,1,1,1,1,80,10,10,480,0,-1,1,True,MaidCafeMaid/MaidCafeMaid,0,0,,,,,,,,,,,,,,,,
140,Maid Cafe Rival Otaku,メイドカフェの敵オタク,event_reward_or_customer,uncertain,unique art but recycled text and dominated stats — art-only value,roulette/event (server-scheduled),,0,0,cash,900,50,40,30,1,1,1,1,50,50,50,480,0,-1,1,False,MaidCafeNerd/MaidCafeNerd,0,0,,,,,,,,,,,,,,,,
141,Strawweight,ストロー級,worker_toxin,keep,"EN-matched, already named in English (pass 3)",store (toxin),,255,5,toxin,1650,60,80,20,1,1,1,1,40,20,10,480,0,-1,1,False,boxer/,0,1,Boxer,40,15,12,225,175,7,8,9,10,1,2,1,1,1,1
142,Welterweight,ウエルター級,worker_toxin,keep,"EN-matched, already named in English (pass 3)",store (toxin),,255,17,toxin,2000,80,90,20,1,1,1,1,50,20,10,480,1,-1,1,False,boxer/,0,1,Boxer,40,15,12,225,175,7,8,9,10,1,2,1,1,1,1
143,Two-Division Champ,２階級制覇,worker_toxin,keep,"EN-matched, already named in English (pass 3)",store (toxin),,255,50,toxin,4000,90,100,90,1,1,1,1,80,20,10,480,2,-1,1,False,boxer/,0,1,Boxer,40,15,12,225,175,7,8,9,10,1,2,1,1,1,1
144,Businessman +1,ビジネスマン＋１,worker_cash,keep,"EN-matched, already named in English (pass 3)",store (cash),,255,1500,cash,1000,50,40,50,1,1,1,1,40,50,70,480,0,-1,1,False,businessman/faris,0,0,Businessman,13,0,0,100,100,4,4,3,3,4,4,1,1,1,1
145,Corporate Warrior,企業戦士,worker_toxin,keep,"EN-matched, already named in English (pass 3)",store (toxin),,255,5,toxin,1500,60,50,60,1,1,1,1,50,60,80,480,0,-1,1,False,businessman/faris,0,1,,,,,,,,,,,,,,,,
146,Accountant +1,会計士＋１,worker_cash,keep,"EN-matched, already named in English (pass 3)",store (cash),,255,1500,cash,1100,50,50,40,1,1,1,1,40,70,70,480,0,-1,1,False,businessman/oldman,0,0,Accountant,11,0,0,100,100,4,4,4,4,2,2,1,1,1,1
147,Police Inspector,警部,worker_toxin,keep,"EN-matched, already named in English (pass 3)",store (toxin),,255,15,toxin,1600,60,90,70,1,1,1,1,30,80,100,480,1,-1,1,False,businessman/officer,0,1,Sergeant,38,10,10,150,175,5,8,8,9,7,7,1,1,1,1
148,Washed-Up Politician,政治家くずれ,worker_toxin,keep,"EN-matched, already named in English (pass 3)",store (toxin),,255,1500,toxin,900,40,30,40,1,1,1,1,30,50,50,480,0,-1,1,False,businessman/,0,10,,,,,,,,,,,,,,,,
149,Bureaucrat,官僚,worker_toxin,keep,"EN-matched, already named in English (pass 3)",store (toxin),,255,12,toxin,1500,80,50,70,1,1,1,1,30,60,60,480,1,-1,1,False,businessman/,0,1,,,,,,,,,,,,,,,,
150,Minister,大臣,worker_toxin,uncertain,unique flavor text (joke value) but stat-dominated,store (toxin),,255,50,toxin,3000,70,70,100,1,1,1,1,80,60,60,480,2,-1,1,False,butler/oldman,0,1,,,,,,,,,,,,,,,,
151,Auditor,監査役,worker_cash,keep,"EN-matched, already named in English (pass 3)",store (cash),,255,3000,cash,1000,50,40,100,1,1,1,1,30,80,60,480,0,-1,1,False,businessman/,0,0,Businessman,14,0,0,90,90,4,4,3,3,4,4,1,1,1,1
152,Businesswoman +1,OL＋１,worker_cash,keep,"EN-matched, already named in English (pass 3)",store (cash),,255,1500,cash,1000,50,40,50,1,1,1,1,40,50,70,480,0,-1,1,True,businesswoman/,0,0,Businesswoman,15,0,0,90,90,4,4,3,3,4,4,1,1,1,1
153,Corporate Warrior,企業戦士,worker_toxin,keep,"EN-matched, already named in English (pass 3)",store (toxin),,255,5,toxin,1500,60,50,60,1,1,1,1,50,60,80,480,0,-1,1,True,businesswoman/,0,1,,,,,,,,,,,,,,,,
154,Bellboy,ボーイ,worker_cash,keep,unique flavor text + competitive stats,store (cash),,255,1500,cash,1000,50,30,80,1,1,1,1,30,40,60,480,0,-1,1,False,butler/faris,0,0,,,,,,,,,,,,,,,,
155,Conductor,指揮者,worker_cash,keep,unique flavor text + competitive stats,store (cash),,255,2000,cash,1000,60,20,80,1,1,1,1,40,40,50,480,0,-1,1,True,butler/businesswoman,0,0,,,,,,,,,,,,,,,,
156,Mummy Woman +1,ミイラ女＋１,worker_cash,keep,"EN-matched, already named in English (pass 3)",store (cash),,255,2000,cash,1300,30,50,60,1,1,1,1,30,20,70,480,0,-1,1,True,femaleMummy/femaleMummy,0,0,Mummy,132,1000,1000,120,100,2,2,4,4,5,6,1,1,1,1
157,Mummy Man +1,ミイラ男＋１,worker_cash,keep,"EN-matched, already named in English (pass 3)",store (cash),,255,2000,cash,1300,30,50,60,1,1,1,1,30,20,70,480,0,-1,1,False,maleMummy/maleMummy,0,0,Mummy,133,1000,1000,120,100,2,2,4,4,5,6,1,1,1,1
158,Yoga Grandmaster,ヨガの大先生,worker_toxin,keep,unique flavor text + competitive stats,store (toxin),,255,5,toxin,1100,60,70,50,1,1,1,1,60,50,50,480,0,-1,1,True,firefighter/oldlady,0,1,,,,,,,,,,,,,,,,
159,Yoga Master,ヨガの達人,worker_toxin,keep,unique flavor text + competitive stats,store (toxin),,255,10,toxin,1200,70,80,60,1,1,1,1,60,50,50,480,1,-1,1,False,firefighter/oldlady,0,1,,,,,,,,,,,,,,,,
160,Veteran +1,退役軍人＋１,worker_cash,keep,"EN-matched, already named in English (pass 3)",store (cash),,255,1500,cash,1100,30,70,70,1,1,1,1,50,50,70,480,0,-1,1,False,firefighter/oldman,0,0,Veteran,24,100,50,100,90,2,2,6,6,6,7,1,1,1,1
161,Legendary Player,伝説の選手,worker_toxin,keep,"EN-matched, already named in English (pass 3)",store (toxin),,255,20,toxin,2000,90,90,50,1,1,1,1,90,50,30,480,2,-1,1,False,footballplayer/generic,0,1,Star Player,45,15,12,180,175,9,10,8,9,3,4,1,1,1,1
162,I Am Legend,アイアムレジェンド,worker_toxin,keep,"EN-matched, already named in English (pass 3)",store (toxin),,255,50,toxin,2500,90,90,100,1,1,1,1,90,50,30,480,3,-1,1,False,footballplayer/generic,0,1,Star Player,45,15,12,180,175,9,10,8,9,3,4,1,1,1,1
163,Telemarketer +1,テレフォンアポインター＋１,worker_cash,keep,"EN-matched, already named in English (pass 3)",store (cash),,255,1500,cash,1100,30,50,70,1,1,1,1,30,50,50,480,0,-1,1,True,generic/businesswoman,0,0,Telemarketer,8,0,0,100,100,3,3,4,4,5,5,1,1,1,1
164,Couch Potato +1,怠け者＋１,worker_cash,keep,"EN-matched, already named in English (pass 3)",store (cash),,255,1500,cash,1500,50,50,30,1,1,1,1,30,40,40,480,0,-1,1,False,nerd/faris,0,0,Couch Potato,5,0,0,100,100,4,4,4,4,3,3,1,1,1,1
165,Retiree +1,退職者＋１,worker_cash,keep,"EN-matched, already named in English (pass 3)",store (cash),,255,1500,cash,800,20,20,80,1,1,1,1,30,20,100,480,0,-1,1,True,genericfemale/oldlady,0,0,Retiree,23,0,0,70,70,1,1,2,2,6,6,1,1,1,1
166,Hopeless Hippie,手遅れヒッピー,worker_cash,keep,"EN-matched, already named in English (pass 3)",store (cash),,255,1500,cash,900,30,50,60,1,1,1,1,30,20,70,480,0,-1,1,False,hippie/oldman,0,0,Old Hippie,120,400,350,80,90,2,2,4,4,5,7,1,1,1,1
167,Young Male Hippie +1,青年ヒッピー＋１,worker_cash,keep,"EN-matched, already named in English (pass 3)",store (cash),,255,1500,cash,1100,40,50,60,1,1,1,1,30,20,70,480,0,-1,1,False,hippie/teen,0,0,Young Male Hippie,121,800,800,100,100,3,4,4,4,5,5,1,1,1,1
168,Young Female Hippie +1,女性ヒッピー＋１,worker_cash,keep,"EN-matched, already named in English (pass 3)",store (cash),,255,2000,cash,1100,40,50,60,1,1,1,1,30,20,70,480,0,-1,1,True,hippie/hippie,0,0,Young Female Hippie,122,1500,950,100,100,3,4,4,3,5,7,1,1,1,1
169,Hippie Nerd,ヒッピーオタク,worker_cash,keep,unique flavor text + competitive stats,store (cash),,255,2000,cash,1000,60,40,50,1,1,1,1,30,20,70,480,0,-1,1,False,hippie/nerd,0,0,,,,,,,,,,,,,,,,
170,Ex-Corporal,元伍長,worker_toxin,uncertain,unique flavor text (joke value) but stat-dominated,store (toxin),,255,2000,toxin,1000,60,80,20,1,1,1,1,30,50,70,480,0,-1,1,False,businessman/military,0,1,,,,,,,,,,,,,,,,
171,Female Soldier,女兵士,worker_toxin,keep,unique flavor text + competitive stats,store (toxin),,255,7,toxin,1500,70,60,50,1,1,1,1,30,50,70,480,0,-1,1,True,military/cutegirl,0,1,,,,,,,,,,,,,,,,
172,Super Female Soldier,超女兵士,worker_toxin,keep,unique flavor text + competitive stats,store (toxin),,255,20,toxin,2500,80,80,50,1,1,1,1,30,50,70,480,2,-1,1,True,military/cutegirl,0,1,,,,,,,,,,,,,,,,
173,Lieutenant,中尉,worker_toxin,keep,"EN-matched, already named in English (pass 3)",store (toxin),,255,12,toxin,1600,70,60,30,1,1,1,1,30,50,70,480,1,-1,1,False,military/businessman,0,1,,,,,,,,,,,,,,,,
174,Captain,大尉,worker_toxin,keep,"EN-matched, already named in English (pass 3)",store (toxin),,255,15,toxin,2000,80,60,40,1,1,1,1,30,50,70,480,1,-1,1,False,military/businessman,0,1,,,,,,,,,,,,,,,,
175,Major General,少将,worker_toxin,keep,"EN-matched, already named in English (pass 3)",store (toxin),,255,17,toxin,2500,70,70,50,1,1,1,1,30,50,70,480,1,-1,1,False,military/military,0,1,,,,,,,,,,,,,,,,
176,Field Marshal,元帥,worker_toxin,uncertain,unique flavor text (joke value) but stat-dominated,store (toxin),,255,50,toxin,3500,30,90,70,1,1,1,1,30,50,70,480,3,-1,1,False,military/oldman,0,1,,,,,,,,,,,,,,,,
177,Ultra Model,ウルトラモデル,worker_toxin,keep,"EN-matched, already named in English (pass 3)",store (toxin),,255,30,toxin,800,100,10,90,1,1,1,1,100,30,30,480,3,-1,1,True,model/,0,1,Celebrity,51,5,10,80,175,7,9,4,6,9,12,1,1,1,1
178,News Anchor,女子アナ,worker_toxin,keep,"EN-matched, already named in English (pass 3)",store (toxin),,255,2,toxin,1000,70,30,70,1,1,1,1,50,40,60,480,1,-1,1,True,businesswoman/,0,1,,,,,,,,,,,,,,,,
179,Vice Principal,教頭,worker_toxin,keep,unique flavor text + competitive stats,store (toxin),,255,5,toxin,1200,50,40,70,1,1,1,1,30,60,60,480,0,-1,1,False,businessman/generic,0,1,,,,,,,,,,,,,,,,
180,Vice Principal,教頭,worker_toxin,keep,unique flavor text + competitive stats,store (toxin),,255,5,toxin,1200,50,40,70,1,1,1,1,30,60,60,480,0,-1,1,True,businessman/oldlady,0,1,,,,,,,,,,,,,,,,
181,Principal,校長,worker_toxin,keep,"EN-matched, already named in English (pass 3)",store (toxin),,255,10,toxin,1400,50,60,80,1,1,1,1,30,60,60,480,1,-1,1,False,businessman/oldman,0,1,,,,,,,,,,,,,,,,
182,Principal,校長,worker_toxin,keep,"EN-matched, already named in English (pass 3)",store (toxin),,255,10,toxin,1400,50,60,80,1,1,1,1,30,60,60,480,1,-1,1,True,businesswoman/oldlady,0,1,,,,,,,,,,,,,,,,
183,School Board Chief,教育委員会長,worker_toxin,keep,"EN-matched, already named in English (pass 3)",store (toxin),,255,15,toxin,1500,60,70,90,1,1,1,1,30,60,60,480,3,-1,1,False,businessman/oldman,0,1,,,,,,,,,,,,,,,,
184,Daydream Warrior,妄想戦士,worker_cash,keep,"EN-matched, already named in English (pass 3)",store (cash),,255,1500,cash,650,80,30,20,1,1,1,1,10,90,90,480,1,-1,1,False,nerd/,0,0,Nerd,30,200,300,65,90,7,7,2,2,4,5,1,1,1,1
185,Game Programmer,ゲームプログラマー,worker_cash,keep,"EN-matched, already named in English (pass 3)",store (cash),,255,2000,cash,1200,90,10,20,1,1,1,1,10,90,90,480,0,-1,1,False,nerd/,0,0,Nerd,30,200,300,65,90,7,7,2,2,4,5,1,1,1,1
186,Negotiator,ネゴシエイター,worker_toxin,keep,unique flavor text + competitive stats,store (toxin),,255,15,toxin,1500,60,80,100,1,1,1,1,30,80,100,480,1,-1,1,False,officer/boxer,0,1,,,,,,,,,,,,,,,,
187,Negotiator +1,ネゴシエイター＋１,worker_toxin,keep,unique flavor text + competitive stats,store (toxin),,255,30,toxin,2000,60,80,100,1,1,1,1,30,80,100,480,2,-1,1,False,officer/boxer,0,1,,,,,,,,,,,,,,,,
188,Secret Police,秘密警察,worker_toxin,keep,"EN-matched, already named in English (pass 3)",store (toxin),,255,20,toxin,2200,70,80,60,1,1,1,1,30,80,100,480,1,-1,1,False,officer/omar,0,1,Local Hero,39,10,10,160,175,6,8,7,9,6,6,1,1,1,1
189,Rookie Sumo,幕外,worker_toxin,keep,"EN-matched, already named in English (pass 3)",store (toxin),,255,25,toxin,3000,50,80,10,1,1,1,1,70,30,100,480,1,-1,1,False,sumowrestler/,0,1,Sumo Wrestler,50,30,25,400,475,5,9,10,11,1,3,1,1,1,1
190,Ozeki,大関,worker_toxin,keep,"EN-matched, already named in English (pass 3)",store (toxin),,255,40,toxin,4500,50,100,10,1,1,1,1,70,30,100,480,2,-1,1,False,sumowrestler/,0,1,Sumo Wrestler,50,30,25,400,475,5,9,10,11,1,3,1,1,1,1
191,Teenager +1,10代＋１,worker_cash,keep,"EN-matched, already named in English (pass 3)",store (cash),,255,1500,cash,950,70,50,20,1,1,1,1,60,20,20,480,0,-1,1,False,teen/,0,0,Teenager,26,0,0,85,85,7,7,4,4,1,1,1,1,1,1
192,Rookie Clown,なりたてピエロ,worker_toxin,keep,"EN-matched, already named in English (pass 3)",store (toxin),,255,6,toxin,1300,80,40,90,1,1,1,1,10,10,10,480,0,-1,1,False,teen/clown,0,1,Stoogey the Clown,47,12,15,130,250,9,12,5,7,10,12,1,1,1,1
193,Goofy Clown,おまぬけピエロ,worker_toxin,keep,"EN-matched, already named in English (pass 3)",store (toxin),,255,15,toxin,1300,100,50,100,1,1,1,1,10,10,10,480,0,-1,1,False,teen/clown,0,1,Stoogey the Clown,47,12,15,130,250,9,12,5,7,10,12,1,1,1,1
194,Clown Master,ピエロマスター,worker_toxin,keep,"EN-matched, already named in English (pass 3)",store (toxin),,255,50,toxin,3000,100,70,100,1,1,1,1,10,10,10,480,2,-1,1,False,teen/clown,0,1,Stoogey the Clown,47,12,15,130,250,9,12,5,7,10,12,1,1,1,1
195,Demon Foreman,現場の鬼,worker_toxin,keep,"EN-matched, already named in English (pass 3)",store (toxin),,255,15,toxin,2500,50,90,10,1,1,1,1,20,30,20,480,1,-1,1,False,teen/constructionworker,0,1,,,,,,,,,,,,,,,,
196,Wannabe Musician,ミュージシャン気取り,worker_cash,keep,"EN-matched, already named in English (pass 3)",store (cash),,255,1500,cash,850,60,40,10,1,1,1,1,60,60,20,480,0,-1,1,False,teen/,0,0,Teenager,26,0,0,85,85,7,7,4,4,1,1,1,1,1,1
197,Indie Rocker,インディーズバンド,worker_cash,keep,"EN-matched, already named in English (pass 3)",store (cash),,255,2000,cash,1050,80,60,30,1,1,1,1,60,60,20,480,0,-1,1,False,teen/,0,0,Teenager,26,0,0,85,85,7,7,4,4,1,1,1,1,1,1
198,Pro Rocker,プロロッカー,worker_toxin,keep,"EN-matched, already named in English (pass 3)",store (toxin),,255,10,toxin,1250,80,70,60,1,1,1,1,60,60,20,480,0,-1,1,False,teen/,0,1,,,,,,,,,,,,,,,,
199,Pro Rocker +1,プロロッカー＋１,worker_toxin,keep,"EN-matched, already named in English (pass 3)",store (toxin),,255,15,toxin,1450,80,80,90,1,1,1,1,60,60,20,480,1,-1,1,False,teen/,0,1,,,,,,,,,,,,,,,,
200,Head Witch,魔女長,worker_toxin,keep,"EN-matched, already named in English (pass 3)",store (toxin),,255,15,toxin,2000,60,90,40,1,1,1,1,30,50,70,480,1,-1,1,True,witch/witch,0,1,Witch,134,10,5,180,150,6,3,8,7,2,7,1,1,1,1
201,Magical Girl,魔女っ娘,worker_toxin,keep,unique flavor text + competitive stats,store (toxin),,255,50,toxin,2500,100,80,100,1,1,1,1,30,50,70,480,2,-1,1,True,witch/majokko,0,1,,,,,,,,,,,,,,,,
202,Werewolf King,人狼王,worker_toxin,keep,"EN-matched, already named in English (pass 3)",store (toxin),,255,50,toxin,4000,80,100,100,1,1,1,1,50,50,50,480,2,-1,1,False,wolfman/wolfman,0,1,Werewolf,135,20,50,250,790,8,11,5,14,10,8,1,1,1,1
203,Ultimate Werewolf,究極の人狼,worker_toxin,keep,"EN-matched, already named in English (pass 3)",store (toxin),,255,70,toxin,5000,80,100,100,1,1,1,1,50,50,50,480,3,-1,1,False,wolfman/wolfman,0,1,Werewolf,135,20,50,250,790,8,11,5,14,10,8,1,1,1,1
204,Secret Police Chief,秘密警察署長,worker_toxin,keep,"EN-matched, already named in English (pass 3)",store (toxin),,255,20,toxin,2500,70,80,70,1,1,1,1,30,80,100,480,2,-1,1,False,officer/omar,0,1,Local Hero,39,10,10,160,175,6,8,7,9,6,6,1,1,1,1
205,Shift Leader,バイトリーダー,worker_cash,keep,"EN-matched, already named in English (pass 3)",store (cash),,255,1500,cash,1100,50,50,40,1,1,1,1,30,40,40,480,0,-1,1,False,nerd/faris,0,0,Couch Potato,5,0,0,100,100,4,4,4,4,3,3,1,1,1,1
206,Part-Time Warrior,バイト戦士,worker_toxin,keep,"EN-matched, already named in English (pass 3)",store (toxin),,255,5,toxin,1200,60,60,50,1,1,1,1,30,40,40,480,1,-1,1,False,nerd/faris,0,1,,,,,,,,,,,,,,,,
207,Franken Boxer,フランケンボクサー,worker_toxin,uncertain,unique flavor text (joke value) but stat-dominated,store (toxin),,255,100,toxin,5000,100,90,70,1,1,1,1,80,50,70,480,3,-1,1,False,boxer/Frankenstein,0,1,,,,,,,,,,,,,,,,
208,Franken Businessman,フランケンビジネス,worker_toxin,uncertain,unique flavor text (joke value) but stat-dominated,store (toxin),,255,100,toxin,5000,70,90,100,1,1,1,1,80,50,70,480,3,-1,1,False,businessman/Frankenstein,0,1,,,,,,,,,,,,,,,,
209,Franken Army,フランケンアーミー,worker_toxin,uncertain,unique flavor text (joke value) but stat-dominated,store (toxin),,255,100,toxin,5000,90,100,70,1,1,1,1,80,50,70,480,3,-1,1,False,military/Frankenstein,0,1,,,,,,,,,,,,,,,,
210,Mad Scientist,マッドサイエンティスト,worker_toxin,uncertain,unique flavor text (joke value) but stat-dominated,store (toxin),,255,70,toxin,4000,70,70,100,1,1,1,1,90,90,50,480,3,-1,1,False,Rare_enemychefscientist/Rare_enemychefscientist,0,1,,,,,,,,,,,,,,,,
211,Robo,ロボット,worker_toxin,keep,"EN-matched, already named in English (pass 3)",store (toxin),,255,80,toxin,5000,80,100,100,1,1,1,1,80,80,80,480,3,-1,1,False,Rare_robot/Rare_robot,0,1,,,,,,,,,,,,,,,,
212,Pirate,海賊,worker_toxin,uncertain,unique art but recycled text and dominated stats — art-only value,store (toxin),,255,70,toxin,4500,80,100,100,1,1,1,1,80,80,80,480,3,-1,1,False,Rare_pirate/Rare_pirate,0,1,,,,,,,,,,,,,,,,
213,Butler,執事,worker_toxin,uncertain,unique flavor text (joke value) but stat-dominated,store (toxin),,255,80,toxin,5000,100,80,80,1,1,1,1,80,50,70,480,3,-1,1,False,Rare_butler/Rare_butler,0,1,,,,,,,,,,,,,,,,
214,Jiangshi,東洋のゾンビ,worker_toxin,keep,unique flavor text + competitive stats,store (toxin),event_kyonshi,12,20,toxin,2000,90,60,70,1,1,1,1,80,10,10,480,1,-1,1,False,Kyonshi_child/Kyonshi_child,0,1,,,,,,,,,,,,,,,,
215,Jiangshi,東洋のゾンビ,worker_toxin,keep,unique flavor text + competitive stats,store (toxin),event_kyonshi,12,20,toxin,2000,60,90,80,1,1,1,1,80,10,10,480,1,-1,1,False,Kyonshi_man/Kyonshi_man,0,1,,,,,,,,,,,,,,,,
216,Jiangshi,東洋のゾンビ,worker_toxin,keep,unique flavor text + competitive stats,store (toxin),event_kyonshi,12,20,toxin,2000,80,60,100,1,1,1,1,80,10,10,480,1,-1,1,True,Kyonshi_woman/Kyonshi_woman,0,1,,,,,,,,,,,,,,,,
217,Jiangshi,東洋のゾンビ,playable_chef,keep,playable chef (owner-approved set; do not edit),store (toxin),event_kyonshi,255,100,toxin,13000,100,80,80,1,5,1,1,80,50,70,480,0,-1,1,False,KyonshiShop_man/KyonshiShop_man,1,1,,,,,,,,,,,,,,,,
218,Jiangshi Shop Child,東洋のゾンビショップの東洋のゾンビチャイルド,event_reward_or_customer,uncertain,unique flavor text (joke value) but stat-dominated,roulette/event (server-scheduled),event_kyonshi,0,0,cash,1300,50,50,50,1,1,1,1,80,10,10,480,0,-1,1,False,KyonshiShop_child/KyonshiShop_child,0,0,,,,,,,,,,,,,,,,
219,Jiangshi Shop Woman,東洋のゾンビショップの東洋のゾンビウーマン,event_reward_or_customer,uncertain,unique flavor text (joke value) but stat-dominated,roulette/event (server-scheduled),event_kyonshi,0,0,cash,1300,30,30,30,1,1,1,1,50,50,50,480,0,-1,1,True,KyonshiShop_woman/KyonshiShop_woman,0,0,,,,,,,,,,,,,,,,
220,Asian Zombie Star,アジアンゾンビスター,worker_toxin,keep,unique flavor text + competitive stats,store (toxin),,255,70,toxin,4500,100,70,100,1,1,1,1,80,10,10,480,3,-1,1,False,Kyonshi_child/Kyonshi_child,0,1,,,,,,,,,,,,,,,,
221,Maid Robot Mk-2,メイドロボＭｋ－２,worker_toxin,keep,unique flavor text + competitive stats,store (toxin),,255,80,toxin,5000,100,80,100,1,1,1,1,80,50,70,480,3,-1,1,True,maid/Rare_robot,0,1,,,,,,,,,,,,,,,,
222,Bride of Frankenstein,フランケンの花嫁,worker_toxin,keep,"EN-matched, already named in English (pass 3)",store (toxin),,255,70,toxin,4500,80,90,90,1,1,1,1,80,60,80,480,3,-1,1,True,femaleMummy/BrideOfFrankenstein,0,1,,,,,,,,,,,,,,,,
223,Alien,エイリアン,worker_toxin,uncertain,unique flavor text (joke value) but stat-dominated,store (toxin),,255,80,toxin,5000,90,80,50,1,1,1,1,100,100,100,480,3,-1,1,False,Rare_robot/Martian,0,1,,,,,,,,,,,,,,,,
224,Evil Leprechaun,レプラコーン,playable_chef,keep,playable chef (owner-approved set; do not edit),store (toxin),,255,75,toxin,12000,90,50,100,1.11,1,1,1,80,60,60,480,0,-1,1,False,enemyChef/Leprechaun,1,1,Evil Leprechaun,138,75,105,1200,1450,9,11,5,9,10,15,1,4,1.11,1.25
225,Ramen Shop Worker,ラーメン屋店員,worker_cash,keep,unique flavor text + competitive stats,store (cash),,11,5000,cash,1800,70,70,70,1,1,1,1,80,80,80,480,1,-1,1,False,Kyonshi_man/generic,0,0,,,,,,,,,,,,,,,,
226,Ramen Shop Worker,ラーメン屋店員,worker_cash,keep,unique flavor text + competitive stats,store (cash),,11,5000,cash,1800,70,70,70,1,1,1,1,80,80,80,480,2,-1,1,True,Kyonshi_woman/cutegirl,0,0,,,,,,,,,,,,,,,,
227,Ramen Shop Manager,ラーメン屋店長,worker_toxin,keep,unique flavor text + competitive stats,store (toxin),,11,18,toxin,2100,70,80,80,1,1,1,1,90,80,80,480,2,-1,1,False,Kyonshi_man/omar,0,1,,,,,,,,,,,,,,,,
228,Doomed Racer,非業のレーサー,worker_toxin,keep,unique flavor text + competitive stats,store (toxin),,255,60,toxin,4500,120,70,10,1,1,1,1,10,50,50,480,3,-1,1,False,maleRacer/faris,0,1,,,,,,,,,,,,,,,,
229,Doomed Race Queen,非業のレースクイーン,worker_toxin,keep,unique flavor text + competitive stats,store (toxin),,255,60,toxin,4500,120,70,10,1,1,1,1,10,50,50,480,3,-1,1,True,femaleRacer/model,0,1,,,,,,,,,,,,,,,,
230,Stablemaster,親方,worker_cash,keep,unique flavor text + competitive stats,store (cash),,11,100000,cash,6500,20,30,100,1,1,1,1,10,10,10,480,2,-1,1,False,firefighter/sumowrestler,0,0,,,,,,,,,,,,,,,,
231,Mohawk,モヒカン,worker_cash,keep,unique flavor text + competitive stats,store (cash),,11,500,cash,1300,40,40,40,1,1,1,1,40,40,40,480,0,-1,1,False,teen/boxer,0,0,,,,,,,,,,,,,,,,
232,Pipe Fitter,土管工,worker_cash,keep,unique flavor text + competitive stats,store (cash),,11,5000,cash,3000,50,50,30,1,1,1,1,50,80,50,480,1,-1,1,False,clown/firefighter,0,0,,,,,,,,,,,,,,,,
233,Street Performer,大道芸人,worker_cash,keep,unique flavor text + competitive stats,store (cash),,11,4000,cash,2500,50,40,60,1,1,1,1,80,50,60,480,1,-1,1,False,generic/clown,0,0,,,,,,,,,,,,,,,,
234,Fire Ranger Red,消KAレッド,worker_toxin,keep,unique flavor text + competitive stats,store (toxin),,255,100,toxin,6000,70,110,70,1,1,1,1,50,80,50,480,4,-1,1,False,Ranger_Red/Ranger_Red,0,1,,,,,,,,,,,,,,,,
235,Grave Ranger Blue,HAKA士ブルー,worker_toxin,uncertain,unique flavor text (joke value) but stat-dominated,store (toxin),,255,100,toxin,5000,80,70,100,1,1,1,1,80,100,100,480,4,-1,1,False,Ranger_Blue/Ranger_Blue,0,1,,,,,,,,,,,,,,,,
236,Tough Ranger Yellow,ドスKOIイエロー,worker_toxin,uncertain,unique flavor text (joke value) but stat-dominated,store (toxin),,255,100,toxin,7000,60,100,70,1,1,1,1,50,30,30,480,4,-1,1,False,Ranger_Yellow/Ranger_Yellow,0,1,,,,,,,,,,,,,,,,
237,Army Ranger Green,軍SOグリーン,worker_toxin,uncertain,unique flavor text (joke value) but stat-dominated,store (toxin),,255,100,toxin,6500,90,110,20,1,1,1,1,80,60,60,480,4,-1,1,False,Ranger_Green/Ranger_Green,0,1,,,,,,,,,,,,,,,,
238,Cosplay X2000 Pink,コスPlayX2000ピンク,worker_toxin,keep,unique flavor text + competitive stats,store (toxin),,255,100,toxin,5500,110,70,100,1,1,1,1,80,50,60,480,4,-1,1,True,Ranger_Pink/Ranger_Pink,0,1,,,,,,,,,,,,,,,,
239,???,？？？,event_reward_or_customer,uncertain,unique flavor text (joke value) but stat-dominated,roulette/event (server-scheduled),,255,0,cash,100,10,10,10,1,1,1,1,10,10,10,480,0,-1,1,False,businessman/unknown,0,0,,,,,,,,,,,,,,,,
240,Genin,下忍,worker_cash,keep,unique flavor text + competitive stats,store (cash),,13,10000,cash,1500,100,40,30,1,1,1,1,60,70,30,480,0,-1,1,False,Ninjaman/Ninjaman,0,0,,,,,,,,,,,,,,,,
241,Chunin,中忍,worker_toxin,keep,unique flavor text + competitive stats,store (toxin),,13,20,toxin,2000,110,50,40,1,1,1,1,60,70,30,480,1,-1,1,True,Ninjawoman/Ninjawoman,0,1,,,,,,,,,,,,,,,,
242,Jonin,上忍,worker_toxin,keep,unique flavor text + competitive stats,store (toxin),,13,30,toxin,3500,120,60,50,1,1,1,1,60,70,30,480,2,-1,1,False,Ninjaman/Ninjaman,0,1,,,,,,,,,,,,,,,,
243,Elite Ninja,特忍,worker_toxin,uncertain,unique flavor text (joke value) but stat-dominated,store (toxin),,255,100,toxin,4500,130,70,60,1,1,1,1,60,70,30,480,3,-1,1,True,Ninjawoman/Ninjawoman,0,1,,,,,,,,,,,,,,,,
244,Ninja Boss,お頭,worker_toxin,uncertain,"recycled text, competitive stats — needs review",store (toxin),,255,130,toxin,6000,140,70,70,1,1,1,1,60,70,30,480,4,-1,1,False,Ninjareader/Ninjareader,0,1,,,,,,,,,,,,,,,,
245,Ninja Boss,お頭,playable_chef,keep,playable chef (owner-approved set; do not edit),store (toxin),,255,130,toxin,13000,140,70,70,1,1,1,1,60,70,30,480,0,-1,1,False,Ninjareader/Ninjareader,1,1,,,,,,,,,,,,,,,,
246,Martian Scientist,火星人サイエンティスト,worker_cash,keep,"EN-matched, already named in English (pass 3)",store (cash),,7,30000,cash,2500,80,50,50,1,1,1,1.2,50,100,70,480,0,-1,1,False,martian1/martian1,0,0,Martian Scientist,139,99000,79000,250,475,8,10,5,11,5,6,1,1,1,1
247,Martian Soldier,火星人ソルジャー,worker_toxin,keep,"EN-matched, already named in English (pass 3)",store (toxin),,7,20,toxin,3500,80,100,60,1,1,1,1,50,50,50,480,1,-1,1,False,martian2/martian2,0,1,Martian Soldier,140,30,25,650,475,8,9,10,12,6,7,1,1,1,1
248,Martian Commander,火星人コマンダー,worker_toxin,keep,"EN-matched, already named in English (pass 3)",store (toxin),,8,20,toxin,4000,70,60,100,1,2,1,1,50,50,70,480,2,-1,1,False,martian3/martian3,0,1,Martian Commander,141,30,40,700,610,7,10,6,10,10,13,2,2,1,1
249,Martian Doctor,火星人ドクター,worker_cash,keep,"EN-matched, already named in English (pass 3)",store (cash),,7,30000,cash,2500,50,50,70,1,1,1.2,1,60,70,100,480,1,-1,1,False,martian4/martian4,0,0,Martian Doctor,142,95000,95000,250,500,5,9,5,8,7,12,1,1,1,1
250,Martian Brain,火星人ブレイン,worker_toxin,keep,unique flavor text + competitive stats,store (toxin),,255,110,toxin,6250,110,70,100,1,1,1,1,50,100,70,480,4,-1,1,False,MarsAlien/MarsAlien,0,1,,,,,,,,,,,,,,,,
251,Venusian,金星人,worker_toxin,uncertain,"recycled text, competitive stats — needs review",store (toxin),,255,130,toxin,6500,90,110,100,1,1,1,1,60,70,70,480,4,-1,1,False,Venusian/Venusian,0,1,,,,,,,,,,,,,,,,
252,Venusian Chef,金星人シェフ,playable_chef,keep,playable chef (owner-approved set; do not edit),store (toxin),,255,130,toxin,14000,90,110,100,1,1,1,1.2,60,70,70,480,0,-1,1,False,Venusian/Venusian,1,1,,,,,,,,,,,,,,,,
253,Mighty Hare,豪力の滅兎,worker_toxin,uncertain,unique flavor text (joke value) but stat-dominated,store (toxin),,255,150,toxin,7000,60,120,60,1,1,1,1,60,20,30,480,4,-1,1,False,Ninjaman/footballplayer,0,1,,,,,,,,,,,,,,,,
254,Swift Vixen,疾風の卑妃,worker_toxin,uncertain,unique flavor text (joke value) but stat-dominated,store (toxin),,255,150,toxin,6500,140,70,60,1,1,1,1,60,60,30,480,4,-1,1,True,Ninjawoman/hippie,0,1,,,,,,,,,,,,,,,,
255,Diligent Dragon,勤勉の龍,worker_toxin,keep,unique flavor text + competitive stats,store (toxin),,255,150,toxin,6750,110,70,70,1,1,1,1,60,110,30,480,4,-1,1,False,Ninjaman/faris,0,1,,,,,,,,,,,,,,,,
256,Lone Tipper,チップの独,worker_toxin,keep,unique flavor text + competitive stats,store (toxin),,255,150,toxin,6500,120,80,100,1,1,1,1,60,60,30,480,4,-1,1,False,Ninjaman/Rare_enemychefscientist,0,1,,,,,,,,,,,,,,,,
257,Alien Ninja,エイリアン忍者,worker_toxin,keep,unique flavor text + competitive stats,store (toxin),,255,170,toxin,6500,130,100,90,1,1,1,1,60,60,10,480,4,-1,1,False,Ninjaman/Venusian,0,1,,,,,,,,,,,,,,,,
258,Skeleton,スケルトン,worker_cash,keep,unique flavor text + competitive stats,store (cash),,14,20000,cash,4000,40,60,50,1,1,1,1,30,20,100,480,1,-1,1,False,skelton/skelton,0,0,,,,,,,,,,,,,,,,
259,Bronze Knight,ブロンズナイト,worker_toxin,uncertain,unique flavor text (joke value) but stat-dominated,store (toxin),,255,120,toxin,7800,40,130,60,1,1,1,1,20,80,100,480,3,-1,1,False,Brondsknight/Brondsknight,0,1,,,,,,,,,,,,,,,,
260,Silver Knight,シルバーナイト,worker_toxin,keep,"EN-matched, already named in English (pass 3)",store (toxin),,255,130,toxin,7900,40,130,70,1,1,1,1,20,80,100,480,3,-1,1,True,knight/knight,0,1,,,,,,,,,,,,,,,,
261,Gold Knight,ゴールドナイト,worker_toxin,keep,unique flavor text + competitive stats,store (toxin),,255,140,toxin,8000,40,130,80,1,1,1,1,20,80,100,480,3,-1,1,False,Goldknight/Goldknight,0,1,,,,,,,,,,,,,,,,
262,Diamond Knight,ダイヤモンドナイト,worker_toxin,keep,unique flavor text + competitive stats,store (toxin),,255,200,toxin,10000,50,130,100,1,1,1,1,20,80,100,480,4,-1,1,False,Diamondknight/Diamondknight,0,1,,,,,,,,,,,,,,,,
263,Bronze Skeleton Knight,スケルトンナイト銅,worker_toxin,uncertain,unique flavor text (joke value) but stat-dominated,store (toxin),,255,120,toxin,7800,80,80,40,1,1,1,1,20,50,100,480,3,-1,1,False,Brondsknight/skelton,0,1,,,,,,,,,,,,,,,,
264,Silver Skeleton Knight,スケルトンナイト銀,worker_toxin,uncertain,unique flavor text (joke value) but stat-dominated,store (toxin),,255,130,toxin,7900,80,80,40,1,1,1,1,20,50,100,480,3,-1,1,False,knight/skelton,0,1,,,,,,,,,,,,,,,,
265,Gold Skeleton Knight,スケルトンナイト金,worker_toxin,uncertain,unique flavor text (joke value) but stat-dominated,store (toxin),,255,140,toxin,8000,80,80,40,1,1,1,1,20,50,100,480,3,-1,1,False,Goldknight/skelton,0,1,,,,,,,,,,,,,,,,
266,Diamond Skeleton,ダイヤモンドスケルトン,worker_toxin,uncertain,unique flavor text (joke value) but stat-dominated,store (toxin),,255,140,toxin,10000,80,80,40,1,1,1,1,20,50,100,480,4,-1,1,False,Diamondknight/skelton,0,1,,,,,,,,,,,,,,,,
267,Hockey Mask FRI,ホッケーマスクＦＲＩ,worker_toxin,uncertain,unique art but recycled text and dominated stats — art-only value,store (toxin),,255,200,toxin,7500,90,130,30,1,1,1,1,50,50,40,480,4,-1,1,False,jasonA/jasonA,0,1,,,,,,,,,,,,,,,,
268,Hockey Mask SAT,ホッケーマスクＳＡＴ,worker_toxin,uncertain,unique flavor text (joke value) but stat-dominated,store (toxin),,255,200,toxin,7500,110,110,50,1,1,1,1,50,50,40,480,4,-1,1,False,jasonB/jasonB,0,1,,,,,,,,,,,,,,,,
269,Hockey Mask SUN,ホッケーマスクＳＵＮ,worker_toxin,uncertain,unique flavor text (joke value) but stat-dominated,store (toxin),,255,200,toxin,7500,130,90,30,1,1,1,1,50,50,40,480,4,-1,1,False,jasonC/jasonC,0,1,,,,,,,,,,,,,,,,
270,Death of a Salesman,死のセールスマン,worker_toxin,uncertain,unique flavor text (joke value) but stat-dominated,store (toxin),,255,200,toxin,7500,90,130,30,1,1,1,1,50,50,40,480,4,-1,1,False,reaperA/reaperA,0,1,,,,,,,,,,,,,,,,
271,Death's Courier,死の宅配業者,worker_toxin,uncertain,unique flavor text (joke value) but stat-dominated,store (toxin),,255,200,toxin,7500,110,110,50,1,1,1,1,50,50,40,480,4,-1,1,False,reaperB/reaperB,0,1,,,,,,,,,,,,,,,,
272,Death's Clerk,死の職員,worker_toxin,uncertain,unique flavor text (joke value) but stat-dominated,store (toxin),,255,200,toxin,7500,130,90,30,1,1,1,1,50,50,40,480,4,-1,1,False,reaperC/reaperC,0,1,,,,,,,,,,,,,,,,
273,Karate Master: Soft,空手師範・柔,worker_toxin,uncertain,unique flavor text (joke value) but stat-dominated,store (toxin),,255,130,toxin,3500,80,90,40,1,1,1,1,60,50,100,480,3,-1,1,False,dojokarateA/dojokarateA,0,1,,,,,,,,,,,,,,,,
274,Karate Master: Hard,空手師範・剛,worker_toxin,uncertain,unique flavor text (joke value) but stat-dominated,store (toxin),,255,130,toxin,3500,60,110,40,1,1,1,1,60,50,100,480,3,-1,1,False,dojokarateB/dojokarateB,0,1,,,,,,,,,,,,,,,,
275,Karate Master: Void,空手師範・空,worker_toxin,uncertain,unique flavor text (joke value) but stat-dominated,store (toxin),,255,130,toxin,3500,70,80,40,1,1,1,1,60,50,100,480,3,-1,1,False,dojokarateC/dojokarateC,0,1,,,,,,,,,,,,,,,,
276,Hockey Mask MON,ホッケーマスクＭＯＮ,worker_toxin,uncertain,unique flavor text (joke value) but stat-dominated,store (toxin),,255,200,toxin,7500,90,120,60,1,1,1,1,50,50,40,480,4,-1,1,False,jasonD/jasonD,0,1,,,,,,,,,,,,,,,,
277,Hockey Mask TUE,ホッケーマスクＴＵＥ,worker_toxin,uncertain,unique flavor text (joke value) but stat-dominated,store (toxin),,255,200,toxin,7500,100,110,70,1,1,1,1,50,40,40,480,4,-1,1,False,jasonE/jasonE,0,1,,,,,,,,,,,,,,,,
278,Hockey Mask WED,ホッケーマスクＷＥＤ,worker_toxin,uncertain,unique flavor text (joke value) but stat-dominated,store (toxin),,255,200,toxin,7500,120,80,30,1,1,1,1,50,80,40,480,4,-1,1,False,jasonF/jasonF,0,1,,,,,,,,,,,,,,,,
279,Hockey Mask THU,ホッケーマスクＴＨＵ,worker_toxin,uncertain,unique flavor text (joke value) but stat-dominated,store (toxin),,255,200,toxin,7500,100,110,20,1,1,1,1,50,90,40,480,4,-1,1,False,jasonG/jasonG,0,1,,,,,,,,,,,,,,,,
280,Sumo Fighter,相撲格闘家,worker_toxin,uncertain,unique flavor text (joke value) but stat-dominated,store (toxin),,255,130,toxin,6000,40,120,60,1,1,1,1,60,20,20,480,3,-1,1,False,dojokarateB/sumowrestler,0,1,,,,,,,,,,,,,,,,
281,Ghoulie Jiu-Jitsu Fighter,愚霊死柔術格闘家,worker_toxin,uncertain,unique flavor text (joke value) but stat-dominated,store (toxin),,255,130,toxin,5000,80,100,100,1,1,1,1,40,70,60,480,3,-1,1,False,dojokarateA/boxer,0,1,,,,,,,,,,,,,,,,
282,Street Fighter,路上ファイター,worker_toxin,uncertain,unique flavor text (joke value) but stat-dominated,store (toxin),,255,130,toxin,5000,60,110,30,1,1,1,1,50,50,60,480,3,-1,1,False,dojokarateC/teen,0,1,,,,,,,,,,,,,,,,
283,Count St. Germain III,サンジェルマン伯爵,worker_toxin,uncertain,unique art but recycled text and dominated stats — art-only value,store (toxin),,255,200,toxin,7500,100,110,60,1,1,1,1,70,90,30,480,4,-1,1,False,DraculaA/DraculaA,0,1,,,,,,,,,,,,,,,,
284,Count St. Germain IV,ヨンジェルマン伯爵,worker_toxin,uncertain,unique flavor text (joke value) but stat-dominated,store (toxin),,255,200,toxin,7500,100,120,70,1,1,1,1,70,20,30,480,4,-1,1,False,DraculaA/DraculaB,0,1,,,,,,,,,,,,,,,,
285,Count St. Germain V,ゴジェルマン伯爵,worker_toxin,keep,unique flavor text + competitive stats,store (toxin),,255,200,toxin,7500,140,90,70,1,1,1,1,70,50,30,480,4,-1,1,False,DraculaA/DraculaC,0,1,,,,,,,,,,,,,,,,
286,Franken Type A,フランケン甲型,worker_toxin,keep,unique flavor text + competitive stats,store (toxin),,255,130,toxin,6500,80,110,80,1,2,1,1,60,90,40,480,3,-1,1,False,FrankensteinB/Frankenstein,0,1,,,,,,,,,,,,,,,,
287,Franken Type B,フランケン乙型,worker_toxin,keep,unique flavor text + competitive stats,store (toxin),,255,130,toxin,6500,60,120,80,1,2,1,1,60,90,40,480,3,-1,1,False,FrankensteinB/FrankensteinB,0,1,,,,,,,,,,,,,,,,
288,Franken Type C,フランケン丙型,worker_toxin,keep,unique flavor text + competitive stats,store (toxin),,255,130,toxin,6500,50,130,80,1,2,1,1,60,90,40,480,3,-1,1,False,FrankensteinB/FrankensteinC,0,1,,,,,,,,,,,,,,,,
289,Ichiro Wolf,一狼,worker_toxin,keep,unique flavor text + competitive stats,store (toxin),,255,120,toxin,6000,90,110,60,1,2,1,1,70,70,40,480,3,-1,1,False,wolfman/wolfmanC,0,1,,,,,,,,,,,,,,,,
290,Jiro Wolf,次狼,worker_toxin,keep,unique flavor text + competitive stats,store (toxin),,255,120,toxin,6000,100,100,60,1,2,1,1,70,70,40,480,3,-1,1,True,wolfman/wolfmanB,0,1,,,,,,,,,,,,,,,,
291,Middle-Age Squad NORTH,中年隊ＮＯＲＴＨ,worker_toxin,keep,unique flavor text + competitive stats,store (toxin),,255,120,toxin,5700,100,90,90,1,2,1,1,60,30,50,480,3,-1,1,False,tyunenA/dojokarateA,0,1,,,,,,,,,,,,,,,,
292,Middle-Age Squad WEST,中年隊ＷＥＳＴ,worker_toxin,keep,unique flavor text + competitive stats,store (toxin),,255,120,toxin,5600,90,100,100,1,2,1,1,60,30,50,480,3,-1,1,False,tyunenA/dojokarateB,0,1,,,,,,,,,,,,,,,,
293,Middle-Age Squad SOUTH,中年隊ＳＯＵＴＨ,worker_toxin,keep,unique flavor text + competitive stats,store (toxin),,255,120,toxin,5500,80,110,90,1,2,1,1,60,30,50,480,3,-1,1,False,tyunenA/dojokarateC,0,1,,,,,,,,,,,,,,,,
294,Psycho Rabbit,サイコラビット,worker_toxin,uncertain,unique art but recycled text and dominated stats — art-only value,store (toxin),,255,200,toxin,7300,120,110,70,1,2,1,1,50,60,60,480,4,-1,1,False,clown/costume_a,0,1,,,,,,,,,,,,,,,,
295,Psycho Tiger,サイコタイガー,worker_toxin,uncertain,unique flavor text (joke value) but stat-dominated,store (toxin),,255,200,toxin,7400,100,120,70,1,2,1,1,50,60,60,480,4,-1,1,False,clown/costume_b,0,1,,,,,,,,,,,,,,,,
296,Psycho Panda,サイコパンダ,worker_toxin,uncertain,unique flavor text (joke value) but stat-dominated,store (toxin),,255,200,toxin,7500,80,130,70,1,2,1,1,50,60,60,480,4,-1,1,True,clown/costume_c,0,1,,,,,,,,,,,,,,,,
297,Cowboy,カウボーイ,worker_toxin,keep,"EN-matched, already named in English (pass 3)",store (toxin),,11,20,toxin,5000,70,60,80,1,1,1.1,1,50,100,50,480,2,-1,1,False,cowboy/cowboy,0,1,Cowboy,149,30,30,500,500,7,10,6,10,8,12,1,1,1,1
298,Ram's Head,ラムズヘッド,worker_toxin,uncertain,unique flavor text (joke value) but stat-dominated,store (toxin),,255,220,toxin,6660,110,120,30,1,1,1.1,1,20,20,30,480,4,-1,1,False,akumaA/akumaA,0,1,,,,,,,,,,,,,,,,
299,Sheep's Head,シープヘッド,worker_toxin,uncertain,unique flavor text (joke value) but stat-dominated,store (toxin),,255,220,toxin,6660,100,130,30,1,1,1.1,1,20,20,30,480,4,-1,1,False,akumaB/akumaB,0,1,,,,,,,,,,,,,,,,
300,Goat's Head,ゴートヘッド,worker_toxin,uncertain,unique flavor text (joke value) but stat-dominated,store (toxin),,255,220,toxin,6660,90,140,30,1,1,1.1,1,20,20,30,480,4,-1,1,False,akumaC/akumaC,0,1,,,,,,,,,,,,,,,,
301,Sheep's Head Chef,シープヘッドシェフ,enemy_or_event_chef,keep,enemy chef — needed by raid/boss content (enemyItems sets),roulette/event (server-scheduled),,255,0,cash,16660,150,150,50,1,1,1,1.2,60,60,60,480,0,-1,1,False,enemyChef/akumaB,0,0,,,,,,,,,,,,,,,,
302,Werewolf Knight,人狼騎士,worker_toxin,uncertain,unique flavor text (joke value) but stat-dominated,store (toxin),,255,200,toxin,7000,130,120,40,1,1,1,1,60,50,60,480,4,-1,1,False,Goldknight/wolfman,0,1,,,,,,,,,,,,,,,,
303,Full Armor Robo,フルアーマーロボ,worker_toxin,uncertain,unique flavor text (joke value) but stat-dominated,store (toxin),,255,200,toxin,6800,110,130,50,1,1,1,1,60,50,60,480,4,-1,1,False,knight/Rare_robot,0,1,,,,,,,,,,,,,,,,
304,Demon Ninja,デーモン忍者,worker_toxin,uncertain,unique flavor text (joke value) but stat-dominated,store (toxin),,255,200,toxin,6600,140,110,20,1,1,1,1,60,50,60,480,4,-1,1,False,Ninjaman/akumaC,0,1,,,,,,,,,,,,,,,,
305,Psycho Wolf,サイコウルフ,worker_toxin,keep,unique flavor text + competitive stats,store (toxin),,255,200,toxin,7700,80,140,70,1,2,1,1,50,60,60,480,4,-1,1,False,clown/costume_d,0,1,,,,,,,,,,,,,,,,
306,Psycho Chicken,サイコチキン,worker_toxin,keep,unique flavor text + competitive stats,store (toxin),,255,200,toxin,7600,110,130,70,1,2,1,1,50,60,60,480,4,-1,1,False,clown/costume_e,0,1,,,,,,,,,,,,,,,,
307,Psycho Mouse,サイコマウス,worker_toxin,keep,unique flavor text + competitive stats,store (toxin),,255,200,toxin,7500,120,120,70,1,2,1,1,50,60,60,480,4,-1,1,True,clown/costume_f,0,1,,,,,,,,,,,,,,,,
308,Lady Dracula,ドラキュラレディ,worker_toxin,uncertain,unique flavor text (joke value) but stat-dominated,store (toxin),,255,200,toxin,3000,120,20,60,1,1,1,1,90,90,90,480,4,-1,1,True,DraculaA/Dracula_fami,0,1,,,,,,,,,,,,,,,,
309,Knight Chef,ナイトシェフ,enemy_or_event_chef,keep,enemy chef — needed by raid/boss content (enemyItems sets),roulette/event (server-scheduled),,255,0,cash,9900,120,110,50,1,1,1,1.2,50,50,50,480,0,-1,1,False,enemyChef/Goldknight,0,0,,,,,,,,,,,,,,,,
310,Knight Staff A,ナイト店員Ａ,event_reward_or_customer,cut,"reskin: recycled text, recycled art, stat-dominated",roulette/event (server-scheduled),,255,0,cash,4500,90,60,50,1,1,1,1,50,50,50,480,3,-1,1,False,Brondsknight/Brondsknight,0,0,,,,,,,,,,,,,,,,
311,Knight Clerk B,ナイト店員Ｂ,event_reward_or_customer,keep,"EN-matched, already named in English (pass 3)",roulette/event (server-scheduled),,255,0,cash,4500,90,60,50,1,1,1,1,50,50,50,480,3,-1,1,True,knight/knight,0,0,Knight in Armor,189,95000,95000,350,500,3,9,7,11,6,7,1,1,1,1
312,Vampire Chef,吸血シェフ,enemy_or_event_chef,keep,enemy chef — needed by raid/boss content (enemyItems sets),roulette/event (server-scheduled),,255,0,cash,12650,120,120,50,1,1,1,1.2,50,50,50,480,0,-1,1,False,enemyChef/DraculaA,0,0,,,,,,,,,,,,,,,,
313,Vampire Staff A,吸血店員Ａ,event_reward_or_customer,cut,"reskin: recycled text, recycled art, stat-dominated",roulette/event (server-scheduled),,255,0,cash,4500,70,110,50,1,1,1,1,50,50,50,480,3,-1,1,False,DraculaA/DraculaB,0,0,,,,,,,,,,,,,,,,
314,Vampire Staff B,吸血店員Ｂ,event_reward_or_customer,cut,"reskin: recycled text, recycled art, stat-dominated",roulette/event (server-scheduled),,255,0,cash,4500,80,100,50,1,1,1,1,50,50,50,480,3,-1,1,False,DraculaA/DraculaC,0,0,,,,,,,,,,,,,,,,
315,Hockey Mask Chef,ホッケーマスクシェフ,enemy_or_event_chef,keep,enemy chef — needed by raid/boss content (enemyItems sets),roulette/event (server-scheduled),,255,0,cash,11550,130,120,50,1,1,1,1.2,50,50,50,480,0,-1,1,False,enemyChef/jasonA,0,0,,,,,,,,,,,,,,,,
316,Hockey Mask Staff A,ホッケーマスク店員Ａ,event_reward_or_customer,cut,"reskin: recycled text, recycled art, stat-dominated",roulette/event (server-scheduled),,255,0,cash,4440,80,110,50,1,1,1,1,50,50,50,480,3,-1,1,False,jasonB/jasonB,0,0,,,,,,,,,,,,,,,,
317,Hockey Mask Staff B,ホッケーマスク店員Ｂ,event_reward_or_customer,cut,"reskin: recycled text, recycled art, stat-dominated",roulette/event (server-scheduled),,255,0,cash,4440,70,100,50,1,1,1,1,50,50,50,480,3,-1,1,False,jasonC/jasonC,0,0,,,,,,,,,,,,,,,,
318,Reaper Chef,死神シェフ,enemy_or_event_chef,keep,enemy chef — needed by raid/boss content (enemyItems sets),roulette/event (server-scheduled),,255,0,cash,12100,130,120,50,1,1,1,1.2,50,50,50,480,0,-1,1,False,enemyChef/reaperB,0,0,,,,,,,,,,,,,,,,
319,Reaper Staff A,死神店員Ａ,event_reward_or_customer,cut,"reskin: recycled text, recycled art, stat-dominated",roulette/event (server-scheduled),,255,0,cash,6660,50,110,50,1,1,1,1,50,50,50,480,3,-1,1,False,reaperA/reaperA,0,0,,,,,,,,,,,,,,,,
320,Reaper Staff B,死神店員Ｂ,event_reward_or_customer,cut,"reskin: recycled text, recycled art, stat-dominated",roulette/event (server-scheduled),,255,0,cash,6660,50,110,50,1,1,1,1,50,50,50,480,3,-1,1,False,reaperC/reaperC,0,0,,,,,,,,,,,,,,,,
321,Maid Chef,メイドシェフ,enemy_or_event_chef,cut,"reskin: recycled text, recycled art, stat-dominated",roulette/event (server-scheduled),,255,0,cash,11000,120,110,50,1,1,1,1.2,50,50,50,480,0,-1,1,True,butler/butler,0,0,,,,,,,,,,,,,,,,
322,Maid Staff A,メイド店員Ａ,event_reward_or_customer,cut,"reskin: recycled text, recycled art, stat-dominated",roulette/event (server-scheduled),,255,0,cash,4440,70,100,50,1,1,1,1,50,50,50,480,3,-1,1,True,maid/maid,0,0,,,,,,,,,,,,,,,,
323,Maid Staff B,メイド店員Ｂ,event_reward_or_customer,cut,"reskin: recycled text, recycled art, stat-dominated",roulette/event (server-scheduled),,255,0,cash,4440,70,100,50,1,1,1,1,50,50,50,480,3,-1,1,True,maid/Rare_robot,0,0,,,,,,,,,,,,,,,,
324,Mascot Chef,着ぐるみシェフ,enemy_or_event_chef,keep,enemy chef — needed by raid/boss content (enemyItems sets),roulette/event (server-scheduled),,255,0,cash,11550,120,110,50,1,1,1,1.2,50,50,50,480,0,-1,1,False,enemyChef/costume_a,0,0,,,,,,,,,,,,,,,,
325,Mascot Staff A,着ぐるみ店員Ａ,event_reward_or_customer,cut,"reskin: recycled text, recycled art, stat-dominated",roulette/event (server-scheduled),,255,0,cash,4500,80,100,50,1,1,1,1,50,50,50,480,3,-1,1,False,clown/costume_b,0,0,,,,,,,,,,,,,,,,
326,Mascot Staff B,着ぐるみ店員Ｂ,event_reward_or_customer,cut,"reskin: recycled text, recycled art, stat-dominated",roulette/event (server-scheduled),,255,0,cash,4500,60,100,50,1,1,1,1,50,50,50,480,3,-1,1,True,clown/costume_c,0,0,,,,,,,,,,,,,,,,
327,Alien Chef,宇宙人シェフ,enemy_or_event_chef,keep,enemy chef — needed by raid/boss content (enemyItems sets),roulette/event (server-scheduled),,255,0,cash,10450,120,110,50,1,1,1,1.2,50,50,50,480,0,-1,1,False,enemyChef/Venusian,0,0,,,,,,,,,,,,,,,,
328,Alien Clerk A,宇宙人店員Ａ,event_reward_or_customer,keep,"EN-matched, already named in English (pass 3)",roulette/event (server-scheduled),,255,0,cash,4500,80,100,50,1,1,1,1,50,50,50,480,3,-1,1,False,martian2/martian2,0,0,,,,,,,,,,,,,,,,
329,Alien Clerk B,宇宙人店員Ｂ,event_reward_or_customer,keep,"EN-matched, already named in English (pass 3)",roulette/event (server-scheduled),,255,0,cash,4500,80,90,50,1,1,1,1,50,50,50,480,3,-1,1,False,martian3/martian3,0,0,,,,,,,,,,,,,,,,
330,Fighter Chef,格闘家シェフ,enemy_or_event_chef,keep,enemy chef — needed by raid/boss content (enemyItems sets),roulette/event (server-scheduled),,255,0,cash,10450,110,110,50,1,1,1,1.2,50,50,50,480,0,-1,1,False,enemyChef/dojokarateA,0,0,,,,,,,,,,,,,,,,
331,Fighter Staff A,格闘家店員Ａ,event_reward_or_customer,cut,"reskin: recycled text, recycled art, stat-dominated",roulette/event (server-scheduled),,255,0,cash,5000,60,100,50,1,1,1,1,50,50,50,480,3,-1,1,False,dojokarateB/dojokarateB,0,0,,,,,,,,,,,,,,,,
332,Fighter Staff B,格闘家店員Ｂ,event_reward_or_customer,cut,"reskin: recycled text, recycled art, stat-dominated",roulette/event (server-scheduled),,255,0,cash,5000,80,80,50,1,1,1,1,50,50,50,480,3,-1,1,False,dojokarateC/dojokarateC,0,0,,,,,,,,,,,,,,,,
333,Alloy Gold Knight,合金ゴールドナイト,event_reward_or_customer,keep,unique flavor text + competitive stats,roulette/event (server-scheduled),,255,0,cash,8000,90,150,80,1,1,1,1,20,80,100,480,4,-1,1,False,Goldknight/Goldknight,0,0,,,,,,,,,,,,,,,,
334,Super Alloy Gold Knight,超合金ゴールドナイト,worker_toxin,uncertain,unique flavor text (joke value) but stat-dominated,store (toxin),,255,400,toxin,10500,150,160,80,1,1,1,1,20,80,100,480,4,309,2.5,False,Goldknight/Goldknight,0,1,,,,,,,,,,,,,,,,
335,Count St. Germain XIII,ジュウサンジェルマン伯爵,worker_toxin,uncertain,unique flavor text (joke value) but stat-dominated,store (toxin),,255,400,toxin,9200,110,180,50,1,1,1,1,20,60,60,480,4,-1,1,False,DraculaA/DraculaA,0,1,,,,,,,,,,,,,,,,
336,Count St. Germain XXIII,ニジュウサンジェルマン伯爵,worker_toxin,uncertain,unique flavor text (joke value) but stat-dominated,store (toxin),,255,400,toxin,9000,130,180,60,1,1,1,1,20,60,60,480,4,312,2.5,False,DraculaA/DraculaA,0,1,,,,,,,,,,,,,,,,
337,Gory Mask THU,ゴーリーマスクＴＨＵ,worker_toxin,cut,"reskin: recycled text, recycled art, stat-dominated",store (toxin),,255,400,toxin,9100,110,150,50,1,1,1,1,20,60,60,480,4,-1,1,False,jasonA/jasonA,0,1,,,,,,,,,,,,,,,,
338,Gory Mask WED,ゴーリーマスクＷＥＤ,worker_toxin,cut,"reskin: recycled text, recycled art, stat-dominated",store (toxin),,255,400,toxin,9800,140,170,50,1,1,1,1,20,60,60,480,4,315,2.5,False,jasonA/jasonA,0,1,,,,,,,,,,,,,,,,
339,Death Director,死長,worker_toxin,cut,"reskin: recycled text, recycled art, stat-dominated",store (toxin),,255,400,toxin,9000,110,160,50,1,1,1,1,20,60,60,480,4,-1,1,False,reaperB/reaperB,0,1,,,,,,,,,,,,,,,,
340,Death Dentist,死科医,worker_toxin,cut,"reskin: recycled text, recycled art, stat-dominated",store (toxin),,255,400,toxin,9000,130,180,60,1,1,1,1,20,60,60,480,4,318,2.5,False,reaperB/reaperB,0,1,,,,,,,,,,,,,,,,
341,Wicked Maid,凶メイド,worker_toxin,cut,"reskin: recycled text, recycled art, stat-dominated",store (toxin),,255,400,toxin,8000,120,140,60,1,1,1,1,40,50,50,480,4,-1,1,False,maid/maid,0,1,,,,,,,,,,,,,,,,
342,Wickedest Maid,最凶メイド,worker_toxin,cut,"reskin: recycled text, recycled art, stat-dominated",store (toxin),,255,400,toxin,9600,150,160,80,1,1,1,1,40,50,50,480,4,321,2.5,False,maid/maid,0,1,,,,,,,,,,,,,,,,
343,Evil Psycho Rabbit,悪サイコラビット,worker_toxin,cut,"reskin: recycled text, recycled art, stat-dominated",store (toxin),,255,400,toxin,8000,80,160,50,1,1,1,1,50,50,50,480,4,-1,1,False,clown/costume_a,0,1,,,,,,,,,,,,,,,,
344,Vile Psycho Rabbit,極悪サイコラビット,worker_toxin,cut,"reskin: recycled text, recycled art, stat-dominated",store (toxin),,255,400,toxin,9400,180,140,70,1,1,1,1,50,50,50,480,4,324,2.5,False,clown/costume_a,0,1,,,,,,,,,,,,,,,,
345,Rare Alien,レアな宇宙人,worker_toxin,keep,"EN-matched, already named in English (pass 3)",store (toxin),,255,400,toxin,8000,120,140,60,1,1,1,1,40,50,50,480,4,-1,1,False,martian2/martian2,0,1,Martian Soldier,140,30,25,650,475,8,9,10,12,6,7,1,1,1,1
346,Super Rare Alien,超レアな宇宙人,worker_toxin,keep,"EN-matched, already named in English (pass 3)",store (toxin),,255,400,toxin,9500,150,160,90,1,1,1,1,40,50,50,480,4,327,2.5,False,martian2/martian2,0,1,Martian Soldier,140,30,25,650,475,8,9,10,12,6,7,1,1,1,1
347,Wicked Fighter,凶格闘家,worker_toxin,cut,"reskin: recycled text, recycled art, stat-dominated",store (toxin),,255,400,toxin,8000,70,150,40,1,1,1,1,50,50,50,480,4,-1,1,False,dojokarateA/dojokarateA,0,1,,,,,,,,,,,,,,,,
348,Wickedest Fighter,最凶格闘家,worker_toxin,cut,"reskin: recycled text, recycled art, stat-dominated",store (toxin),,255,400,toxin,8500,140,170,80,1,1,1,1,50,50,50,480,4,330,2.5,False,dojokarateA/dojokarateA,0,1,,,,,,,,,,,,,,,,
349,Fire Ranger Red RX,消KAレッドＲＸ,worker_toxin,uncertain,unique flavor text (joke value) but stat-dominated,store (toxin),,255,400,toxin,8000,120,140,70,1,1,1,1,50,80,50,480,4,-1,1,False,clown/Ranger_Red,0,1,,,,,,,,,,,,,,,,
350,Grave Ranger Blue G,HAKA士ブルーＧ,worker_toxin,uncertain,unique flavor text (joke value) but stat-dominated,store (toxin),,255,400,toxin,8500,130,130,100,1,1,1,1,80,100,100,480,4,-1,1,False,Ninjaman/Ranger_Blue,0,1,,,,,,,,,,,,,,,,
351,Tough Ranger Yellow Muscle,ドスKOIイエローマッスル,worker_toxin,uncertain,unique flavor text (joke value) but stat-dominated,store (toxin),,255,400,toxin,9000,110,140,70,1,1,1,1,50,30,30,480,4,-1,1,False,dojokarateC/Ranger_Yellow,0,1,,,,,,,,,,,,,,,,
352,Army Ranger Green J,軍SOグリーンＪ,worker_toxin,uncertain,unique flavor text (joke value) but stat-dominated,store (toxin),,255,400,toxin,7000,140,150,20,1,1,1,1,80,60,60,480,4,-1,1,False,jasonA/Ranger_Green,0,1,,,,,,,,,,,,,,,,
353,Cosplay X4000 Pink,コスPlayX4000ピンク,worker_toxin,uncertain,unique flavor text (joke value) but stat-dominated,store (toxin),,255,400,toxin,7500,150,130,100,1,1,1,1,80,50,60,480,4,-1,1,True,Venusian/Ranger_Pink,0,1,,,,,,,,,,,,,,,,
354,Psycho Lion,サイコライオン,worker_toxin,keep,unique flavor text + competitive stats,store (toxin),,255,200,toxin,7700,90,150,40,1,2,1,1,30,30,30,480,4,-1,1,False,clown/costume_g,0,1,,,,,,,,,,,,,,,,
355,Sapphire Knight,サファイアナイト,worker_toxin,uncertain,unique flavor text (joke value) but stat-dominated,store (toxin),,255,400,toxin,7800,60,160,60,1,1,1,1,20,30,30,480,4,-1,1,False,Brondsknight02/Brondsknight,0,1,,,,,,,,,,,,,,,,
356,Opal Knight,オパールナイト,worker_toxin,uncertain,unique flavor text (joke value) but stat-dominated,store (toxin),,255,400,toxin,7900,70,150,70,1,1,1,1,20,30,30,480,4,-1,1,False,knight02/knight,0,1,,,,,,,,,,,,,,,,
357,Topaz Knight,トパーズナイト,worker_toxin,uncertain,unique flavor text (joke value) but stat-dominated,store (toxin),,255,400,toxin,8000,80,140,80,1,1,1,1,20,30,30,480,4,-1,1,False,Goldknight02/Goldknight,0,1,,,,,,,,,,,,,,,,
358,Sapphire Skeleton,サファイアスケルトン,worker_toxin,uncertain,unique flavor text (joke value) but stat-dominated,store (toxin),,255,400,toxin,7900,70,150,30,1,1,1,1,20,60,60,480,4,-1,1,False,Brondsknight02/skelton,0,1,,,,,,,,,,,,,,,,
359,Opal Skeleton,オパールスケルトン,worker_toxin,uncertain,unique flavor text (joke value) but stat-dominated,store (toxin),,255,400,toxin,8000,80,140,40,1,1,1,1,20,60,60,480,4,-1,1,False,knight02/skelton,0,1,,,,,,,,,,,,,,,,
360,Topaz Skeleton,トパーズスケルトン,worker_toxin,uncertain,unique flavor text (joke value) but stat-dominated,store (toxin),,255,400,toxin,8100,90,130,50,1,1,1,1,20,60,60,480,4,-1,1,False,Goldknight02/skelton,0,1,,,,,,,,,,,,,,,,
361,Hero Chef,ヒーローシェフ,enemy_or_event_chef,keep,"EN-matched, already named in English (pass 3)",roulette/event (server-scheduled),event_hero,255,0,cash,21000,150,170,50,1,1,1,1,50,50,50,480,0,-1,1,False,enemyChef/Ranger_RedB,0,0,,,,,,,,,,,,,,,,
362,Hero Clerk A,ヒーロー店員Ａ,event_reward_or_customer,keep,"EN-matched, already named in English (pass 3)",roulette/event (server-scheduled),event_hero,255,0,cash,11000,110,160,50,1,1,1,1,50,50,50,480,0,-1,1,False,Ranger_BlueB/Ranger_BlueB,0,0,,,,,,,,,,,,,,,,
363,Hero Clerk B,ヒーロー店員Ｂ,event_reward_or_customer,keep,"EN-matched, already named in English (pass 3)",roulette/event (server-scheduled),event_hero,255,0,cash,11000,110,160,50,1,1,1,1,50,50,50,480,0,-1,1,False,Ranger_PinkB/Ranger_PinkB,0,0,,,,,,,,,,,,,,,,
364,Devil Chef,デビルシェフ,enemy_or_event_chef,keep,enemy chef — needed by raid/boss content (enemyItems sets),roulette/event (server-scheduled),,255,0,cash,23000,150,180,50,1,1,1,1,50,50,50,480,0,-1,1,False,enemyChef/akumaA,0,0,,,,,,,,,,,,,,,,
365,Devil Staff A,デビル店員Ａ,event_reward_or_customer,uncertain,"recycled text, competitive stats — needs review",roulette/event (server-scheduled),,255,0,cash,12000,120,160,50,1,1,1,1,50,50,50,480,0,-1,1,False,akumaB/akumaB,0,0,,,,,,,,,,,,,,,,
366,Devil Staff B,デビル店員Ｂ,event_reward_or_customer,uncertain,"recycled text, competitive stats — needs review",roulette/event (server-scheduled),,255,0,cash,12000,120,160,50,1,1,1,1,50,50,50,480,0,-1,1,False,akumaC/akumaC,0,0,,,,,,,,,,,,,,,,
367,Sumo Chef,スモーシェフ,enemy_or_event_chef,keep,enemy chef — needed by raid/boss content (enemyItems sets),roulette/event (server-scheduled),,255,0,cash,22000,150,170,50,1,1,1,1,50,50,50,480,0,-1,1,False,enemyChef/sumowrestlerB,0,0,,,,,,,,,,,,,,,,
368,Sumo Staff A,スモー店員Ａ,event_reward_or_customer,uncertain,unique art but recycled text and dominated stats — art-only value,roulette/event (server-scheduled),,255,0,cash,12000,100,160,50,1,1,1,1,50,50,50,480,0,-1,1,False,sumowrestlerD/sumowrestlerC,0,0,,,,,,,,,,,,,,,,
369,Sumo Staff B,スモー店員Ｂ,event_reward_or_customer,uncertain,unique art but recycled text and dominated stats — art-only value,roulette/event (server-scheduled),,255,0,cash,12000,100,160,50,1,1,1,1,50,50,50,480,0,-1,1,False,sumowrestlerD/sumowrestler,0,0,,,,,,,,,,,,,,,,
370,Dim Sum Chef,飲茶シェフ,enemy_or_event_chef,keep,enemy chef — needed by raid/boss content (enemyItems sets),roulette/event (server-scheduled),,255,0,cash,21000,150,170,50,1,1,1,1,50,50,50,480,0,-1,1,False,enemyChef/KyonshiB,0,0,,,,,,,,,,,,,,,,
371,Dim Sum Staff A,飲茶店員Ａ,event_reward_or_customer,cut,"reskin: recycled text, recycled art, stat-dominated",roulette/event (server-scheduled),,255,0,cash,11000,100,160,50,1,1,1,1,50,50,50,480,0,-1,1,False,Kyonshi_man/Kyonshi_man,0,0,,,,,,,,,,,,,,,,
372,Dim Sum Staff B,飲茶店員Ｂ,event_reward_or_customer,cut,"reskin: recycled text, recycled art, stat-dominated",roulette/event (server-scheduled),,255,0,cash,11000,100,160,50,1,1,1,1,50,50,50,480,0,-1,1,True,Kyonshi_woman/Kyonshi_woman,0,0,,,,,,,,,,,,,,,,
373,Ninja Chef,忍者シェフ,enemy_or_event_chef,keep,enemy chef — needed by raid/boss content (enemyItems sets),roulette/event (server-scheduled),,255,0,cash,22000,150,170,50,1,1,1,1,50,50,50,480,0,-1,1,False,enemyChef/Ninjakamen,0,0,,,,,,,,,,,,,,,,
374,Ninja Staff A,忍者店員Ａ,event_reward_or_customer,uncertain,"recycled text, competitive stats — needs review",roulette/event (server-scheduled),,255,0,cash,11000,130,140,50,1,1,1,1,50,50,50,480,0,-1,1,False,Ninjaman/Ninjaman,0,0,,,,,,,,,,,,,,,,
375,Ninja Staff B,忍者店員Ｂ,event_reward_or_customer,uncertain,"recycled text, competitive stats — needs review",roulette/event (server-scheduled),,255,0,cash,11000,130,140,50,1,1,1,1,50,50,50,480,0,-1,1,False,Ninjawoman/Ninjawoman,0,0,,,,,,,,,,,,,,,,
376,Franken Chef,フランケンシェフ,enemy_or_event_chef,keep,enemy chef — needed by raid/boss content (enemyItems sets),roulette/event (server-scheduled),,255,0,cash,22000,150,170,50,1,1,1,1,50,50,50,480,0,-1,1,False,enemyChef/FrankensteinD,0,0,,,,,,,,,,,,,,,,
377,Franken Staff A,フランケン店員Ａ,event_reward_or_customer,cut,"reskin: recycled text, recycled art, stat-dominated",roulette/event (server-scheduled),,255,0,cash,12000,100,160,50,1,1,1,1,50,50,50,480,0,-1,1,False,FrankensteinB/FrankensteinB,0,0,,,,,,,,,,,,,,,,
378,Franken Staff B,フランケン店員Ｂ,event_reward_or_customer,cut,"reskin: recycled text, recycled art, stat-dominated",roulette/event (server-scheduled),,255,0,cash,12000,100,160,50,1,1,1,1,50,50,50,480,0,-1,1,False,FrankensteinB/FrankensteinC,0,0,,,,,,,,,,,,,,,,
379,Military Chef,ミリタリーシェフ,enemy_or_event_chef,keep,enemy chef — needed by raid/boss content (enemyItems sets),roulette/event (server-scheduled),,255,0,cash,21000,150,170,50,1,1,1,1,50,50,50,480,0,-1,1,False,enemyChef/Gasmask,0,0,,,,,,,,,,,,,,,,
380,Military Staff A,ミリタリー店員Ａ,event_reward_or_customer,uncertain,unique art but recycled text and dominated stats — art-only value,roulette/event (server-scheduled),,255,0,cash,12000,100,160,50,1,1,1,1,50,50,50,480,0,-1,1,False,militaryC/militaryC,0,0,,,,,,,,,,,,,,,,
381,Military Staff B,ミリタリー店員Ｂ,event_reward_or_customer,uncertain,unique art but recycled text and dominated stats — art-only value,roulette/event (server-scheduled),,255,0,cash,12000,100,160,50,1,1,1,1,50,50,50,480,0,-1,1,False,militaryB/militaryB,0,0,,,,,,,,,,,,,,,,
382,Skeleton Chef,スケルトンシェフ,enemy_or_event_chef,keep,enemy chef — needed by raid/boss content (enemyItems sets),roulette/event (server-scheduled),,255,0,cash,23000,150,180,50,1,1,1,1,50,50,50,480,0,-1,1,False,enemyChef/skelton,0,0,,,,,,,,,,,,,,,,
383,Skeleton Staff A,スケルトン店員Ａ,event_reward_or_customer,cut,"reskin: recycled text, recycled art, stat-dominated",roulette/event (server-scheduled),,255,0,cash,11000,110,160,50,1,1,1,1,50,50,50,480,0,-1,1,False,skelton/skelton,0,0,,,,,,,,,,,,,,,,
384,Skeleton Staff B,スケルトン店員Ｂ,event_reward_or_customer,cut,"reskin: recycled text, recycled art, stat-dominated",roulette/event (server-scheduled),,255,0,cash,11000,110,160,50,1,1,1,1,50,50,50,480,0,-1,1,False,skelton/skelton,0,0,,,,,,,,,,,,,,,,
385,Werewolf Chef,人狼シェフ,enemy_or_event_chef,keep,enemy chef — needed by raid/boss content (enemyItems sets),roulette/event (server-scheduled),,255,0,cash,23000,150,180,50,1,1,1,1,50,50,50,480,0,-1,1,False,enemyChef/wolfmanD,0,0,,,,,,,,,,,,,,,,
386,Werewolf Staff A,人狼店員Ａ,event_reward_or_customer,uncertain,"recycled text, competitive stats — needs review",roulette/event (server-scheduled),,255,0,cash,12000,120,160,50,1,1,1,1,50,50,50,480,0,-1,1,False,wolfman/wolfmanC,0,0,,,,,,,,,,,,,,,,
387,Werewolf Staff B,人狼店員Ｂ,event_reward_or_customer,uncertain,"recycled text, competitive stats — needs review",roulette/event (server-scheduled),,255,0,cash,12000,120,160,50,1,1,1,1,50,50,50,480,0,-1,1,False,wolfman/wolfmanB,0,0,,,,,,,,,,,,,,,,
388,Evil Sheep's Head,邪悪なシープヘッド,worker_toxin,uncertain,unique flavor text (joke value) but stat-dominated,store (toxin),,255,400,toxin,8800,110,170,30,1,1,1,1,20,60,60,480,4,364,2.5,False,akumaE/akumaE,0,1,,,,,,,,,,,,,,,,
389,Evil Goat's Head,邪悪なゴートヘッド,worker_toxin,uncertain,unique flavor text (joke value) but stat-dominated,store (toxin),,255,400,toxin,9000,120,170,40,1,1,1,1,20,60,60,480,4,364,2.5,False,akumaF/akumaF,0,1,,,,,,,,,,,,,,,,
390,Evil Horse's Head,邪悪なホースヘッド,worker_toxin,uncertain,unique flavor text (joke value) but stat-dominated,store (toxin),,255,400,toxin,9400,110,190,50,1,1,1,1,20,60,60,480,4,364,2.5,False,akumaD/akumaD,0,1,,,,,,,,,,,,,,,,
391,Evil Ram's Head,邪悪なラムズヘッド,worker_toxin,uncertain,unique flavor text (joke value) but stat-dominated,store (toxin),,255,400,toxin,9300,100,190,50,1,1,1,1,20,60,60,480,4,-1,1,False,akumaA/akumaA,0,1,,,,,,,,,,,,,,,,
392,Yokozuna of the North,北の横綱,worker_toxin,uncertain,unique flavor text (joke value) but stat-dominated,store (toxin),,255,400,toxin,9500,70,180,30,1,1,1,1,20,60,60,480,4,367,2.5,False,sumowrestlerD/sumowrestlerD,0,1,,,,,,,,,,,,,,,,
393,Yokozuna of the South,南の横綱,worker_toxin,uncertain,unique flavor text (joke value) but stat-dominated,store (toxin),,255,400,toxin,9700,70,180,40,1,1,1,1,20,60,60,480,4,367,2.5,False,sumowrestlerD/sumowrestlerC,0,1,,,,,,,,,,,,,,,,
394,Yokozuna of the East,東の横綱,worker_toxin,uncertain,unique flavor text (joke value) but stat-dominated,store (toxin),,255,400,toxin,9500,90,170,50,1,1,1,1,20,60,60,480,4,367,2.5,False,sumowrestlerD/sumowrestlerB,0,1,,,,,,,,,,,,,,,,
395,Yokozuna of the West,西の横綱,worker_toxin,uncertain,unique flavor text (joke value) but stat-dominated,store (toxin),,255,400,toxin,9400,90,170,50,1,1,1,1,20,60,60,480,4,-1,1,False,sumowrestler/sumowrestlerC,0,1,,,,,,,,,,,,,,,,
396,Zombie Dumpling King,餃子王のゾンビ,worker_toxin,uncertain,unique flavor text (joke value) but stat-dominated,store (toxin),,255,400,toxin,8400,110,140,30,1,1,1,1,20,60,60,480,4,370,2.5,False,KyonshiD/KyonshiD,0,1,,,,,,,,,,,,,,,,
397,Zombie Fried Rice King,チャーハン王のゾンビ,worker_toxin,uncertain,unique flavor text (joke value) but stat-dominated,store (toxin),,255,400,toxin,8400,120,140,40,1,1,1,1,20,60,60,480,4,370,2.5,True,KyonshiC/KyonshiC,0,1,,,,,,,,,,,,,,,,
398,Zombie Ramen King,ラーメン王のゾンビ,worker_toxin,uncertain,unique flavor text (joke value) but stat-dominated,store (toxin),,255,400,toxin,8000,110,150,50,1,1,1,1,20,60,60,480,4,370,2.5,False,KyonshiB/KyonshiB,0,1,,,,,,,,,,,,,,,,
399,Zombie Pork Bun King,肉まん王のゾンビ,worker_toxin,uncertain,unique flavor text (joke value) but stat-dominated,store (toxin),,255,400,toxin,7900,110,150,50,1,1,1,1,20,60,60,480,4,-1,1,False,Kyonshi_man/Kyonshi_man,0,1,,,,,,,,,,,,,,,,
400,Rappa Clan: Sorrow,乱破衆・哀,worker_toxin,uncertain,unique flavor text (joke value) but stat-dominated,store (toxin),,255,400,toxin,8300,130,140,30,1,1,1,1,20,60,60,480,4,373,2.5,False,NinjamanB/NinjamanB,0,1,,,,,,,,,,,,,,,,
401,Rappa Clan: Fear,乱破衆・怖,worker_toxin,uncertain,unique flavor text (joke value) but stat-dominated,store (toxin),,255,400,toxin,8000,160,120,40,1,1,1,1,20,60,60,480,4,373,2.5,False,NinjamanC/NinjamanC,0,1,,,,,,,,,,,,,,,,
402,Rappa Clan: Rage,乱破衆・怒,worker_toxin,uncertain,unique flavor text (joke value) but stat-dominated,store (toxin),,255,400,toxin,8800,160,120,50,1,1,1,1,20,60,60,480,4,373,2.5,False,Ninjakamen/Ninjakamen,0,1,,,,,,,,,,,,,,,,
403,Rappa Clan Chief,乱破頭,worker_toxin,uncertain,unique flavor text (joke value) but stat-dominated,store (toxin),,255,400,toxin,8600,160,120,50,1,1,1,1,20,60,60,480,4,-1,1,False,Ninjareader/Ninjareader,0,1,,,,,,,,,,,,,,,,
404,Franken Type D,フランケン丁型,worker_toxin,uncertain,unique flavor text (joke value) but stat-dominated,store (toxin),,255,400,toxin,8300,90,170,30,1,1,1,1,20,60,60,480,4,376,2.5,False,FrankensteinF/FrankensteinF,0,1,,,,,,,,,,,,,,,,
405,Franken Type E,フランケン戊型,worker_toxin,uncertain,unique flavor text (joke value) but stat-dominated,store (toxin),,255,400,toxin,9000,110,160,40,1,1,1,1,20,60,60,480,4,376,2.5,False,FrankensteinE/FrankensteinC,0,1,,,,,,,,,,,,,,,,
406,Franken Type F,フランケン己型,worker_toxin,uncertain,unique flavor text (joke value) but stat-dominated,store (toxin),,255,400,toxin,9200,100,170,50,1,1,1,1,20,60,60,480,4,376,2.5,False,FrankensteinD/FrankensteinD,0,1,,,,,,,,,,,,,,,,
407,Franken Type G,フランケン庚型,worker_toxin,uncertain,unique flavor text (joke value) but stat-dominated,store (toxin),,255,400,toxin,9100,100,170,50,1,1,1,1,20,60,60,480,4,-1,1,False,FrankensteinD/Frankenstein,0,1,,,,,,,,,,,,,,,,
408,Special Forces Alpha,特殊部隊アルファ,worker_toxin,uncertain,unique flavor text (joke value) but stat-dominated,store (toxin),,255,400,toxin,8000,100,150,30,1,1,1,1,20,60,60,480,4,379,2.5,False,militaryB/militaryB,0,1,,,,,,,,,,,,,,,,
409,Special Forces Bravo,特殊部隊ブラボー,worker_toxin,uncertain,unique flavor text (joke value) but stat-dominated,store (toxin),,255,400,toxin,8500,90,160,40,1,1,1,1,20,60,60,480,4,379,2.5,False,militaryC/militaryC,0,1,,,,,,,,,,,,,,,,
410,Special Forces Charlie,特殊部隊チャーリー,worker_toxin,uncertain,unique flavor text (joke value) but stat-dominated,store (toxin),,255,400,toxin,8500,100,160,50,1,1,1,1,20,60,60,480,4,379,2.5,False,militaryB/Gasmask,0,1,,,,,,,,,,,,,,,,
411,Special Forces Delta,特殊部隊デルタ,worker_toxin,uncertain,unique flavor text (joke value) but stat-dominated,store (toxin),,255,400,toxin,8400,120,140,50,1,1,1,1,20,60,60,480,4,-1,1,False,Gasmask/Gasmask,0,1,,,,,,,,,,,,,,,,
412,Pirate Skeleton,海賊スケルトン,worker_toxin,uncertain,unique flavor text (joke value) but stat-dominated,store (toxin),,255,400,toxin,8800,80,190,30,1,1,1,1,20,60,60,480,4,382,2.5,False,skeltonD/skeltonD,0,1,,,,,,,,,,,,,,,,
413,Amber Skeleton,琥珀スケルトン,worker_toxin,uncertain,unique flavor text (joke value) but stat-dominated,store (toxin),,255,400,toxin,8900,80,190,40,1,1,1,1,20,60,60,480,4,382,2.5,False,skeltonC/skeltonC,0,1,,,,,,,,,,,,,,,,
414,Crystal Skeleton,クリスタルスケルトン,worker_toxin,uncertain,unique flavor text (joke value) but stat-dominated,store (toxin),,255,400,toxin,9800,90,190,50,1,1,1,1,20,60,60,480,4,382,2.5,False,skeltonB/skeltonB,0,1,,,,,,,,,,,,,,,,
415,Calcium King,カルシウムキング,worker_toxin,uncertain,unique flavor text (joke value) but stat-dominated,store (toxin),,255,400,toxin,9600,90,190,50,1,1,1,1,20,60,60,480,4,-1,1,False,skelton/skelton,0,1,,,,,,,,,,,,,,,,
416,Premium Werewolf,極上の人狼,worker_toxin,uncertain,unique flavor text (joke value) but stat-dominated,store (toxin),,255,400,toxin,8800,110,170,30,1,1,1,1,20,60,60,480,4,385,2.5,False,wolfmanD/wolfmanD,0,1,,,,,,,,,,,,,,,,
417,Supreme Werewolf,至高の人狼,worker_toxin,uncertain,unique flavor text (joke value) but stat-dominated,store (toxin),,255,400,toxin,8900,120,170,40,1,1,1,1,20,60,60,480,4,385,2.5,False,wolfmanF/wolfmanF,0,1,,,,,,,,,,,,,,,,
418,Graceful Werewolf King,典雅な人狼王,worker_toxin,uncertain,unique flavor text (joke value) but stat-dominated,store (toxin),,255,400,toxin,9200,110,190,50,1,1,1,1,20,60,60,480,4,385,2.5,False,wolfmanE/wolfmanE,0,1,,,,,,,,,,,,,,,,
419,Elegant Werewolf King,優雅な人狼王,worker_toxin,uncertain,unique flavor text (joke value) but stat-dominated,store (toxin),,255,400,toxin,9300,110,180,50,1,1,1,1,20,60,60,480,4,-1,1,False,wolfmanD/wolfman,0,1,,,,,,,,,,,,,,,,
420,Gory Mask SUN,ゴーリーマスクＳＵＮ,worker_toxin,uncertain,unique flavor text (joke value) but stat-dominated,store (toxin),,255,400,toxin,8300,80,170,30,1,1,1,1,20,60,60,480,4,315,2.5,False,jasonJ/jasonJ,0,1,,,,,,,,,,,,,,,,
421,Gory Mask SAT,ゴーリーマスクＳＡＴ,worker_toxin,uncertain,unique flavor text (joke value) but stat-dominated,store (toxin),,255,400,toxin,8200,110,150,40,1,1,1,1,20,60,60,480,4,315,2.5,False,jasonI/jasonI,0,1,,,,,,,,,,,,,,,,
422,Gory Mask FRI,ゴーリーマスクＦＲＩ,worker_toxin,uncertain,unique flavor text (joke value) but stat-dominated,store (toxin),,255,400,toxin,9300,120,140,50,1,1,1,1,20,60,60,480,4,315,2.5,False,jasonH/jasonH,0,1,,,,,,,,,,,,,,,,
423,Death Examiner,死験官,worker_toxin,uncertain,unique flavor text (joke value) but stat-dominated,store (toxin),,255,400,toxin,8300,90,170,30,1,1,1,1,20,60,60,480,4,318,2.5,False,reaperoffA/reaperoffA,0,1,,,,,,,,,,,,,,,,
424,Death Masseur,死圧師,worker_toxin,uncertain,unique flavor text (joke value) but stat-dominated,store (toxin),,255,400,toxin,8600,130,140,40,1,1,1,1,20,60,60,480,4,318,2.5,False,reaperoffB/reaperoffB,0,1,,,,,,,,,,,,,,,,
425,Death Attorney,弁護死,worker_toxin,uncertain,unique flavor text (joke value) but stat-dominated,store (toxin),,255,400,toxin,9100,110,160,50,1,1,1,1,20,60,60,480,4,318,2.5,False,reaperoffC/reaperoffC,0,1,,,,,,,,,,,,,,,,
426,Count St. Germain VI,ロクジェルマン伯爵,worker_toxin,uncertain,unique flavor text (joke value) but stat-dominated,store (toxin),,255,400,toxin,8700,110,170,30,1,1,1,1,20,60,60,480,4,312,2.5,False,DraculaD/DraculaD,0,1,,,,,,,,,,,,,,,,
427,Count St. Germain VII,ナナジェルマン伯爵,worker_toxin,uncertain,unique flavor text (joke value) but stat-dominated,store (toxin),,255,400,toxin,8800,120,170,40,1,1,1,1,20,60,60,480,4,312,2.5,False,DraculaD/DraculaE,0,1,,,,,,,,,,,,,,,,
428,Count St. Germain VIII,ハチジェルマン伯爵,worker_toxin,uncertain,unique flavor text (joke value) but stat-dominated,store (toxin),,255,400,toxin,9100,120,180,50,1,1,1,1,20,60,60,480,4,312,2.5,False,DraculaD/DraculaF,0,1,,,,,,,,,,,,,,,,
429,Youngest Maid Sister,三女メイド,worker_toxin,uncertain,unique flavor text (joke value) but stat-dominated,store (toxin),,255,400,toxin,7900,130,160,30,1,1,1,1,20,60,60,480,4,321,2.5,True,maidB/maidB,0,1,,,,,,,,,,,,,,,,
430,Middle Maid Sister,次女メイド,worker_toxin,uncertain,unique flavor text (joke value) but stat-dominated,store (toxin),,255,400,toxin,8000,140,150,40,1,1,1,1,20,60,60,480,4,321,2.5,False,maidC/maidC,0,1,,,,,,,,,,,,,,,,
431,Eldest Maid Sister,長女メイド,worker_toxin,uncertain,unique flavor text (joke value) but stat-dominated,store (toxin),,255,400,toxin,8100,140,140,50,1,1,1,1,20,60,60,480,4,321,2.5,True,maidD/maidD,0,1,,,,,,,,,,,,,,,,
432,Chris,クリス,worker_toxin,keep,"EN-matched, already named in English (pass 3)",store (toxin),capcom_re6,0,400,toxin,4500,90,110,30,1,1,1,1,30,30,30,480,4,-1,1,False,nerd/faris,0,1,,,,,,,,,,,,,,,,
433,Leon,レオン,worker_toxin,keep,"EN-matched, already named in English (pass 3)",store (toxin),capcom_re6,0,400,toxin,4500,90,110,30,1,1,1,1,30,30,30,480,4,-1,1,False,nerd/faris,0,1,,,,,,,,,,,,,,,,
434,Jake,ジェイク,worker_toxin,keep,"EN-matched, already named in English (pass 3)",store (toxin),capcom_re6,0,400,toxin,4500,90,110,30,1,1,1,1,30,30,30,480,4,-1,1,False,nerd/faris,0,1,,,,,,,,,,,,,,,,
435,Piers,ピアーズ,worker_toxin,keep,"EN-matched, already named in English (pass 3)",store (toxin),capcom_re6,0,400,toxin,4500,90,110,30,1,1,1,1,30,30,30,480,4,-1,1,False,nerd/faris,0,1,,,,,,,,,,,,,,,,
436,Sherry,シェリー,worker_toxin,keep,"EN-matched, already named in English (pass 3)",store (toxin),capcom_re6,0,400,toxin,4500,90,110,30,1,1,1,1,30,30,30,480,4,-1,1,True,nerd/faris,0,1,,,,,,,,,,,,,,,,
437,Helena,ヘレナ,worker_toxin,keep,"EN-matched, already named in English (pass 3)",store (toxin),capcom_re6,0,400,toxin,4500,90,110,30,1,1,1,1,30,30,30,480,4,-1,1,True,nerd/faris,0,1,,,,,,,,,,,,,,,,
438,Ada,エイダ,worker_toxin,keep,"EN-matched, already named in English (pass 3)",store (toxin),capcom_re6,0,400,toxin,4500,90,110,30,1,1,1,1,30,30,30,480,4,-1,1,True,nerd/faris,0,1,,,,,,,,,,,,,,,,
439,Frankenstein,フランケン,worker_toxin,keep,"EN-matched, already named in English (pass 3)",store (toxin),,11,30,toxin,3500,80,90,60,1,1,1,1,70,40,60,480,3,-1,1,False,FrankensteinB/Frankenstein,0,1,,,,,,,,,,,,,,,,
440,Yellow Hero,イエローヒーロー,worker_toxin,uncertain,unique flavor text (joke value) but stat-dominated,store (toxin),event_hero,12,30,toxin,5000,50,90,60,1,1,1,1,40,30,30,480,4,-1,1,False,Ranger_Yellow/Ranger_Yellow,0,1,,,,,,,,,,,,,,,,
441,Fighter,ファイター,worker_toxin,keep,unique flavor text + competitive stats,store (toxin),,13,30,toxin,3000,50,100,40,1,1,1,1,60,50,80,480,3,-1,1,False,dojokarateB/dojokarateB,0,1,,,,,,,,,,,,,,,,
442,Green Hero,グリーンヒーロー,worker_toxin,keep,unique flavor text + competitive stats,store (toxin),event_hero,14,35,toxin,4500,70,90,20,1,1,1,1,80,60,50,480,4,-1,1,False,Ranger_Green/Ranger_Green,0,1,,,,,,,,,,,,,,,,
443,Karateka,空手家,worker_toxin,uncertain,unique flavor text (joke value) but stat-dominated,store (toxin),,15,35,toxin,3000,70,80,40,1,1,1,1,60,50,60,480,3,-1,1,False,dojokarateC/dojokarateC,0,1,,,,,,,,,,,,,,,,
444,Pink Hero,ピンクヒーロー,worker_toxin,keep,unique flavor text + competitive stats,store (toxin),event_hero,16,35,toxin,3500,100,70,90,1,1,1,1,80,50,60,480,4,-1,1,True,Ranger_Pink/Ranger_Pink,0,1,,,,,,,,,,,,,,,,
445,Home Security Guard,家庭警備員,worker_cash,keep,unique flavor text + competitive stats,store (cash),,17,790000,cash,4000,80,100,40,1,1,1,1,20,60,60,480,4,-1,1,False,militaryC/militaryC,0,0,,,,,,,,,,,,,,,,
446,Blue Hero,ブルーヒーロー,worker_toxin,keep,unique flavor text + competitive stats,store (toxin),event_hero,18,40,toxin,4000,80,80,70,1,1,1,1,70,70,70,480,4,-1,1,False,Ranger_Blue/Ranger_Blue,0,1,,,,,,,,,,,,,,,,
447,Venusian II,金星人Ⅱ,worker_toxin,keep,unique flavor text + competitive stats,store (toxin),,19,40,toxin,4100,90,90,80,1,1,1,1,60,70,60,480,4,-1,1,False,Venusian/Venusian,0,1,,,,,,,,,,,,,,,,
448,Red Hero,レッドヒーロー,worker_toxin,keep,unique flavor text + competitive stats,store (toxin),event_hero,20,40,toxin,4200,70,100,90,1,1,1,1,50,80,60,480,4,-1,1,False,Ranger_Red/Ranger_Red,0,1,,,,,,,,,,,,,,,,
449,Acting Ninja Boss,お頭代理,worker_toxin,keep,unique flavor text + competitive stats,store (toxin),,21,40,toxin,4500,120,80,50,1,1,1,1,60,70,30,480,2,-1,1,False,Ninjareader/Ninjareader,0,1,,,,,,,,,,,,,,,,
450,Home Security Specialist,家庭警備スペシャリスト,worker_toxin,keep,unique flavor text + competitive stats,store (toxin),,22,40,toxin,4700,80,100,50,1,1,1,1,60,70,70,480,2,-1,1,False,militaryB/Gasmask,0,1,,,,,,,,,,,,,,,,
451,Burnished Knight,いぶし銀ナイト,worker_cash,keep,"EN-matched, already named in English (pass 3)",store (cash),,23,1500000,cash,5500,30,110,50,1,1,1,1,50,60,50,480,2,-1,1,False,knight/knight,0,0,Knight in Armor,189,95000,95000,350,500,3,9,7,11,6,7,1,1,1,1
452,Yokozuna Trainee,横綱見習い,worker_toxin,keep,unique flavor text + competitive stats,store (toxin),,24,45,toxin,6000,50,120,80,1,1,1,1,60,60,60,480,2,-1,1,False,sumowrestlerD/sumowrestlerC,0,1,,,,,,,,,,,,,,,,
453,Psycho Rat,サイコラット,worker_toxin,keep,unique flavor text + competitive stats,store (toxin),,25,45,toxin,4000,110,100,90,1,1,1,1,60,70,50,480,2,-1,1,False,clown/costume_f,0,1,,,,,,,,,,,,,,,,
454,Death's Promoter,死の宣伝マン,worker_toxin,keep,unique flavor text + competitive stats,store (toxin),,26,45,toxin,5500,100,120,50,1,1,1,1,20,60,60,480,4,-1,1,False,reaperoffC/reaperoffC,0,1,,,,,,,,,,,,,,,,
455,Iron Boxer,アイアンボクサー,worker_toxin,uncertain,unique flavor text (joke value) but stat-dominated,store (toxin),,255,400,toxin,8500,140,170,80,1,1,1,1,60,50,60,480,5,459,2.5,False,boxer_a/boxer_a,0,1,,,,,,,,,,,,,,,,
456,Out-Boxer,アウトボクサー,worker_toxin,uncertain,unique flavor text (joke value) but stat-dominated,store (toxin),,255,400,toxin,9500,150,160,90,1,1,1,1,80,50,60,480,5,459,2.5,False,boxer_a/boxer_b,0,1,,,,,,,,,,,,,,,,
457,In-Fighter,インボクサー,worker_toxin,uncertain,unique flavor text (joke value) but stat-dominated,store (toxin),,255,400,toxin,9200,140,170,10,1,1,1,1,20,60,60,480,5,459,2.5,False,boxer_c/boxer_c,0,1,,,,,,,,,,,,,,,,
458,Smokin' Boxer,スモーキンボクサー,worker_toxin,uncertain,unique flavor text (joke value) but stat-dominated,store (toxin),,255,400,toxin,9600,150,160,10,1,1,1,1,20,60,60,480,4,-1,1,False,boxer_b/boxer_b,0,1,,,,,,,,,,,,,,,,
459,The Champ,ボクサーシェフ,enemy_or_event_chef,keep,"EN-matched, already named in English (pass 3)",roulette/event (server-scheduled),,255,0,cash,21000,150,170,50,1,1,1,1,50,50,50,480,0,-1,1,False,enemyChef/boxer,0,0,,,,,,,,,,,,,,,,
460,Boxer Staff A,ボクサー店員Ａ,event_reward_or_customer,uncertain,unique art but recycled text and dominated stats — art-only value,roulette/event (server-scheduled),,255,0,cash,11000,110,160,50,1,1,1,1,50,50,50,480,0,-1,1,False,boxer/boxer_a,0,0,,,,,,,,,,,,,,,,
461,Boxer Staff B,ボクサー店員Ｂ,event_reward_or_customer,uncertain,unique art but recycled text and dominated stats — art-only value,roulette/event (server-scheduled),,255,0,cash,11000,110,160,50,1,1,1,1,50,50,50,480,0,-1,1,False,boxer/boxer_c,0,0,,,,,,,,,,,,,,,,
462,Evil Doll,悪の人形,worker_toxin,uncertain,unique flavor text (joke value) but stat-dominated,store (toxin),,255,400,toxin,8000,130,180,90,1,1,1,1,70,70,70,480,5,466,2.5,False,chucky_a/chucky_a,0,1,,,,,,,,,,,,,,,,
463,Demon Doll,魔の人形,worker_toxin,uncertain,unique flavor text (joke value) but stat-dominated,store (toxin),,255,400,toxin,9600,150,160,80,1,1,1,1,60,70,60,480,5,466,2.5,False,chucky_b/chucky_b,0,1,,,,,,,,,,,,,,,,
464,Death Doll,死の人形,worker_toxin,uncertain,unique art but recycled text and dominated stats — art-only value,store (toxin),,255,400,toxin,9400,180,140,70,1,1,1,1,50,80,60,480,5,466,2.5,False,chucky_c/chucky_c,0,1,,,,,,,,,,,,,,,,
465,Jack's Doll,ジャックの人形,worker_toxin,uncertain,unique flavor text (joke value) but stat-dominated,store (toxin),,255,400,toxin,9400,180,140,70,1,1,1,1,50,80,60,480,4,-1,1,False,clown/chucky_a,0,1,,,,,,,,,,,,,,,,
466,Doll Chef,人形シェフ,enemy_or_event_chef,keep,enemy chef — needed by raid/boss content (enemyItems sets),roulette/event (server-scheduled),,255,0,cash,21000,150,170,50,1,1,1,1,50,50,50,480,0,-1,1,False,enemyChef/chucky_a,0,0,,,,,,,,,,,,,,,,
467,Doll Staff A,人形店員Ａ,event_reward_or_customer,uncertain,unique art but recycled text and dominated stats — art-only value,roulette/event (server-scheduled),,255,0,cash,11000,110,160,50,1,1,1,1,50,50,50,480,0,-1,1,False,clown/chucky_b,0,0,,,,,,,,,,,,,,,,
468,Doll Staff B,人形店員Ｂ,event_reward_or_customer,uncertain,unique art but recycled text and dominated stats — art-only value,roulette/event (server-scheduled),,255,0,cash,11000,110,160,50,1,1,1,1,50,50,50,480,0,-1,1,False,clown/chucky_c,0,0,,,,,,,,,,,,,,,,
469,Shooting Star Sheriff,流星の保安官,worker_toxin,uncertain,unique flavor text (joke value) but stat-dominated,store (toxin),,255,400,toxin,10000,190,130,70,1,1,1,1,60,70,30,480,5,473,2.5,False,cowboy_a/cowboy_a,0,1,,,,,,,,,,,,,,,,
470,Nova Sheriff,新星の保安官,worker_toxin,uncertain,unique flavor text (joke value) but stat-dominated,store (toxin),,255,400,toxin,9000,140,170,50,1,1,1,1,50,60,80,480,5,473,2.5,False,cowboy_b/cowboy_b,0,1,,,,,,,,,,,,,,,,
471,Doom Star Sheriff,凶星の保安官,worker_toxin,uncertain,unique flavor text (joke value) but stat-dominated,store (toxin),,255,400,toxin,10500,150,160,60,1,1,1,1,60,60,70,480,5,473,2.5,False,cowboy_c/cowboy,0,1,,,,,,,,,,,,,,,,
472,Supernova Sheriff,超新星の保安官,worker_toxin,uncertain,unique flavor text (joke value) but stat-dominated,store (toxin),,255,400,toxin,10500,150,160,60,1,1,1,1,60,60,70,480,4,-1,1,False,cowboy_c/cowboy_c,0,1,,,,,,,,,,,,,,,,
473,Sheriff Chef,保安官シェフ,enemy_or_event_chef,keep,enemy chef — needed by raid/boss content (enemyItems sets),roulette/event (server-scheduled),,255,0,cash,21000,150,170,50,1,1,1,1,50,50,50,480,0,-1,1,False,enemyChef/cowboy,0,0,,,,,,,,,,,,,,,,
474,Sheriff Staff A,保安官店員Ａ,event_reward_or_customer,uncertain,unique art but recycled text and dominated stats — art-only value,roulette/event (server-scheduled),,255,0,cash,11000,110,160,50,1,1,1,1,50,50,50,480,0,-1,1,False,cowboy/cowboy_c,0,0,,,,,,,,,,,,,,,,
475,Sheriff Staff B,保安官店員Ｂ,event_reward_or_customer,uncertain,unique art but recycled text and dominated stats — art-only value,roulette/event (server-scheduled),,255,0,cash,11000,110,160,50,1,1,1,1,50,50,50,480,0,-1,1,False,cowboy/cowboy_a,0,0,,,,,,,,,,,,,,,,
476,Nikolaos,ニコラオス,worker_toxin,uncertain,unique flavor text (joke value) but stat-dominated,store (toxin),,255,400,toxin,9800,180,140,60,1,1,1,1,50,70,50,480,4,-1,1,False,santa_a/santa_a,0,1,,,,,,,,,,,,,,,,
477,Nikolai,ニコライ,worker_toxin,uncertain,unique flavor text (joke value) but stat-dominated,store (toxin),,255,400,toxin,9800,140,170,50,1,1,1,1,50,60,80,480,5,480,2.5,False,santa_b/santa_b,0,1,,,,,,,,,,,,,,,,
478,Nicholas,ニコラス,worker_toxin,uncertain,unique flavor text (joke value) but stat-dominated,store (toxin),,255,400,toxin,9000,130,180,60,1,1,1,1,50,70,80,480,5,480,2.5,False,santa_c/santa_c,0,1,,,,,,,,,,,,,,,,
479,Psycho Rudolph,サイコルドルフ,worker_toxin,uncertain,unique flavor text (joke value) but stat-dominated,store (toxin),,255,400,toxin,8000,150,160,70,1,1,1,1,60,60,60,480,5,480,2.5,False,clown/costume_H,0,1,,,,,,,,,,,,,,,,
480,Santa Chef,サンタシェフ,enemy_or_event_chef,keep,enemy chef — needed by raid/boss content (enemyItems sets),roulette/event (server-scheduled),event_christmas,255,0,cash,3600,70,60,50,1,1,1,1,50,50,50,480,0,-1,1,False,enemyChef/santa_a,0,0,,,,,,,,,,,,,,,,
481,Santa Staff A,サンタ店員Ａ,enemy_or_event_chef,keep,enemy chef — needed by raid/boss content (enemyItems sets),roulette/event (server-scheduled),event_christmas,255,0,cash,1200,40,70,50,1,1,1,1,50,50,50,480,0,-1,1,False,enemyChef/santa_b,0,0,,,,,,,,,,,,,,,,
482,Santa Staff B,サンタ店員Ｂ,enemy_or_event_chef,keep,enemy chef — needed by raid/boss content (enemyItems sets),roulette/event (server-scheduled),event_christmas,255,0,cash,2400,50,60,40,1,1,1,1,50,50,50,480,0,-1,1,False,enemyChef/santa_c,0,0,,,,,,,,,,,,,,,,
483,Horse Demons,ホース・デモンズ,worker_toxin,uncertain,unique flavor text (joke value) but stat-dominated,store (toxin),,255,400,toxin,1660,70,80,20,1,1,1,1,40,20,10,480,4,-1,1,False,demonreaper_a/demonreaper_a,0,1,,,,,,,,,,,,,,,,
484,Sheep Demons,シープ・デモンズ,worker_toxin,uncertain,unique flavor text (joke value) but stat-dominated,store (toxin),,255,400,toxin,1660,60,80,20,1,1,1,1,40,20,10,480,4,-1,1,False,demonreaper_b/demonreaper_b,0,1,,,,,,,,,,,,,,,,
485,Goat Demons,ゴート・デモンズ,worker_toxin,uncertain,unique flavor text (joke value) but stat-dominated,store (toxin),,255,400,toxin,1660,70,70,20,1,1,1,1,40,20,10,480,4,-1,1,False,demonreaper_c/demonreaper_c,0,1,,,,,,,,,,,,,,,,
486,FRI Hermit,FRY・ハーミット,worker_toxin,uncertain,unique flavor text (joke value) but stat-dominated,store (toxin),,255,400,toxin,7770,110,110,30,1,1,1,1,20,20,30,480,4,-1,1,False,jsonreaper_a/jsonreaper_a,0,1,,,,,,,,,,,,,,,,
487,SAT Hermit,SAT・ハーミット,worker_toxin,uncertain,unique flavor text (joke value) but stat-dominated,store (toxin),,255,400,toxin,7770,100,120,30,1,1,1,1,20,20,30,480,4,-1,1,False,jsonreaper_b/jsonreaper_b,0,1,,,,,,,,,,,,,,,,
488,SUN Hermit,SUN・ハーミット,worker_toxin,uncertain,unique flavor text (joke value) but stat-dominated,store (toxin),,255,400,toxin,7770,90,130,30,1,1,1,1,20,20,30,480,4,-1,1,False,jsonreaper_c/jsonreaper_c,0,1,,,,,,,,,,,,,,,,
489,Skull Death,スカル・デス,worker_toxin,uncertain,unique flavor text (joke value) but stat-dominated,store (toxin),,255,400,toxin,4440,90,80,100,1,1,1,1,50,50,50,480,4,-1,1,False,skullreaper_a/skullreaper_a,0,1,,,,,,,,,,,,,,,,
490,Shining Death,ヒカル・デス,worker_toxin,uncertain,unique flavor text (joke value) but stat-dominated,store (toxin),,255,400,toxin,4440,80,100,100,1,1,1,1,50,50,50,480,4,-1,1,False,skullreaper_b/skullreaper_b,0,1,,,,,,,,,,,,,,,,
491,Dazzling Death,マバユイ・デス,worker_toxin,uncertain,unique flavor text (joke value) but stat-dominated,store (toxin),,255,400,toxin,4440,80,90,100,1,1,1,1,50,50,50,480,4,-1,1,False,skullreaper_c/skullreaper_c,0,1,,,,,,,,,,,,,,,,
492,Shrimp Red,シュリンプ・レッド,worker_toxin,uncertain,unique flavor text (joke value) but stat-dominated,store (toxin),,255,400,toxin,9990,140,170,90,1,1,1,1,80,50,60,480,5,496,2.5,False,shrimpA/shrimpA,0,1,,,,,,,,,,,,,,,,
493,Shrimp Blue,シュリンプ・ブルー,worker_toxin,uncertain,unique flavor text (joke value) but stat-dominated,store (toxin),,255,400,toxin,9990,180,140,80,1,1,1,1,60,50,60,480,5,496,2.5,False,shrimpB/shrimpB,0,1,,,,,,,,,,,,,,,,
494,Shrimp Purple,シュリンプ・パープル,worker_toxin,uncertain,unique flavor text (joke value) but stat-dominated,store (toxin),,255,400,toxin,9990,130,180,10,1,1,1,1,20,60,60,480,5,496,2.5,False,shrimpC/shrimpC,0,1,,,,,,,,,,,,,,,,
495,Pistol Shrimp,ピストル・シュリンプ,worker_toxin,uncertain,unique flavor text (joke value) but stat-dominated,store (toxin),,255,400,toxin,9990,150,160,10,1,1,1,1,20,60,60,480,4,-1,1,False,jasonC/shrimpB,0,1,,,,,,,,,,,,,,,,
496,Shrimp Chef,シュリンプシェフ,enemy_or_event_chef,keep,enemy chef — needed by raid/boss content (enemyItems sets),roulette/event (server-scheduled),,255,0,cash,9990,70,60,50,1,1,1,1,50,50,50,480,0,-1,1,False,enemyChef/shrimpA,0,0,,,,,,,,,,,,,,,,
497,Shrimp Staff A,シュリンプ店員Ａ,enemy_or_event_chef,keep,enemy chef — needed by raid/boss content (enemyItems sets),roulette/event (server-scheduled),,255,0,cash,4440,40,70,50,1,1,1,1,50,50,50,480,0,-1,1,False,enemyChef/shrimpB,0,0,,,,,,,,,,,,,,,,
498,Shrimp Staff B,シュリンプ店員B,enemy_or_event_chef,keep,enemy chef — needed by raid/boss content (enemyItems sets),roulette/event (server-scheduled),,255,0,cash,4440,50,60,50,1,1,1,1,50,50,50,480,0,-1,1,False,enemyChef/shrimpC,0,0,,,,,,,,,,,,,,,,
499,Psychic,サイキッカー,worker_toxin,uncertain,unique flavor text (joke value) but stat-dominated,store (toxin),,255,400,toxin,5000,150,150,90,1,1,1,1,70,70,70,180,5,527,2.5,False,psychicA/dojokarateA,0,1,,,,,,,,,,,,,,,,
500,Psychometrist,サイコメトラー,worker_toxin,uncertain,unique flavor text (joke value) but stat-dominated,store (toxin),,255,400,toxin,6000,140,160,80,1,1,1,1,60,70,60,240,5,527,2.5,False,psychicA/dojokarateB,0,1,,,,,,,,,,,,,,,,
501,Psychic Hand,サイキックハンド,worker_toxin,uncertain,unique flavor text (joke value) but stat-dominated,store (toxin),,255,400,toxin,7500,140,160,70,1,1,1,1,50,80,60,300,5,527,2.5,False,psychicA/dojokarateC,0,1,,,,,,,,,,,,,,,,
502,Middle-Aged Psychic,サイキック中年,worker_toxin,uncertain,unique flavor text (joke value) but stat-dominated,store (toxin),,255,400,toxin,7500,120,170,70,1,1,1,1,50,80,60,480,4,-1,1,False,psychicB/dojokarateC,0,1,,,,,,,,,,,,,,,,
503,Paper Bag,ペーパーバッグ,worker_toxin,uncertain,unique flavor text (joke value) but stat-dominated,store (toxin),,255,400,toxin,9000,160,150,10,1,1,1,1,20,60,60,420,5,530,2.5,True,businesswoman/boxmanC,0,1,,,,,,,,,,,,,,,,
504,Bucket,バケツ,worker_toxin,uncertain,unique flavor text (joke value) but stat-dominated,store (toxin),,255,400,toxin,8000,160,150,10,1,1,1,1,20,60,60,360,5,530,2.5,False,boxmanB/boxmanB,0,1,,,,,,,,,,,,,,,,
505,Cardboard Box,ダンボール,worker_toxin,uncertain,unique flavor text (joke value) but stat-dominated,store (toxin),,255,400,toxin,7000,150,150,10,1,1,1,1,20,60,60,240,5,530,2.5,False,military/boxmanA,0,1,,,,,,,,,,,,,,,,
506,Plastic Box,プラスチックダンボール,worker_toxin,uncertain,unique flavor text (joke value) but stat-dominated,store (toxin),,255,400,toxin,8000,140,150,10,1,1,1,1,20,60,60,480,4,-1,1,False,dojokarateC/boxmanA,0,1,,,,,,,,,,,,,,,,
507,Red Dragonoid,レッドドラゴノイド,worker_toxin,uncertain,unique flavor text (joke value) but stat-dominated,store (toxin),,255,400,toxin,8880,110,180,30,1,1,1,1,20,60,60,360,5,533,2.5,False,akumaA/dragonA,0,1,,,,,,,,,,,,,,,,
508,Green Dragonoid,グリーンドラゴノイド,worker_toxin,uncertain,unique flavor text (joke value) but stat-dominated,store (toxin),,255,400,toxin,9500,110,180,40,1,1,1,1,20,60,60,360,5,533,2.5,False,akumaA/dragonB,0,1,,,,,,,,,,,,,,,,
509,Blue Dragonoid,ブルードラゴノイド,worker_toxin,uncertain,unique flavor text (joke value) but stat-dominated,store (toxin),,255,400,toxin,9990,110,180,50,1,1,1,1,20,60,60,360,5,533,2.5,False,akumaA/dragonC,0,1,,,,,,,,,,,,,,,,
510,Dragonoid,ドラゴノイド,worker_toxin,uncertain,unique flavor text (joke value) but stat-dominated,store (toxin),,255,400,toxin,8000,130,160,30,1,1,1,1,20,60,60,480,4,-1,1,False,akumaE/dragonA,0,1,,,,,,,,,,,,,,,,
511,Hot-Blooded Luchador,熱血マスクレスラー,worker_toxin,uncertain,unique flavor text (joke value) but stat-dominated,store (toxin),,255,400,toxin,9290,140,170,40,1,1,1,1,30,30,30,480,5,536,2.5,False,maskedA/maskedA,0,1,,,,,,,,,,,,,,,,
512,Evil Luchador,悪のマスクレスラー,worker_toxin,uncertain,unique flavor text (joke value) but stat-dominated,store (toxin),,255,400,toxin,8290,130,180,60,1,1,1,1,20,30,30,480,5,536,2.5,False,maskedB/maskedB,0,1,,,,,,,,,,,,,,,,
513,Heroic Luchador,正義のマスクレスラー,worker_toxin,uncertain,unique flavor text (joke value) but stat-dominated,store (toxin),,255,400,toxin,11290,130,190,70,1,1,1,1,20,30,30,480,5,536,2.5,False,maskedC/maskedC,0,1,,,,,,,,,,,,,,,,
514,Poison Mist Wrestler,毒霧レスラー,worker_toxin,uncertain,unique flavor text (joke value) but stat-dominated,store (toxin),,255,400,toxin,11290,100,170,80,1,1,1,1,20,30,30,480,4,-1,1,False,maskedD/maskedA,0,1,,,,,,,,,,,,,,,,
515,Blazing Werewolf Knight,灼熱の人狼ナイト,worker_toxin,uncertain,unique flavor text (joke value) but stat-dominated,store (toxin),,255,400,toxin,9990,110,210,30,1,1,1,1,20,60,60,480,5,539,2.5,False,nightR/wolfmanC,0,1,,,,,,,,,,,,,,,,
516,Steel Werewolf Knight,鋼鉄の人狼ナイト,worker_toxin,uncertain,unique flavor text (joke value) but stat-dominated,store (toxin),,255,400,toxin,9990,100,210,40,1,1,1,1,20,60,60,480,5,539,2.5,True,nightR/wolfmanD,0,1,,,,,,,,,,,,,,,,
517,Howling Werewolf Knight,咆哮の人狼ナイト,worker_toxin,uncertain,unique flavor text (joke value) but stat-dominated,store (toxin),,255,400,toxin,11110,120,200,50,1,1,1,1,20,60,60,480,5,539,2.5,False,nightR/wolfmanE,0,1,,,,,,,,,,,,,,,,
518,Werewolf Knight,人狼ナイト,worker_toxin,uncertain,unique flavor text (joke value) but stat-dominated,store (toxin),,255,400,toxin,9000,120,170,50,1,1,1,1,20,60,60,480,4,-1,1,False,nightB/wolfmanC,0,1,,,,,,,,,,,,,,,,
519,Forest Goblin,森のゴブリン,worker_toxin,uncertain,unique flavor text (joke value) but stat-dominated,store (toxin),,255,400,toxin,8800,190,130,10,1,1,1,1,20,60,60,480,5,542,2.5,False,nightB/GoblinA,0,1,,,,,,,,,,,,,,,,
520,Rock Goblin,岩場のゴブリン,worker_toxin,uncertain,unique flavor text (joke value) but stat-dominated,store (toxin),,255,400,toxin,8800,180,140,10,1,1,1,1,20,60,60,480,5,542,2.5,False,nightB/GoblinB,0,1,,,,,,,,,,,,,,,,
521,Mine Goblin,鉱山のゴブリン,worker_toxin,uncertain,unique flavor text (joke value) but stat-dominated,store (toxin),,255,400,toxin,9400,180,140,10,1,1,1,1,20,60,60,480,5,542,2.5,False,nightB/GoblinC,0,1,,,,,,,,,,,,,,,,
522,Wasteland Goblin,荒野のゴブリン,worker_toxin,uncertain,unique flavor text (joke value) but stat-dominated,store (toxin),,255,400,toxin,8000,180,130,10,1,1,1,1,20,60,60,480,4,-1,1,False,nightR/GoblinA,0,1,,,,,,,,,,,,,,,,
523,Invisible Comedian,インビジブル芸人,worker_toxin,uncertain,unique flavor text (joke value) but stat-dominated,store (toxin),,255,400,toxin,9500,190,130,90,1,1,1,1,70,70,70,480,5,545,2.5,False,InvisiblemanA/InvisiblemanA,0,1,,,,,,,,,,,,,,,,
524,Invisible Salaryman,インビジブルリーマン,worker_toxin,uncertain,unique flavor text (joke value) but stat-dominated,store (toxin),,255,400,toxin,9000,180,140,80,1,1,1,1,60,70,60,480,5,545,2.5,False,InvisiblemanB/InvisiblemanB,0,1,,,,,,,,,,,,,,,,
525,Invisible Lady,インビジブルレディ,worker_toxin,uncertain,unique flavor text (joke value) but stat-dominated,store (toxin),,255,400,toxin,9600,180,140,70,1,1,1,1,50,80,60,480,5,545,2.5,True,InvisiblemanC/InvisiblemanC,0,1,,,,,,,,,,,,,,,,
526,Mister Invisible,ミスターインビジブル,worker_toxin,uncertain,unique flavor text (joke value) but stat-dominated,store (toxin),,255,400,toxin,8300,170,140,70,1,1,1,1,50,80,60,480,4,-1,1,False,InvisiblemanA/InvisiblemanA,0,1,,,,,,,,,,,,,,,,
527,Psychic Chef,サイキックシェフ,enemy_or_event_chef,uncertain,unique art but recycled text and dominated stats — art-only value,roulette/event (server-scheduled),,255,0,cash,900,40,40,70,1,1,1,1,50,80,60,480,0,-1,1,False,psychicB/dojokarateA,0,0,,,,,,,,,,,,,,,,
528,Psychic Staff A,サイキック店員Ａ,event_reward_or_customer,cut,"reskin: recycled text, recycled art, stat-dominated",roulette/event (server-scheduled),,255,0,cash,600,40,40,70,1,1,1,1,50,80,60,480,0,-1,1,False,psychicA/dojokarateB,0,0,,,,,,,,,,,,,,,,
529,Psychic Staff B,サイキック店員B,event_reward_or_customer,cut,"reskin: recycled text, recycled art, stat-dominated",roulette/event (server-scheduled),,255,0,cash,600,40,30,50,1,1,1,1,50,50,50,480,0,-1,1,False,psychicA/dojokarateC,0,0,,,,,,,,,,,,,,,,
530,Container Chef,容器なシェフ,enemy_or_event_chef,keep,enemy chef — needed by raid/boss content (enemyItems sets),roulette/event (server-scheduled),,255,0,cash,900,40,40,70,1,1,1,1,50,80,60,480,0,-1,1,False,enemyChef/boxmanA,0,0,,,,,,,,,,,,,,,,
531,Container Staff A,容器な店員Ａ,event_reward_or_customer,uncertain,unique art but recycled text and dominated stats — art-only value,roulette/event (server-scheduled),,255,0,cash,600,40,40,70,1,1,1,1,50,80,60,480,0,-1,1,False,boxmanC/boxmanC,0,0,,,,,,,,,,,,,,,,
532,Container Staff B,容器な店員B,event_reward_or_customer,cut,"reskin: recycled text, recycled art, stat-dominated",roulette/event (server-scheduled),,255,0,cash,600,40,30,50,1,1,1,1,50,50,50,480,0,-1,1,False,boxmanB/boxmanB,0,0,,,,,,,,,,,,,,,,
533,Dragon Chef,ドラゴンシェフ,enemy_or_event_chef,keep,enemy chef — needed by raid/boss content (enemyItems sets),roulette/event (server-scheduled),,255,0,cash,900,40,40,70,1,1,1,1,50,80,60,480,0,-1,1,False,enemyChef/dragonA,0,0,,,,,,,,,,,,,,,,
534,Dragon Staff A,ドラゴン店員Ａ,event_reward_or_customer,cut,"reskin: recycled text, recycled art, stat-dominated",roulette/event (server-scheduled),,255,0,cash,600,40,40,70,1,1,1,1,50,80,60,480,0,-1,1,False,akumaA/dragonB,0,0,,,,,,,,,,,,,,,,
535,Dragon Staff B,ドラゴン店員B,event_reward_or_customer,cut,"reskin: recycled text, recycled art, stat-dominated",roulette/event (server-scheduled),,255,0,cash,600,40,30,50,1,1,1,1,50,50,50,480,0,-1,1,False,akumaA/dragonC,0,0,,,,,,,,,,,,,,,,
536,Protein Chef,プロテインシェフ,enemy_or_event_chef,keep,enemy chef — needed by raid/boss content (enemyItems sets),roulette/event (server-scheduled),,255,0,cash,900,40,40,70,1,1,1,1,50,80,60,480,0,-1,1,False,enemyChef/maskedA,0,0,,,,,,,,,,,,,,,,
537,Protein Staff A,プロテイン店員Ａ,event_reward_or_customer,cut,"reskin: recycled text, recycled art, stat-dominated",roulette/event (server-scheduled),,255,0,cash,600,40,40,70,1,1,1,1,50,80,60,480,0,-1,1,False,maskedB/maskedB,0,0,,,,,,,,,,,,,,,,
538,Protein Staff B,プロテイン店員B,event_reward_or_customer,cut,"reskin: recycled text, recycled art, stat-dominated",roulette/event (server-scheduled),,255,0,cash,600,40,30,50,1,1,1,1,50,50,50,480,0,-1,1,False,maskedC/maskedC,0,0,,,,,,,,,,,,,,,,
539,Lair Chef,根城のシェフ,enemy_or_event_chef,cut,"reskin: recycled text, recycled art, stat-dominated",roulette/event (server-scheduled),,255,0,cash,900,40,40,70,1,1,1,1,50,80,60,480,0,-1,1,False,nightR/wolfmanC,0,0,,,,,,,,,,,,,,,,
540,Lair Staff A,根城の店員Ａ,event_reward_or_customer,cut,"reskin: recycled text, recycled art, stat-dominated",roulette/event (server-scheduled),,255,0,cash,600,40,40,70,1,1,1,1,50,80,60,480,0,-1,1,False,nightR/wolfmanD,0,0,,,,,,,,,,,,,,,,
541,Lair Staff B,根城の店員B,event_reward_or_customer,cut,"reskin: recycled text, recycled art, stat-dominated",roulette/event (server-scheduled),,255,0,cash,600,40,30,50,1,1,1,1,50,50,50,480,0,-1,1,False,nightR/wolfmanE,0,0,,,,,,,,,,,,,,,,
542,Goblin Chef,ゴブリンシェフ,enemy_or_event_chef,keep,enemy chef — needed by raid/boss content (enemyItems sets),roulette/event (server-scheduled),,255,0,cash,900,40,40,70,1,1,1,1,50,80,60,480,0,-1,1,False,enemyChef/GoblinA,0,0,,,,,,,,,,,,,,,,
543,Goblin Staff A,ゴブリン店員Ａ,event_reward_or_customer,cut,"reskin: recycled text, recycled art, stat-dominated",roulette/event (server-scheduled),,255,0,cash,600,40,40,70,1,1,1,1,50,80,60,480,0,-1,1,False,nightB/GoblinB,0,0,,,,,,,,,,,,,,,,
544,Goblin Staff B,ゴブリン店員B,event_reward_or_customer,cut,"reskin: recycled text, recycled art, stat-dominated",roulette/event (server-scheduled),,255,0,cash,600,40,30,50,1,1,1,1,50,50,50,480,0,-1,1,False,nightB/GoblinC,0,0,,,,,,,,,,,,,,,,
545,Invisible Chef,透明シェフ,enemy_or_event_chef,keep,enemy chef — needed by raid/boss content (enemyItems sets),roulette/event (server-scheduled),,255,0,cash,900,40,40,70,1,1,1,1,50,80,60,480,0,-1,1,False,enemyChef/InvisiblemanA,0,0,,,,,,,,,,,,,,,,
546,Invisible Staff A,透明店員Ａ,event_reward_or_customer,cut,"reskin: recycled text, recycled art, stat-dominated",roulette/event (server-scheduled),,255,0,cash,600,40,40,70,1,1,1,1,50,80,60,480,0,-1,1,False,InvisiblemanB/InvisiblemanB,0,0,,,,,,,,,,,,,,,,
547,Invisible Staff B,透明店員B,event_reward_or_customer,cut,"reskin: recycled text, recycled art, stat-dominated",roulette/event (server-scheduled),,255,0,cash,600,40,30,50,1,1,1,1,50,50,50,480,0,-1,1,False,InvisiblemanC/InvisiblemanC,0,0,,,,,,,,,,,,,,,,
548,Psychic Fighter,サイキックファイター,worker_toxin,uncertain,unique flavor text (joke value) but stat-dominated,store (toxin),,255,400,toxin,8000,120,170,70,1,1,1,1,50,80,60,480,4,-1,1,False,psychicA/dojokarateB,0,1,,,,,,,,,,,,,,,,
549,Paper Sack,紙袋,worker_toxin,uncertain,unique flavor text (joke value) but stat-dominated,store (toxin),,255,400,toxin,8100,130,160,10,1,1,1,1,20,60,60,480,4,-1,1,False,boxmanC/boxmanC,0,1,,,,,,,,,,,,,,,,
550,Half-Dragon,ハーフドラゴン,worker_toxin,uncertain,unique flavor text (joke value) but stat-dominated,store (toxin),,255,400,toxin,8000,130,160,50,1,1,1,1,20,60,60,480,4,-1,1,False,akumaA/dragonB,0,1,,,,,,,,,,,,,,,,
551,Luchador,マスクレスラー,worker_toxin,uncertain,unique flavor text (joke value) but stat-dominated,store (toxin),,255,400,toxin,5290,80,100,80,1,1,1,1,20,30,30,480,4,-1,1,False,maskedB/maskedB,0,1,,,,,,,,,,,,,,,,
552,Knight Wolf,ナイトウルフ,worker_toxin,uncertain,unique flavor text (joke value) but stat-dominated,store (toxin),,255,400,toxin,5550,90,80,50,1,1,1,1,20,60,60,480,4,-1,1,False,nightB/wolfmanD,0,1,,,,,,,,,,,,,,,,
553,Sand Goblin,砂のゴブリン,worker_toxin,uncertain,unique flavor text (joke value) but stat-dominated,store (toxin),,255,400,toxin,4900,90,90,10,1,1,1,1,20,60,60,480,4,-1,1,False,nightR/GoblinB,0,1,,,,,,,,,,,,,,,,
554,Invisible,インビジブル,worker_toxin,uncertain,unique flavor text (joke value) but stat-dominated,store (toxin),,255,400,toxin,5550,90,80,70,1,1,1,1,50,80,60,480,4,-1,1,False,InvisiblemanC/InvisiblemanB,0,1,,,,,,,,,,,,,,,,
555,Michael,ミカエル,worker_toxin,uncertain,unique flavor text (joke value) but stat-dominated,store (toxin),,255,400,toxin,8910,170,130,90,1,1,1,1,70,70,70,240,5,575,2.5,False,angelmanA/angelmanA,0,1,,,,,,,,,,,,,,,,
556,Mikhail,ミハエル,worker_toxin,uncertain,unique flavor text (joke value) but stat-dominated,store (toxin),,255,400,toxin,7770,160,140,80,1,1,1,1,60,70,60,240,5,575,2.5,False,angelmanB/angelmanB,0,1,,,,,,,,,,,,,,,,
557,Michelle,ミッシェル,worker_toxin,uncertain,unique flavor text (joke value) but stat-dominated,store (toxin),,255,400,toxin,10400,130,160,70,1,1,1,1,50,80,60,300,5,575,2.5,False,angelmanC/angelmanC,0,1,,,,,,,,,,,,,,,,
558,Mike,マイケル,worker_toxin,uncertain,unique flavor text (joke value) but stat-dominated,store (toxin),,255,400,toxin,7770,140,140,70,1,1,1,1,50,80,60,420,4,-1,1,False,angelmanD/angelmanD,0,1,,,,,,,,,,,,,,,,
559,Special Forces Echo,特殊部隊エコー,worker_toxin,uncertain,unique flavor text (joke value) but stat-dominated,store (toxin),,255,400,toxin,9900,140,150,90,1,1,1,1,70,70,70,240,5,578,2.5,False,militaryD/militaryD,0,1,,,,,,,,,,,,,,,,
560,Special Forces Foxtrot,特殊部隊フォックス,worker_toxin,uncertain,unique flavor text (joke value) but stat-dominated,store (toxin),,255,400,toxin,7700,120,170,80,1,1,1,1,60,70,60,240,5,578,2.5,False,militaryF/militaryF,0,1,,,,,,,,,,,,,,,,
561,Special Forces Golf,特殊部隊ゴルフ,worker_toxin,uncertain,unique flavor text (joke value) but stat-dominated,store (toxin),,255,400,toxin,8800,160,140,70,1,1,1,1,50,80,60,240,5,578,2.5,False,militaryE/militaryE,0,1,,,,,,,,,,,,,,,,
562,Special Forces Hotel,特殊部隊ホテル,worker_toxin,uncertain,unique flavor text (joke value) but stat-dominated,store (toxin),,255,400,toxin,8800,100,160,70,1,1,1,1,50,80,60,360,4,-1,1,False,militaryG/militaryG,0,1,,,,,,,,,,,,,,,,
563,Unicorn Head,ユニコーンヘッド,worker_toxin,uncertain,unique flavor text (joke value) but stat-dominated,store (toxin),,255,400,toxin,9990,140,180,80,1,1,1,1,20,30,30,666,5,581,2.5,False,akumaG/akumaG,0,1,,,,,,,,,,,,,,,,
564,Cockatrice Head,コカトリスヘッド,worker_toxin,uncertain,unique flavor text (joke value) but stat-dominated,store (toxin),,255,400,toxin,9990,150,170,30,1,1,1,1,20,60,60,666,5,581,2.5,False,akumaH/akumaH,0,1,,,,,,,,,,,,,,,,
565,Griffin Head,グリフォンヘッド,worker_toxin,uncertain,unique flavor text (joke value) but stat-dominated,store (toxin),,255,400,toxin,9990,130,190,40,1,1,1,1,20,60,60,666,5,581,2.5,False,akumaI/akumaI,0,1,,,,,,,,,,,,,,,,
566,Hawk Head,ホークヘッド,worker_toxin,uncertain,unique flavor text (joke value) but stat-dominated,store (toxin),,255,400,toxin,9990,100,180,50,1,1,1,1,20,60,60,666,4,-1,1,False,akumaJ/akumaJ,0,1,,,,,,,,,,,,,,,,
567,Mackerel Salaryman,サバリーマン,worker_toxin,uncertain,unique flavor text (joke value) but stat-dominated,store (toxin),,255,400,toxin,8000,130,170,80,1,1,1,1,20,30,30,360,5,584,2.5,False,fishmanB/fishmanB,0,1,,,,,,,,,,,,,,,,
568,Middle-Aged Sunfish,マンボウ中年,worker_toxin,uncertain,unique flavor text (joke value) but stat-dominated,store (toxin),,255,400,toxin,7500,160,150,30,1,1,1,1,20,60,60,360,5,584,2.5,False,fishmanC/fishmanC,0,1,,,,,,,,,,,,,,,,
569,Anglerfish Gentleman,アンコウジェントル,worker_toxin,uncertain,unique flavor text (joke value) but stat-dominated,store (toxin),,255,400,toxin,9000,140,160,40,1,1,1,1,20,60,60,360,5,584,2.5,False,fishmanA/fishmanA,0,1,,,,,,,,,,,,,,,,
570,Fish Skeleton,フィッシュスケルトン,worker_toxin,uncertain,unique flavor text (joke value) but stat-dominated,store (toxin),,255,400,toxin,8000,120,150,50,1,1,1,1,20,60,60,420,4,-1,1,False,fishmanD/fishmanD,0,1,,,,,,,,,,,,,,,,
571,Tin Robot Vermilion,ブリキロボット朱,worker_toxin,uncertain,unique flavor text (joke value) but stat-dominated,store (toxin),,255,400,toxin,10680,110,190,70,1,1,1,1,50,80,60,540,5,587,2.5,True,robotB/robotB,0,1,,,,,,,,,,,,,,,,
572,Tin Robot Indigo,ブリキロボット藍,worker_toxin,uncertain,unique flavor text (joke value) but stat-dominated,store (toxin),,255,400,toxin,10680,100,200,70,1,1,1,1,50,80,60,540,5,587,2.5,False,robotC/robotC,0,1,,,,,,,,,,,,,,,,
573,Tin Robot Spring Green,ブリキロボット萌木,worker_toxin,uncertain,unique flavor text (joke value) but stat-dominated,store (toxin),,255,400,toxin,10680,130,180,70,1,1,1,1,50,80,60,540,5,587,2.5,False,robotD/robotD,0,1,,,,,,,,,,,,,,,,
574,Wind-Up Robot,ゼンマイ式ロボット,worker_toxin,uncertain,unique flavor text (joke value) but stat-dominated,store (toxin),,255,400,toxin,7500,120,160,70,1,1,1,1,50,80,60,540,4,-1,1,False,robotE/robotE,0,1,,,,,,,,,,,,,,,,
575,Angel Chef,天使シェフ,enemy_or_event_chef,keep,enemy chef — needed by raid/boss content (enemyItems sets),store (toxin),,255,400,toxin,900,50,40,50,1,1,1,1,50,50,50,480,5,-1,1,False,enemyChef/angelmanA,0,1,,,,,,,,,,,,,,,,
576,Angel Staff A,天使店員Ａ,worker_toxin,cut,"reskin: recycled text, recycled art, stat-dominated",store (toxin),,255,400,toxin,600,40,40,50,1,1,1,1,50,50,50,480,5,-1,1,False,angelmanB/angelmanB,0,1,,,,,,,,,,,,,,,,
577,Angel Staff B,天使店員Ｂ,worker_toxin,cut,"reskin: recycled text, recycled art, stat-dominated",store (toxin),,255,400,toxin,600,40,30,50,1,1,1,1,50,50,50,480,5,-1,1,False,angelmanC/angelmanC,0,1,,,,,,,,,,,,,,,,
578,Special Forces Chef,特殊部隊シェフ,enemy_or_event_chef,keep,enemy chef — needed by raid/boss content (enemyItems sets),store (toxin),,255,400,toxin,2500,70,40,50,1,1,1,1,50,50,50,480,5,-1,1,False,enemyChef/militaryD,0,1,,,,,,,,,,,,,,,,
579,Special Forces Staff A,特殊部隊店員Ａ,worker_toxin,cut,"reskin: recycled text, recycled art, stat-dominated",store (toxin),,255,400,toxin,1200,60,50,50,1,1,1,1,50,50,50,480,5,-1,1,False,militaryE/militaryE,0,1,,,,,,,,,,,,,,,,
580,Special Forces Staff B,特殊部隊店員Ｂ,worker_toxin,cut,"reskin: recycled text, recycled art, stat-dominated",store (toxin),,255,400,toxin,1600,50,60,50,1,1,1,1,50,50,50,480,5,-1,1,False,militaryF/militaryF,0,1,,,,,,,,,,,,,,,,
581,Demon Chef,悪魔シェフ,enemy_or_event_chef,keep,enemy chef — needed by raid/boss content (enemyItems sets),store (toxin),,255,400,toxin,2550,40,70,50,1,1,1,1,50,50,50,480,5,-1,1,False,enemyChef/akumaG,0,1,,,,,,,,,,,,,,,,
582,Demon Staff A,悪魔店員Ａ,worker_toxin,uncertain,unique art but recycled text and dominated stats — art-only value,store (toxin),,255,400,toxin,1220,50,60,50,1,1,1,1,50,50,50,480,5,-1,1,False,akumaG/akumaH,0,1,,,,,,,,,,,,,,,,
583,Demon Staff B,悪魔店員Ｂ,worker_toxin,uncertain,unique art but recycled text and dominated stats — art-only value,store (toxin),,255,400,toxin,1660,60,50,50,1,1,1,1,50,50,50,480,5,-1,1,False,akumaH/akumaI,0,1,,,,,,,,,,,,,,,,
584,Fish Chef,魚シェフ,enemy_or_event_chef,keep,enemy chef — needed by raid/boss content (enemyItems sets),store (toxin),,255,400,toxin,1000,50,50,50,1,1,1,1,50,50,50,480,5,-1,1,False,enemyChef/fishmanA,0,1,,,,,,,,,,,,,,,,
585,Fish Staff A,魚店員Ａ,worker_toxin,cut,"reskin: recycled text, recycled art, stat-dominated",store (toxin),,255,400,toxin,600,40,40,50,1,1,1,1,50,50,50,480,5,-1,1,False,fishmanB/fishmanB,0,1,,,,,,,,,,,,,,,,
586,Fish Staff B,魚店員Ｂ,worker_toxin,cut,"reskin: recycled text, recycled art, stat-dominated",store (toxin),,255,400,toxin,600,40,30,50,1,1,1,1,50,50,50,480,5,-1,1,False,fishmanC/fishmanC,0,1,,,,,,,,,,,,,,,,
587,Tin Chef,ブリキシェフ,enemy_or_event_chef,keep,enemy chef — needed by raid/boss content (enemyItems sets),store (toxin),,255,400,toxin,2500,50,70,50,1,1,1,1,50,50,50,480,5,-1,1,False,enemyChef/robotB,0,1,,,,,,,,,,,,,,,,
588,Tin Staff A,ブリキ店員Ａ,worker_toxin,cut,"reskin: recycled text, recycled art, stat-dominated",store (toxin),,255,400,toxin,1200,60,60,50,1,1,1,1,50,50,50,480,5,-1,1,False,robotC/robotC,0,1,,,,,,,,,,,,,,,,
589,Tin Staff B,ブリキ店員Ｂ,worker_toxin,cut,"reskin: recycled text, recycled art, stat-dominated",store (toxin),,255,400,toxin,1600,60,50,50,1,1,1,1,50,50,50,480,5,-1,1,False,robotD/robotD,0,1,,,,,,,,,,,,,,,,
590,Block 1 Ghost,一丁目の幽霊,worker_toxin,uncertain,unique flavor text (joke value) but stat-dominated,store (toxin),,255,400,toxin,9000,150,170,80,1,1,1,1,80,50,70,540,5,608,2.5,False,ghostA/ghostA,0,1,,,,,,,,,,,,,,,,
591,Block 2 Ghost,二丁目の幽霊,worker_toxin,uncertain,unique art but recycled text and dominated stats — art-only value,store (toxin),,255,400,toxin,8500,120,190,80,1,1,1,1,80,50,70,540,5,608,2.5,False,ghostB/ghostB,0,1,,,,,,,,,,,,,,,,
592,Block 3 Ghost,三丁目の幽霊,worker_toxin,uncertain,unique flavor text (joke value) but stat-dominated,store (toxin),,255,400,toxin,9200,130,180,80,1,1,1,1,80,50,70,540,5,608,2.5,False,ghostC/ghostC,0,1,,,,,,,,,,,,,,,,
593,Ghostaro,幽太郎,worker_toxin,uncertain,unique flavor text (joke value) but stat-dominated,store (toxin),,255,400,toxin,8500,120,160,80,1,1,1,1,80,50,70,540,4,-1,1,False,ghostD/ghostD,0,1,,,,,,,,,,,,,,,,
594,Card Soldier Diamonds,ダイヤのトランプ,worker_toxin,uncertain,unique flavor text (joke value) but stat-dominated,store (toxin),,255,400,toxin,9200,120,190,100,1,1,1,1,80,20,20,480,5,611,2.5,False,CardsA/CardsA,0,1,,,,,,,,,,,,,,,,
595,Card Soldier Clubs,クラブのトランプ,worker_toxin,uncertain,unique flavor text (joke value) but stat-dominated,store (toxin),,255,400,toxin,9680,130,180,100,1,1,1,1,80,20,20,480,5,611,2.5,False,CardsB/CardsB,0,1,,,,,,,,,,,,,,,,
596,Card Soldier Hearts,ハートのトランプ,worker_toxin,uncertain,unique flavor text (joke value) but stat-dominated,store (toxin),,255,400,toxin,8100,110,200,100,1,1,1,1,80,20,20,480,5,611,2.5,False,CardsC/CardsC,0,1,,,,,,,,,,,,,,,,
597,Card Soldier Spades,スペードのトランプ,worker_toxin,uncertain,unique flavor text (joke value) but stat-dominated,store (toxin),,255,400,toxin,8500,110,180,100,1,1,1,1,80,20,20,480,5,611,2.5,False,CardsD/CardsD,0,1,,,,,,,,,,,,,,,,
598,Card Skeleton,トランプスケルトン,worker_toxin,uncertain,unique flavor text (joke value) but stat-dominated,store (toxin),,255,400,toxin,8500,90,170,100,1,1,1,1,80,20,20,480,4,-1,1,False,CardsC/skelton,0,1,,,,,,,,,,,,,,,,
599,Stabby Nurse,よく刺す看護師,worker_toxin,uncertain,unique flavor text (joke value) but stat-dominated,store (toxin),,255,400,toxin,8910,180,140,100,1,1,1,1,10,70,50,300,5,614,2.5,True,nurseA/nurseA,0,1,,,,,,,,,,,,,,,,
600,Stompy Nurse,よく踏む看護師,worker_toxin,uncertain,unique flavor text (joke value) but stat-dominated,store (toxin),,255,400,toxin,8910,160,150,100,1,1,1,1,10,70,50,300,5,614,2.5,True,nurseB/nurseB,0,1,,,,,,,,,,,,,,,,
601,Slashy Nurse,よく切る看護師,worker_toxin,uncertain,unique flavor text (joke value) but stat-dominated,store (toxin),,255,400,toxin,8910,150,160,100,1,1,1,1,10,70,50,300,5,614,2.5,True,nurseC/nurseC,0,1,,,,,,,,,,,,,,,,
602,Bitey Nurse,よく噛む看護師,worker_toxin,uncertain,unique flavor text (joke value) but stat-dominated,store (toxin),,255,400,toxin,8910,150,130,100,1,1,1,1,10,70,50,480,4,-1,1,True,maidB/nurseD,0,1,,,,,,,,,,,,,,,,
603,Red Riding Hood,赤ずきん,worker_toxin,uncertain,unique flavor text (joke value) but stat-dominated,store (toxin),,255,400,toxin,7800,140,180,100,1,1,1,1,80,80,80,360,5,617,2.5,True,akazukinA/akazukinA,0,1,,,,,,,,,,,,,,,,
604,White Riding Hood,白ずきん,worker_toxin,uncertain,unique flavor text (joke value) but stat-dominated,store (toxin),,255,400,toxin,7800,130,180,100,1,1,1,1,80,80,80,360,5,617,2.5,True,akazukinB/akazukinB,0,1,,,,,,,,,,,,,,,,
605,Black Riding Hood,黒ずきん,worker_toxin,uncertain,unique flavor text (joke value) but stat-dominated,store (toxin),,255,400,toxin,7800,120,190,100,1,1,1,1,80,80,80,360,5,617,2.5,True,akazukinC/akazukinC,0,1,,,,,,,,,,,,,,,,
606,Grandma,おばあさん,worker_toxin,uncertain,unique flavor text (joke value) but stat-dominated,store (toxin),,255,400,toxin,8800,110,190,100,1,1,1,1,80,80,80,360,5,617,2.5,True,businesswomanB/businesswomanB,0,1,,,,,,,,,,,,,,,,
607,Maid Riding Hood,メイドずきん,worker_toxin,uncertain,unique flavor text (joke value) but stat-dominated,store (toxin),,255,400,toxin,7800,110,160,100,1,1,1,1,80,10,10,480,4,-1,1,True,maidB/akazukinD,0,1,,,,,,,,,,,,,,,,
608,Ghost Chef,ゆうれいシェフ,enemy_or_event_chef,keep,enemy chef — needed by raid/boss content (enemyItems sets),store (toxin),,255,400,toxin,900,40,40,50,1,1,1,1,50,50,50,480,4,-1,1,False,enemyChef/ghostE,0,1,,,,,,,,,,,,,,,,
609,Ghost Staff A,ゆうれい店員Ａ,worker_toxin,uncertain,unique art but recycled text and dominated stats — art-only value,store (toxin),,255,400,toxin,600,40,40,50,1,1,1,1,50,50,50,480,4,-1,1,False,ghostF/ghostF,0,1,,,,,,,,,,,,,,,,
610,Ghost Staff B,ゆうれい店員Ｂ,worker_toxin,uncertain,unique art but recycled text and dominated stats — art-only value,store (toxin),,255,400,toxin,600,40,30,50,1,1,1,1,50,50,50,480,4,-1,1,False,ghostG/ghostG,0,1,,,,,,,,,,,,,,,,
611,Card Chef,トランプシェフ,enemy_or_event_chef,keep,enemy chef — needed by raid/boss content (enemyItems sets),store (toxin),,255,400,toxin,1000,50,50,50,1,1,1,1,50,50,50,480,4,-1,1,False,enemyChef/CardsA,0,1,,,,,,,,,,,,,,,,
612,Card Staff A,トランプ店員Ａ,worker_toxin,cut,"reskin: recycled text, recycled art, stat-dominated",store (toxin),,255,400,toxin,600,40,40,50,1,1,1,1,50,50,50,480,4,-1,1,False,CardsB/CardsB,0,1,,,,,,,,,,,,,,,,
613,Card Staff B,トランプ店員Ｂ,worker_toxin,cut,"reskin: recycled text, recycled art, stat-dominated",store (toxin),,255,400,toxin,600,40,30,50,1,1,1,1,50,50,50,480,4,-1,1,False,CardsC/CardsC,0,1,,,,,,,,,,,,,,,,
614,Nurse Chef,看護師シェフ,enemy_or_event_chef,keep,enemy chef — needed by raid/boss content (enemyItems sets),store (toxin),,255,400,toxin,1000,50,50,50,1,1,1,1,50,50,50,480,4,-1,1,False,enemyChef/nurseA,0,1,,,,,,,,,,,,,,,,
615,Nurse Staff A,看護師店員Ａ,worker_toxin,cut,"reskin: recycled text, recycled art, stat-dominated",store (toxin),,255,400,toxin,600,40,40,50,1,1,1,1,50,50,50,480,4,-1,1,False,nurseB/nurseB,0,1,,,,,,,,,,,,,,,,
616,Nurse Staff B,看護師店員Ｂ,worker_toxin,cut,"reskin: recycled text, recycled art, stat-dominated",store (toxin),,255,400,toxin,600,40,30,50,1,1,1,1,50,50,50,480,4,-1,1,False,nurseC/nurseC,0,1,,,,,,,,,,,,,,,,
617,Riding Hood Chef,あかずきんシェフ,enemy_or_event_chef,keep,enemy chef — needed by raid/boss content (enemyItems sets),store (toxin),,255,400,toxin,1000,50,50,50,1,1,1,1,50,50,50,480,4,-1,1,False,enemyChef/akazukinA,0,1,,,,,,,,,,,,,,,,
618,Riding Hood Staff A,あかずきん店員Ａ,worker_toxin,cut,"reskin: recycled text, recycled art, stat-dominated",store (toxin),,255,400,toxin,600,40,40,50,1,1,1,1,50,50,50,480,4,-1,1,False,akazukinB/akazukinB,0,1,,,,,,,,,,,,,,,,
619,Riding Hood Staff B,あかずきん店員Ｂ,worker_toxin,cut,"reskin: recycled text, recycled art, stat-dominated",store (toxin),,255,400,toxin,600,40,30,50,1,1,1,1,50,50,50,480,4,-1,1,False,akazukinC/akazukinC,0,1,,,,,,,,,,,,,,,,
620,Red Dragon Knight,赤龍騎士,worker_toxin,uncertain,unique flavor text (joke value) but stat-dominated,store (toxin),,255,400,toxin,1680,70,80,20,1,1,1,1,40,20,10,480,4,-1,1,False,dragonNight1/dragonNight1,0,1,,,,,,,,,,,,,,,,
621,Green Dragon Knight,緑龍騎士,worker_toxin,uncertain,unique flavor text (joke value) but stat-dominated,store (toxin),,255,400,toxin,1680,60,80,20,1,1,1,1,40,20,10,480,4,-1,1,False,dragonNight2/dragonNight2,0,1,,,,,,,,,,,,,,,,
622,Blue Dragon Knight,青龍騎士,worker_toxin,uncertain,unique flavor text (joke value) but stat-dominated,store (toxin),,255,400,toxin,1680,70,70,20,1,1,1,1,40,20,10,480,4,-1,1,False,dragonNight3/dragonNight3,0,1,,,,,,,,,,,,,,,,
623,Dragon Warrior,龍戦士,worker_toxin,uncertain,unique flavor text (joke value) but stat-dominated,store (toxin),,255,400,toxin,1680,70,70,20,1,1,1,1,40,20,10,480,4,-1,1,False,dragonNight4/dragonNight4,0,1,,,,,,,,,,,,,,,,
624,Ladies' Assault Squad,婦人突撃部隊,worker_toxin,uncertain,unique flavor text (joke value) but stat-dominated,store (toxin),,255,400,toxin,4440,90,80,100,1,1,1,1,50,50,50,480,4,-1,1,True,Ladymilitary1/Ladymilitary1,0,1,,,,,,,,,,,,,,,,
625,Ladies' Defense Squad,婦人守備部隊,worker_toxin,uncertain,unique flavor text (joke value) but stat-dominated,store (toxin),,255,400,toxin,4440,80,100,100,1,1,1,1,50,50,50,480,4,-1,1,True,Ladymilitary2/Ladymilitary2,0,1,,,,,,,,,,,,,,,,
626,Ladies' Guerrilla Squad,婦人ゲリラ部隊,worker_toxin,uncertain,unique flavor text (joke value) but stat-dominated,store (toxin),,255,400,toxin,4440,80,90,100,1,1,1,1,50,50,50,480,4,-1,1,True,Ladymilitary3/Ladymilitary3,0,1,,,,,,,,,,,,,,,,
627,Ladies' Special Forces,婦人特殊部隊,worker_toxin,uncertain,unique flavor text (joke value) but stat-dominated,store (toxin),,255,400,toxin,4440,70,100,100,1,1,1,1,50,50,50,480,4,-1,1,True,Ladymilitary4/Ladymilitary4,0,1,,,,,,,,,,,,,,,,
628,Robo Cop Chief,機械警察部長,worker_toxin,uncertain,unique flavor text (joke value) but stat-dominated,store (toxin),,255,400,toxin,7700,90,120,30,1,1,1,1,20,20,30,480,4,-1,1,False,roboCup1/roboCup1,0,1,,,,,,,,,,,,,,,,
629,Robo Cop Captain,機械警察課長,worker_toxin,uncertain,unique flavor text (joke value) but stat-dominated,store (toxin),,255,400,toxin,6000,100,120,30,1,1,1,1,20,20,30,480,4,-1,1,False,roboCup2/roboCup2,0,1,,,,,,,,,,,,,,,,
630,Robo Cop Commissioner,機械警察署長,worker_toxin,uncertain,unique flavor text (joke value) but stat-dominated,store (toxin),,255,400,toxin,7700,90,120,30,1,1,1,1,20,20,30,480,4,-1,1,False,roboCup3/roboCup3,0,1,,,,,,,,,,,,,,,,
631,Robo Cop Officer,機械警察巡査,worker_toxin,uncertain,unique flavor text (joke value) but stat-dominated,store (toxin),,255,400,toxin,6000,100,120,30,1,1,1,1,20,20,30,480,4,-1,1,False,roboCup4/roboCup4,0,1,,,,,,,,,,,,,,,,
632,Lazy Lady Knight,怠惰な女騎士,worker_toxin,uncertain,unique flavor text (joke value) but stat-dominated,store (toxin),,255,400,toxin,1700,70,80,20,1,1,1,1,40,20,10,480,4,-1,1,True,valkyrie1/valkyrie1,0,1,,,,,,,,,,,,,,,,
633,Gloomy Lady Knight,憂鬱な女騎士,worker_toxin,uncertain,unique flavor text (joke value) but stat-dominated,store (toxin),,255,400,toxin,1700,60,80,20,1,1,1,1,40,20,10,480,4,-1,1,True,valkyrie2/valkyrie2,0,1,,,,,,,,,,,,,,,,
634,Slovenly Lady Knight,自堕落な女騎士,worker_toxin,uncertain,unique flavor text (joke value) but stat-dominated,store (toxin),,255,400,toxin,1700,70,70,20,1,1,1,1,40,20,10,480,4,-1,1,True,valkyrie3/valkyrie3,0,1,,,,,,,,,,,,,,,,
635,Lady Knight,女騎士,worker_toxin,uncertain,unique flavor text (joke value) but stat-dominated,store (toxin),,255,400,toxin,1700,70,70,20,1,1,1,1,40,20,10,480,4,-1,1,True,valkyrie4/valkyrie4,0,1,,,,,,,,,,,,,,,,
636,Goddess of the Aurora,極光の女神,worker_toxin,uncertain,unique flavor text (joke value) but stat-dominated,store (toxin),,255,400,toxin,7200,110,110,30,1,1,1,1,20,60,60,480,4,-1,1,True,Walkure1/Walkure1,0,1,,,,,,,,,,,,,,,,
637,Goddess of Victory,勝利の女神,worker_toxin,uncertain,unique flavor text (joke value) but stat-dominated,store (toxin),,255,400,toxin,7000,110,110,30,1,1,1,1,20,60,60,480,4,-1,1,True,Walkure2/Walkure2,0,1,,,,,,,,,,,,,,,,
638,Goddess of Love,愛の女神,worker_toxin,uncertain,unique flavor text (joke value) but stat-dominated,store (toxin),,255,400,toxin,7000,110,110,30,1,1,1,1,20,60,60,480,4,-1,1,True,Walkure3/Walkure3,0,1,,,,,,,,,,,,,,,,
639,Goddess of Fate,運命の女神,worker_toxin,uncertain,unique flavor text (joke value) but stat-dominated,store (toxin),,255,400,toxin,6900,110,110,30,1,1,1,1,20,60,60,480,4,-1,1,True,Walkure4/Walkure4,0,1,,,,,,,,,,,,,,,,
640,Kamakura Warrior,鎌倉の武者,worker_toxin,uncertain,unique flavor text (joke value) but stat-dominated,store (toxin),,255,400,toxin,9400,150,160,90,1,1,1,1,70,70,70,360,5,658,2.5,False,MushaA/MushaA,0,1,,,,,,,,,,,,,,,,
641,Oshu Warrior,奥州の武者,worker_toxin,uncertain,unique flavor text (joke value) but stat-dominated,store (toxin),,255,400,toxin,9400,120,190,80,1,1,1,1,60,70,60,360,5,658,2.5,False,MushaB/MushaB,0,1,,,,,,,,,,,,,,,,
642,Kai Warrior,甲斐の武者,worker_toxin,uncertain,unique flavor text (joke value) but stat-dominated,store (toxin),,255,400,toxin,9500,130,180,70,1,1,1,1,50,80,60,360,5,658,2.5,False,MushaC/MushaC,0,1,,,,,,,,,,,,,,,,
643,Fallen Samurai,落ち武者,worker_toxin,uncertain,unique flavor text (joke value) but stat-dominated,store (toxin),,255,400,toxin,7500,120,150,70,1,1,1,1,50,80,60,480,4,-1,1,False,MushaD/sumowrestlerB,0,1,,,,,,,,,,,,,,,,
644,Legendary Swordsman,伝説の剣士,worker_toxin,uncertain,unique flavor text (joke value) but stat-dominated,store (toxin),,255,400,toxin,8400,160,170,90,1,1,1,1,70,70,70,480,5,661,2.5,False,shinsenA/shinsenA,0,1,,,,,,,,,,,,,,,,
645,Master Swordsman,一流の剣士,worker_toxin,uncertain,unique flavor text (joke value) but stat-dominated,store (toxin),,255,400,toxin,8600,130,190,80,1,1,1,1,60,70,60,480,5,661,2.5,False,shinsenB/shinsenB,0,1,,,,,,,,,,,,,,,,
646,Supreme Swordsman,最上の剣士,worker_toxin,uncertain,unique flavor text (joke value) but stat-dominated,store (toxin),,255,400,toxin,8800,140,180,70,1,1,1,1,50,80,60,480,5,661,2.5,False,shinsenC/shinsenC,0,1,,,,,,,,,,,,,,,,
647,Swordsman,剣士,worker_toxin,uncertain,unique flavor text (joke value) but stat-dominated,store (toxin),,255,400,toxin,7400,110,160,70,1,1,1,1,50,80,60,480,4,-1,1,False,shinsenD/clown,0,1,,,,,,,,,,,,,,,,
648,Witch of the Dark Night,闇夜の魔女,worker_toxin,uncertain,unique flavor text (joke value) but stat-dominated,store (toxin),,255,400,toxin,9000,170,150,100,1,1,1,1,50,50,50,366,5,664,2.5,True,witchA/witchA,0,1,,,,,,,,,,,,,,,,
649,Witch of the Moonlit Night,月夜の魔女,worker_toxin,uncertain,unique flavor text (joke value) but stat-dominated,store (toxin),,255,400,toxin,8500,180,150,100,1,1,1,1,80,10,10,366,5,664,2.5,True,witchB/witchB,0,1,,,,,,,,,,,,,,,,
650,Witch of the Full Moon,満月の魔女,worker_toxin,uncertain,unique flavor text (joke value) but stat-dominated,store (toxin),,255,400,toxin,9200,170,150,80,1,1,1,1,80,50,70,366,5,664,2.5,True,witchC/witchC,0,1,,,,,,,,,,,,,,,,
651,Witch of the New Moon,新月の魔女,worker_toxin,uncertain,unique flavor text (joke value) but stat-dominated,store (toxin),,255,400,toxin,8000,120,150,50,1,1,1,1,20,60,60,480,4,-1,1,True,witchD/reaperoffB,0,1,,,,,,,,,,,,,,,,
652,Rapid Train,快速,worker_toxin,uncertain,unique flavor text (joke value) but stat-dominated,store (toxin),,255,400,toxin,8460,190,140,100,1,1,1,1,10,70,50,320,5,667,2.5,True,trainA/trainA,0,1,,,,,,,,,,,,,,,,
653,Express Train,急行,worker_toxin,uncertain,unique flavor text (joke value) but stat-dominated,store (toxin),,255,400,toxin,8460,190,130,100,1,1,1,1,10,70,50,280,5,668,2.5,False,trainB/trainB,0,1,,,,,,,,,,,,,,,,
654,Limited Express,特急,worker_toxin,uncertain,unique flavor text (joke value) but stat-dominated,store (toxin),,255,400,toxin,8460,180,140,100,1,1,1,1,10,70,50,240,5,669,2.5,False,trainC/trainC,0,1,,,,,,,,,,,,,,,,
655,Local Train,鈍行,worker_toxin,uncertain,unique flavor text (joke value) but stat-dominated,store (toxin),,255,400,toxin,8460,100,160,50,1,1,1,1,20,60,60,480,4,-1,1,False,trainD/butler,0,1,,,,,,,,,,,,,,,,
656,Alice,ありす,worker_toxin,uncertain,unique art but recycled text and dominated stats — art-only value,store (toxin),,255,400,toxin,9000,150,170,100,1,1,1,1,80,70,70,480,5,670,2.5,True,alice/alice,0,1,,,,,,,,,,,,,,,,
657,Queen,女王様,worker_toxin,uncertain,unique flavor text (joke value) but stat-dominated,store (toxin),,255,400,toxin,8500,120,190,100,1,1,1,1,80,70,60,480,5,611,2.5,True,queen/queen,0,1,,,,,,,,,,,,,,,,
658,Samurai Chef,むしゃシェフ,enemy_or_event_chef,keep,enemy chef — needed by raid/boss content (enemyItems sets),store (toxin),,255,400,toxin,900,40,40,70,1,1,1,1,50,80,60,480,4,-1,1,False,enemyChef/MushaA,0,1,,,,,,,,,,,,,,,,
659,Samurai Staff A,むしゃ店員Ａ,worker_toxin,cut,"reskin: recycled text, recycled art, stat-dominated",store (toxin),,255,400,toxin,600,40,40,70,1,1,1,1,50,80,60,480,4,-1,1,False,MushaB/MushaB,0,1,,,,,,,,,,,,,,,,
660,Samurai Staff B,むしゃ店員Ｂ,worker_toxin,cut,"reskin: recycled text, recycled art, stat-dominated",store (toxin),,255,400,toxin,600,40,30,50,1,1,1,1,50,50,50,480,4,-1,1,False,MushaC/MushaC,0,1,,,,,,,,,,,,,,,,
661,Swordsman Chef,剣士シェフ,enemy_or_event_chef,keep,enemy chef — needed by raid/boss content (enemyItems sets),store (toxin),,255,400,toxin,900,40,40,50,1,1,1,1,50,50,50,480,4,-1,1,False,enemyChef/shinsenA,0,1,,,,,,,,,,,,,,,,
662,Swordsman Staff A,剣士店員Ａ,worker_toxin,cut,"reskin: recycled text, recycled art, stat-dominated",store (toxin),,255,400,toxin,600,40,40,50,1,1,1,1,50,50,50,480,4,-1,1,False,shinsenB/shinsenB,0,1,,,,,,,,,,,,,,,,
663,Swordsman Staff B,剣士店員Ｂ,worker_toxin,cut,"reskin: recycled text, recycled art, stat-dominated",store (toxin),,255,400,toxin,600,40,30,50,1,1,1,1,50,50,50,480,4,-1,1,False,shinsenC/shinsenC,0,1,,,,,,,,,,,,,,,,
664,Witch Chef,魔女シェフ,enemy_or_event_chef,keep,enemy chef — needed by raid/boss content (enemyItems sets),store (toxin),,255,400,toxin,900,40,40,50,1,1,1,1,50,50,50,480,4,-1,1,True,enemyChef/witchA,0,1,,,,,,,,,,,,,,,,
665,Witch Staff A,魔女店員Ａ,worker_toxin,cut,"reskin: recycled text, recycled art, stat-dominated",store (toxin),,255,400,toxin,600,40,40,50,1,1,1,1,50,50,50,480,4,-1,1,True,witchB/witchB,0,1,,,,,,,,,,,,,,,,
666,Witch Staff B,魔女店員Ｂ,worker_toxin,cut,"reskin: recycled text, recycled art, stat-dominated",store (toxin),,255,400,toxin,600,40,30,50,1,1,1,1,50,50,50,480,4,-1,1,True,witchC/witchC,0,1,,,,,,,,,,,,,,,,
667,Train Chef,電車シェフ,enemy_or_event_chef,keep,enemy chef — needed by raid/boss content (enemyItems sets),store (toxin),,255,400,toxin,900,40,40,50,1,1,1,1,50,50,50,480,4,-1,1,False,enemyChef/trainA,0,1,,,,,,,,,,,,,,,,
668,Train Staff A,電車店員Ａ,worker_toxin,cut,"reskin: recycled text, recycled art, stat-dominated",store (toxin),,255,400,toxin,600,40,40,50,1,1,1,1,50,50,50,480,4,-1,1,False,trainB/trainB,0,1,,,,,,,,,,,,,,,,
669,Train Staff B,電車店員Ｂ,worker_toxin,cut,"reskin: recycled text, recycled art, stat-dominated",store (toxin),,255,400,toxin,600,40,30,50,1,1,1,1,50,50,50,480,4,-1,1,False,trainC/trainC,0,1,,,,,,,,,,,,,,,,
670,Queen Chef,女王様シェフ,enemy_or_event_chef,keep,enemy chef — needed by raid/boss content (enemyItems sets),store (toxin),,255,400,toxin,900,40,40,50,1,1,1,1,50,50,50,480,4,-1,1,True,enemyChef/queen,0,1,,,,,,,,,,,,,,,,
671,Rookie Maid,新米メイド,worker_toxin,uncertain,unique flavor text (joke value) but stat-dominated,store (toxin),,255,400,toxin,3000,80,60,10,1,1,1,1,80,50,70,480,4,-1,1,True,maid2/maid2,0,1,,,,,,,,,,,,,,,,
672,Bunny Alice,うさぎのありす,worker_toxin,uncertain,unique flavor text (joke value) but stat-dominated,store (toxin),,255,400,toxin,7770,130,140,80,1,1,1,1,80,50,70,480,4,-1,1,True,alice/costume_a,0,1,,,,,,,,,,,,,,,,
673,Panda Big Sister,ぱんだシスター長女,worker_toxin,uncertain,unique flavor text (joke value) but stat-dominated,store (toxin),,255,400,toxin,8000,130,200,90,1,1,1,1,70,70,70,540,5,690,2.5,True,pandaA/pandaA,0,1,,,,,,,,,,,,,,,,
674,Panda Big Brother,ぱんだブラザー長男,worker_toxin,uncertain,unique flavor text (joke value) but stat-dominated,store (toxin),,255,400,toxin,8200,140,190,80,1,1,1,1,60,70,60,540,5,690,2.5,False,pandaB/pandaB,0,1,,,,,,,,,,,,,,,,
675,Panda Twin (Older),ぱんだ双子・姉,worker_toxin,uncertain,unique flavor text (joke value) but stat-dominated,store (toxin),,255,400,toxin,9400,120,200,70,1,1,1,1,50,80,60,540,5,690,2.5,True,pandaC/pandaC,0,1,,,,,,,,,,,,,,,,
676,Panda Twin (Younger),ぱんだ双子・妹,worker_toxin,uncertain,unique flavor text (joke value) but stat-dominated,store (toxin),,255,400,toxin,6500,130,140,70,1,1,1,1,50,80,60,480,4,-1,1,True,maidC/pandaD,0,1,,,,,,,,,,,,,,,,
677,Super Pigsy,超八戒,worker_toxin,uncertain,unique flavor text (joke value) but stat-dominated,store (toxin),,255,400,toxin,9300,170,160,90,1,1,1,1,70,70,70,480,5,693,2.5,False,saiyukiA/saiyukiA,0,1,,,,,,,,,,,,,,,,
678,Sun Wukong the Glutton,孫悟食,worker_toxin,uncertain,unique flavor text (joke value) but stat-dominated,store (toxin),,255,400,toxin,8500,120,200,80,1,1,1,1,60,70,60,480,5,693,2.5,False,saiyukiB/saiyukiB,0,1,,,,,,,,,,,,,,,,
679,Sandy the Swindler,詐悟浄,worker_toxin,uncertain,unique flavor text (joke value) but stat-dominated,store (toxin),,255,400,toxin,9300,130,190,70,1,1,1,1,50,80,60,480,5,693,2.5,False,saiyukiC/saiyukiC,0,1,,,,,,,,,,,,,,,,
680,Monk Tripitaka the Spiteful,三憎法師,worker_toxin,uncertain,unique flavor text (joke value) but stat-dominated,store (toxin),,255,400,toxin,8500,130,170,70,1,1,1,1,50,80,60,480,4,-1,1,True,saiyukiD/saiyukiD,0,1,,,,,,,,,,,,,,,,
681,Bull Demon Barf,牛魔嘔,worker_toxin,uncertain,unique flavor text (joke value) but stat-dominated,store (toxin),,255,400,toxin,7400,120,150,70,1,1,1,1,50,80,60,480,4,-1,1,False,saiyukiE/akumaB,0,1,,,,,,,,,,,,,,,,
682,Ashura-A,阿修ラー,worker_toxin,uncertain,unique flavor text (joke value) but stat-dominated,store (toxin),,255,400,toxin,8000,110,200,90,1,1,1,1,70,70,70,333,5,696,2.5,False,asyuraA/asyuraA,0,1,,,,,,,,,,,,,,,,
683,Ashura-I,阿修リー,worker_toxin,uncertain,unique flavor text (joke value) but stat-dominated,store (toxin),,255,400,toxin,8000,100,200,80,1,1,1,1,60,70,60,333,5,696,2.5,False,asyuraB/asyuraB,0,1,,,,,,,,,,,,,,,,
684,Ashura-U,阿修ルー,worker_toxin,uncertain,unique flavor text (joke value) but stat-dominated,store (toxin),,255,400,toxin,8000,100,200,70,1,1,1,1,50,80,60,333,5,696,2.5,False,asyuraC/asyuraC,0,1,,,,,,,,,,,,,,,,
685,Ashura-E,阿修レー,worker_toxin,uncertain,unique flavor text (joke value) but stat-dominated,store (toxin),,255,400,toxin,6300,100,170,70,1,1,1,1,50,80,60,480,4,-1,1,False,asyuraD/robotB,0,1,,,,,,,,,,,,,,,,
686,Aladdeen,アラデン,worker_toxin,uncertain,unique flavor text (joke value) but stat-dominated,store (toxin),,255,400,toxin,9000,170,150,90,1,1,1,1,70,70,70,333,5,699,2.5,False,lampA/lampA,0,1,,,,,,,,,,,,,,,,
687,Jasmen,ジャスメン,worker_toxin,uncertain,unique flavor text (joke value) but stat-dominated,store (toxin),,255,400,toxin,8500,160,160,80,1,1,1,1,60,70,60,333,5,699,2.5,True,lampB/lampB,0,1,,,,,,,,,,,,,,,,
688,Lamp Geezer,ランプおやじ,worker_toxin,uncertain,unique flavor text (joke value) but stat-dominated,store (toxin),,255,400,toxin,9200,170,150,70,1,1,1,1,50,80,60,333,5,699,2.5,False,lampC/lampC,0,1,,,,,,,,,,,,,,,,
689,Average Arabian,一般人アラブー,worker_toxin,uncertain,unique flavor text (joke value) but stat-dominated,store (toxin),,255,400,toxin,6800,120,150,70,1,1,1,1,50,80,60,480,4,-1,1,False,lampD/omar,0,1,,,,,,,,,,,,,,,,
690,Panda Chef,ぱんだシェフ,enemy_or_event_chef,keep,enemy chef — needed by raid/boss content (enemyItems sets),store (toxin),,255,400,toxin,900,40,40,70,1,1,1,1,50,80,60,480,4,-1,1,False,enemyChef/pandaA,0,1,,,,,,,,,,,,,,,,
691,Panda Staff A,ぱんだ店員Ａ,worker_toxin,cut,"reskin: recycled text, recycled art, stat-dominated",store (toxin),,255,400,toxin,600,40,40,70,1,1,1,1,50,80,60,480,4,-1,1,False,pandaB/pandaB,0,1,,,,,,,,,,,,,,,,
692,Panda Staff B,ぱんだ店員Ｂ,worker_toxin,cut,"reskin: recycled text, recycled art, stat-dominated",store (toxin),,255,400,toxin,600,40,30,50,1,1,1,1,50,50,50,480,4,-1,1,False,pandaC/pandaC,0,1,,,,,,,,,,,,,,,,
693,Journey West Chef,西遊記シェフ,enemy_or_event_chef,keep,enemy chef — needed by raid/boss content (enemyItems sets),store (toxin),,255,400,toxin,900,40,40,70,1,1,1,1,50,80,60,480,4,-1,1,False,enemyChef/saiyukiA,0,1,,,,,,,,,,,,,,,,
694,Journey West Staff A,西遊記店員Ａ,worker_toxin,cut,"reskin: recycled text, recycled art, stat-dominated",store (toxin),,255,400,toxin,600,40,40,70,1,1,1,1,50,80,60,480,4,-1,1,False,saiyukiB/saiyukiB,0,1,,,,,,,,,,,,,,,,
695,Journey West Staff B,西遊記店員Ｂ,worker_toxin,cut,"reskin: recycled text, recycled art, stat-dominated",store (toxin),,255,400,toxin,600,40,30,50,1,1,1,1,50,50,50,480,4,-1,1,False,saiyukiC/saiyukiC,0,1,,,,,,,,,,,,,,,,
696,Ashura Chef,あしゅらシェフ,enemy_or_event_chef,keep,enemy chef — needed by raid/boss content (enemyItems sets),store (toxin),,255,400,toxin,900,40,40,70,1,1,1,1,50,80,60,480,4,-1,1,False,enemyChef/asyuraA,0,1,,,,,,,,,,,,,,,,
697,Ashura Staff A,あしゅら店員Ａ,worker_toxin,cut,"reskin: recycled text, recycled art, stat-dominated",store (toxin),,255,400,toxin,600,40,40,70,1,1,1,1,50,80,60,480,4,-1,1,False,asyuraB/asyuraB,0,1,,,,,,,,,,,,,,,,
698,Ashura Staff B,あしゅら店員Ｂ,worker_toxin,cut,"reskin: recycled text, recycled art, stat-dominated",store (toxin),,255,400,toxin,600,40,30,50,1,1,1,1,50,50,50,480,4,-1,1,False,asyuraC/asyuraC,0,1,,,,,,,,,,,,,,,,
699,Lamp Chef,ランプシェフ,enemy_or_event_chef,keep,enemy chef — needed by raid/boss content (enemyItems sets),store (toxin),,255,400,toxin,900,40,40,70,1,1,1,1,50,80,60,480,4,-1,1,False,enemyChef/lampA,0,1,,,,,,,,,,,,,,,,
700,Lamp Staff A,ランプ店員Ａ,worker_toxin,cut,"reskin: recycled text, recycled art, stat-dominated",store (toxin),,255,400,toxin,600,40,40,70,1,1,1,1,50,80,60,480,4,-1,1,False,lampB/lampB,0,1,,,,,,,,,,,,,,,,
701,Lamp Staff B,ランプ店員Ｂ,worker_toxin,cut,"reskin: recycled text, recycled art, stat-dominated",store (toxin),,255,400,toxin,600,40,30,50,1,1,1,1,50,50,50,480,4,-1,1,False,lampC/lampC,0,1,,,,,,,,,,,,,,,,
702,Slightly Buff Pigeon,ちょい強化ハト,worker_toxin,uncertain,unique art but recycled text and dominated stats — art-only value,store (toxin),,255,100,toxin,100,10,10,10,1,1,1,1,10,10,10,480,5,-1,1,False,hatoD/hatoD,0,1,,,,,,,,,,,,,,,,
703,Buff Pigeon,強化ハト,worker_toxin,uncertain,unique flavor text (joke value) but stat-dominated,store (toxin),,255,100,toxin,100,10,10,10,1,1,1,1,10,10,10,480,5,-1,1,False,hatoC/hatoC,0,1,,,,,,,,,,,,,,,,
704,Super Buff Pigeon,超強化ハト,worker_toxin,uncertain,unique flavor text (joke value) but stat-dominated,store (toxin),,255,100,toxin,100,10,10,10,1,1,1,1,10,10,10,480,5,-1,1,False,hatoB/hatoB,0,1,,,,,,,,,,,,,,,,
705,Ultra Buff Pigeon,極強化ハト,worker_toxin,uncertain,unique flavor text (joke value) but stat-dominated,store (toxin),,255,100,toxin,100,10,10,10,1,1,1,1,10,10,10,480,5,-1,1,False,hatoA/hatoA,0,1,,,,,,,,,,,,,,,,
706,Solo Lion Dancer,ひとりシシマイ,worker_toxin,uncertain,unique flavor text (joke value) but stat-dominated,store (toxin),,255,400,toxin,6000,109,217,70,1,1,1,1,50,80,60,480,4,724,2.5,False,ShishimaiA/ShishimaiA,0,1,,,,,,,,,,,,,,,,
707,Red Namahage,あかなまはげ,worker_toxin,uncertain,unique flavor text (joke value) but stat-dominated,store (toxin),,255,400,toxin,6000,120,208,70,1,1,1,1,50,80,60,480,4,724,2.5,False,ShishimaiB/ShishimaiB,0,1,,,,,,,,,,,,,,,,
708,Blue Namahage,あおなまはげ,worker_toxin,uncertain,unique flavor text (joke value) but stat-dominated,store (toxin),,255,400,toxin,6000,109,215,70,1,1,1,1,50,80,60,480,4,724,2.5,False,ShishimaiC/ShishimaiC,0,1,,,,,,,,,,,,,,,,
709,Lion Cafe Staff,シシカフェ店員,worker_toxin,uncertain,unique flavor text (joke value) but stat-dominated,store (toxin),,255,400,toxin,5200,91,180,70,1,1,1,1,50,80,60,480,4,-1,1,True,maidB/ShishimaiE,0,1,,,,,,,,,,,,,,,,
710,Pirate Pete,海・賊夫,worker_toxin,uncertain,unique flavor text (joke value) but stat-dominated,store (toxin),,255,400,toxin,10000,161,168,70,1,1,1,1,50,80,60,480,4,727,2.5,False,PiratesmanA/PiratesmanA,0,1,,,,,,,,,,,,,,,,
711,Pirate Piet,海・賊之助,worker_toxin,uncertain,unique flavor text (joke value) but stat-dominated,store (toxin),,255,400,toxin,10000,164,165,70,1,1,1,1,50,80,60,480,4,727,2.5,False,PiratesmanB/PiratesmanB,0,1,,,,,,,,,,,,,,,,
712,Pirate Petra,海・賊子,worker_toxin,uncertain,unique flavor text (joke value) but stat-dominated,store (toxin),,255,400,toxin,9999,165,160,70,1,1,1,1,50,80,60,480,4,727,2.5,True,PiratesmanC/PiratesmanC,0,1,,,,,,,,,,,,,,,,
713,Pirate Salaryman,海賊リーマン,worker_toxin,uncertain,unique flavor text (joke value) but stat-dominated,store (toxin),,255,400,toxin,9500,120,146,70,1,1,1,1,50,80,60,480,4,-1,1,False,businessman/PiratesmanD,0,1,,,,,,,,,,,,,,,,
714,Lashes Invisibo,ツケマ・インビジボー,worker_toxin,uncertain,unique flavor text (joke value) but stat-dominated,store (toxin),,255,400,toxin,6500,200,147,70,1,1,1,1,50,80,60,480,4,730,2.5,True,Invisibleman_BandageA/Invisibleman_BandageA,0,1,,,,,,,,,,,,,,,,
715,Western Invisibo,ウェスタン・インビジボー,worker_toxin,uncertain,unique flavor text (joke value) but stat-dominated,store (toxin),,255,400,toxin,7000,200,145,70,1,1,1,1,50,80,60,480,4,730,2.5,False,Invisibleman_BandageB/Invisibleman_BandageB,0,1,,,,,,,,,,,,,,,,
716,Riddler Invisibo,謎解き屋インビジボー,worker_toxin,uncertain,unique flavor text (joke value) but stat-dominated,store (toxin),,255,400,toxin,8000,200,143,70,1,1,1,1,50,80,60,480,4,730,2.5,False,Invisibleman_BandageC/Invisibleman_BandageC,0,1,,,,,,,,,,,,,,,,
717,No-Sense Invisibo,NOセンス・インビジボー,worker_toxin,uncertain,unique flavor text (joke value) but stat-dominated,store (toxin),,255,400,toxin,6000,199,97,70,1,1,1,1,50,80,60,480,4,-1,1,False,InvisiblemanB/Invisibleman_BandageD,0,1,,,,,,,,,,,,,,,,
718,Makunouchi Pine,幕の内松,worker_toxin,uncertain,unique flavor text (joke value) but stat-dominated,store (toxin),,255,400,toxin,9500,185,150,70,1,1,1,1,50,80,60,480,4,740,2.5,False,KabukiA/KabukiA,0,1,,,,,,,,,,,,,,,,
719,Makunouchi Bamboo,幕の内竹,worker_toxin,uncertain,unique flavor text (joke value) but stat-dominated,store (toxin),,255,400,toxin,9000,180,154,70,1,1,1,1,50,80,60,480,4,740,2.5,False,KabukiB/KabukiB,0,1,,,,,,,,,,,,,,,,
720,Makunouchi Plum,幕の内梅,worker_toxin,uncertain,unique flavor text (joke value) but stat-dominated,store (toxin),,255,400,toxin,8500,182,154,70,1,1,1,1,50,80,60,480,4,740,2.5,False,KabukiC/KabukiC,0,1,,,,,,,,,,,,,,,,
721,Wicked Bride,悪の新婦,worker_toxin,uncertain,unique flavor text (joke value) but stat-dominated,store (toxin),,255,400,toxin,7800,105,135,70,1,1,1,1,50,80,60,480,4,-1,1,True,BrideA/BrideA,0,1,,,,,,,,,,,,,,,,
722,Killer Bride,殺の新婦,worker_toxin,uncertain,unique flavor text (joke value) but stat-dominated,store (toxin),,255,400,toxin,6000,84,115,70,1,1,1,1,50,80,60,480,4,-1,1,True,BrideB/BrideB,0,1,,,,,,,,,,,,,,,,
723,Cursed Bride,呪の新婦,worker_toxin,uncertain,unique flavor text (joke value) but stat-dominated,store (toxin),,255,400,toxin,4300,67,92,70,1,1,1,1,50,80,60,480,4,-1,1,True,BrideC/BrideC,0,1,,,,,,,,,,,,,,,,
724,Lion Dance Chef,獅子舞シェフ,enemy_or_event_chef,keep,enemy chef — needed by raid/boss content (enemyItems sets),store (toxin),,255,400,toxin,900,40,40,70,1,1,1,1,50,80,60,480,4,-1,1,False,enemyChef/ShishimaiA,0,1,,,,,,,,,,,,,,,,
725,Lion Dance Staff A,獅子舞店員Ａ,worker_toxin,cut,"reskin: recycled text, recycled art, stat-dominated",store (toxin),,255,400,toxin,600,40,40,70,1,1,1,1,50,80,60,480,4,-1,1,False,ShishimaiB/ShishimaiB,0,1,,,,,,,,,,,,,,,,
726,Lion Dance Staff B,獅子舞店員Ｂ,worker_toxin,cut,"reskin: recycled text, recycled art, stat-dominated",store (toxin),,255,400,toxin,600,40,30,50,1,1,1,1,50,50,50,480,4,-1,1,False,ShishimaiC/ShishimaiC,0,1,,,,,,,,,,,,,,,,
727,Pirate Chef,パイレーツシェフ,enemy_or_event_chef,keep,enemy chef — needed by raid/boss content (enemyItems sets),store (toxin),,255,400,toxin,900,40,40,70,1,1,1,1,50,80,60,480,4,-1,1,False,enemyChef/PiratesmanA,0,1,,,,,,,,,,,,,,,,
728,Pirate Staff A,パイレーツ店員Ａ,worker_toxin,cut,"reskin: recycled text, recycled art, stat-dominated",store (toxin),,255,400,toxin,600,40,40,70,1,1,1,1,50,80,60,480,4,-1,1,False,PiratesmanB/PiratesmanB,0,1,,,,,,,,,,,,,,,,
729,Pirate Staff B,パイレーツ店員Ｂ,worker_toxin,cut,"reskin: recycled text, recycled art, stat-dominated",store (toxin),,255,400,toxin,600,40,30,50,1,1,1,1,50,50,50,480,4,-1,1,False,PiratesmanC/PiratesmanC,0,1,,,,,,,,,,,,,,,,
730,Invisible Mummy Chef,透明ミイラシェフ,enemy_or_event_chef,keep,enemy chef — needed by raid/boss content (enemyItems sets),store (toxin),,255,400,toxin,900,40,40,70,1,1,1,1,50,80,60,480,4,-1,1,False,enemyChef/Invisibleman_BandageA,0,1,,,,,,,,,,,,,,,,
731,Invisible Mummy Staff A,透明ミイラ店員Ａ,worker_toxin,cut,"reskin: recycled text, recycled art, stat-dominated",store (toxin),,255,400,toxin,600,40,40,70,1,1,1,1,50,80,60,480,4,-1,1,False,Invisibleman_BandageB/Invisibleman_BandageB,0,1,,,,,,,,,,,,,,,,
732,Invisible Mummy Staff B,透明ミイラ店員Ｂ,worker_toxin,cut,"reskin: recycled text, recycled art, stat-dominated",store (toxin),,255,400,toxin,600,40,30,50,1,1,1,1,50,50,50,480,4,-1,1,False,Invisibleman_BandageC/Invisibleman_BandageC,0,1,,,,,,,,,,,,,,,,
733,Makuno Makunouchi,幕野幕之内,worker_toxin,uncertain,unique flavor text (joke value) but stat-dominated,store (toxin),,255,400,toxin,8200,177,108,70,1,1,1,1,50,80,60,480,4,-1,1,False,Ninjakamen/KabukiD,0,1,,,,,,,,,,,,,,,,
734,Shrimp Bride,シュリンプブライド,worker_toxin,uncertain,unique flavor text (joke value) but stat-dominated,store (toxin),,255,400,toxin,1600,65,77,70,1,1,1,1,50,80,60,480,4,-1,1,True,BrideD/shrimpA,0,1,,,,,,,,,,,,,,,,
735,Maidroid,メイドロイド,worker_toxin,uncertain,unique flavor text (joke value) but stat-dominated,store (toxin),,255,400,toxin,3000,80,60,10,1,1,1,1,80,50,70,480,4,-1,1,True,maid2B/maid2B,0,1,,,,,,,,,,,,,,,,
736,Mo-Hawk,モーホック,worker_toxin,uncertain,unique flavor text (joke value) but stat-dominated,store (toxin),,255,100,toxin,100,10,10,10,1,1,1,1,10,10,10,480,5,-1,1,False,PrisonerA/PrisonerA,0,1,,,,,,,,,,,,,,,,
737,Hero Chef,ヒーローシェフ,worker_toxin,keep,"EN-matched, already named in English (pass 3)",store (toxin),event_hero,255,400,toxin,900,40,40,70,1,1,1,1,50,80,60,480,4,-1,1,False,nerd/faris,0,1,,,,,,,,,,,,,,,,
738,Hero Clerk A,ヒーロー店員Ａ,worker_toxin,keep,"EN-matched, already named in English (pass 3)",store (toxin),event_hero,255,400,toxin,600,40,40,70,1,1,1,1,50,80,60,480,4,-1,1,False,nerd/faris,0,1,,,,,,,,,,,,,,,,
739,Hero Clerk B,ヒーロー店員Ｂ,worker_toxin,keep,"EN-matched, already named in English (pass 3)",store (toxin),event_hero,255,400,toxin,600,40,30,50,1,1,1,1,50,50,50,480,4,-1,1,False,nerd/faris,0,1,,,,,,,,,,,,,,,,
740,Kabuki Chef,歌舞伎シェフ,enemy_or_event_chef,keep,enemy chef — needed by raid/boss content (enemyItems sets),store (toxin),,255,400,toxin,900,40,40,70,1,1,1,1,50,80,60,480,4,-1,1,False,enemyChef/KabukiA,0,1,,,,,,,,,,,,,,,,
741,Kabuki Staff A,歌舞伎店員Ａ,worker_toxin,cut,"reskin: recycled text, recycled art, stat-dominated",store (toxin),,255,400,toxin,600,40,40,70,1,1,1,1,50,80,60,480,4,-1,1,False,KabukiB/KabukiB,0,1,,,,,,,,,,,,,,,,
742,Kabuki Staff B,歌舞伎店員Ｂ,worker_toxin,cut,"reskin: recycled text, recycled art, stat-dominated",store (toxin),,255,400,toxin,600,40,30,50,1,1,1,1,50,50,50,480,4,-1,1,False,KabukiC/KabukiC,0,1,,,,,,,,,,,,,,,,
743,Lion Dance Master,シシマイ師匠,worker_toxin,uncertain,unique flavor text (joke value) but stat-dominated,store (toxin),,255,400,toxin,6000,106,219,70,1,1,1,1,50,80,60,480,4,724,2.5,False,ShishimaiD/ShishimaiD,0,1,,,,,,,,,,,,,,,,
744,Dorothy,どろっしー,worker_toxin,uncertain,unique flavor text (joke value) but stat-dominated,store (toxin),,255,400,toxin,8000,141,210,80,1,1,1,1,50,70,50,480,5,760,2.5,True,alice/ozA,0,1,,,,,,,,,,,,,,,,
745,Tin-Tin Tin Man,ブリブリブリキ,worker_toxin,uncertain,unique flavor text (joke value) but stat-dominated,store (toxin),,255,400,toxin,8500,151,190,70,1,1,1,1,50,80,60,480,5,760,2.5,False,nightB/ozB,0,1,,,,,,,,,,,,,,,,
746,Brainless Scarecrow,脳無しカカッシー,worker_toxin,uncertain,unique flavor text (joke value) but stat-dominated,store (toxin),,255,400,toxin,9000,180,143,80,1,1,1,1,50,60,60,480,5,760,2.5,False,chucky_b/ozC,0,1,,,,,,,,,,,,,,,,
747,Lionmaru,らいおん丸,worker_toxin,uncertain,unique flavor text (joke value) but stat-dominated,store (toxin),,255,400,toxin,6000,91,178,70,1,1,1,1,50,70,60,480,4,-1,1,False,ozD/costume_g,0,1,,,,,,,,,,,,,,,,
748,Pharaoh the Great,ファラオ・ザ・グレート,worker_toxin,uncertain,unique flavor text (joke value) but stat-dominated,store (toxin),,255,400,toxin,10000,127,205,80,1,1,1,1,50,80,60,480,5,763,2.5,False,Pharaoh_A/Pharaoh_A,0,1,,,,,,,,,,,,,,,,
749,El Anubis,エル・アヌビス,worker_toxin,uncertain,unique flavor text (joke value) but stat-dominated,store (toxin),,255,400,toxin,9700,141,190,70,1,1,1,1,50,70,60,480,5,763,2.5,False,Pharaoh_B/Pharaoh_B,0,1,,,,,,,,,,,,,,,,
750,Miss Patra,ミス・パトラ,worker_toxin,uncertain,unique flavor text (joke value) but stat-dominated,store (toxin),,255,400,toxin,10500,164,147,90,1,1,1,1,50,60,60,480,5,763,2.5,True,Cleopatra/Cleopatra,0,1,,,,,,,,,,,,,,,,
751,Doktor Nemty,ドクトル・ネムティ,worker_toxin,keep,unique flavor text + competitive stats,store (toxin),,16,35,toxin,7000,92,175,80,1,1,1,1,50,70,60,480,4,-1,1,False,Pharaoh_C/Pharaoh_C,0,1,,,,,,,,,,,,,,,,
752,French Yukata Girl,フランス浴衣女子,worker_toxin,uncertain,unique flavor text (joke value) but stat-dominated,store (toxin),,255,400,toxin,9000,160,150,90,1,1,1,1,50,80,50,480,5,766,2.5,True,kimonoA/kimonoA,0,1,,,,,,,,,,,,,,,,
753,Japanese Yukata Girl,日本浴衣女子,worker_toxin,uncertain,unique flavor text (joke value) but stat-dominated,store (toxin),,255,400,toxin,7400,125,135,90,1,1,1,1,50,80,50,480,5,766,2.5,True,kimonoB/kimonoB,0,1,,,,,,,,,,,,,,,,
754,American Yukata Girl,アメリカ浴衣女子,worker_toxin,uncertain,unique flavor text (joke value) but stat-dominated,store (toxin),,255,400,toxin,5200,93,123,90,1,1,1,1,50,75,50,480,5,766,2.5,True,kimonoC/kimonoC,0,1,,,,,,,,,,,,,,,,
755,Frankenstein's Sweetheart,フランケンの愛人,worker_toxin,uncertain,unique flavor text (joke value) but stat-dominated,store (toxin),,255,400,toxin,3000,76,92,90,1,1,1,1,50,70,50,480,4,-1,1,True,kimonoD/BrideOfFrankenstein,0,1,,,,,,,,,,,,,,,,
756,Strategist Pinky Tonky,参謀ピンキートンキー,worker_toxin,uncertain,unique flavor text (joke value) but stat-dominated,store (toxin),,255,400,toxin,8800,176,156,80,1,1,1,1,50,65,50,480,5,769,2.5,True,TFA/TFA,0,1,,,,,,,,,,,,,,,,
757,Engineer Boston Duck,工兵ボストンダック,worker_toxin,uncertain,unique flavor text (joke value) but stat-dominated,store (toxin),,255,400,toxin,9400,125,220,70,1,1,1,1,50,60,60,480,5,769,2.5,False,TFB/TFB,0,1,,,,,,,,,,,,,,,,
758,Commander Red Fox,司令レッドフォックス,worker_toxin,uncertain,unique flavor text (joke value) but stat-dominated,store (toxin),,255,400,toxin,9500,155,178,70,1,1,1,1,50,70,70,480,5,769,2.5,False,TFC/TFC,0,1,,,,,,,,,,,,,,,,
759,Private Red Box,二等兵レッドボックス,worker_toxin,uncertain,unique flavor text (joke value) but stat-dominated,store (toxin),,255,400,toxin,6000,87,181,70,1,1,1,1,50,70,60,480,4,-1,1,False,TFD/robotB,0,1,,,,,,,,,,,,,,,,
760,Oz Chef,オズシェフ,enemy_or_event_chef,keep,enemy chef — needed by raid/boss content (enemyItems sets),store (toxin),,255,400,toxin,900,40,40,70,1,1,1,1,50,80,60,480,4,-1,1,False,enemyChef/ozA,0,1,,,,,,,,,,,,,,,,
761,Oz Staff A,オズ店員Ａ,worker_toxin,cut,"reskin: recycled text, recycled art, stat-dominated",store (toxin),,255,400,toxin,600,40,40,70,1,1,1,1,50,80,60,480,4,-1,1,False,nightB/ozB,0,1,,,,,,,,,,,,,,,,
762,Oz Staff B,オズ店員Ｂ,worker_toxin,cut,"reskin: recycled text, recycled art, stat-dominated",store (toxin),,255,400,toxin,600,40,30,50,1,1,1,1,50,50,50,480,4,-1,1,False,chucky_b/ozC,0,1,,,,,,,,,,,,,,,,
763,Egypt Chef,エジプトシェフ,enemy_or_event_chef,keep,enemy chef — needed by raid/boss content (enemyItems sets),store (toxin),,255,400,toxin,900,40,40,70,1,1,1,1,50,80,60,480,4,-1,1,False,enemyChef/Pharaoh_A,0,1,,,,,,,,,,,,,,,,
764,Egypt Staff A,エジプト店員Ａ,worker_toxin,cut,"reskin: recycled text, recycled art, stat-dominated",store (toxin),,255,400,toxin,600,40,40,70,1,1,1,1,50,80,60,480,4,-1,1,False,Pharaoh_B/Pharaoh_B,0,1,,,,,,,,,,,,,,,,
765,Egypt Staff B,エジプト店員Ｂ,worker_toxin,cut,"reskin: recycled text, recycled art, stat-dominated",store (toxin),,255,400,toxin,600,40,30,50,1,1,1,1,50,50,50,480,4,-1,1,False,Cleopatra/Cleopatra,0,1,,,,,,,,,,,,,,,,
766,Yukata Chef,ゆかたシェフ,enemy_or_event_chef,keep,enemy chef — needed by raid/boss content (enemyItems sets),store (toxin),,255,400,toxin,900,40,40,70,1,1,1,1,50,80,60,480,4,-1,1,False,enemyChef/kimonoA,0,1,,,,,,,,,,,,,,,,
767,Yukata Staff A,ゆかた店員Ａ,worker_toxin,cut,"reskin: recycled text, recycled art, stat-dominated",store (toxin),,255,400,toxin,600,40,40,70,1,1,1,1,50,80,60,480,4,-1,1,False,kimonoB/kimonoB,0,1,,,,,,,,,,,,,,,,
768,Yukata Staff B,ゆかた店員Ｂ,worker_toxin,cut,"reskin: recycled text, recycled art, stat-dominated",store (toxin),,255,400,toxin,600,40,30,50,1,1,1,1,50,50,50,480,4,-1,1,False,kimonoC/kimonoC,0,1,,,,,,,,,,,,,,,,
769,Robo Chef,ロボシェフ,worker_toxin,uncertain,unique art but recycled text and dominated stats — art-only value,store (toxin),,255,400,toxin,900,40,40,70,1,1,1,1,50,80,60,480,4,-1,1,False,TFA2/TFA2,0,1,,,,,,,,,,,,,,,,
770,Robo Staff A,ロボ店員Ａ,worker_toxin,uncertain,unique art but recycled text and dominated stats — art-only value,store (toxin),,255,400,toxin,600,40,40,70,1,1,1,1,50,80,60,480,4,-1,1,False,TFB2/TFB2,0,1,,,,,,,,,,,,,,,,
771,Robo Staff B,ロボ店員Ｂ,worker_toxin,uncertain,unique art but recycled text and dominated stats — art-only value,store (toxin),,255,400,toxin,600,40,30,50,1,1,1,1,50,50,50,480,4,-1,1,False,TFC2/TFC2,0,1,,,,,,,,,,,,,,,,
772,Flower Tail,フラワーテイル,worker_toxin,uncertain,unique flavor text (joke value) but stat-dominated,store (toxin),,255,400,toxin,8750,147,202,90,1,1,1,1,50,60,60,480,5,-1,1,True,PlantA/PlantA,0,1,,,,,,,,,,,,,,,,
773,Rafflesian,らふれしあん,worker_toxin,uncertain,unique flavor text (joke value) but stat-dominated,store (toxin),,255,400,toxin,6000,110,122,70,1,1,1,1,50,60,60,480,5,-1,1,True,PlantB/PlantB,0,1,,,,,,,,,,,,,,,,
774,Sprouted Grandpa,生えたてじいさん,worker_toxin,uncertain,unique flavor text (joke value) but stat-dominated,store (toxin),,255,400,toxin,3500,75,85,50,1,1,1,1,50,80,60,480,5,-1,1,False,PlantC/PlantC,0,1,,,,,,,,,,,,,,,,
775,Summer Festival Girl,夏祭り女子,worker_toxin,uncertain,unique flavor text (joke value) but stat-dominated,store (toxin),,255,400,toxin,8100,161,173,90,1,1,1,1,50,75,50,480,5,766,2.5,True,kimonoE/kimonoE,0,1,,,,,,,,,,,,,,,,
776,Floaty Ghost Girl,浮遊霊子,worker_toxin,keep,unique flavor text + competitive stats,store (toxin),,255,44,toxin,4567,100,123,80,1,1,1,1,50,50,60,5,4,-1,1,True,ghostH/ghostH,0,1,,,,,,,,,,,,,,,,
777,Hero,ゆうしゃ,worker_toxin,uncertain,unique flavor text (joke value) but stat-dominated,store (toxin),,255,400,toxin,8800,156,182,80,1,1,1,1,50,65,50,360,5,785,2.5,True,yuusyaA/yuusyaA,0,1,,,,,,,,,,,,,,,,
778,Priest,そうりょ,worker_toxin,uncertain,unique flavor text (joke value) but stat-dominated,store (toxin),,255,400,toxin,9200,163,166,70,1,1,1,1,50,60,60,360,5,785,2.5,True,yuusyaB/yuusyaB,0,1,,,,,,,,,,,,,,,,
779,Mage,まほうつかい,worker_toxin,uncertain,unique flavor text (joke value) but stat-dominated,store (toxin),,255,400,toxin,8000,182,155,70,1,1,1,1,50,70,70,360,5,785,2.5,True,yuusyaC/yuusyaC,0,1,,,,,,,,,,,,,,,,
780,Fake Hero,にせゆうしゃ,worker_toxin,uncertain,unique flavor text (joke value) but stat-dominated,store (toxin),,255,400,toxin,6800,110,150,70,1,1,1,1,50,70,60,480,4,-1,1,False,yuusyaD/businessman,0,1,,,,,,,,,,,,,,,,
781,Succubus,サキュバス,worker_toxin,uncertain,unique flavor text (joke value) but stat-dominated,store (toxin),,255,400,toxin,8700,166,166,80,1,1,1,1,50,65,50,480,5,788,2.5,True,harpyA/harpyA,0,1,,,,,,,,,,,,,,,,
782,Siren,セイレーン,worker_toxin,uncertain,unique flavor text (joke value) but stat-dominated,store (toxin),,255,400,toxin,9400,172,148,70,1,1,1,1,50,60,60,480,5,788,2.5,True,harpyB/harpyB,0,1,,,,,,,,,,,,,,,,
783,Harpy,ハーピー,worker_toxin,uncertain,unique flavor text (joke value) but stat-dominated,store (toxin),,255,400,toxin,9200,148,184,70,1,1,1,1,50,70,70,480,5,788,2.5,True,harpyC/harpyC,0,1,,,,,,,,,,,,,,,,
784,Cock-a-Doodle-Corn,コケコーン,worker_toxin,uncertain,unique flavor text (joke value) but stat-dominated,store (toxin),,255,400,toxin,7200,133,112,70,1,1,1,1,50,70,60,480,4,-1,1,True,harpyD/costume_e,0,1,,,,,,,,,,,,,,,,
785,Hero Chef,勇者シェフ,worker_toxin,cut,"reskin: recycled text, recycled art, stat-dominated",store (toxin),,255,400,toxin,900,40,40,70,1,1,1,1,50,80,60,480,4,-1,1,False,yuusyaA/yuusyaA,0,1,,,,,,,,,,,,,,,,
786,Priest Staff B,僧侶店員Ｂ,worker_toxin,cut,"reskin: recycled text, recycled art, stat-dominated",store (toxin),,255,400,toxin,600,40,40,70,1,1,1,1,50,80,60,480,4,-1,1,False,yuusyaB/yuusyaB,0,1,,,,,,,,,,,,,,,,
787,Mage Staff B,魔法使い店員Ｂ,worker_toxin,cut,"reskin: recycled text, recycled art, stat-dominated",store (toxin),,255,400,toxin,600,40,30,50,1,1,1,1,50,50,50,480,4,-1,1,False,yuusyaC/yuusyaC,0,1,,,,,,,,,,,,,,,,
788,Succubus Chef,サキュバスシェフ,worker_toxin,cut,"reskin: recycled text, recycled art, stat-dominated",store (toxin),,255,400,toxin,900,40,40,70,1,1,1,1,50,80,60,480,4,-1,1,False,harpyA/harpyA,0,1,,,,,,,,,,,,,,,,
789,Siren Staff A,セイレーン店員Ａ,worker_toxin,cut,"reskin: recycled text, recycled art, stat-dominated",store (toxin),,255,400,toxin,600,40,40,70,1,1,1,1,50,80,60,480,4,-1,1,False,harpyB/harpyB,0,1,,,,,,,,,,,,,,,,
790,Harpy Staff B,ハーピー店員Ｂ,worker_toxin,cut,"reskin: recycled text, recycled art, stat-dominated",store (toxin),,255,400,toxin,600,40,30,50,1,1,1,1,50,50,50,480,4,-1,1,False,harpyC/harpyC,0,1,,,,,,,,,,,,,,,,
791,Lady Knight,レディナイト,worker_toxin,uncertain,unique flavor text (joke value) but stat-dominated,store (toxin),,255,400,toxin,9000,134,205,80,1,1,1,1,50,65,50,480,5,803,2.5,True,valkyrieA/valkyrieA,0,1,,,,,,,,,,,,,,,,
792,Valkyrie,ヴァルキリー,worker_toxin,uncertain,unique flavor text (joke value) but stat-dominated,store (toxin),,255,400,toxin,9500,151,174,80,1,1,1,1,50,80,50,480,5,803,2.5,True,valkyrieB/valkyrieB,0,1,,,,,,,,,,,,,,,,
793,Amazon,アマゾネス,worker_toxin,uncertain,unique flavor text (joke value) but stat-dominated,store (toxin),,255,400,toxin,10000,158,158,80,1,1,1,1,50,70,50,480,5,803,2.5,True,valkyrieC/valkyrieC,0,1,,,,,,,,,,,,,,,,
794,Fashion Knight,オシャレナイト,worker_toxin,uncertain,unique flavor text (joke value) but stat-dominated,store (toxin),,255,400,toxin,8500,100,130,70,1,1,1,1,50,60,60,480,4,-1,1,True,valkyrieD/model,0,1,,,,,,,,,,,,,,,,
795,Oscar,オスカーさん,worker_toxin,uncertain,unique flavor text (joke value) but stat-dominated,store (toxin),,255,400,toxin,9999,136,188,70,1,1,1,1,50,60,60,480,5,806,2.5,True,FranceA/FranceA,0,1,,,,,,,,,,,,,,,,
796,Andre,アンドーさん,worker_toxin,uncertain,unique flavor text (joke value) but stat-dominated,store (toxin),,255,400,toxin,8500,122,230,70,1,1,1,1,50,70,70,480,5,806,2.5,False,FranceB/FranceB,0,1,,,,,,,,,,,,,,,,
797,Marie,マリーさん,worker_toxin,uncertain,unique flavor text (joke value) but stat-dominated,store (toxin),,255,400,toxin,9000,159,170,90,1,1,1,1,50,50,65,480,5,806,2.5,True,BrideA/FranceC,0,1,,,,,,,,,,,,,,,,
798,Some Random Noble,そこらへんの貴族,worker_toxin,keep,unique flavor text + competitive stats,store (toxin),,15,35,toxin,7000,100,150,60,1,1,1,1,50,60,70,480,4,-1,1,False,FranceD/faris,0,1,,,,,,,,,,,,,,,,
799,Jurafan,ジュラファン,worker_toxin,uncertain,unique flavor text (joke value) but stat-dominated,store (toxin),,255,400,toxin,8800,111,240,80,1,1,1,1,50,70,50,480,5,809,2.5,False,baseballA/baseballA,0,1,,,,,,,,,,,,,,,,
800,Alpaccio,アルパッチョ,worker_toxin,uncertain,unique flavor text (joke value) but stat-dominated,store (toxin),,255,400,toxin,9999,135,190,90,1,1,1,1,50,80,60,480,5,809,2.5,False,baseballB/baseballB,0,1,,,,,,,,,,,,,,,,
801,Gorillap,ゴリラップ,worker_toxin,uncertain,unique flavor text (joke value) but stat-dominated,store (toxin),,255,400,toxin,10000,99,240,80,1,1,1,1,50,60,50,480,5,809,2.5,False,baseballC/baseballC,0,1,,,,,,,,,,,,,,,,
802,Mister Baseball,ミスターベースボール,worker_toxin,uncertain,unique flavor text (joke value) but stat-dominated,store (toxin),,255,400,toxin,6000,91,178,70,1,1,1,1,50,70,50,480,4,-1,1,False,baseballD/enemychefpub,0,1,,,,,,,,,,,,,,,,
803,Valkyrie Chef,ヴァルキリーシェフ,worker_toxin,cut,"reskin: recycled text, recycled art, stat-dominated",store (toxin),,255,400,toxin,900,40,40,70,1,1,1,1,50,80,60,480,4,-1,1,False,valkyrieA/valkyrieA,0,1,,,,,,,,,,,,,,,,
804,Valkyrie Staff A,ヴァルキリー店員Ａ,worker_toxin,cut,"reskin: recycled text, recycled art, stat-dominated",store (toxin),,255,400,toxin,600,40,40,70,1,1,1,1,50,80,60,480,4,-1,1,False,valkyrieB/valkyrieB,0,1,,,,,,,,,,,,,,,,
805,Valkyrie Staff B,ヴァルキリー店員Ｂ,worker_toxin,cut,"reskin: recycled text, recycled art, stat-dominated",store (toxin),,255,400,toxin,600,40,30,50,1,1,1,1,50,50,50,480,4,-1,1,False,valkyrieC/valkyrieC,0,1,,,,,,,,,,,,,,,,
806,French Chef,フランスシェフ,enemy_or_event_chef,keep,enemy chef — needed by raid/boss content (enemyItems sets),store (toxin),,255,400,toxin,900,40,40,70,1,1,1,1,50,80,60,480,4,-1,1,False,enemyChef/FranceA,0,1,,,,,,,,,,,,,,,,
807,French Staff A,フランス店員Ａ,worker_toxin,cut,"reskin: recycled text, recycled art, stat-dominated",store (toxin),,255,400,toxin,600,40,40,70,1,1,1,1,50,80,60,480,4,-1,1,False,FranceB/FranceB,0,1,,,,,,,,,,,,,,,,
808,French Staff B,フランス店員Ｂ,worker_toxin,cut,"reskin: recycled text, recycled art, stat-dominated",store (toxin),,255,400,toxin,600,40,30,50,1,1,1,1,50,50,50,480,4,-1,1,False,BrideA/FranceC,0,1,,,,,,,,,,,,,,,,
809,Animal Mascot Chef,動物マスコットシェフ,enemy_or_event_chef,keep,enemy chef — needed by raid/boss content (enemyItems sets),store (toxin),,255,400,toxin,900,40,40,70,1,1,1,1,50,80,60,480,4,-1,1,False,enemyChef/baseballA,0,1,,,,,,,,,,,,,,,,
810,Animal Mascot Staff A,動物マスコット店員Ａ,worker_toxin,cut,"reskin: recycled text, recycled art, stat-dominated",store (toxin),,255,400,toxin,600,40,40,70,1,1,1,1,50,80,60,480,4,-1,1,False,baseballB/baseballB,0,1,,,,,,,,,,,,,,,,
811,Animal Mascot Staff B,動物マスコット店員Ｂ,worker_toxin,cut,"reskin: recycled text, recycled art, stat-dominated",store (toxin),,255,400,toxin,600,40,30,50,1,1,1,1,50,50,50,480,4,-1,1,False,baseballC/baseballC,0,1,,,,,,,,,,,,,,,,
812,Devil Chef,デビルシェフ,playable_chef,keep,playable chef (owner-approved set; do not edit),store (toxin),,255,130,toxin,16660,150,150,50,1.11,1,1,1,60,60,60,480,0,-1,1,False,enemyChef/akumaB,1,1,,,,,,,,,,,,,,,,
813,Psycho Rabbit Chef,サイコラビットシェフ,playable_chef,keep,playable chef (owner-approved set; do not edit),store (cash),,4,1000,cash,1400,50,50,70,1,1,1,1,50,60,60,480,0,-1,1,False,clown/costume_a,1,0,,,,,,,,,,,,,,,,
814,Slightly Buff Pigeon Chef,ちょい強化ハトシェフ,playable_chef,keep,playable chef (owner-approved set; do not edit),store (toxin),,6,1,toxin,100,10,10,10,1,1,1,1.1,10,10,10,480,0,-1,1,False,hatoD/hatoD,1,1,,,,,,,,,,,,,,,,
815,Count St. Germain Chef,サンジェルマン伯爵シェフ,playable_chef,keep,playable chef (owner-approved set; do not edit),store (cash),,7,10000,cash,5000,70,90,60,1,1,1,1,70,90,30,480,0,-1,1,False,DraculaA/DraculaA,1,0,,,,,,,,,,,,,,,,
816,Hockey Mask FRI Chef,ホッケーマスクＦＲIシェフ,playable_chef,keep,playable chef (owner-approved set; do not edit),store (cash),,8,500000,cash,8000,90,130,20,1,1,1,1,50,50,40,480,0,-1,1,False,jasonA/jasonA,1,0,,,,,,,,,,,,,,,,
817,Alice Chef,ありすシェフ,playable_chef,keep,playable chef (owner-approved set; do not edit),store (toxin),,11,125,toxin,9000,150,170,100,1,1,1,1.2,80,70,70,480,0,-1,1,True,alice/alice,1,1,,,,,,,,,,,,,,,,
818,Death Doll,死の人形,playable_chef,keep,playable chef (owner-approved set; do not edit),store (toxin),,18,50,toxin,9400,140,90,70,1,2,1,1,50,80,60,480,0,-1,1,False,chucky_c/chucky_c,1,1,,,,,,,,,,,,,,,,
819,Droidling 4.0,どろいどっこ４．０,worker_toxin,uncertain,unique flavor text (joke value) but stat-dominated,store (toxin),,255,400,toxin,3000,90,90,60,1,1,1,1,80,70,70,240,5,-1,1,True,droidA/droidA,0,1,,,,,,,,,,,,,,,,
820,Droidling 4.3,どろいどっこ４．３,worker_toxin,uncertain,unique flavor text (joke value) but stat-dominated,store (toxin),,255,400,toxin,7200,125,125,80,1,1,1,1,50,50,60,240,4,-1,1,True,droidB/droidB,0,1,,,,,,,,,,,,,,,,
821,Zombie Ship Captain,ゾンビ船船長,worker_toxin,uncertain,unique flavor text (joke value) but stat-dominated,store (toxin),,255,400,toxin,8500,180,147,90,1,1,1,1,50,65,50,480,5,838,2.5,False,EDFA/EDFA,0,1,,,,,,,,,,,,,,,,
822,Zombie Ship First Mate,ゾンビ船補佐官,worker_toxin,uncertain,unique flavor text (joke value) but stat-dominated,store (toxin),,255,400,toxin,9200,163,163,70,1,1,1,1,50,70,50,480,5,838,2.5,True,EDFB/EDFB,0,1,,,,,,,,,,,,,,,,
823,ULTRA Zombie,ULTRAゾンビ,worker_toxin,uncertain,unique flavor text (joke value) but stat-dominated,store (toxin),,255,400,toxin,10000,120,210,70,1,1,1,1,50,80,30,480,5,838,2.5,False,EDFC/EDFC,0,1,,,,,,,,,,,,,,,,
824,Saving Man,セイビングマン,worker_toxin,uncertain,unique flavor text (joke value) but stat-dominated,store (toxin),,255,400,toxin,8500,120,100,70,1,1,1,1,50,60,40,480,4,-1,1,False,EDFD/EDFD,0,1,,,,,,,,,,,,,,,,
825,Monster High Franken Class,モン女フランケン科,worker_toxin,uncertain,unique flavor text (joke value) but stat-dominated,store (toxin),,255,400,toxin,8888,165,164,90,1,1,1,1,50,60,60,480,5,841,2.5,True,SGA/SGA,0,1,,,,,,,,,,,,,,,,
826,Vampire Heights Academy,吸血ヶ台学園,worker_toxin,uncertain,unique flavor text (joke value) but stat-dominated,store (toxin),,255,400,toxin,9000,200,112,85,1,1,1,1,50,50,40,480,5,841,2.5,True,SGB/SGB,0,1,,,,,,,,,,,,,,,,
827,Monster High Hockey Class,モン女ホッケー科,worker_toxin,uncertain,unique flavor text (joke value) but stat-dominated,store (toxin),,255,400,toxin,9999,140,182,70,1,1,1,1,50,60,60,480,5,841,2.5,True,SGC/SGC,0,1,,,,,,,,,,,,,,,,
828,Tora Tora Tora,とらとらとら,worker_toxin,keep,unique flavor text + competitive stats,store (toxin),,16,35,toxin,8000,115,115,50,1,1,1,1,50,50,70,480,4,-1,1,True,SGD/costume_b,0,1,,,,,,,,,,,,,,,,
829,Chainson,チェイソン,worker_toxin,uncertain,unique flavor text (joke value) but stat-dominated,store (toxin),,255,400,toxin,8300,110,150,50,1,1,1,1,50,60,70,480,5,-1,1,False,SGE/jasonB,0,1,,,,,,,,,,,,,,,,
830,Himiko-chan,ひみこっち,worker_toxin,uncertain,unique flavor text (joke value) but stat-dominated,store (toxin),,255,400,toxin,9500,132,200,90,1,1,1,1,50,80,70,480,5,844,2.5,True,haniwaA/haniwaA,0,1,,,,,,,,,,,,,,,,
831,Jomon-Style Zombie,縄文式ゾンビ,worker_toxin,uncertain,unique flavor text (joke value) but stat-dominated,store (toxin),,255,400,toxin,9000,190,127,70,1,1,1,1,50,70,50,480,5,844,2.5,False,haniwaB/haniwaB,0,1,,,,,,,,,,,,,,,,
832,Yayoi-Style Zombie,弥生式ゾンビ,worker_toxin,uncertain,unique flavor text (joke value) but stat-dominated,store (toxin),,255,400,toxin,10000,157,158,60,1,1,1,1,50,70,40,480,5,844,2.5,False,haniwaC/haniwaC,0,1,,,,,,,,,,,,,,,,
833,Yamato-Style Zombie,大和式ゾンビ,worker_toxin,uncertain,unique flavor text (joke value) but stat-dominated,store (toxin),,255,400,toxin,8500,120,130,50,1,1,1,1,50,60,60,480,5,-1,1,False,haniwaD/haniwaD,0,1,,,,,,,,,,,,,,,,
834,Doki Clay Clown,ドキ土器ピエロ,worker_toxin,uncertain,unique flavor text (joke value) but stat-dominated,store (toxin),,255,400,toxin,8300,95,140,50,1,1,1,1,50,60,60,480,4,-1,1,False,clown/haniwaE,0,1,,,,,,,,,,,,,,,,
835,Doki Clay Cafe Crew,ドキ土器カフェクルー,worker_toxin,uncertain,unique flavor text (joke value) but stat-dominated,store (toxin),,255,400,toxin,8500,120,102,70,1,1,1,1,50,50,50,480,4,-1,1,True,maid/haniwaD,0,1,,,,,,,,,,,,,,,,
836,Doki Clay Heroine,ドキ土器ヒロイン,worker_toxin,uncertain,unique flavor text (joke value) but stat-dominated,store (toxin),,255,400,toxin,8500,113,113,70,1,1,1,1,50,50,50,480,4,-1,1,True,alice/haniwaG,0,1,,,,,,,,,,,,,,,,
837,Kamikaze Haniwa,特攻式ハニワ,worker_toxin,uncertain,unique flavor text (joke value) but stat-dominated,store (toxin),,255,400,toxin,8888,143,174,60,1,1,1,1,50,60,40,480,5,-1,1,False,haniwaH/haniwaH,0,1,,,,,,,,,,,,,,,,
838,Crew Chef,隊員シェフ,enemy_or_event_chef,keep,enemy chef — needed by raid/boss content (enemyItems sets),store (toxin),,255,400,toxin,900,40,40,70,1,1,1,1,50,80,60,480,4,-1,1,False,enemyChef/EDFA,0,1,,,,,,,,,,,,,,,,
839,Crew Staff A,隊員店員Ａ,worker_toxin,cut,"reskin: recycled text, recycled art, stat-dominated",store (toxin),,255,400,toxin,600,40,40,70,1,1,1,1,50,80,60,480,4,-1,1,False,EDFB/EDFB,0,1,,,,,,,,,,,,,,,,
840,Crew Staff B,隊員店員Ｂ,worker_toxin,cut,"reskin: recycled text, recycled art, stat-dominated",store (toxin),,255,400,toxin,600,40,30,50,1,1,1,1,50,50,50,480,4,-1,1,False,EDFC/EDFC,0,1,,,,,,,,,,,,,,,,
841,Uniform Chef,せいふくシェフ,enemy_or_event_chef,keep,enemy chef — needed by raid/boss content (enemyItems sets),store (toxin),,255,400,toxin,900,40,40,70,1,1,1,1,50,80,60,480,4,-1,1,False,enemyChef/SGA,0,1,,,,,,,,,,,,,,,,
842,Uniform Staff A,せいふく店員Ａ,worker_toxin,cut,"reskin: recycled text, recycled art, stat-dominated",store (toxin),,255,400,toxin,600,40,40,70,1,1,1,1,50,80,60,480,4,-1,1,False,SGB/SGB,0,1,,,,,,,,,,,,,,,,
843,Uniform Staff B,せいふく店員Ｂ,worker_toxin,cut,"reskin: recycled text, recycled art, stat-dominated",store (toxin),,255,400,toxin,600,40,30,50,1,1,1,1,50,50,50,480,4,-1,1,False,SGC/SGC,0,1,,,,,,,,,,,,,,,,
844,Haniwa Chef,はにわシェフ,enemy_or_event_chef,keep,enemy chef — needed by raid/boss content (enemyItems sets),store (toxin),,255,400,toxin,900,40,40,70,1,1,1,1,50,80,60,480,4,-1,1,False,enemyChef/haniwaA,0,1,,,,,,,,,,,,,,,,
845,Haniwa Staff A,はにわ店員Ａ,worker_toxin,cut,"reskin: recycled text, recycled art, stat-dominated",store (toxin),,255,400,toxin,600,40,40,70,1,1,1,1,50,80,60,480,4,-1,1,False,haniwaB/haniwaB,0,1,,,,,,,,,,,,,,,,
846,Haniwa Staff B,はにわ店員Ｂ,worker_toxin,cut,"reskin: recycled text, recycled art, stat-dominated",store (toxin),,255,400,toxin,600,40,30,50,1,1,1,1,50,50,50,480,4,-1,1,False,haniwaC/haniwaC,0,1,,,,,,,,,,,,,,,,
847,Kitty Pants,にゃんこぱんつ,worker_toxin,uncertain,unique flavor text (joke value) but stat-dominated,store (toxin),,255,400,toxin,9100,140,177,90,1,1,1,1,50,60,60,480,5,-1,1,False,HWcat/HWcat,0,1,,,,,,,,,,,,,,,,
848,Bone Boy,骨ボーイ,worker_toxin,uncertain,unique flavor text (joke value) but stat-dominated,store (toxin),,255,400,toxin,1800,65,72,20,1,1,1,1,50,50,40,480,2,-1,1,False,fishmanA/CardsE,0,1,,,,,,,,,,,,,,,,
849,Pumpkin TUX,かぼちゃTUX,worker_toxin,uncertain,unique flavor text (joke value) but stat-dominated,store (toxin),,255,400,toxin,8800,95,132,60,1,1,1,1,50,60,50,480,4,-1,1,False,fishmanA/HWpumpkinA,0,1,,,,,,,,,,,,,,,,
850,Pumpkin MAID,かぼちゃMAID,worker_toxin,uncertain,unique flavor text (joke value) but stat-dominated,store (toxin),,255,400,toxin,11000,60,77,70,1,1,1,1,50,80,50,480,4,-1,1,True,maid2B/HWpumpkinB,0,1,,,,,,,,,,,,,,,,
851,Pumpkin NURSE,かぼちゃNURSE,worker_toxin,uncertain,unique flavor text (joke value) but stat-dominated,store (toxin),,255,400,toxin,2000,60,75,70,1,1,1,1,50,30,50,480,4,-1,1,True,nurseA/HWpumpkinC,0,1,,,,,,,,,,,,,,,,
852,Pumpkin SWAT,かぼちゃSAT,worker_toxin,uncertain,unique flavor text (joke value) but stat-dominated,store (toxin),,255,400,toxin,2800,80,80,50,1,1,1,1,50,50,40,480,3,-1,1,False,militaryF/HWpumpkinD,0,1,,,,,,,,,,,,,,,,
853,Little Witch Queen,小魔女王,worker_toxin,uncertain,unique flavor text (joke value) but stat-dominated,store (toxin),,255,400,toxin,10100,125,182,70,1,1,1,1,50,60,60,480,5,-1,1,True,HWwitchA/HWwitchA,0,1,,,,,,,,,,,,,,,,
854,Soba Shop Boss,蕎麦屋の大将,worker_toxin,uncertain,unique flavor text (joke value) but stat-dominated,store (toxin),,255,400,toxin,8700,179,146,85,1,1,1,1,50,50,50,480,5,882,2.5,False,BicycleB/BicycleB,0,1,,,,,,,,,,,,,,,,
855,Chinese Diner Girl Han,中華屋女子ハン,worker_toxin,uncertain,unique flavor text (joke value) but stat-dominated,store (toxin),,255,400,toxin,10100,155,159,70,1,1,1,1,50,60,60,480,5,882,2.5,True,BicycleA/BicycleA,0,1,,,,,,,,,,,,,,,,
856,Soba Shop Apprentice,蕎麦屋の弟子,worker_toxin,keep,unique flavor text + competitive stats,store (toxin),,15,35,toxin,7100,125,125,60,1,1,1,1,50,60,50,480,4,-1,1,False,BicycleC/businessman,0,1,,,,,,,,,,,,,,,,
857,Mr. Zhou of the Soba Shop,蕎麦屋の周さん,worker_toxin,uncertain,unique flavor text (joke value) but stat-dominated,store (toxin),,255,400,toxin,6700,90,167,50,1,1,1,1,50,50,50,480,4,-1,1,False,BicycleD/Kyonshi_man,0,1,,,,,,,,,,,,,,,,
858,Chinese Diner Girl Song,中華屋女子ソン,worker_toxin,uncertain,unique flavor text (joke value) but stat-dominated,store (toxin),,255,400,toxin,7200,106,138,60,1,1,1,1,60,30,40,480,4,-1,1,True,BicycleE/model,0,1,,,,,,,,,,,,,,,,
859,Chinese Diner Girl Min,中華屋女子ミン,worker_toxin,uncertain,unique flavor text (joke value) but stat-dominated,store (toxin),,255,400,toxin,8200,99,128,30,1,1,1,1,50,40,40,480,4,-1,1,True,BicycleF/maid,0,1,,,,,,,,,,,,,,,,
860,Cat Girl,猫少女,worker_toxin,uncertain,unique flavor text (joke value) but stat-dominated,store (toxin),,255,400,toxin,9300,134,199,90,1,1,1,1,50,70,50,320,5,885,2.5,True,specterA/specterA,0,1,,,,,,,,,,,,,,,,
861,Fox Kid,狐っ子,worker_toxin,uncertain,unique flavor text (joke value) but stat-dominated,store (toxin),,255,400,toxin,10000,150,170,90,1,1,1,1,50,80,50,320,5,885,2.5,True,specterB/specterB,0,1,,,,,,,,,,,,,,,,
862,Mimi the Bunny,兎のミミ,worker_toxin,uncertain,unique flavor text (joke value) but stat-dominated,store (toxin),,255,400,toxin,8500,185,141,90,1,1,1,1,50,65,50,320,5,885,2.5,True,specterC/specterC,0,1,,,,,,,,,,,,,,,,
863,Meowgo,ニャーゴ,worker_toxin,uncertain,unique flavor text (joke value) but stat-dominated,store (toxin),,255,400,toxin,9300,105,210,90,1,1,1,1,50,60,50,400,5,-1,1,True,specterD/specterD,0,1,,,,,,,,,,,,,,,,
864,Namaneko,ナマネコ,worker_toxin,uncertain,unique flavor text (joke value) but stat-dominated,store (toxin),,255,400,toxin,8888,120,96,90,1,1,1,1,50,50,50,400,4,-1,1,True,specterE/ShishimaiB,0,1,,,,,,,,,,,,,,,,
865,Nyurse,にゃん護婦,worker_toxin,uncertain,unique flavor text (joke value) but stat-dominated,store (toxin),,255,400,toxin,9000,145,188,90,1,1,1,1,50,70,50,240,5,-1,1,True,specterF/specterF,0,1,,,,,,,,,,,,,,,,
866,Maid FOX,メイドFOX,worker_toxin,uncertain,unique flavor text (joke value) but stat-dominated,store (toxin),,255,400,toxin,13400,100,175,90,1,1,1,1,50,80,50,240,5,-1,1,True,specterG/specterG,0,1,,,,,,,,,,,,,,,,
867,Chinese Diner Bunny,中華屋うさぎ,worker_toxin,uncertain,unique flavor text (joke value) but stat-dominated,store (toxin),,255,400,toxin,8500,174,154,90,1,1,1,1,50,65,50,240,5,-1,1,True,specterH/specterH,0,1,,,,,,,,,,,,,,,,
868,First Base,ファースト,worker_toxin,uncertain,unique flavor text (joke value) but stat-dominated,store (toxin),,255,400,toxin,4000,44,78,10,1,1,1,1,50,20,40,480,1,-1,1,False,baseballC/teen,0,1,,,,,,,,,,,,,,,,
869,Second Base,セカンド,worker_toxin,uncertain,unique flavor text (joke value) but stat-dominated,store (toxin),,255,400,toxin,1900,60,90,30,1,1,1,1,50,30,40,480,1,-1,1,False,baseballC/nerd,0,1,,,,,,,,,,,,,,,,
870,Center Field,センター,worker_toxin,uncertain,unique flavor text (joke value) but stat-dominated,store (toxin),,255,400,toxin,3200,75,50,10,1,1,1,1,50,30,30,480,1,-1,1,False,baseballC/boxer,0,1,,,,,,,,,,,,,,,,
871,Left Field,レフト,worker_toxin,uncertain,unique flavor text (joke value) but stat-dominated,store (toxin),,255,400,toxin,2800,50,40,30,1,1,1,1,50,40,40,480,0,-1,1,False,baseballC/omar,0,1,,,,,,,,,,,,,,,,
872,Right Field,ライト,worker_toxin,uncertain,unique flavor text (joke value) but stat-dominated,store (toxin),,255,400,toxin,2100,62,50,20,1,1,1,1,50,30,40,480,0,-1,1,False,baseballC/sumowrestlerD,0,1,,,,,,,,,,,,,,,,
873,Manager & Third Base,監督兼サード,worker_toxin,uncertain,unique flavor text (joke value) but stat-dominated,store (toxin),,255,400,toxin,2200,50,70,20,1,1,1,1,50,20,80,480,0,-1,1,False,baseballC/oldman,0,1,,,,,,,,,,,,,,,,
874,Pitcher,ピッチャー,worker_toxin,uncertain,unique flavor text (joke value) but stat-dominated,store (toxin),,255,400,toxin,3000,100,88,40,1,1,1,1,50,40,60,400,3,-1,1,False,baseballC/militaryC,0,1,,,,,,,,,,,,,,,,
875,Catcher,キャッチャー,worker_toxin,uncertain,unique flavor text (joke value) but stat-dominated,store (toxin),,255,400,toxin,4000,55,132,50,1,1,1,1,50,30,50,480,3,-1,1,False,baseballC/jasonA,0,1,,,,,,,,,,,,,,,,
876,Shortstop,ショート,worker_toxin,uncertain,unique flavor text (joke value) but stat-dominated,store (toxin),,255,400,toxin,7200,70,70,30,1,1,1,1,50,40,40,480,3,-1,1,False,baseballC/costume_e,0,1,,,,,,,,,,,,,,,,
877,Local Mascot Giraffe,ご当地キリン,worker_toxin,uncertain,unique flavor text (joke value) but stat-dominated,store (toxin),,255,400,toxin,12000,102,201,90,1,1,1,1,50,70,50,480,5,-1,1,False,Giraffe/baseballA,0,1,,,,,,,,,,,,,,,,
878,Floaty Rei,浮遊レイ,worker_toxin,uncertain,unique flavor text (joke value) but stat-dominated,store (toxin),,255,400,toxin,4567,66,100,70,1,1,1,1,50,50,60,20,2,-1,1,True,ghostI/ghostI,0,1,,,,,,,,,,,,,,,,
879,Rookie Maid II,新米メイド二代目,worker_toxin,uncertain,unique flavor text (joke value) but stat-dominated,store (toxin),,255,400,toxin,2800,80,85,60,1,1,1,1,50,40,60,480,5,-1,1,True,maid2C/maid2C,0,1,,,,,,,,,,,,,,,,
880,Crew Chainsaw,クルーチェインソー,worker_toxin,uncertain,unique flavor text (joke value) but stat-dominated,store (toxin),,255,400,toxin,8700,163,140,100,1,1,1,1,50,70,50,480,5,-1,1,True,maid2D/maid2D,0,1,,,,,,,,,,,,,,,,
881,Dummy Data,ダミーデータ,worker_toxin,cut,"reskin: recycled text, recycled art, stat-dominated",store (toxin),,255,400,toxin,10,10,10,10,1,1,1,1,10,10,10,999,5,-1,1,True,hatoA/hatoA,0,1,,,,,,,,,,,,,,,,
882,Delivery Chef,出前シェフ,enemy_or_event_chef,keep,enemy chef — needed by raid/boss content (enemyItems sets),store (toxin),,255,400,toxin,900,40,40,70,1,1,1,1,50,80,60,480,4,-1,1,False,enemyChef/BicycleA,0,1,,,,,,,,,,,,,,,,
883,Delivery Staff A,出前店員Ａ,worker_toxin,cut,"reskin: recycled text, recycled art, stat-dominated",store (toxin),,255,400,toxin,600,40,40,70,1,1,1,1,50,80,60,480,4,-1,1,False,BicycleB/BicycleB,0,1,,,,,,,,,,,,,,,,
884,Delivery Staff B,出前店員Ｂ,worker_toxin,cut,"reskin: recycled text, recycled art, stat-dominated",store (toxin),,255,400,toxin,600,40,30,50,1,1,1,1,50,50,50,480,4,-1,1,False,BicycleB/BicycleB,0,1,,,,,,,,,,,,,,,,
885,Cat Ears Chef,ねこみみシェフ,enemy_or_event_chef,keep,enemy chef — needed by raid/boss content (enemyItems sets),store (toxin),,255,400,toxin,900,40,40,70,1,1,1,1,50,80,60,480,4,-1,1,False,enemyChef/specterA,0,1,,,,,,,,,,,,,,,,
886,Cat Ears Staff A,ねこみみ店員Ａ,worker_toxin,cut,"reskin: recycled text, recycled art, stat-dominated",store (toxin),,255,400,toxin,600,40,40,70,1,1,1,1,50,80,60,480,4,-1,1,False,specterB/specterB,0,1,,,,,,,,,,,,,,,,
887,Cat Ears Staff B,ねこみみ店員Ｂ,worker_toxin,cut,"reskin: recycled text, recycled art, stat-dominated",store (toxin),,255,400,toxin,600,40,30,50,1,1,1,1,50,50,50,480,4,-1,1,False,specterC/specterC,0,1,,,,,,,,,,,,,,,,
888,Baseball Chef,野球シェフ,worker_toxin,cut,"reskin: recycled text, recycled art, stat-dominated",store (toxin),,255,400,toxin,900,40,40,70,1,1,1,1,50,80,60,480,4,-1,1,False,baseballC/jasonA,0,1,,,,,,,,,,,,,,,,
889,Baseball Staff A,野球店員Ａ,worker_toxin,cut,"reskin: recycled text, recycled art, stat-dominated",store (toxin),,255,400,toxin,600,40,40,70,1,1,1,1,50,80,60,480,4,-1,1,False,baseballC/militaryC,0,1,,,,,,,,,,,,,,,,
890,Baseball Staff B,野球店員Ｂ,worker_toxin,uncertain,unique art but recycled text and dominated stats — art-only value,store (toxin),,255,400,toxin,600,40,30,50,1,1,1,1,50,50,50,480,4,-1,1,False,baseballC/costume_g,0,1,,,,,,,,,,,,,,,,
891,Block 2 Ghost Chef,二丁目の幽霊シェフ,playable_chef,keep,playable chef (owner-approved set; do not edit),store (toxin),,255,12,toxin,2000,80,50,70,1,2,1,1,50,50,50,480,0,-1,1,False,ghostB/ghostB,1,1,,,,,,,,,,,,,,,,
892,Pigeon Fighter,はとファイター,worker_toxin,uncertain,unique flavor text (joke value) but stat-dominated,store (toxin),,255,400,toxin,9000,165,160,60,1,1,1,1,50,20,30,10,5,-1,1,False,hatoE/hatoE,0,1,,,,,,,,,,,,,,,,
893,Alice Bunny Girl,ありすうさぎっこ,worker_toxin,uncertain,unique flavor text (joke value) but stat-dominated,store (toxin),,255,400,toxin,10000,137,190,90,1,1,1,1,50,40,40,360,5,-1,1,True,aliceC/aliceC,0,1,,,,,,,,,,,,,,,,
894,Alyssum,アリッサム,worker_toxin,uncertain,unique flavor text (joke value) but stat-dominated,store (toxin),,255,400,toxin,5200,90,128,90,1,1,1,1,50,60,60,240,5,-1,1,True,PlantD/PlantD,0,1,,,,,,,,,,,,,,,,
895,Sprouted Afro,生えたてアフロ,worker_toxin,uncertain,unique flavor text (joke value) but stat-dominated,store (toxin),,255,400,toxin,2400,68,75,45,1,1,1,1,50,33,80,240,4,-1,1,False,PlantE/PlantE,0,1,,,,,,,,,,,,,,,,
896,Tyra,ティラ,worker_toxin,uncertain,unique flavor text (joke value) but stat-dominated,store (toxin),,255,400,toxin,9100,135,200,85,1,1,1,1,50,50,50,480,5,902,2.5,False,DinosaurA/DinosaurA,0,1,,,,,,,,,,,,,,,,
897,Pteradon,プテドン,worker_toxin,uncertain,unique flavor text (joke value) but stat-dominated,store (toxin),,255,400,toxin,8500,176,151,85,1,1,1,1,50,50,50,480,5,905,2.5,False,DinosaurB/DinosaurB,0,1,,,,,,,,,,,,,,,,
898,Tricey,トリプス,worker_toxin,uncertain,unique flavor text (joke value) but stat-dominated,store (toxin),,255,400,toxin,11300,125,180,85,1,1,1,1,50,50,50,480,5,902,2.5,False,DinosaurC/DinosaurC,0,1,,,,,,,,,,,,,,,,
899,Saber,サーベル,worker_toxin,uncertain,unique flavor text (joke value) but stat-dominated,store (toxin),,255,400,toxin,9300,158,162,85,1,1,1,1,50,50,50,480,5,905,2.5,False,DinosaurD/DinosaurD,0,1,,,,,,,,,,,,,,,,
900,Tyra Rail,ティラ鉄,worker_toxin,uncertain,unique flavor text (joke value) but stat-dominated,store (toxin),,255,400,toxin,7400,100,150,70,1,1,1,1,50,40,60,480,4,-1,1,False,trainB/DinosaurE,0,1,,,,,,,,,,,,,,,,
901,Convict Saber,囚人サーベル,worker_toxin,uncertain,unique flavor text (joke value) but stat-dominated,store (toxin),,255,400,toxin,8100,124,110,70,1,1,1,1,50,60,40,480,4,-1,1,False,PrisonerA/DinosaurF,0,1,,,,,,,,,,,,,,,,
902,Dino Chef Red,恐竜シェフ赤,enemy_or_event_chef,keep,enemy chef — needed by raid/boss content (enemyItems sets),store (toxin),,255,400,toxin,900,40,40,70,1,1,1,1,50,80,60,480,4,-1,1,False,enemyChef/DinosaurA,0,1,,,,,,,,,,,,,,,,
903,Dino Staff Red,恐竜店員赤,worker_toxin,cut,"reskin: recycled text, recycled art, stat-dominated",store (toxin),,255,400,toxin,600,40,40,70,1,1,1,1,50,80,60,480,4,-1,1,False,DinosaurA/DinosaurA,0,1,,,,,,,,,,,,,,,,
904,Dino Staff Green,恐竜店員緑,worker_toxin,cut,"reskin: recycled text, recycled art, stat-dominated",store (toxin),,255,400,toxin,600,40,30,50,1,1,1,1,50,50,50,480,4,-1,1,False,DinosaurC/DinosaurC,0,1,,,,,,,,,,,,,,,,
905,Dino Chef Blue,恐竜シェフ青,enemy_or_event_chef,keep,enemy chef — needed by raid/boss content (enemyItems sets),store (toxin),,255,400,toxin,900,40,40,70,1,1,1,1,50,80,60,480,4,-1,1,False,enemyChef/DinosaurB,0,1,,,,,,,,,,,,,,,,
906,Dino Staff Blue,恐竜店員青,worker_toxin,cut,"reskin: recycled text, recycled art, stat-dominated",store (toxin),,255,400,toxin,600,40,40,70,1,1,1,1,50,80,60,480,4,-1,1,False,DinosaurB/DinosaurB,0,1,,,,,,,,,,,,,,,,
907,Dino Staff Yellow,恐竜店員黄,worker_toxin,cut,"reskin: recycled text, recycled art, stat-dominated",store (toxin),,255,400,toxin,600,40,30,50,1,1,1,1,50,50,50,480,4,-1,1,False,DinosaurD/DinosaurD,0,1,,,,,,,,,,,,,,,,
908,Survival Rare 1,サバイバルレア１,worker_toxin,uncertain,unique flavor text (joke value) but stat-dominated,store (toxin),,255,200,toxin,7300,120,110,70,1,2,1,1,50,60,60,480,5,-1,1,False,rareA/rareA,0,1,,,,,,,,,,,,,,,,
909,Survival Rare 2,サバイバルレア2,worker_toxin,uncertain,unique art but recycled text and dominated stats — art-only value,store (toxin),,255,200,toxin,7400,100,120,70,1,2,1,1,50,60,60,480,5,-1,1,False,rareB/rareB,0,1,,,,,,,,,,,,,,,,
910,Rose Fairy (Enemy),バラの妖精てき,worker_toxin,uncertain,unique flavor text (joke value) but stat-dominated,store (toxin),,255,200,toxin,7500,80,130,70,1,2,1,1,50,60,60,480,5,-1,1,False,hatoA/hatoA,0,1,,,,,,,,,,,,,,,,
911,Penguin (Enemy),ペンギンてき,worker_toxin,uncertain,unique flavor text (joke value) but stat-dominated,store (toxin),,255,100,toxin,2000,20,60,10,1,1,1,1,10,10,10,480,5,-1,1,False,hatoA/hatoA,0,1,,,,,,,,,,,,,,,,
912,Ramiel,ラメエル,worker_toxin,uncertain,unique flavor text (joke value) but stat-dominated,store (toxin),,255,400,toxin,9000,140,200,80,1,1,1,1,50,60,50,480,5,-1,1,True,angelA/angelA,0,1,,,,,,,,,,,,,,,,
913,Gabriel,ガブリエル,worker_toxin,uncertain,unique flavor text (joke value) but stat-dominated,store (toxin),,255,400,toxin,7700,122,138,60,1,1,1,1,50,80,40,480,5,-1,1,True,angelB/angelB,0,1,,,,,,,,,,,,,,,,
914,Uriel,ウリエル,worker_toxin,uncertain,unique flavor text (joke value) but stat-dominated,store (toxin),,255,400,toxin,4900,109,112,50,1,1,1,1,50,60,40,480,5,-1,1,True,angelC/angelC,0,1,,,,,,,,,,,,,,,,
915,Rusalka,ルサルカ,worker_toxin,uncertain,unique flavor text (joke value) but stat-dominated,store (toxin),,255,400,toxin,9000,160,160,30,1,1,1,1,50,40,40,480,5,-1,1,True,angelE/angelE,0,1,,,,,,,,,,,,,,,,
916,Roa,ろあ,worker_toxin,uncertain,unique flavor text (joke value) but stat-dominated,store (toxin),,255,400,toxin,9000,153,175,80,1,1,1,1,50,60,60,480,5,-1,1,True,angelF/angelF,0,1,,,,,,,,,,,,,,,,
917,Rameel,ラムエル,worker_toxin,uncertain,unique flavor text (joke value) but stat-dominated,store (toxin),,255,400,toxin,10000,180,160,100,1,1,1,1,50,70,70,480,5,-1,1,True,angelD/angelD,0,1,,,,,,,,,,,,,,,,
918,Narel,ナレル,worker_toxin,uncertain,unique flavor text (joke value) but stat-dominated,store (toxin),,255,400,toxin,3200,72,101,40,1,1,1,1,50,30,50,480,5,-1,1,True,angelG/angelmanB,0,1,,,,,,,,,,,,,,,,
919,Death Academy Boy,デス学園男子,worker_toxin,uncertain,unique flavor text (joke value) but stat-dominated,store (toxin),,255,400,toxin,9400,158,168,85,1,1,1,1,50,50,50,480,5,924,2.5,False,SBA/SBA,0,1,,,,,,,,,,,,,,,,
920,Hunter Academy Boy,ハンター学園男子,worker_toxin,uncertain,unique flavor text (joke value) but stat-dominated,store (toxin),,255,400,toxin,8800,176,148,85,1,1,1,1,50,50,50,480,5,924,2.5,False,SBB/SBB,0,1,,,,,,,,,,,,,,,,
921,Undying High Boy,不死身高校男子,worker_toxin,uncertain,unique flavor text (joke value) but stat-dominated,store (toxin),,255,400,toxin,10600,133,186,85,1,1,1,1,50,50,50,480,5,924,2.5,False,SBC/SBC,0,1,,,,,,,,,,,,,,,,
922,Undying High Alumnus,不死身高校OB,worker_toxin,uncertain,unique flavor text (joke value) but stat-dominated,store (toxin),,255,400,toxin,9300,136,143,85,1,1,1,1,50,50,50,480,5,-1,1,False,SBD/SBD,0,1,,,,,,,,,,,,,,,,
923,Invisi-High Boy,インブル高校男子,worker_toxin,keep,unique flavor text + competitive stats,store (toxin),,15,35,toxin,7500,132,106,70,1,1,1,1,50,40,60,480,4,-1,1,False,SBE/Invisibleman_BandageC,0,1,,,,,,,,,,,,,,,,
924,Reaper Chef,死神シェフ,enemy_or_event_chef,keep,enemy chef — needed by raid/boss content (enemyItems sets),store (toxin),,255,400,toxin,1000,40,40,70,1,1,1,1,50,80,60,480,4,-1,1,False,enemyChef/SBA,0,1,,,,,,,,,,,,,,,,
925,Wolfman Staff,狼男店員,worker_toxin,cut,"reskin: recycled text, recycled art, stat-dominated",store (toxin),,255,400,toxin,650,40,40,70,1,1,1,1,50,80,60,480,4,-1,1,False,SBB/SBB,0,1,,,,,,,,,,,,,,,,
926,Bandage Staff,包帯店員,worker_toxin,cut,"reskin: recycled text, recycled art, stat-dominated",store (toxin),,255,400,toxin,650,40,30,50,1,1,1,1,50,50,50,480,4,-1,1,False,SBC/SBC,0,1,,,,,,,,,,,,,,,,
927,Jolly Elephant,ゆかいなゾウ,worker_toxin,uncertain,unique flavor text (joke value) but stat-dominated,store (toxin),,255,400,toxin,11000,127,186,50,1,1,1,1,50,60,50,480,5,958,2.5,False,clown/animalA,0,1,,,,,,,,,,,,,,,,
928,Smiley Zebra,すまいるシマ,worker_toxin,uncertain,unique flavor text (joke value) but stat-dominated,store (toxin),,255,400,toxin,8600,176,152,50,1,1,1,1,50,60,50,480,5,958,2.5,False,clown/animalB,0,1,,,,,,,,,,,,,,,,
929,Goofy Walrus,おとぼけセイウチ,worker_toxin,uncertain,unique flavor text (joke value) but stat-dominated,store (toxin),,255,400,toxin,9600,143,182,50,1,1,1,1,50,60,50,480,5,958,2.5,False,clown/animalC,0,1,,,,,,,,,,,,,,,,
930,Sleepy Rhino,ねむねむサイ,worker_toxin,uncertain,unique flavor text (joke value) but stat-dominated,store (toxin),,255,400,toxin,8100,142,158,50,1,1,1,1,50,60,50,480,5,-1,1,False,clown/animalD,0,1,,,,,,,,,,,,,,,,
931,Rhino Swordsman,サイの剣士,worker_toxin,uncertain,unique flavor text (joke value) but stat-dominated,store (toxin),,255,400,toxin,7900,109,135,50,1,1,1,1,50,60,50,480,4,-1,1,False,shinsenA/animalE,0,1,,,,,,,,,,,,,,,,
932,Snow Droopman,雪だれまん,worker_toxin,uncertain,unique flavor text (joke value) but stat-dominated,store (toxin),,255,400,toxin,10200,131,192,50,1,1,1,1,50,50,60,480,5,967,2.5,False,snowmanC/snowmanC,0,1,,,,,,,,,,,,,,,,
933,Belle Whitey,ベル・ホワイティ,worker_toxin,uncertain,unique flavor text (joke value) but stat-dominated,store (toxin),,255,400,toxin,8700,156,182,70,1,1,1,1,50,70,50,480,5,967,2.5,True,santagirlA/santagirlA,0,1,,,,,,,,,,,,,,,,
934,Marshmallow Snow,マシュマロ・スノー,worker_toxin,uncertain,unique flavor text (joke value) but stat-dominated,store (toxin),event_marshmallow,255,400,toxin,8100,122,153,40,1,1,1,1,50,30,40,240,5,-1,1,False,snowmanB/snowmanB,0,1,,,,,,,,,,,,,,,,
935,Panda Whitey,パンダ・ホワイティ,worker_toxin,uncertain,unique flavor text (joke value) but stat-dominated,store (toxin),,255,400,toxin,7800,112,140,70,1,1,1,1,50,70,50,480,4,-1,1,True,santagirlC/pandaA,0,1,,,,,,,,,,,,,,,,
936,Miss Santa,ミス・サンタ,worker_toxin,uncertain,unique flavor text (joke value) but stat-dominated,store (toxin),event_christmas,255,400,toxin,10000,138,178,90,1,1,1,1,50,60,50,480,5,-1,1,True,santagirlB/santagirlB,0,1,,,,,,,,,,,,,,,,
937,Mister Santabone,ミスター・サンタボーン,worker_toxin,uncertain,unique flavor text (joke value) but stat-dominated,store (toxin),event_christmas,255,400,toxin,7800,100,130,60,1,1,1,1,50,80,40,240,4,-1,1,False,santabone/santabone,0,1,,,,,,,,,,,,,,,,
938,BlackBake2,BlackBake2,worker_toxin,uncertain,unique flavor text (joke value) but stat-dominated,store (toxin),,255,400,toxin,3000,100,80,90,1,1,1,1,50,60,60,240,4,-1,1,False,santa_b/boxmanB,0,1,,,,,,,,,,,,,,,,
939,White Queen,ホワイト女王,worker_toxin,uncertain,unique flavor text (joke value) but stat-dominated,store (toxin),,255,400,toxin,9400,156,165,80,1,1,1,1,50,50,40,480,5,-1,1,True,alice_whitequeen/alice_whitequeen,0,1,,,,,,,,,,,,,,,,
940,Egg Gentleman,たまご紳士,worker_toxin,uncertain,unique flavor text (joke value) but stat-dominated,store (toxin),,255,400,toxin,9999,106,233,50,1,1,1,1,50,80,80,480,5,-1,1,False,alice_Humpty/alice_Humpty,0,1,,,,,,,,,,,,,,,,
941,White Rabbit,ホワイトうさぎ,worker_toxin,uncertain,unique flavor text (joke value) but stat-dominated,store (toxin),,255,400,toxin,8700,182,146,50,1,1,1,1,50,60,50,480,5,-1,1,False,alice_rabbit/alice_rabbit,0,1,,,,,,,,,,,,,,,,
942,Dapper Hatter,おしゃれ帽子野郎,worker_toxin,uncertain,unique flavor text (joke value) but stat-dominated,store (toxin),,255,400,toxin,8500,165,172,40,1,1,1,1,50,50,30,480,5,-1,1,False,alice_Hatter/alice_Hatter,0,1,,,,,,,,,,,,,,,,
943,Cat Train,ネコ電,worker_toxin,uncertain,unique flavor text (joke value) but stat-dominated,store (toxin),,255,400,toxin,2800,85,85,50,1,1,1,1,50,50,60,480,4,-1,1,False,trainB/alice_CheshireB,0,1,,,,,,,,,,,,,,,,
944,Cheshire,チェシャー,worker_toxin,uncertain,unique flavor text (joke value) but stat-dominated,store (toxin),,255,400,toxin,5300,120,90,50,1,1,1,1,50,50,60,480,2,-1,1,False,alice_CheshireA/alice_CheshireA,0,1,,,,,,,,,,,,,,,,
945,Red Queen,レッド女王,worker_toxin,uncertain,unique flavor text (joke value) but stat-dominated,store (toxin),,255,400,toxin,10000,136,176,20,1,1,1,1,50,70,60,480,5,-1,1,True,alice_redqueen/alice_redqueen,0,1,,,,,,,,,,,,,,,,
946,Wonder Alice,不思議なアリス,worker_toxin,uncertain,unique flavor text (joke value) but stat-dominated,store (toxin),,255,400,toxin,9300,150,180,70,1,1,1,1,50,60,60,480,5,-1,1,True,aliceD/aliceD,0,1,,,,,,,,,,,,,,,,
947,Dummy Data,ダミーデータ,enemy_or_event_chef,keep,enemy chef — needed by raid/boss content (enemyItems sets),store (toxin),,255,400,toxin,1000,40,40,70,1,1,1,1,50,80,60,480,4,-1,1,False,enemyChef/animalA,0,1,,,,,,,,,,,,,,,,
948,Sister,シスターさん,worker_toxin,uncertain,unique flavor text (joke value) but stat-dominated,store (toxin),,255,400,toxin,8700,182,146,50,1,1,1,1,50,60,50,480,5,961,2.5,True,sisterA/sisterA,0,1,,,,,,,,,,,,,,,,
949,Sister GUN,シスGUN,worker_toxin,uncertain,unique flavor text (joke value) but stat-dominated,store (toxin),,255,400,toxin,8800,153,185,50,1,1,1,1,50,60,50,480,5,961,2.5,True,sisterB/sisterB,0,1,,,,,,,,,,,,,,,,
950,Fusion Sister,和洋シスター,worker_toxin,uncertain,unique flavor text (joke value) but stat-dominated,store (toxin),,255,400,toxin,8000,116,125,50,1,1,1,1,50,60,50,480,4,-1,1,True,sisterC/kimonoE,0,1,,,,,,,,,,,,,,,,
951,Jabba Valentine,ジャバ・ヴァレンタイン,worker_toxin,uncertain,unique flavor text (joke value) but stat-dominated,store (toxin),,255,400,toxin,10000,120,140,50,1,1,1,1,50,60,50,480,5,-1,1,True,alice_Jabberwocky/alice_Jabberwocky,0,1,,,,,,,,,,,,,,,,
952,Lion Swordsman,シシ剣士,worker_toxin,uncertain,unique flavor text (joke value) but stat-dominated,store (toxin),,255,400,toxin,8800,155,182,50,1,1,1,1,50,60,50,480,5,-1,1,False,shinsenA/ShishimaiA,0,1,,,,,,,,,,,,,,,,
953,Crowned Elephant,冠お象,worker_toxin,uncertain,unique flavor text (joke value) but stat-dominated,store (toxin),,255,400,toxin,11600,125,182,50,1,1,1,1,50,60,50,480,5,964,2.5,False,animalA/animalA,0,1,,,,,,,,,,,,,,,,
954,Mr. Stripes,しまさん,worker_toxin,uncertain,unique flavor text (joke value) but stat-dominated,store (toxin),,255,400,toxin,9000,175,150,50,1,1,1,1,50,60,50,480,5,964,2.5,False,animalB/animalB,0,1,,,,,,,,,,,,,,,,
955,Walrus Kid,せいうち君,worker_toxin,uncertain,unique flavor text (joke value) but stat-dominated,store (toxin),,255,400,toxin,9800,140,188,50,1,1,1,1,50,60,50,480,5,964,2.5,False,animalC/animalC,0,1,,,,,,,,,,,,,,,,
956,Troubled Rhino,困ったサイさん,worker_toxin,uncertain,unique flavor text (joke value) but stat-dominated,store (toxin),,255,400,toxin,8400,145,165,50,1,1,1,1,50,60,50,480,5,964,2.5,False,animalD/animalD,0,1,,,,,,,,,,,,,,,,
957,Zebra Schoolgirl,シマ女子高生,worker_toxin,uncertain,unique flavor text (joke value) but stat-dominated,store (toxin),,255,400,toxin,8000,118,123,50,1,1,1,1,50,60,50,480,4,-1,1,True,SGB/animalB,0,1,,,,,,,,,,,,,,,,
958,Elephant Chef,ぞうシェフ,enemy_or_event_chef,keep,enemy chef — needed by raid/boss content (enemyItems sets),store (toxin),,255,400,toxin,1000,40,40,70,1,1,1,1,50,80,60,480,4,-1,1,False,enemyChef/animalA,0,1,,,,,,,,,,,,,,,,
959,Zebra Staff,しまうま店員,worker_toxin,cut,"reskin: recycled text, recycled art, stat-dominated",store (toxin),,255,400,toxin,650,40,40,70,1,1,1,1,50,80,60,480,4,-1,1,False,clown/animalB,0,1,,,,,,,,,,,,,,,,
960,Walrus Staff,せいうち店員,worker_toxin,cut,"reskin: recycled text, recycled art, stat-dominated",store (toxin),,255,400,toxin,650,40,30,50,1,1,1,1,50,50,50,480,4,-1,1,False,clown/animalC,0,1,,,,,,,,,,,,,,,,
961,Sister Chef,シスターシェフ,enemy_or_event_chef,keep,enemy chef — needed by raid/boss content (enemyItems sets),store (toxin),,255,400,toxin,1000,40,40,70,1,1,1,1,50,80,60,480,4,-1,1,False,enemyChef/sisterA,0,1,,,,,,,,,,,,,,,,
962,Sister Staff,シスター店員,worker_toxin,cut,"reskin: recycled text, recycled art, stat-dominated",store (toxin),,255,400,toxin,650,40,40,70,1,1,1,1,50,80,60,480,4,-1,1,False,sisterB/sisterB,0,1,,,,,,,,,,,,,,,,
963,Sister Staff,シスター店員,worker_toxin,cut,"reskin: recycled text, recycled art, stat-dominated",store (toxin),,255,400,toxin,650,40,30,50,1,1,1,1,50,50,50,480,4,-1,1,False,sisterA/sisterA,0,1,,,,,,,,,,,,,,,,
964,Elephant Chef 2,ぞうシェフ2,enemy_or_event_chef,keep,enemy chef — needed by raid/boss content (enemyItems sets),store (toxin),,255,400,toxin,1000,40,40,70,1,1,1,1,50,80,60,480,4,-1,1,False,enemyChef/animalA,0,1,,,,,,,,,,,,,,,,
965,Zebra Staff 2,しまうま店員2,worker_toxin,cut,"reskin: recycled text, recycled art, stat-dominated",store (toxin),,255,400,toxin,650,40,40,70,1,1,1,1,50,80,60,480,4,-1,1,False,animalB/animalB,0,1,,,,,,,,,,,,,,,,
966,Walrus Staff 2,せいうち店員2,worker_toxin,cut,"reskin: recycled text, recycled art, stat-dominated",store (toxin),,255,400,toxin,650,40,30,50,1,1,1,1,50,50,50,480,4,-1,1,False,animalC/animalC,0,1,,,,,,,,,,,,,,,,
967,Snow Chef,雪シェフ,enemy_or_event_chef,keep,enemy chef — needed by raid/boss content (enemyItems sets),store (toxin),,255,400,toxin,1000,40,40,70,1,1,1,1,50,80,60,480,4,-1,1,False,enemyChef/snowmanC,0,1,,,,,,,,,,,,,,,,
968,Snow Staff 1,雪店員1,worker_toxin,cut,"reskin: recycled text, recycled art, stat-dominated",store (toxin),,255,400,toxin,650,40,40,70,1,1,1,1,50,80,60,480,4,-1,1,False,santagirlA/santagirlA,0,1,,,,,,,,,,,,,,,,
969,Snow Staff 2,雪店員2,worker_toxin,cut,"reskin: recycled text, recycled art, stat-dominated",store (toxin),,255,400,toxin,650,40,30,50,1,1,1,1,50,50,50,480,4,-1,1,False,snowmanB/snowmanB,0,1,,,,,,,,,,,,,,,,
970,Fishfolk President Yui,半魚会長ゆい,worker_toxin,uncertain,unique flavor text (joke value) but stat-dominated,store (toxin),,255,400,toxin,9900,139,186,80,1,1,1,1,50,60,70,480,5,982,2.5,True,MermanA/MermanA,0,1,,,,,,,,,,,,,,,,
971,Fishfolk Treasurer Hina,半魚会計ひな,worker_toxin,uncertain,unique flavor text (joke value) but stat-dominated,store (toxin),,255,400,toxin,9200,173,152,100,1,1,1,1,50,50,50,480,5,982,2.5,True,MermanB/MermanB,0,1,,,,,,,,,,,,,,,,
972,Fishfolk Secretary Leo,半魚書記レオ,worker_toxin,uncertain,unique flavor text (joke value) but stat-dominated,store (toxin),,255,400,toxin,8900,141,200,50,1,1,1,1,50,80,60,480,5,982,2.5,False,MermanC/MermanC,0,1,,,,,,,,,,,,,,,,
973,Half-Fish Rei,半ギョのレイ,worker_toxin,uncertain,unique flavor text (joke value) but stat-dominated,store (toxin),,255,400,toxin,8100,130,110,40,1,1,1,1,50,60,50,360,4,-1,1,False,ghostA/MermanC,0,1,,,,,,,,,,,,,,,,
974,Kimono Alyssum,晴着アリッサム,worker_toxin,uncertain,unique flavor text (joke value) but stat-dominated,store (toxin),,255,400,toxin,5400,100,128,90,1,1,1,1,50,60,50,480,5,-1,1,True,haregi/PlantD,0,1,,,,,,,,,,,,,,,,
975,Kimono Tail,晴着テイル,worker_toxin,uncertain,unique flavor text (joke value) but stat-dominated,store (toxin),,255,400,toxin,8900,147,210,60,1,1,1,1,50,80,40,240,5,-1,1,True,haregi/PlantA,0,1,,,,,,,,,,,,,,,,
976,Kimono Rafflesian,晴着ラフレシアン,worker_toxin,uncertain,unique flavor text (joke value) but stat-dominated,store (toxin),,255,400,toxin,6400,110,128,90,1,1,1,1,50,60,60,240,5,-1,1,True,haregi/PlantB,0,1,,,,,,,,,,,,,,,,
977,Kimono Mimi,晴着ミミ,worker_toxin,uncertain,unique flavor text (joke value) but stat-dominated,store (toxin),,255,400,toxin,9100,135,195,60,1,1,1,1,50,50,80,240,5,-1,1,True,haregi/specterI,0,1,,,,,,,,,,,,,,,,
978,Yeti-chan,いえってぃー,worker_toxin,uncertain,unique flavor text (joke value) but stat-dominated,store (toxin),,255,400,toxin,9800,118,219,70,1,1,1,1,50,50,60,480,5,985,2.5,False,WhitebeastA/WhitebeastA,0,1,,,,,,,,,,,,,,,,
979,White Gorilla,ホワイトゴリラ,worker_toxin,uncertain,unique flavor text (joke value) but stat-dominated,store (toxin),,255,400,toxin,10800,132,185,60,1,1,1,1,50,60,70,480,5,985,2.5,False,WhitebeastB/WhitebeastB,0,1,,,,,,,,,,,,,,,,
980,Polar Bear-o,しろー・くま,worker_toxin,uncertain,unique flavor text (joke value) but stat-dominated,store (toxin),,255,400,toxin,9100,159,172,50,1,1,1,1,50,70,60,480,5,985,2.5,False,WhitebeastC/WhitebeastC,0,1,,,,,,,,,,,,,,,,
981,Captain Gorilla,ゴリッ船長,worker_toxin,uncertain,unique flavor text (joke value) but stat-dominated,store (toxin),,255,400,toxin,7800,110,140,40,1,1,1,1,50,40,40,360,4,-1,1,False,PiratesmanA/WhitebeastB,0,1,,,,,,,,,,,,,,,,
982,Fishfolk Chef,半漁シェフ,enemy_or_event_chef,keep,enemy chef — needed by raid/boss content (enemyItems sets),store (toxin),,255,400,toxin,1000,40,40,70,1,1,1,1,50,80,60,480,4,-1,1,False,enemyChef/MermanA,0,1,,,,,,,,,,,,,,,,
983,Fishfolk Staff 1,半漁店員1,worker_toxin,cut,"reskin: recycled text, recycled art, stat-dominated",store (toxin),,255,400,toxin,650,40,40,70,1,1,1,1,50,80,60,480,4,-1,1,False,MermanB/MermanB,0,1,,,,,,,,,,,,,,,,
984,Fishfolk Staff 2,半漁店員2,worker_toxin,cut,"reskin: recycled text, recycled art, stat-dominated",store (toxin),,255,400,toxin,650,40,30,50,1,1,1,1,50,50,50,480,4,-1,1,False,MermanC/MermanC,0,1,,,,,,,,,,,,,,,,
985,Cryptid Chef,UMAシェフ,enemy_or_event_chef,keep,enemy chef — needed by raid/boss content (enemyItems sets),store (toxin),,255,400,toxin,1000,40,40,70,1,1,1,1,50,80,60,480,4,-1,1,False,enemyChef/WhitebeastA,0,1,,,,,,,,,,,,,,,,
986,Cryptid Staff 1,UMA店員1,worker_toxin,cut,"reskin: recycled text, recycled art, stat-dominated",store (toxin),,255,400,toxin,650,40,40,70,1,1,1,1,50,80,60,480,4,-1,1,False,WhitebeastB/WhitebeastB,0,1,,,,,,,,,,,,,,,,
987,Cryptid Staff 2,UMA店員2,worker_toxin,cut,"reskin: recycled text, recycled art, stat-dominated",store (toxin),,255,400,toxin,650,40,30,50,1,1,1,1,50,50,50,480,4,-1,1,False,WhitebeastC/WhitebeastC,0,1,,,,,,,,,,,,,,,,
988,Shrine Maiden Moon,巫女ムーン,worker_toxin,uncertain,unique flavor text (joke value) but stat-dominated,store (toxin),,255,400,toxin,10000,135,190,80,1,1,1,1,50,60,80,480,5,1007,2.5,True,MikoA/MikoA,0,1,,,,,,,,,,,,,,,,
989,Shrine Maiden Mars,巫女マーズ,worker_toxin,uncertain,unique flavor text (joke value) but stat-dominated,store (toxin),,255,400,toxin,9800,165,152,100,1,1,1,1,50,50,60,480,5,1007,2.5,True,MikoB/MikoB,0,1,,,,,,,,,,,,,,,,
990,Shrine Maiden Mercury,巫女マーキュリー,worker_toxin,uncertain,unique flavor text (joke value) but stat-dominated,store (toxin),,255,400,toxin,10600,144,168,90,1,1,1,1,50,80,70,480,5,1007,2.5,True,MikoC/MikoC,0,1,,,,,,,,,,,,,,,,
991,Masked Shrine Maiden,覆面巫女,worker_toxin,uncertain,unique flavor text (joke value) but stat-dominated,store (toxin),,255,400,toxin,8400,115,123,60,1,1,1,1,50,60,50,480,4,-1,1,False,MikoD/MikoD,0,1,,,,,,,,,,,,,,,,
992,Snake Flame Dragon Kid,蛇炎龍波くん,worker_toxin,uncertain,unique flavor text (joke value) but stat-dominated,store (toxin),,255,400,toxin,9900,130,200,80,1,1,1,1,50,60,60,480,5,1010,2.5,False,snakeA/snakeA,0,1,,,,,,,,,,,,,,,,
993,Medusa-chan,めでゅーさ,worker_toxin,uncertain,unique flavor text (joke value) but stat-dominated,store (toxin),,255,400,toxin,9800,150,175,70,1,1,1,1,50,50,50,480,5,1010,2.5,True,snakeB/snakeB,0,1,,,,,,,,,,,,,,,,
994,Snake Chic,ヘビコーデ,worker_toxin,uncertain,unique flavor text (joke value) but stat-dominated,store (toxin),,255,400,toxin,10300,146,172,60,1,1,1,1,50,80,70,480,5,1010,2.5,True,snakeC/snakeC,0,1,,,,,,,,,,,,,,,,
995,Black Flame Dragon NEET,黒炎龍N・E・E・T,worker_toxin,uncertain,unique flavor text (joke value) but stat-dominated,store (toxin),,255,400,toxin,7000,105,130,40,1,1,1,1,50,50,40,480,4,-1,1,False,snakeD/teen,0,1,,,,,,,,,,,,,,,,
996,ULTRA Pie,ULTRAパイ,worker_toxin,uncertain,unique flavor text (joke value) but stat-dominated,store (toxin),,255,400,toxin,10000,140,186,90,1,1,1,1,50,60,70,480,5,1013,2.5,True,EDFE/EDFE,0,1,,,,,,,,,,,,,,,,
997,ULTRA Zombie X,ULTRAゾンビX,worker_toxin,uncertain,unique flavor text (joke value) but stat-dominated,store (toxin),,255,400,toxin,11500,100,220,50,1,1,1,1,50,60,80,480,5,1013,2.5,False,EDFF/EDFF,0,1,,,,,,,,,,,,,,,,
998,True ULTRA Zombie,真ULTRAゾンビ,worker_toxin,uncertain,unique flavor text (joke value) but stat-dominated,store (toxin),,255,400,toxin,10800,110,215,70,1,1,1,1,50,80,60,480,5,1013,2.5,False,EDFG/EDFG,0,1,,,,,,,,,,,,,,,,
999,Dummy,ダミー,worker_toxin,cut,placeholder record (dummy/empty name),store (toxin),,255,400,toxin,100,10,10,10,1,1,1,1,10,10,10,480,1,-1,1,False,nerd/faris,0,1,,,,,,,,,,,,,,,,
1000,Fish Crewman,さかな隊員,worker_toxin,uncertain,unique flavor text (joke value) but stat-dominated,store (toxin),,255,400,toxin,8500,150,95,50,1,1,1,1,50,30,80,480,4,-1,1,False,EDFH/fishmanC,0,1,,,,,,,,,,,,,,,,
1001,General Porche,ポルチェ・大将,worker_toxin,uncertain,unique flavor text (joke value) but stat-dominated,store (toxin),,255,400,toxin,9800,145,180,100,1,1,1,1,50,80,50,480,5,-1,1,True,MilitaryWomanA/MilitaryWomanA,0,1,,,,,,,,,,,,,,,,
1002,Maj. Gen. Porche,ポルチェ・少将,worker_toxin,uncertain,unique flavor text (joke value) but stat-dominated,store (toxin),,255,400,toxin,9000,111,140,60,1,1,1,1,50,60,80,480,4,-1,1,True,MilitaryWomanB/MilitaryWomanB,0,1,,,,,,,,,,,,,,,,
1003,Dictator,独裁者,worker_toxin,keep,unique flavor text + competitive stats,store (toxin),,6,20,toxin,3150,68,120,30,1,1,1,1,50,80,80,60,4,-1,1,False,MilitaryWomanE/omar,0,1,,,,,,,,,,,,,,,,
1004,Maj. Gen. Perrari,ペラーリ・少将,worker_toxin,uncertain,unique flavor text (joke value) but stat-dominated,store (toxin),,255,400,toxin,9300,170,152,60,1,1,1,1,50,70,50,480,5,-1,1,True,MilitaryWomanC/MilitaryWomanC,0,1,,,,,,,,,,,,,,,,
1005,Maj. Gen. Parken,パーケン・少将,worker_toxin,uncertain,unique flavor text (joke value) but stat-dominated,store (toxin),,255,400,toxin,9600,145,182,80,1,1,1,1,50,50,60,480,5,-1,1,True,MilitaryWomanD/MilitaryWomanD,0,1,,,,,,,,,,,,,,,,
1006,Maj. Gen. Lamporpeni,ランポルペーニ・少将,worker_toxin,uncertain,unique flavor text (joke value) but stat-dominated,store (toxin),,255,400,toxin,10000,150,168,70,1,1,1,1,50,80,50,480,5,-1,1,True,MilitaryWomanF/MilitaryWomanF,0,1,,,,,,,,,,,,,,,,
1007,Shrine Maiden Chef,巫女シェフ,enemy_or_event_chef,keep,enemy chef — needed by raid/boss content (enemyItems sets),store (toxin),,255,400,toxin,1100,40,40,70,1,1,1,1,50,80,60,480,4,-1,1,True,enemyChef/MikoA,0,1,,,,,,,,,,,,,,,,
1008,Shrine Maiden Staff 1,巫女店員1,worker_toxin,cut,"reskin: recycled text, recycled art, stat-dominated",store (toxin),,255,400,toxin,650,40,40,70,1,1,1,1,50,80,60,480,4,-1,1,True,MikoB/MikoB,0,1,,,,,,,,,,,,,,,,
1009,Shrine Maiden Staff 2,巫女店員2,worker_toxin,cut,"reskin: recycled text, recycled art, stat-dominated",store (toxin),,255,400,toxin,650,40,30,50,1,1,1,1,50,50,50,480,4,-1,1,True,MikoC/MikoC,0,1,,,,,,,,,,,,,,,,
1010,Snake Chef,へびシェフ,enemy_or_event_chef,keep,enemy chef — needed by raid/boss content (enemyItems sets),store (toxin),,255,400,toxin,1100,40,40,70,1,1,1,1,50,80,60,480,4,-1,1,False,enemyChef/snakeA,0,1,,,,,,,,,,,,,,,,
1011,Snake Staff 1,へび店員1,worker_toxin,cut,"reskin: recycled text, recycled art, stat-dominated",store (toxin),,255,400,toxin,650,40,40,70,1,1,1,1,50,80,60,480,4,-1,1,True,snakeB/snakeB,0,1,,,,,,,,,,,,,,,,
1012,Snake Staff 2,へび店員2,worker_toxin,cut,"reskin: recycled text, recycled art, stat-dominated",store (toxin),,255,400,toxin,650,40,30,50,1,1,1,1,50,50,50,480,4,-1,1,True,snakeC/snakeC,0,1,,,,,,,,,,,,,,,,
1013,ULTRA Chef,ULTRAシェフ,enemy_or_event_chef,keep,enemy chef — needed by raid/boss content (enemyItems sets),store (toxin),,255,400,toxin,1100,40,40,70,1,1,1,1,50,80,60,480,4,-1,1,True,enemyChef/EDFE,0,1,,,,,,,,,,,,,,,,
1014,ULTRA Staff 1,ULTRA店員1,worker_toxin,cut,"reskin: recycled text, recycled art, stat-dominated",store (toxin),,255,400,toxin,650,40,40,70,1,1,1,1,50,80,60,480,4,-1,1,False,EDFF/EDFF,0,1,,,,,,,,,,,,,,,,
1015,ULTRA Staff 2,ULTRA店員2,worker_toxin,cut,"reskin: recycled text, recycled art, stat-dominated",store (toxin),,255,400,toxin,650,40,30,50,1,1,1,1,50,50,50,480,4,-1,1,False,EDFG/EDFG,0,1,,,,,,,,,,,,,,,,
1016,Cao Cao,そうそう,worker_toxin,uncertain,unique flavor text (joke value) but stat-dominated,store (toxin),,255,400,toxin,9400,121,230,70,1,1,1,1,50,80,60,480,5,-1,1,False,SangokushiA/SangokushiA,0,1,,,,,,,,,,,,,,,,
1017,Liu Bei,りゅうび,worker_toxin,uncertain,unique flavor text (joke value) but stat-dominated,store (toxin),,255,400,toxin,9300,164,174,100,1,1,1,1,50,80,70,480,5,-1,1,False,SangokushiB/SangokushiB,0,1,,,,,,,,,,,,,,,,
1018,Sun Quan,そんけん,worker_toxin,uncertain,unique flavor text (joke value) but stat-dominated,store (toxin),,255,400,toxin,11000,141,175,80,1,1,1,1,50,60,80,480,5,-1,1,False,SangokushiC/SangokushiC,0,1,,,,,,,,,,,,,,,,
1019,Lady Sun,そんしょうこう,worker_toxin,uncertain,unique flavor text (joke value) but stat-dominated,store (toxin),,255,400,toxin,9400,172,160,90,1,1,1,1,50,60,80,480,5,-1,1,True,SangokushiD/SangokushiD,0,1,,,,,,,,,,,,,,,,
1020,Diaochan,ちょうせん,worker_toxin,uncertain,unique flavor text (joke value) but stat-dominated,store (toxin),,255,400,toxin,9900,145,161,90,1,1,1,1,50,50,60,480,5,-1,1,True,SangokushiE/SangokushiE,0,1,,,,,,,,,,,,,,,,
1021,Diaochan II,チョウセン,worker_toxin,uncertain,unique flavor text (joke value) but stat-dominated,store (toxin),,255,400,toxin,11500,150,165,100,1,1,1,1,50,50,60,480,5,-1,1,True,SangokushiF/SangokushiF,0,1,,,,,,,,,,,,,,,,
1022,Cao Cao Soldier,そうそう兵,worker_toxin,uncertain,unique flavor text (joke value) but stat-dominated,store (toxin),,255,400,toxin,7100,95,128,50,1,1,1,1,50,50,60,240,2,-1,1,False,SangokushiG/SangokushiG,0,1,,,,,,,,,,,,,,,,
1023,Jolly Soldier,ゆかいな兵,worker_toxin,uncertain,unique flavor text (joke value) but stat-dominated,store (toxin),,255,400,toxin,5400,120,105,50,1,1,1,1,50,50,60,120,4,-1,1,False,SangokushiG/animalA,0,1,,,,,,,,,,,,,,,,
1024,Labyrinth of Lies,いつわりのラビリンス,worker_toxin,uncertain,unique flavor text (joke value) but stat-dominated,store (toxin),,255,400,toxin,10800,162,149,90,1,1,1,1,50,60,80,480,5,1042,2.5,True,angelJ/angelJ,0,1,,,,,,,,,,,,,,,,
1025,Spinning Marron Glace,まわるマロングラッセ,worker_toxin,uncertain,unique flavor text (joke value) but stat-dominated,store (toxin),,255,400,toxin,10000,143,184,70,1,1,1,1,50,60,60,480,5,1042,2.5,True,angelK/angelK,0,1,,,,,,,,,,,,,,,,
1026,Shopping Myself,ショッピングマイセルフ,worker_toxin,uncertain,unique flavor text (joke value) but stat-dominated,store (toxin),,255,400,toxin,7600,145,108,80,1,1,1,1,50,50,40,480,4,-1,1,True,angelL/boxmanC,0,1,,,,,,,,,,,,,,,,
1027,Shinkage Swordsman,新陰流の剣士,worker_toxin,uncertain,unique flavor text (joke value) but stat-dominated,store (toxin),,255,400,toxin,9800,133,203,60,1,1,1,1,50,60,60,480,5,1045,2.5,False,MasterfencerB/MasterfencerB,0,1,,,,,,,,,,,,,,,,
1028,Swallow Swordsman,ツバメの剣士,worker_toxin,uncertain,unique flavor text (joke value) but stat-dominated,store (toxin),,255,400,toxin,9900,150,177,80,1,1,1,1,50,50,60,480,5,1045,2.5,False,MasterfencerC/MasterfencerC,0,1,,,,,,,,,,,,,,,,
1029,Musashi Swordsman,むさしの剣士,worker_toxin,uncertain,unique flavor text (joke value) but stat-dominated,store (toxin),,255,400,toxin,10634,151,165,60,1,1,1,1,50,80,70,480,5,1045,2.5,False,MasterfencerA/MasterfencerA,0,1,,,,,,,,,,,,,,,,
1030,Kabukimono Swordsman,かぶきもの剣士,worker_toxin,uncertain,unique flavor text (joke value) but stat-dominated,store (toxin),,255,400,toxin,7300,116,149,40,1,1,1,1,50,50,60,480,4,-1,1,False,MasterfencerB/KabukiC,0,1,,,,,,,,,,,,,,,,
1031,Koala,コアラ,worker_toxin,uncertain,unique flavor text (joke value) but stat-dominated,store (toxin),,255,400,toxin,12500,130,168,90,1,1,1,1,50,60,80,480,5,1048,2.5,False,godzillaA/godzillaA,0,1,,,,,,,,,,,,,,,,
1032,KOALA,ＫＯＡＲＡ,worker_toxin,uncertain,unique flavor text (joke value) but stat-dominated,store (toxin),,255,400,toxin,11000,131,189,70,1,1,1,1,50,70,60,480,5,1048,2.5,False,godzillaB/godzillaB,0,1,,,,,,,,,,,,,,,,
1033,Check-It-Out Alien,チェケラッチョ星人,worker_toxin,uncertain,unique flavor text (joke value) but stat-dominated,store (toxin),,255,400,toxin,10000,170,148,60,1,1,1,1,50,50,80,480,5,1048,2.5,False,godzillaC/godzillaC,0,1,,,,,,,,,,,,,,,,
1034,Rhino Man,サイ人,worker_toxin,uncertain,unique flavor text (joke value) but stat-dominated,store (toxin),,255,400,toxin,15000,70,100,30,1,1,1,1,50,50,60,480,4,-1,1,False,godzillaC/animalD,0,1,,,,,,,,,,,,,,,,
1035,Gentleman Purple,紳士パープル,worker_toxin,uncertain,unique flavor text (joke value) but stat-dominated,store (toxin),,255,400,toxin,9800,153,172,80,1,1,1,1,50,70,60,480,5,1051,2.5,False,SpiritbehindA/SpiritbehindA,0,1,,,,,,,,,,,,,,,,
1036,Yellow Nurse Cannon,イエロー看護キャノン,worker_toxin,uncertain,unique flavor text (joke value) but stat-dominated,store (toxin),,255,400,toxin,9500,164,161,100,1,1,1,1,50,60,50,480,5,1051,2.5,True,SpiritbehindB/SpiritbehindB,0,1,,,,,,,,,,,,,,,,
1037,Paladin's Gray,パラディンズグレー,worker_toxin,uncertain,unique flavor text (joke value) but stat-dominated,store (toxin),,255,400,toxin,9000,146,194,60,1,1,1,1,50,80,70,480,5,1051,2.5,True,SpiritbehindC/SpiritbehindC,0,1,,,,,,,,,,,,,,,,
1038,Multipurpose Fluffball,多目的ケサランパサラン,worker_toxin,uncertain,unique flavor text (joke value) but stat-dominated,store (toxin),,255,400,toxin,8300,111,142,10,1,1,1,1,50,60,60,480,4,-1,1,False,SpiritbehindD/SpiritbehindD,0,1,,,,,,,,,,,,,,,,
1039,Labyrinth,ラビリンス,worker_toxin,uncertain,unique flavor text (joke value) but stat-dominated,store (toxin),,255,400,toxin,11000,159,150,80,1,1,1,1,50,50,70,480,5,1054,2.5,True,angelH/angelH,0,1,,,,,,,,,,,,,,,,
1040,Marron Glace,マロングラッセ,worker_toxin,uncertain,unique flavor text (joke value) but stat-dominated,store (toxin),,255,400,toxin,10300,125,208,70,1,1,1,1,50,80,50,480,5,1054,2.5,True,angelI/angelI,0,1,,,,,,,,,,,,,,,,
1041,Dancing Red Wine,ダンシングレッドワイン,worker_toxin,uncertain,unique flavor text (joke value) but stat-dominated,store (toxin),,255,400,toxin,7776,96,172,60,1,1,1,1,50,60,50,480,4,-1,1,True,angelL/ShishimaiB,0,1,,,,,,,,,,,,,,,,
1042,Fallen Angel Chef 1,堕天使シェフ1,enemy_or_event_chef,keep,enemy chef — needed by raid/boss content (enemyItems sets),store (toxin),,255,400,toxin,1100,40,40,70,1,1,1,1,50,80,60,480,4,-1,1,False,enemyChef/angelJ,0,1,,,,,,,,,,,,,,,,
1043,Fallen Angel Staff 1,堕天使店員1,worker_toxin,cut,"reskin: recycled text, recycled art, stat-dominated",store (toxin),,255,400,toxin,650,40,40,70,1,1,1,1,50,80,60,480,4,-1,1,True,angelK/angelK,0,1,,,,,,,,,,,,,,,,
1044,Fallen Angel Staff 2,堕天使店員2,worker_toxin,cut,"reskin: recycled text, recycled art, stat-dominated",store (toxin),,255,400,toxin,650,40,30,50,1,1,1,1,50,50,50,480,4,-1,1,True,angelJ/angelJ,0,1,,,,,,,,,,,,,,,,
1045,Swordmaster Chef,剣豪シェフ,enemy_or_event_chef,keep,enemy chef — needed by raid/boss content (enemyItems sets),store (toxin),,255,400,toxin,1100,40,40,70,1,1,1,1,50,80,60,480,4,-1,1,False,enemyChef/MasterfencerA,0,1,,,,,,,,,,,,,,,,
1046,Swordmaster Staff 1,剣豪店員1,worker_toxin,cut,"reskin: recycled text, recycled art, stat-dominated",store (toxin),,255,400,toxin,650,40,40,70,1,1,1,1,50,80,60,480,4,-1,1,True,MasterfencerB/MasterfencerB,0,1,,,,,,,,,,,,,,,,
1047,Swordmaster Staff 2,剣豪店員2,worker_toxin,cut,"reskin: recycled text, recycled art, stat-dominated",store (toxin),,255,400,toxin,650,40,30,50,1,1,1,1,50,50,50,480,4,-1,1,True,MasterfencerC/MasterfencerC,0,1,,,,,,,,,,,,,,,,
1048,Kaiju Chef,怪獣シェフ,enemy_or_event_chef,keep,enemy chef — needed by raid/boss content (enemyItems sets),store (toxin),,255,400,toxin,1100,40,40,70,1,1,1,1,50,80,60,480,4,-1,1,False,enemyChef/godzillaA,0,1,,,,,,,,,,,,,,,,
1049,Kaiju Staff 1,怪獣店員1,worker_toxin,cut,"reskin: recycled text, recycled art, stat-dominated",store (toxin),,255,400,toxin,650,40,40,70,1,1,1,1,50,80,60,480,4,-1,1,True,godzillaB/godzillaB,0,1,,,,,,,,,,,,,,,,
1050,Kaiju Staff 2,怪獣店員2,worker_toxin,cut,"reskin: recycled text, recycled art, stat-dominated",store (toxin),,255,400,toxin,650,40,30,50,1,1,1,1,50,50,50,480,4,-1,1,True,godzillaC/godzillaC,0,1,,,,,,,,,,,,,,,,
1051,Guardian Spirit Chef,守護霊シェフ,enemy_or_event_chef,keep,enemy chef — needed by raid/boss content (enemyItems sets),store (toxin),,255,400,toxin,1100,40,40,70,1,1,1,1,50,80,60,480,4,-1,1,False,enemyChef/SpiritbehindA,0,1,,,,,,,,,,,,,,,,
1052,Guardian Spirit Staff 1,守護霊店員1,worker_toxin,cut,"reskin: recycled text, recycled art, stat-dominated",store (toxin),,255,400,toxin,650,40,40,70,1,1,1,1,50,80,60,480,4,-1,1,True,SpiritbehindB/SpiritbehindB,0,1,,,,,,,,,,,,,,,,
1053,Guardian Spirit Staff 2,守護霊店員2,worker_toxin,cut,"reskin: recycled text, recycled art, stat-dominated",store (toxin),,255,400,toxin,650,40,30,50,1,1,1,1,50,50,50,480,4,-1,1,True,SpiritbehindC/SpiritbehindC,0,1,,,,,,,,,,,,,,,,
1054,Fallen Angel Chef 2,堕天使シェフ2,enemy_or_event_chef,keep,enemy chef — needed by raid/boss content (enemyItems sets),store (toxin),,255,400,toxin,1100,40,40,70,1,1,1,1,50,80,60,480,4,-1,1,False,enemyChef/angelH,0,1,,,,,,,,,,,,,,,,
1055,Fallen Angel Staff 3,堕天使店員3,worker_toxin,cut,"reskin: recycled text, recycled art, stat-dominated",store (toxin),,255,400,toxin,650,40,40,70,1,1,1,1,50,80,60,480,4,-1,1,True,angelI/angelI,0,1,,,,,,,,,,,,,,,,
1056,Fallen Angel Staff 4,堕天使店員4,worker_toxin,cut,"reskin: recycled text, recycled art, stat-dominated",store (toxin),,255,400,toxin,650,40,30,50,1,1,1,1,50,50,50,480,4,-1,1,True,angelH/angelH,0,1,,,,,,,,,,,,,,,,
1057,Senior Maid,先輩メイド,worker_toxin,uncertain,unique flavor text (joke value) but stat-dominated,store (toxin),,255,400,toxin,3800,80,100,60,1,1,1,1,80,50,70,20,4,-1,1,True,maid2/maid2B,0,1,,,,,,,,,,,,,,,,
1058,President Pigeon,大統領ハト,worker_toxin,keep,unique flavor text + competitive stats,store (toxin),,255,100,toxin,10000,100,100,100,1,1,1,1,10,100,100,480,5,-1,1,False,hatoF/hatoF,0,1,,,,,,,,,,,,,,,,
1059,Stagehand,黒子ッス,worker_toxin,uncertain,unique art but recycled text and dominated stats — art-only value,store (toxin),,255,100,toxin,2000,100,80,30,1,1,1,1,10,30,50,480,4,-1,1,False,kuroko/kuroko,0,1,,,,,,,,,,,,,,,,
1060,Stagehand-theus,黒子テウス,worker_toxin,uncertain,unique flavor text (joke value) but stat-dominated,store (toxin),,255,100,toxin,2500,105,85,30,1,1,1,1,10,30,50,480,4,-1,1,False,shinwa_prometeusB/shinwa_prometeusB,0,1,,,,,,,,,,,,,,,,
1061,Prometheus,プロメテウス,worker_toxin,uncertain,unique flavor text (joke value) but stat-dominated,store (toxin),,255,100,toxin,4000,120,100,30,1,1,1,1,10,30,10,480,4,-1,1,False,shinwa_prometeus/shinwa_prometeus,0,1,,,,,,,,,,,,,,,,
1062,Stagehand of Death,黒子デス,worker_toxin,uncertain,unique art but recycled text and dominated stats — art-only value,store (toxin),,255,100,toxin,3500,100,120,30,1,1,1,1,10,30,20,480,4,-1,1,False,kurokoB/kurokoB,0,1,,,,,,,,,,,,,,,,
1063,Black Death,黒デス,worker_toxin,uncertain,unique art but recycled text and dominated stats — art-only value,store (toxin),,255,100,toxin,5000,110,135,30,1,1,1,1,10,40,30,480,4,-1,1,False,shinwa_hadesB/shinwa_hadesB,0,1,,,,,,,,,,,,,,,,
1064,Black-Headed Death,黒頭デス,worker_toxin,uncertain,unique flavor text (joke value) but stat-dominated,store (toxin),,255,100,toxin,6000,120,140,40,1,1,1,1,10,40,40,480,4,-1,1,False,shinwa_hadesC/shinwa_hadesC,0,1,,,,,,,,,,,,,,,,
1065,Hades,ハデス,worker_toxin,uncertain,unique flavor text (joke value) but stat-dominated,store (toxin),,255,100,toxin,8600,150,175,60,1,1,1,1,10,50,60,480,4,-1,1,False,shinwa_hades/shinwa_hades,0,1,,,,,,,,,,,,,,,,
1066,Just a Stagehand,黒子です,worker_toxin,uncertain,unique art but recycled text and dominated stats — art-only value,store (toxin),,255,100,toxin,3500,100,120,30,1,1,1,1,10,30,20,480,5,-1,1,False,kurokoB/shinwa_hades2,0,1,,,,,,,,,,,,,,,,
1067,Hades of the Maze Realm,迷界のハデス,worker_toxin,keep,unique flavor text + competitive stats,store (toxin),,255,100,toxin,9200,150,182,60,1,1,1,1,10,50,60,480,5,-1,1,False,shinwa_hades2/shinwa_hades2,0,1,,,,,,,,,,,,,,,,
1068,Athena,アテーナー,worker_toxin,keep,unique flavor text + competitive stats,store (toxin),,255,100,toxin,10600,148,169,30,1,1,1,1,10,30,10,480,5,-1,1,True,shinwa_atene/shinwa_atene,0,1,,,,,,,,,,,,,,,,
1069,Miss Athena,アテーナさん,worker_toxin,keep,unique flavor text + competitive stats,store (toxin),,255,100,toxin,9800,154,169,30,1,1,1,1,10,30,10,480,5,-1,1,True,shinwa_atene2/shinwa_atene2,0,1,,,,,,,,,,,,,,,,
1070,Power-Up Gem 1,パワーアップの宝石1,worker_toxin,cut,"reskin: recycled text, recycled art, stat-dominated",store (toxin),,255,100,toxin,100,10,10,10,1,1,1,1,10,10,10,480,4,-1,1,False,hatoA/hatoA,0,1,,,,,,,,,,,,,,,,
1071,Power-Up Gem 2,パワーアップの宝石2,worker_toxin,cut,"reskin: recycled text, recycled art, stat-dominated",store (toxin),,255,100,toxin,100,10,10,10,1,1,1,1,10,10,10,480,4,-1,1,False,hatoA/hatoA,0,1,,,,,,,,,,,,,,,,
1072,Power-Up Gem 3,パワーアップの宝石3,worker_toxin,cut,"reskin: recycled text, recycled art, stat-dominated",store (toxin),,255,100,toxin,100,10,10,10,1,1,1,1,10,10,10,480,4,-1,1,False,hatoA/hatoA,0,1,,,,,,,,,,,,,,,,
1073,Human Power Plant,人間火力発電所,worker_toxin,uncertain,unique flavor text (joke value) but stat-dominated,store (toxin),,255,400,toxin,9800,136,193,60,1,1,1,1,50,60,60,480,5,1087,2.5,False,ghostRiderA/ghostRiderA,0,1,,,,,,,,,,,,,,,,
1074,Earnest Spirit,ひたむきな霊,worker_toxin,uncertain,unique flavor text (joke value) but stat-dominated,store (toxin),,255,400,toxin,9000,165,165,60,1,1,1,1,50,90,90,480,5,1087,2.5,True,ghostRiderC/ghostRiderC,0,1,,,,,,,,,,,,,,,,
1075,Peppy Skeleton,元気なガイコツ,worker_toxin,uncertain,unique flavor text (joke value) but stat-dominated,store (toxin),,255,400,toxin,7600,124,130,40,1,1,1,1,50,50,60,480,4,-1,1,False,skelton/ghostRiderA,0,1,,,,,,,,,,,,,,,,
1076,Red Machine,レッドマシーン,worker_toxin,uncertain,unique flavor text (joke value) but stat-dominated,store (toxin),,255,400,toxin,10000,151,172,90,1,1,1,1,50,60,80,480,5,1090,2.5,False,G_Robo1/G_Robo1,0,1,,,,,,,,,,,,,,,,
1077,Drilling Machine,ドリリングマシーン,worker_toxin,uncertain,unique flavor text (joke value) but stat-dominated,store (toxin),,255,400,toxin,9000,176,152,70,1,1,1,1,50,70,60,480,5,1090,2.5,False,G_Robo2/G_Robo2,0,1,,,,,,,,,,,,,,,,
1078,Jumping Machine,ジャンピングマシーン,worker_toxin,uncertain,unique flavor text (joke value) but stat-dominated,store (toxin),,255,400,toxin,12000,120,187,60,1,1,1,1,50,50,80,480,5,1090,2.5,False,G_Robo3/G_Robo3,0,1,,,,,,,,,,,,,,,,
1079,Condor Machine,コンドルマシーン,worker_toxin,uncertain,unique flavor text (joke value) but stat-dominated,store (toxin),,255,400,toxin,8000,112,140,30,1,1,1,1,50,50,60,480,4,-1,1,False,G_Robo1/Pharaoh_C,0,1,,,,,,,,,,,,,,,,
1080,Cook Dorothy,コック・どろっしー,worker_toxin,uncertain,unique flavor text (joke value) but stat-dominated,store (toxin),,255,400,toxin,8100,135,210,60,1,1,1,1,50,90,90,240,5,-1,1,True,chef/ozA,0,1,,,,,,,,,,,,,,,,
1081,Cook Tail,コック・テイル,worker_toxin,keep,unique flavor text + competitive stats,store (toxin),,255,400,toxin,9100,140,200,100,1,1,1,1,50,80,40,240,5,-1,1,True,chef/PlantA,0,1,,,,,,,,,,,,,,,,
1082,Cook Rafflesian,コック・ラフレシアン,worker_toxin,uncertain,unique flavor text (joke value) but stat-dominated,store (toxin),,255,400,toxin,6500,110,128,90,1,1,1,1,50,60,60,240,5,-1,1,True,chef/PlantB,0,1,,,,,,,,,,,,,,,,
1083,Cook Alyssum,コック・アリッサム,worker_toxin,uncertain,unique flavor text (joke value) but stat-dominated,store (toxin),,255,400,toxin,5500,100,128,90,1,1,1,1,50,60,50,240,5,-1,1,True,chef/PlantD,0,1,,,,,,,,,,,,,,,,
1084,Masked Cook,覆面コック,worker_toxin,uncertain,unique flavor text (joke value) but stat-dominated,store (toxin),,255,400,toxin,3800,100,135,40,1,1,1,1,50,60,100,240,5,-1,1,False,chef/MikoD,0,1,,,,,,,,,,,,,,,,
1085,Grandpa Cook,じいさんコック,enemy_or_event_chef,keep,enemy chef — needed by raid/boss content (enemyItems sets),store (toxin),,255,400,toxin,3600,75,85,50,1,1,1,1,50,80,60,240,5,-1,1,False,enemyChef/PlantC,0,1,,,,,,,,,,,,,,,,
1086,Afro Cook,アフロコック,enemy_or_event_chef,keep,enemy chef — needed by raid/boss content (enemyItems sets),store (toxin),,255,400,toxin,2500,68,75,45,1,1,1,1,50,33,80,240,4,-1,1,False,enemyChef/PlantE,0,1,,,,,,,,,,,,,,,,
1087,Ghost Rider Chef,ゴーストシェフ,enemy_or_event_chef,keep,enemy chef — needed by raid/boss content (enemyItems sets),store (toxin),,255,400,toxin,1100,40,40,70,1,1,1,1,50,80,60,480,4,-1,1,False,enemyChef/ghostRiderA,0,1,,,,,,,,,,,,,,,,
1088,Ghost Rider Staff 1,ゴースト店員1,worker_toxin,cut,"reskin: recycled text, recycled art, stat-dominated",store (toxin),,255,400,toxin,650,40,40,70,1,1,1,1,50,80,60,480,4,-1,1,True,ghostRiderC/ghostRiderC,0,1,,,,,,,,,,,,,,,,
1089,Ghost Rider Staff 2,ゴースト店員2,worker_toxin,cut,"reskin: recycled text, recycled art, stat-dominated",store (toxin),,255,400,toxin,650,40,30,50,1,1,1,1,50,50,50,480,4,-1,1,False,ghostRiderA/ghostRiderA,0,1,,,,,,,,,,,,,,,,
1090,Machine Chef,マシーンシェフ,enemy_or_event_chef,keep,enemy chef — needed by raid/boss content (enemyItems sets),store (toxin),,255,400,toxin,1100,40,40,70,1,1,1,1,50,80,60,480,4,-1,1,False,enemyChef/G_Robo1,0,1,,,,,,,,,,,,,,,,
1091,Machine Staff 1,マシーン店員1,worker_toxin,cut,"reskin: recycled text, recycled art, stat-dominated",store (toxin),,255,400,toxin,650,40,40,70,1,1,1,1,50,80,60,480,4,-1,1,False,G_Robo2/G_Robo2,0,1,,,,,,,,,,,,,,,,
1092,Machine Staff 2,マシーン店員2,worker_toxin,cut,"reskin: recycled text, recycled art, stat-dominated",store (toxin),,255,400,toxin,650,40,30,50,1,1,1,1,50,50,50,480,4,-1,1,False,G_Robo3/G_Robo3,0,1,,,,,,,,,,,,,,,,
1093,Cook Moon,コック・ムーン,worker_toxin,uncertain,unique flavor text (joke value) but stat-dominated,store (toxin),,255,400,toxin,9500,135,190,60,1,1,1,1,50,50,80,240,5,-1,1,True,chef/chef,0,1,,,,,,,,,,,,,,,,
1094,Yokai Nurari,妖怪ぬらり,worker_toxin,uncertain,unique flavor text (joke value) but stat-dominated,store (toxin),,255,400,toxin,11200,143,163,90,1,1,1,1,50,60,80,480,5,-1,1,False,YoukaiF/YoukaiF,0,1,,,,,,,,,,,,,,,,
1095,Yokai Nurarihyon,妖怪ぬらりひょん,worker_toxin,uncertain,unique flavor text (joke value) but stat-dominated,store (toxin),,255,400,toxin,3200,60,130,90,1,1,1,1,50,60,80,480,4,-1,1,False,YoukaiA/YoukaiA,0,1,,,,,,,,,,,,,,,,
1096,Yokai Oyuki,妖怪おゆき,worker_toxin,uncertain,unique flavor text (joke value) but stat-dominated,store (toxin),,255,400,toxin,8100,130,136,70,1,1,1,1,50,70,60,480,5,-1,1,True,YoukaiB/YoukaiB,0,1,,,,,,,,,,,,,,,,
1097,Yokai Yoko,妖怪ヨーコ,worker_toxin,uncertain,unique flavor text (joke value) but stat-dominated,store (toxin),,255,400,toxin,9900,149,176,60,1,1,1,1,50,50,80,480,5,-1,1,True,YoukaiE/YoukaiE,0,1,,,,,,,,,,,,,,,,
1098,Yokai Cloth Fetish,妖怪布フェチ,worker_toxin,uncertain,unique flavor text (joke value) but stat-dominated,store (toxin),,255,400,toxin,11000,164,139,30,1,1,1,1,50,50,60,480,5,-1,1,False,YoukaiC/YoukaiC,0,1,,,,,,,,,,,,,,,,
1099,Umbrella Grappler,グラップラー・傘,worker_toxin,uncertain,unique flavor text (joke value) but stat-dominated,store (toxin),,255,400,toxin,11800,128,178,30,1,1,1,1,50,50,60,480,5,-1,1,False,YoukaiD/YoukaiD,0,1,,,,,,,,,,,,,,,,
1100,Rekka,レッカ,worker_toxin,keep,unique flavor text + competitive stats,store (toxin),,4,50,toxin,7000,100,150,60,1,1,1,1,50,50,80,30,4,-1,1,False,gaist_A/gaist_A,0,1,,,,,,,,,,,,,,,,
1101,Sango,さんご,worker_toxin,keep,unique flavor text + competitive stats,store (toxin),,4,10,toxin,3500,120,60,90,1,1,1,1,50,90,80,30,4,-1,1,True,gaist_B/gaist_B,0,1,,,,,,,,,,,,,,,,
1102,Captain Bana,バナ隊長,worker_toxin,keep,unique flavor text + competitive stats,store (toxin),,4,5,toxin,3500,60,120,50,1,1,1,1,50,60,70,30,4,-1,1,False,gaist_C/gaist_C,0,1,,,,,,,,,,,,,,,,
1103,Top Ranker,トップランカー,worker_toxin,uncertain,unique flavor text (joke value) but stat-dominated,store (toxin),,255,400,toxin,10600,148,169,90,1,1,1,1,50,60,70,480,5,1111,2.5,False,catsparta/catsparta,0,1,,,,,,,,,,,,,,,,
1104,Three-Eyed Warlord,三ツ目武将,worker_toxin,uncertain,unique flavor text (joke value) but stat-dominated,store (toxin),event_sengoku,255,400,toxin,10200,162,154,70,1,1,1,1,50,80,70,480,5,1111,2.5,False,catmusha/catmusha,0,1,,,,,,,,,,,,,,,,
1105,Fierce General Winter,モーレツ冬将軍,worker_toxin,uncertain,unique flavor text (joke value) but stat-dominated,store (toxin),,255,400,toxin,8200,112,140,30,1,1,1,1,50,80,60,480,4,-1,1,False,MushaA/snowmanC,0,1,,,,,,,,,,,,,,,,
1106,Wind Japanese Doll,風の日本人形,worker_toxin,uncertain,unique flavor text (joke value) but stat-dominated,store (toxin),,255,400,toxin,9500,172,151,80,1,1,1,1,50,50,80,480,5,1114,2.5,True,poltergeistA/poltergeistA,0,1,,,,,,,,,,,,,,,,
1107,Water Frenchman,水のフランス人,worker_toxin,uncertain,unique flavor text (joke value) but stat-dominated,store (toxin),,255,400,toxin,9600,157,172,70,1,1,1,1,50,90,60,480,5,1114,2.5,True,poltergeistB/poltergeistB,0,1,,,,,,,,,,,,,,,,
1108,Fire Ventriloquist,火の腹話術,worker_toxin,uncertain,unique flavor text (joke value) but stat-dominated,store (toxin),,255,400,toxin,9800,134,200,60,1,1,1,1,50,90,70,480,5,1114,2.5,False,poltergeistC/poltergeistC,0,1,,,,,,,,,,,,,,,,
1109,Earth Polar Bear,土のシロクマ,worker_toxin,uncertain,unique flavor text (joke value) but stat-dominated,store (toxin),,255,400,toxin,12500,119,182,70,1,1,1,1,50,70,70,480,5,1114,2.5,False,poltergeistD/poltergeistD,0,1,,,,,,,,,,,,,,,,
1110,Rhino-ish Ghost,サイ風ゴースト,worker_toxin,uncertain,unique flavor text (joke value) but stat-dominated,store (toxin),,255,400,toxin,7500,124,135,50,1,1,1,1,50,40,70,480,4,-1,1,False,ghostA/animalD,0,1,,,,,,,,,,,,,,,,
1111,Cat Chef,ねこシェフ,enemy_or_event_chef,keep,enemy chef — needed by raid/boss content (enemyItems sets),store (toxin),,255,400,toxin,1100,40,40,70,1,1,1,1,50,80,60,480,4,-1,1,False,enemyChef/HWcat,0,1,,,,,,,,,,,,,,,,
1112,Cat Staff 1,ねこ店員1,worker_toxin,cut,"reskin: recycled text, recycled art, stat-dominated",store (toxin),,255,400,toxin,650,40,40,70,1,1,1,1,50,80,60,480,4,-1,1,False,catsparta/catsparta,0,1,,,,,,,,,,,,,,,,
1113,Cat Staff 2,ねこ店員2,worker_toxin,cut,"reskin: recycled text, recycled art, stat-dominated",store (toxin),,255,400,toxin,650,40,30,50,1,1,1,1,50,50,50,480,4,-1,1,False,catmusha/catmusha,0,1,,,,,,,,,,,,,,,,
1114,Doll Chef,人形シェフ,worker_toxin,cut,"reskin: recycled text, recycled art, stat-dominated",store (toxin),,255,400,toxin,1100,40,40,70,1,1,1,1,50,80,60,480,4,-1,1,False,chef/MikoD,0,1,,,,,,,,,,,,,,,,
1115,Doll Staff 1,人形店員1,enemy_or_event_chef,keep,enemy chef — needed by raid/boss content (enemyItems sets),store (toxin),,255,400,toxin,650,40,40,70,1,1,1,1,50,80,60,480,4,-1,1,False,enemyChef/PlantC,0,1,,,,,,,,,,,,,,,,
1116,Doll Staff 2,人形店員2,enemy_or_event_chef,keep,enemy chef — needed by raid/boss content (enemyItems sets),store (toxin),,255,400,toxin,650,40,30,50,1,1,1,1,50,50,50,480,4,-1,1,False,enemyChef/PlantE,0,1,,,,,,,,,,,,,,,,
1117,Carrier Millinet,空ぼミリネ,worker_toxin,uncertain,unique flavor text (joke value) but stat-dominated,store (toxin),,255,400,toxin,11000,146,171,90,1,1,1,1,50,60,80,480,5,1134,2.5,True,MilitaryWomanG/MilitaryWomanG,0,1,,,,,,,,,,,,,,,,
1118,Escort Avalanche,護えいかんなだれ,worker_toxin,uncertain,unique flavor text (joke value) but stat-dominated,store (toxin),,255,400,toxin,11800,150,152,70,1,1,1,1,50,70,60,480,5,1134,2.5,True,MilitaryWomanH/MilitaryWomanH,0,1,,,,,,,,,,,,,,,,
1119,Heavy Cruiser Kageboshi,重巡洋かんかげぼし,worker_toxin,uncertain,unique flavor text (joke value) but stat-dominated,store (toxin),,255,400,toxin,10450,168,148,60,1,1,1,1,50,50,80,480,5,1134,2.5,True,MilitaryWomanI/MilitaryWomanI,0,1,,,,,,,,,,,,,,,,
1120,Sub Homecoming,SSさとがえり,worker_toxin,uncertain,unique flavor text (joke value) but stat-dominated,store (toxin),,255,400,toxin,7800,118,140,40,1,1,1,1,50,50,50,480,4,-1,1,True,MilitaryWomanI/robotC,0,1,,,,,,,,,,,,,,,,
1121,Tennis Club Member,テニス部員,worker_toxin,uncertain,unique flavor text (joke value) but stat-dominated,store (toxin),,255,400,toxin,9800,163,163,70,1,1,1,1,50,60,60,480,5,1137,2.5,True,ECA1/ECA1,0,1,,,,,,,,,,,,,,,,
1122,Computer Club Member,パソコン部員,worker_toxin,uncertain,unique flavor text (joke value) but stat-dominated,store (toxin),,255,400,toxin,9800,135,203,40,1,1,1,1,50,80,90,480,5,1137,2.5,False,ECA2/ECA2,0,1,,,,,,,,,,,,,,,,
1123,Cheer Squad Member,チアガール部員,worker_toxin,uncertain,unique flavor text (joke value) but stat-dominated,store (toxin),,255,400,toxin,9800,170,153,60,1,1,1,1,50,80,70,480,5,1137,2.5,True,ECA3/ECA3,0,1,,,,,,,,,,,,,,,,
1124,Mystery Tennis Wrestler,謎のテニスレスラー,worker_toxin,uncertain,unique flavor text (joke value) but stat-dominated,store (toxin),,255,400,toxin,7900,100,165,40,1,1,1,1,50,50,60,480,4,-1,1,True,ECA1/maskedA,0,1,,,,,,,,,,,,,,,,
1125,Noble Tree Frog,ノーブルアマガエル,worker_toxin,uncertain,unique flavor text (joke value) but stat-dominated,store (toxin),,255,400,toxin,11300,144,168,90,1,1,1,1,50,60,70,480,5,1140,2.5,False,frogA/frogA,0,1,,,,,,,,,,,,,,,,
1126,Komatsu Heavy Ind. DPSF,小松中重工DPSF,worker_toxin,uncertain,unique flavor text (joke value) but stat-dominated,store (toxin),,255,400,toxin,13000,135,157,60,1,1,1,1,50,80,80,480,5,1140,2.5,False,frogB/frogB,0,1,,,,,,,,,,,,,,,,
1127,Clumsy Sumo,うっかり力士,worker_toxin,uncertain,unique flavor text (joke value) but stat-dominated,store (toxin),,255,400,toxin,10000,106,120,40,1,1,1,1,50,80,60,480,4,-1,1,False,maskedD/frogB,0,1,,,,,,,,,,,,,,,,
1128,Insect Red,昆虫レッド,worker_toxin,uncertain,unique flavor text (joke value) but stat-dominated,store (toxin),,255,400,toxin,11200,150,161,90,1,1,1,1,50,60,80,480,5,-1,1,False,InsectHeroA/InsectHeroA,0,1,,,,,,,,,,,,,,,,
1129,Insect Green,昆虫グリーン,worker_toxin,uncertain,unique flavor text (joke value) but stat-dominated,store (toxin),,255,400,toxin,10800,143,177,90,1,1,1,1,50,60,80,480,5,-1,1,False,InsectHeroB/InsectHeroB,0,1,,,,,,,,,,,,,,,,
1130,Insect Pink,昆虫ピンク,worker_toxin,uncertain,unique flavor text (joke value) but stat-dominated,store (toxin),,255,400,toxin,8300,123,141,70,1,1,1,1,50,70,60,480,4,-1,1,False,InsectHeroC/InsectHeroC,0,1,,,,,,,,,,,,,,,,
1131,Insect Black,昆虫ブラック,worker_toxin,uncertain,unique flavor text (joke value) but stat-dominated,store (toxin),,255,400,toxin,14000,111,182,60,1,1,1,1,50,50,80,480,5,-1,1,False,InsectHeroD/InsectHeroD,0,1,,,,,,,,,,,,,,,,
1132,Insect Blue,昆虫ブルー,worker_toxin,uncertain,unique flavor text (joke value) but stat-dominated,store (toxin),,255,400,toxin,5600,108,135,30,1,1,1,1,50,50,60,480,2,-1,1,False,InsectHeroE/InsectHeroE,0,1,,,,,,,,,,,,,,,,
1133,Mystery Sales Manager,謎の営業部長,worker_toxin,uncertain,unique flavor text (joke value) but stat-dominated,store (toxin),,255,400,toxin,3000,90,113,30,1,1,1,1,50,40,60,480,4,-1,1,False,businessman/InsectHeroA,0,1,,,,,,,,,,,,,,,,
1134,Navy Chef,海軍シェフ,enemy_or_event_chef,keep,enemy chef — needed by raid/boss content (enemyItems sets),store (toxin),,255,400,toxin,1100,40,40,70,1,1,1,1,50,80,60,480,4,-1,1,False,enemyChef/MilitaryWomanG,0,1,,,,,,,,,,,,,,,,
1135,Navy Staff 1,海軍店員1,worker_toxin,cut,"reskin: recycled text, recycled art, stat-dominated",store (toxin),,255,400,toxin,650,40,40,70,1,1,1,1,50,80,60,480,4,-1,1,False,MilitaryWomanH/MilitaryWomanH,0,1,,,,,,,,,,,,,,,,
1136,Navy Staff 2,海軍店員2,worker_toxin,cut,"reskin: recycled text, recycled art, stat-dominated",store (toxin),,255,400,toxin,650,40,30,50,1,1,1,1,50,50,50,480,4,-1,1,False,MilitaryWomanI/MilitaryWomanI,0,1,,,,,,,,,,,,,,,,
1137,School Club Chef,部活シェフ,enemy_or_event_chef,keep,enemy chef — needed by raid/boss content (enemyItems sets),store (toxin),,255,400,toxin,1100,40,40,70,1,1,1,1,50,80,60,480,4,-1,1,False,enemyChef/ECA1,0,1,,,,,,,,,,,,,,,,
1138,School Club Staff 1,部活店員1,worker_toxin,cut,"reskin: recycled text, recycled art, stat-dominated",store (toxin),,255,400,toxin,650,40,40,70,1,1,1,1,50,80,60,480,4,-1,1,False,ECA2/ECA2,0,1,,,,,,,,,,,,,,,,
1139,School Club Staff 2,部活店員2,worker_toxin,cut,"reskin: recycled text, recycled art, stat-dominated",store (toxin),,255,400,toxin,650,40,30,50,1,1,1,1,50,50,50,480,4,-1,1,False,ECA3/ECA3,0,1,,,,,,,,,,,,,,,,
1140,Frog Chef,カエルシェフ,enemy_or_event_chef,keep,enemy chef — needed by raid/boss content (enemyItems sets),store (toxin),,255,400,toxin,1100,40,40,70,1,1,1,1,50,80,60,480,4,-1,1,False,enemyChef/frogA,0,1,,,,,,,,,,,,,,,,
1141,Frog Staff 1,カエル店員1,worker_toxin,cut,"reskin: recycled text, recycled art, stat-dominated",store (toxin),,255,400,toxin,650,40,40,70,1,1,1,1,50,80,60,480,4,-1,1,False,frogB/frogB,0,1,,,,,,,,,,,,,,,,
1142,Frog Staff 2,カエル店員2,worker_toxin,cut,"reskin: recycled text, recycled art, stat-dominated",store (toxin),,255,400,toxin,650,40,30,50,1,1,1,1,50,50,50,480,4,-1,1,False,frogA/frogA,0,1,,,,,,,,,,,,,,,,
1143,Cabbage Fairy,キャベツの妖精,worker_toxin,uncertain,unique flavor text (joke value) but stat-dominated,store (toxin),,255,400,toxin,9000,102,240,40,1,1,1,1,50,60,60,480,5,1155,2.5,True,fairyA/fairyA,0,1,,,,,,,,,,,,,,,,
1144,Net Fairy,ネットの妖精,worker_toxin,uncertain,unique flavor text (joke value) but stat-dominated,store (toxin),,255,400,toxin,14000,100,193,70,1,1,1,1,50,80,90,480,5,1155,2.5,True,fairyB/fairyB,0,1,,,,,,,,,,,,,,,,
1145,Watering Can Fairy,ジョウロの妖精,worker_toxin,uncertain,unique flavor text (joke value) but stat-dominated,store (toxin),,255,400,toxin,11500,130,182,80,1,1,1,1,50,80,70,480,5,1155,2.5,True,fairyC/fairyC,0,1,,,,,,,,,,,,,,,,
1146,Multipurpose Fluff Fairy,多目的ケセラン妖精,worker_toxin,uncertain,unique flavor text (joke value) but stat-dominated,store (toxin),,255,400,toxin,8200,56,175,40,1,1,1,1,50,50,60,480,4,-1,1,False,fairyA/SpiritbehindD,0,1,,,,,,,,,,,,,,,,
1147,Forest Elf,森のエルフ,worker_toxin,uncertain,unique flavor text (joke value) but stat-dominated,store (toxin),,255,400,toxin,9600,170,162,90,1,1,1,1,50,60,80,240,5,1158,2.5,True,elfA/elfA,0,1,,,,,,,,,,,,,,,,
1148,Grove Elf,林のエルフ,worker_toxin,uncertain,unique flavor text (joke value) but stat-dominated,store (toxin),,255,400,toxin,12000,125,186,70,1,1,1,1,50,70,60,240,5,1158,2.5,True,elfB/elfB,0,1,,,,,,,,,,,,,,,,
1149,Flower Elf,花のエルフ,worker_toxin,uncertain,unique flavor text (joke value) but stat-dominated,store (toxin),,255,400,toxin,8800,125,220,40,1,1,1,1,50,50,80,240,5,1158,2.5,True,elfC/elfC,0,1,,,,,,,,,,,,,,,,
1150,Wedding Elf,ウェデイングエルフ,worker_toxin,uncertain,unique flavor text (joke value) but stat-dominated,store (toxin),,255,400,toxin,6666,170,88,60,1,1,1,1,50,50,50,300,4,-1,1,True,BrideA/elfA,0,1,,,,,,,,,,,,,,,,
1151,Carnival Maniac,カーニバルマニア,worker_toxin,uncertain,unique flavor text (joke value) but stat-dominated,store (toxin),,255,400,toxin,10300,160,165,90,1,1,1,1,50,60,60,480,5,1161,2.5,True,CarnavalA/CarnavalA,0,1,,,,,,,,,,,,,,,,
1152,Carnival Girl,カーニバル娘,worker_toxin,uncertain,unique flavor text (joke value) but stat-dominated,store (toxin),,255,400,toxin,12500,123,183,70,1,1,1,1,50,80,90,480,5,1161,2.5,True,CarnavalB/CarnavalB,0,1,,,,,,,,,,,,,,,,
1153,Carnival Artisan,カーニバルの匠,worker_toxin,uncertain,unique flavor text (joke value) but stat-dominated,store (toxin),,255,400,toxin,10800,115,203,50,1,1,1,1,50,80,70,480,5,1161,2.5,True,CarnavalC/CarnavalC,0,1,,,,,,,,,,,,,,,,
1154,Berserker,バーサーカー,worker_toxin,uncertain,unique flavor text (joke value) but stat-dominated,store (toxin),,255,400,toxin,11000,100,110,40,1,1,1,1,50,50,60,480,4,-1,1,True,valkyrieB/CarnavalA,0,1,,,,,,,,,,,,,,,,
1155,Fairy Chef,妖精シェフ,worker_toxin,cut,"reskin: recycled text, recycled art, stat-dominated",store (toxin),,255,400,toxin,1100,40,40,70,1,1,1,1,50,80,60,480,4,-1,1,True,fairyA/fairyA,0,1,,,,,,,,,,,,,,,,
1156,Fairy Staff 1,妖精店員１,worker_toxin,cut,"reskin: recycled text, recycled art, stat-dominated",store (toxin),,255,400,toxin,650,40,40,70,1,1,1,1,50,80,60,480,4,-1,1,True,fairyB/fairyB,0,1,,,,,,,,,,,,,,,,
1157,Fairy Staff 2,妖精店員２,worker_toxin,cut,"reskin: recycled text, recycled art, stat-dominated",store (toxin),,255,400,toxin,650,40,30,50,1,1,1,1,50,50,50,480,4,-1,1,True,fairyC/fairyC,0,1,,,,,,,,,,,,,,,,
1158,Elf Chef,エルフシェフ,enemy_or_event_chef,keep,enemy chef — needed by raid/boss content (enemyItems sets),store (toxin),,255,400,toxin,1100,40,40,70,1,1,1,1,50,80,60,480,4,-1,1,True,enemyChef/elfA,0,1,,,,,,,,,,,,,,,,
1159,Elf Staff 1,エルフ店員１,worker_toxin,cut,"reskin: recycled text, recycled art, stat-dominated",store (toxin),,255,400,toxin,650,40,40,70,1,1,1,1,50,80,60,480,4,-1,1,True,elfB/elfB,0,1,,,,,,,,,,,,,,,,
1160,Elf Staff 2,エルフ店員２,worker_toxin,cut,"reskin: recycled text, recycled art, stat-dominated",store (toxin),,255,400,toxin,650,40,30,50,1,1,1,1,50,50,50,480,4,-1,1,True,elfC/elfC,0,1,,,,,,,,,,,,,,,,
1161,Carnival Chef,カーニバルシェフ,enemy_or_event_chef,keep,enemy chef — needed by raid/boss content (enemyItems sets),store (toxin),,255,400,toxin,1100,40,40,70,1,1,1,1,50,80,60,480,4,-1,1,True,enemyChef/CarnavalA,0,1,,,,,,,,,,,,,,,,
1162,Carnival Staff 1,カーニバル店員１,worker_toxin,cut,"reskin: recycled text, recycled art, stat-dominated",store (toxin),,255,400,toxin,650,40,40,70,1,1,1,1,50,80,60,480,4,-1,1,True,CarnavalB/CarnavalB,0,1,,,,,,,,,,,,,,,,
1163,Carnival Staff 2,カーニバル店員２,worker_toxin,cut,"reskin: recycled text, recycled art, stat-dominated",store (toxin),,255,400,toxin,650,40,30,50,1,1,1,1,50,50,50,480,4,-1,1,True,CarnavalC/CarnavalC,0,1,,,,,,,,,,,,,,,,
1164,Crane Kid,つるっ子,worker_toxin,uncertain,unique flavor text (joke value) but stat-dominated,store (toxin),,255,400,toxin,14200,173,210,90,1,1,1,1,50,60,80,90,6,-1,1,True,craneA/craneA,0,1,,,,,,,,,,,,,,,,
1165,Crane,クレイン,worker_toxin,uncertain,unique flavor text (joke value) but stat-dominated,store (toxin),,255,400,toxin,13200,118,183,70,1,1,1,1,50,60,90,480,5,-1,1,True,craneB/craneB,0,1,,,,,,,,,,,,,,,,
1166,White Crane,ハクツル,worker_toxin,uncertain,unique flavor text (joke value) but stat-dominated,store (toxin),,255,400,toxin,15700,195,176,80,1,1,1,1,50,80,70,240,6,-1,1,True,craneC/craneC,0,1,,,,,,,,,,,,,,,,
1167,Black Crane,クロづる,worker_toxin,uncertain,unique flavor text (joke value) but stat-dominated,store (toxin),,255,400,toxin,7500,130,150,50,1,1,1,1,50,40,60,360,4,-1,1,False,craneD/craneD,0,1,,,,,,,,,,,,,,,,
1168,Soccer Club Member,サッカー部員,worker_toxin,uncertain,unique flavor text (joke value) but stat-dominated,store (toxin),,255,400,toxin,12500,115,115,42,1,1,1,1,50,60,10,480,4,-1,1,False,ECA5/ECA5,0,1,,,,,,,,,,,,,,,,
1169,Fantasista,ファンタジスタ,worker_toxin,keep,unique flavor text + competitive stats,store (toxin),,255,400,toxin,16400,201,173,99,1,1,1,1,50,70,92,90,6,-1,1,True,ECA4/ECA4,0,1,,,,,,,,,,,,,,,,
1170,Kendo Girl,剣道女子,worker_toxin,uncertain,unique flavor text (joke value) but stat-dominated,store (toxin),,255,400,toxin,11000,145,178,60,1,1,1,1,50,50,60,480,5,1188,2.5,True,ECA7/ECA7,0,1,,,,,,,,,,,,,,,,
1171,Kendo Iron Man,剣道の鉄人,worker_toxin,uncertain,unique flavor text (joke value) but stat-dominated,store (toxin),,255,400,toxin,10000,77,168,40,1,1,1,1,50,50,50,480,4,-1,1,False,ECA6/ECA6,0,1,,,,,,,,,,,,,,,,
1172,Lunaria,ルナリア,worker_toxin,uncertain,unique flavor text (joke value) but stat-dominated,store (toxin),,255,400,toxin,10000,148,188,80,1,1,1,1,50,90,90,320,5,1191,2.5,True,PlantF/PlantF,0,1,,,,,,,,,,,,,,,,
1173,Lilium,リリウム,worker_toxin,keep,unique flavor text + competitive stats,store (toxin),,255,400,toxin,10500,135,200,100,1,1,1,1,50,80,40,320,5,1191,2.5,True,PlantG/PlantG,0,1,,,,,,,,,,,,,,,,
1174,Day-Out Alyssum,おでかけアリッサム,worker_toxin,uncertain,unique flavor text (joke value) but stat-dominated,store (toxin),,255,400,toxin,8000,105,170,40,1,1,1,1,50,60,40,320,4,-1,1,True,PlantG/PlantD,0,1,,,,,,,,,,,,,,,,
1175,Princess Kaguya,かぐや姫,worker_toxin,uncertain,unique flavor text (joke value) but stat-dominated,store (toxin),,255,400,toxin,11111,110,210,80,1,1,1,1,50,70,70,360,5,-1,1,True,bambooA/bambooA,0,1,,,,,,,,,,,,,,,,
1176,Bamboo Princess,なよ竹の姫,worker_toxin,uncertain,unique flavor text (joke value) but stat-dominated,store (toxin),,255,400,toxin,11111,130,180,80,1,1,1,1,50,70,80,480,5,-1,1,True,bambooB/bambooB,0,1,,,,,,,,,,,,,,,,
1177,Moon Envoy,月の使者,worker_toxin,uncertain,unique flavor text (joke value) but stat-dominated,store (toxin),,255,400,toxin,9600,118,218,70,1,1,1,1,50,80,70,360,5,-1,1,True,bambooC/bambooC,0,1,,,,,,,,,,,,,,,,
1178,Moonlight Bunny,月光うさぎ,worker_toxin,uncertain,unique flavor text (joke value) but stat-dominated,store (toxin),,255,400,toxin,11111,111,177,70,1,1,1,1,50,80,80,480,4,-1,1,True,bambooD/bambooD,0,1,,,,,,,,,,,,,,,,
1179,Abe no Miushi,あべのみうし,worker_toxin,uncertain,unique flavor text (joke value) but stat-dominated,store (toxin),,255,400,toxin,13800,115,178,60,1,1,1,1,50,90,60,480,5,-1,1,False,bambooE/bambooE,0,1,,,,,,,,,,,,,,,,
1180,Prince Kuramochi,くらもちのみこ,worker_toxin,uncertain,unique flavor text (joke value) but stat-dominated,store (toxin),,255,400,toxin,12100,141,170,60,1,1,1,1,50,80,60,480,5,-1,1,False,bambooF/bambooF,0,1,,,,,,,,,,,,,,,,
1181,Prince Ishitsukuri,いしづくりのみこ,worker_toxin,uncertain,unique flavor text (joke value) but stat-dominated,store (toxin),,255,400,toxin,7500,100,142,40,1,1,1,1,50,40,60,480,3,-1,1,False,bambooE/snakeA,0,1,,,,,,,,,,,,,,,,
1182,Marotari,まろたり,worker_toxin,uncertain,unique flavor text (joke value) but stat-dominated,store (toxin),,255,400,toxin,3200,88,115,30,1,1,1,1,50,40,60,480,4,-1,1,False,bambooF/FrankensteinC,0,1,,,,,,,,,,,,,,,,
1183,Otomo no Miyuki,おおとものみゆき,worker_toxin,uncertain,unique flavor text (joke value) but stat-dominated,store (toxin),,255,400,toxin,2800,60,145,30,1,1,1,1,50,40,60,480,4,-1,1,False,bambooF/sumowrestlerD,0,1,,,,,,,,,,,,,,,,
1184,Buff Pigeon Bro,強化ハト兄さん,worker_toxin,uncertain,unique flavor text (joke value) but stat-dominated,store (toxin),,255,100,toxin,100,120,10,10,1,1,1,1,10,10,10,480,5,-1,1,False,hatoG/hatoG,0,1,,,,,,,,,,,,,,,,
1185,Crane Chef,つるシェフ,worker_toxin,cut,"reskin: recycled text, recycled art, stat-dominated",store (toxin),,255,400,toxin,1100,40,40,70,1,1,1,1,50,80,60,480,4,-1,1,True,craneA/craneA,0,1,,,,,,,,,,,,,,,,
1186,Crane Staff 1,つる店員１,worker_toxin,cut,"reskin: recycled text, recycled art, stat-dominated",store (toxin),,255,400,toxin,650,40,40,70,1,1,1,1,50,80,60,480,4,-1,1,True,craneB/craneB,0,1,,,,,,,,,,,,,,,,
1187,Crane Staff 2,つる店員２,worker_toxin,cut,"reskin: recycled text, recycled art, stat-dominated",store (toxin),,255,400,toxin,650,40,30,50,1,1,1,1,50,50,50,480,4,-1,1,True,craneA/craneA,0,1,,,,,,,,,,,,,,,,
1188,School Club 2 Chef,部活２シェフ,worker_toxin,cut,"reskin: recycled text, recycled art, stat-dominated",store (toxin),,255,400,toxin,1100,40,40,70,1,1,1,1,50,80,60,480,4,-1,1,True,ECA4/ECA4,0,1,,,,,,,,,,,,,,,,
1189,School Club 2 Staff 1,部活２店員１,worker_toxin,cut,"reskin: recycled text, recycled art, stat-dominated",store (toxin),,255,400,toxin,650,40,40,70,1,1,1,1,50,80,60,480,4,-1,1,False,ECA5/ECA5,0,1,,,,,,,,,,,,,,,,
1190,School Club 2 Staff 2,部活２店員２,worker_toxin,cut,"reskin: recycled text, recycled art, stat-dominated",store (toxin),,255,400,toxin,650,40,30,50,1,1,1,1,50,50,50,480,4,-1,1,True,ECA6/ECA6,0,1,,,,,,,,,,,,,,,,
1191,Fairy 2 Chef,妖精２シェフ,enemy_or_event_chef,keep,enemy chef — needed by raid/boss content (enemyItems sets),store (toxin),,255,400,toxin,1100,40,40,70,1,1,1,1,50,80,60,480,4,-1,1,True,enemyChef/PlantD,0,1,,,,,,,,,,,,,,,,
1192,Fairy 2 Staff 1,妖精２定員１,worker_toxin,cut,"reskin: recycled text, recycled art, stat-dominated",store (toxin),,255,400,toxin,650,40,40,70,1,1,1,1,50,80,60,480,4,-1,1,True,PlantG/PlantG,0,1,,,,,,,,,,,,,,,,
1193,Fairy 2 Staff 2,妖精２店員２,worker_toxin,cut,"reskin: recycled text, recycled art, stat-dominated",store (toxin),,255,400,toxin,650,40,30,50,1,1,1,1,50,50,50,480,4,-1,1,True,PlantF/PlantF,0,1,,,,,,,,,,,,,,,,
1194,Hero Girl,ヒーローガール,worker_toxin,uncertain,unique flavor text (joke value) but stat-dominated,store (toxin),event_hero,255,400,toxin,12400,126,272,90,1,1,1,1,50,70,70,90,6,-1,1,True,heroA/heroA,0,1,,,,,,,,,,,,,,,,
1195,Hero CEO,ヒーロー社長,worker_toxin,uncertain,unique flavor text (joke value) but stat-dominated,store (toxin),event_hero,255,400,toxin,11100,125,192,80,1,1,1,1,50,70,80,90,5,-1,1,False,heroB/heroB,0,1,,,,,,,,,,,,,,,,
1196,Hero Otaku,ヒーローおたく,worker_toxin,uncertain,unique flavor text (joke value) but stat-dominated,store (toxin),event_hero,255,400,toxin,10100,150,177,70,1,1,1,1,50,80,70,90,5,-1,1,False,heroC/heroC,0,1,,,,,,,,,,,,,,,,
1197,Rice Boy,ライスボーイ,worker_toxin,uncertain,unique flavor text (joke value) but stat-dominated,store (toxin),,255,400,toxin,6500,135,128,40,1,1,1,1,50,80,80,480,3,-1,1,False,heroD/heroD,0,1,,,,,,,,,,,,,,,,
1198,Triple Bob,トリプルボブ,worker_toxin,uncertain,unique flavor text (joke value) but stat-dominated,store (toxin),,255,400,toxin,9800,140,172,60,1,1,1,1,50,90,60,480,4,-1,1,True,heroE/heroE,0,1,,,,,,,,,,,,,,,,
1199,Syndicate Employee,結社社員,worker_toxin,uncertain,unique flavor text (joke value) but stat-dominated,store (toxin),,255,400,toxin,3200,112,92,30,1,1,1,1,50,80,50,480,2,-1,1,False,heroF/heroF,0,1,,,,,,,,,,,,,,,,
1200,Veteran Tengu,ベテラン天狗,worker_toxin,uncertain,unique flavor text (joke value) but stat-dominated,store (toxin),,255,400,toxin,13000,223,180,90,1,1,1,1,50,60,80,90,6,-1,1,False,tengA/tengA,0,1,,,,,,,,,,,,,,,,
1201,Rookie Tengu,かけだし天狗,worker_toxin,uncertain,unique flavor text (joke value) but stat-dominated,store (toxin),,255,400,toxin,10500,160,165,70,1,1,1,1,50,60,90,480,5,-1,1,False,tengB/tengB,0,1,,,,,,,,,,,,,,,,
1202,Crow Tengu,カラス天狗,worker_toxin,uncertain,unique flavor text (joke value) but stat-dominated,store (toxin),,255,400,toxin,7500,125,157,40,1,1,1,1,50,80,60,480,4,-1,1,False,tengC/tengC,0,1,,,,,,,,,,,,,,,,
1203,Hit Vocalist,売れっ子ボーカル,worker_toxin,uncertain,unique flavor text (joke value) but stat-dominated,store (toxin),,255,400,toxin,14700,155,228,90,1,1,1,1,50,60,80,90,6,-1,1,True,rock_Vo/rock_Vo,0,1,,,,,,,,,,,,,,,,
1204,Thrifty Guitarist,貯蓄派ギター,worker_toxin,uncertain,unique flavor text (joke value) but stat-dominated,store (toxin),,255,400,toxin,13000,105,205,70,1,1,1,1,50,70,60,480,5,-1,1,False,rock_Gt/rock_Gt,0,1,,,,,,,,,,,,,,,,
1205,Wannabe Drummer,ドラマー気取り,worker_toxin,uncertain,unique flavor text (joke value) but stat-dominated,store (toxin),,255,400,toxin,7800,100,179,30,1,1,1,1,50,50,60,480,4,-1,1,False,rock_Dr/rock_Dr,0,1,,,,,,,,,,,,,,,,
1206,Psycho Dog,サイコドッグ,worker_toxin,uncertain,unique flavor text (joke value) but stat-dominated,store (toxin),,255,400,toxin,11600,163,244,90,1,1,1,1,50,60,80,90,6,-1,1,False,dogA/dogA,0,1,,,,,,,,,,,,,,,,
1207,Top Breeder,トップブリーダー,worker_toxin,uncertain,unique flavor text (joke value) but stat-dominated,store (toxin),,255,400,toxin,13200,118,183,70,1,1,1,1,50,60,90,480,5,-1,1,False,dogC/dogC,0,1,,,,,,,,,,,,,,,,
1208,Teru the Pet Dog,愛犬てる,worker_toxin,uncertain,unique flavor text (joke value) but stat-dominated,store (toxin),,255,400,toxin,8300,135,140,40,1,1,1,1,50,80,50,480,4,-1,1,True,dogB/dogB,0,1,,,,,,,,,,,,,,,,
1209,Office Lady Shaman,OLシャーマン,worker_toxin,uncertain,unique flavor text (joke value) but stat-dominated,store (toxin),,255,400,toxin,9100,168,170,90,1,1,1,1,50,60,80,180,5,-1,1,True,IndianA/IndianA,0,1,,,,,,,,,,,,,,,,
1210,IT Shaman,ITシャーマン,worker_toxin,keep,unique flavor text + competitive stats,store (toxin),,255,400,toxin,18800,173,171,90,1,1,1,1,50,70,60,30,6,-1,1,False,IndianB/IndianB,0,1,,,,,,,,,,,,,,,,
1211,Showman,ショーマン,worker_toxin,uncertain,unique flavor text (joke value) but stat-dominated,store (toxin),,255,400,toxin,7800,121,158,30,1,1,1,1,50,50,60,240,4,-1,1,False,frogC/frogC,0,1,,,,,,,,,,,,,,,,
1212,Tengu Chef,てんぐシェフ,worker_toxin,cut,"reskin: recycled text, recycled art, stat-dominated",store (toxin),,255,400,toxin,1100,40,40,70,1,1,1,1,50,80,60,480,4,-1,1,True,tengC/tengC,0,1,,,,,,,,,,,,,,,,
1213,Tengu Staff 1,てんぐ店員１,worker_toxin,cut,"reskin: recycled text, recycled art, stat-dominated",store (toxin),,255,400,toxin,650,40,40,70,1,1,1,1,50,80,60,480,4,-1,1,False,tengB/tengB,0,1,,,,,,,,,,,,,,,,
1214,Tengu Staff 2,てんぐ店員２,worker_toxin,cut,"reskin: recycled text, recycled art, stat-dominated",store (toxin),,255,400,toxin,650,40,30,50,1,1,1,1,50,50,50,480,4,-1,1,True,tengA/tengA,0,1,,,,,,,,,,,,,,,,
1215,Heavy Metal Chef,ヘビメタシェフ,worker_toxin,cut,"reskin: recycled text, recycled art, stat-dominated",store (toxin),,255,400,toxin,1100,40,40,70,1,1,1,1,50,80,60,480,4,-1,1,True,rock_Dr/rock_Dr,0,1,,,,,,,,,,,,,,,,
1216,Heavy Metal Staff 1,ヘビメタ店員１,worker_toxin,cut,"reskin: recycled text, recycled art, stat-dominated",store (toxin),,255,400,toxin,650,40,40,70,1,1,1,1,50,80,60,480,4,-1,1,True,rock_Gt/rock_Gt,0,1,,,,,,,,,,,,,,,,
1217,Heavy Metal Staff 2,ヘビメタ店員２,worker_toxin,cut,"reskin: recycled text, recycled art, stat-dominated",store (toxin),,255,400,toxin,650,40,30,50,1,1,1,1,50,50,50,480,4,-1,1,True,rock_Vo/rock_Vo,0,1,,,,,,,,,,,,,,,,
1218,Dog Chef,犬シェフ,worker_toxin,cut,"reskin: recycled text, recycled art, stat-dominated",store (toxin),,255,400,toxin,1100,40,40,70,1,1,1,1,50,80,60,480,4,-1,1,True,dogB/dogB,0,1,,,,,,,,,,,,,,,,
1219,Dog Staff 1,犬店員１,worker_toxin,cut,"reskin: recycled text, recycled art, stat-dominated",store (toxin),,255,400,toxin,650,40,40,70,1,1,1,1,50,80,60,480,4,-1,1,False,dogC/dogC,0,1,,,,,,,,,,,,,,,,
1220,Dog Staff 2,犬店員２,worker_toxin,cut,"reskin: recycled text, recycled art, stat-dominated",store (toxin),,255,400,toxin,650,40,30,50,1,1,1,1,50,50,50,480,4,-1,1,True,dogA/dogA,0,1,,,,,,,,,,,,,,,,
1221,Shaman Chef,インディアンシェフ,worker_toxin,cut,"reskin: recycled text, recycled art, stat-dominated",store (toxin),,255,400,toxin,1100,40,40,70,1,1,1,1,50,80,60,480,4,-1,1,True,frogC/frogC,0,1,,,,,,,,,,,,,,,,
1222,Shaman Staff 1,インディアン店員１,worker_toxin,cut,"reskin: recycled text, recycled art, stat-dominated",store (toxin),,255,400,toxin,650,40,40,70,1,1,1,1,50,80,60,480,4,-1,1,True,IndianB/IndianB,0,1,,,,,,,,,,,,,,,,
1223,Shaman Staff 2,インディアン店員２,worker_toxin,cut,"reskin: recycled text, recycled art, stat-dominated",store (toxin),,255,400,toxin,650,40,30,50,1,1,1,1,50,50,50,480,4,-1,1,True,IndianA/IndianA,0,1,,,,,,,,,,,,,,,,
1224,Envoy from the Pacific,太平洋からの使者,worker_toxin,uncertain,unique flavor text (joke value) but stat-dominated,store (toxin),,255,400,toxin,9800,172,159,60,1,1,1,1,50,50,70,90,5,-1,1,False,seaA/seaA,0,1,,,,,,,,,,,,,,,,
1225,Legendary Fisherman,伝説の漁師,worker_toxin,uncertain,unique flavor text (joke value) but stat-dominated,store (toxin),,255,400,toxin,10600,139,184,40,1,1,1,1,50,60,80,90,5,-1,1,False,seaB/seaB,0,1,,,,,,,,,,,,,,,,
1226,Private Pearl Diver,プライベート海女,worker_toxin,uncertain,unique flavor text (joke value) but stat-dominated,store (toxin),,255,400,toxin,12800,192,204,90,1,1,1,1,50,65,70,90,6,-1,1,True,seaC/seaC,0,1,,,,,,,,,,,,,,,,
1227,Sea Detective,海上デカ,worker_toxin,uncertain,unique flavor text (joke value) but stat-dominated,store (toxin),,255,400,toxin,8100,115,126,30,1,1,1,1,50,30,80,480,3,-1,1,False,seaD/officer,0,1,,,,,,,,,,,,,,,,
1228,Humboldt Penguin,フンボルトペンギン,worker_toxin,uncertain,unique flavor text (joke value) but stat-dominated,store (toxin),,255,400,toxin,9800,165,140,50,1,1,1,1,50,60,60,480,4,-1,1,True,seaE/seaE,0,1,,,,,,,,,,,,,,,,
1229,Mermaid,マーメイド,worker_toxin,uncertain,unique flavor text (joke value) but stat-dominated,store (toxin),,255,400,toxin,11200,140,181,70,1,1,1,1,50,70,50,480,5,-1,1,True,seaF/seaF,0,1,,,,,,,,,,,,,,,,
1230,Super Doctor,超名医,worker_toxin,uncertain,unique flavor text (joke value) but stat-dominated,store (toxin),,255,400,toxin,15600,200,172,90,1,1,1,1,50,80,80,90,6,-1,1,True,doctorA/doctorA,0,1,,,,,,,,,,,,,,,,
1231,Genius Intern,天才研修医,worker_toxin,uncertain,unique flavor text (joke value) but stat-dominated,store (toxin),,255,400,toxin,12800,99,202,70,1,1,1,1,50,65,60,480,5,-1,1,False,doctorB/doctorB,0,1,,,,,,,,,,,,,,,,
1232,Cosplay Nurse,コスプレナース,worker_toxin,uncertain,unique flavor text (joke value) but stat-dominated,store (toxin),,255,400,toxin,7800,104,176,40,1,1,1,1,50,50,60,480,4,-1,1,True,nurseA/kimonoE,0,1,,,,,,,,,,,,,,,,
1233,FU-JIN,FU-JIN,worker_toxin,uncertain,unique flavor text (joke value) but stat-dominated,store (toxin),,255,400,toxin,7700,203,134,80,1,1,1,1,50,60,80,90,5,-1,1,True,godA/godA,0,1,,,,,,,,,,,,,,,,
1234,RAI-JIN,RAI-JIN,worker_toxin,uncertain,unique flavor text (joke value) but stat-dominated,store (toxin),,255,400,toxin,11500,220,204,70,1,1,1,1,50,80,90,90,6,-1,1,False,godB/godB,0,1,,,,,,,,,,,,,,,,
1235,TAKAGI,TAKAGI,worker_toxin,uncertain,unique flavor text (joke value) but stat-dominated,store (toxin),,255,400,toxin,7200,155,130,30,1,1,1,1,50,40,60,480,4,-1,1,False,godC/godC,0,1,,,,,,,,,,,,,,,,
1236,Charismatic Blogger,カリスマブロガー,worker_toxin,uncertain,unique flavor text (joke value) but stat-dominated,store (toxin),,255,400,toxin,13700,158,232,90,1,1,1,1,50,80,80,90,6,-1,1,True,subculA/subculA,0,1,,,,,,,,,,,,,,,,
1237,Bike Reviewer,バイクレビュアー,worker_toxin,uncertain,unique flavor text (joke value) but stat-dominated,store (toxin),,255,400,toxin,10500,160,155,70,1,1,1,1,50,70,60,480,5,-1,1,True,subculB/subculB,0,1,,,,,,,,,,,,,,,,
1238,Lovestruck Blogger,恋するブロガー,worker_toxin,uncertain,unique flavor text (joke value) but stat-dominated,store (toxin),,255,400,toxin,8800,105,166,66,1,1,1,1,50,50,60,480,4,-1,1,True,subculC/subculC,0,1,,,,,,,,,,,,,,,,
1239,Doctor Chef,ドクターシェフ,worker_toxin,cut,"reskin: recycled text, recycled art, stat-dominated",store (toxin),,255,400,toxin,1100,40,40,70,1,1,1,1,50,80,60,480,4,-1,1,True,nurseA/kimonoE,0,1,,,,,,,,,,,,,,,,
1240,Doctor Staff 1,ドクター店員１,worker_toxin,cut,"reskin: recycled text, recycled art, stat-dominated",store (toxin),,255,400,toxin,650,40,40,70,1,1,1,1,50,80,60,480,4,-1,1,True,doctorA/doctorA,0,1,,,,,,,,,,,,,,,,
1241,Doctor Staff 2,ドクター店員２,worker_toxin,cut,"reskin: recycled text, recycled art, stat-dominated",store (toxin),,255,400,toxin,650,40,30,50,1,1,1,1,50,50,50,480,4,-1,1,False,doctorB/doctorB,0,1,,,,,,,,,,,,,,,,
1242,Thunder Chef,かみなりシェフ,worker_toxin,cut,"reskin: recycled text, recycled art, stat-dominated",store (toxin),,255,400,toxin,1100,40,40,70,1,1,1,1,50,80,60,480,4,-1,1,False,godC/godC,0,1,,,,,,,,,,,,,,,,
1243,Thunder Staff 1,かみなり店員１,worker_toxin,cut,"reskin: recycled text, recycled art, stat-dominated",store (toxin),,255,400,toxin,650,40,40,70,1,1,1,1,50,80,60,480,4,-1,1,True,godA/godA,0,1,,,,,,,,,,,,,,,,
1244,Thunder Staff 2,かみなり店員２,worker_toxin,cut,"reskin: recycled text, recycled art, stat-dominated",store (toxin),,255,400,toxin,650,40,30,50,1,1,1,1,50,50,50,480,4,-1,1,False,godB/godB,0,1,,,,,,,,,,,,,,,,
1245,Blogger Chef,ブロガーシェフ,worker_toxin,cut,"reskin: recycled text, recycled art, stat-dominated",store (toxin),,255,400,toxin,1100,40,40,70,1,1,1,1,50,80,60,480,4,-1,1,True,subculC/subculC,0,1,,,,,,,,,,,,,,,,
1246,Blogger Staff 1,ブロガー店員１,worker_toxin,cut,"reskin: recycled text, recycled art, stat-dominated",store (toxin),,255,400,toxin,650,40,40,70,1,1,1,1,50,80,60,480,4,-1,1,True,subculA/subculA,0,1,,,,,,,,,,,,,,,,
1247,Blogger Staff 2,ブロガー店員２,worker_toxin,cut,"reskin: recycled text, recycled art, stat-dominated",store (toxin),,255,400,toxin,650,40,30,50,1,1,1,1,50,50,50,480,4,-1,1,True,subculB/subculB,0,1,,,,,,,,,,,,,,,,
1248,Masked Girl,覆面少女,worker_toxin,uncertain,unique flavor text (joke value) but stat-dominated,store (toxin),,255,400,toxin,5500,65,10,60,1,1,1,1,50,30,80,480,3,-1,1,True,akazukinB/MikoD,0,1,,,,,,,,,,,,,,,,
1249,Casual Unicorn,私服ユニコーン,worker_toxin,uncertain,unique flavor text (joke value) but stat-dominated,store (toxin),,255,400,toxin,2400,40,98,20,1,1,1,1,50,20,90,480,3,-1,1,False,clown/akumaG,0,1,,,,,,,,,,,,,,,,
1250,Mackerel Woman,サバウーマン,worker_toxin,uncertain,unique flavor text (joke value) but stat-dominated,store (toxin),,255,400,toxin,2600,100,38,40,1,1,1,1,50,40,60,480,3,-1,1,True,businesswoman/fishmanB,0,1,,,,,,,,,,,,,,,,
1251,Dracure,ドラキュア,worker_toxin,uncertain,unique flavor text (joke value) but stat-dominated,store (toxin),,255,400,toxin,10900,180,126,60,1,1,1,1,50,65,70,90,5,-1,1,False,third_Dracula/third_Dracula,0,1,,,,,,,,,,,,,,,,
1252,Fran A. Ken,フラン・Ａ・ケン,worker_toxin,keep,unique flavor text + competitive stats,store (toxin),,255,400,toxin,16600,103,261,66,1,1,1,1,50,72,100,90,6,-1,1,False,third_Franken/third_Franken,0,1,,,,,,,,,,,,,,,,
1253,Uncle Wolf,オオカミ伯父,worker_toxin,uncertain,unique flavor text (joke value) but stat-dominated,store (toxin),,255,400,toxin,8800,178,160,55,1,1,1,1,50,60,70,90,5,-1,1,False,third_wolfman/third_wolfman,0,1,,,,,,,,,,,,,,,,
1254,That Guy,あいつ,worker_toxin,uncertain,unique flavor text (joke value) but stat-dominated,store (toxin),,255,400,toxin,7500,118,166,77,1,1,1,1,50,77,77,180,6,-1,1,False,third_chef/third_chef,0,1,,,,,,,,,,,,,,,,
1255,Alice Cook,アリスコック,worker_toxin,uncertain,unique flavor text (joke value) but stat-dominated,store (toxin),,255,400,toxin,9700,171,161,80,1,1,1,1,50,80,80,480,5,-1,1,True,third_alice/third_alice,0,1,,,,,,,,,,,,,,,,
1256,92nd Head Chef,９２代目花板,worker_toxin,keep,unique flavor text + competitive stats,store (toxin),,255,400,toxin,14800,231,148,92,1,1,1,1,50,88,80,90,6,-1,1,False,robo_chefA/robo_chefA,0,1,,,,,,,,,,,,,,,,
1257,93rd Sous Chef,９３代目立板,worker_toxin,uncertain,unique flavor text (joke value) but stat-dominated,store (toxin),,255,400,toxin,11400,152,155,68,1,1,1,1,50,72,60,480,5,-1,1,False,robo_chefB/robo_chefB,0,1,,,,,,,,,,,,,,,,
1258,Unopened Chef,未開封シェフ,worker_toxin,uncertain,unique flavor text (joke value) but stat-dominated,store (toxin),,255,400,toxin,9200,128,145,50,1,1,1,1,50,45,40,480,4,-1,1,False,third_robo/third_robo,0,1,,,,,,,,,,,,,,,,
1259,Marshmallow Colonel,マシュマロ軍大佐,worker_toxin,uncertain,unique flavor text (joke value) but stat-dominated,store (toxin),event_marshmallow,255,400,toxin,14500,171,210,60,1,1,1,1,50,70,80,90,6,-1,1,True,MilitaryWomanJ/MilitaryWomanJ,0,1,,,,,,,,,,,,,,,,
1260,Marshmallow Lt. Colonel,マシュマロ軍中佐,worker_toxin,keep,"EN-matched, already named in English (pass 3)",store (toxin),event_marshmallow,255,400,toxin,8900,172,164,50,1,1,1,1,50,60,90,480,5,-1,1,True,MilitaryWomanK/MilitaryWomanK,0,1,,,,,,,,,,,,,,,,
1261,Marshmallow Sergeant,マシュマロ軍曹,worker_toxin,uncertain,unique flavor text (joke value) but stat-dominated,store (toxin),event_marshmallow,255,400,toxin,7900,138,151,30,1,1,1,1,50,40,50,480,4,-1,1,False,MilitaryWomanL/MilitaryWomanL,0,1,,,,,,,,,,,,,,,,
1262,Briar Rose,イバラ姫,worker_toxin,uncertain,unique flavor text (joke value) but stat-dominated,store (toxin),,255,400,toxin,15900,172,198,70,1,1,1,1,50,65,70,90,6,-1,1,True,Sleeping_princessA/Sleeping_princessA,0,1,,,,,,,,,,,,,,,,
1263,Sleeping Princess,いねむり姫,worker_toxin,uncertain,unique flavor text (joke value) but stat-dominated,store (toxin),,255,400,toxin,8900,150,160,82,1,1,1,1,50,83,80,180,6,-1,1,True,Sleeping_princessB/Sleeping_princessB,0,1,,,,,,,,,,,,,,,,
1264,Good Prince,よい王子,worker_toxin,uncertain,unique flavor text (joke value) but stat-dominated,store (toxin),,255,400,toxin,9900,169,153,80,1,1,1,1,50,70,70,480,5,-1,1,False,Sleeping_prince/Sleeping_prince,0,1,,,,,,,,,,,,,,,,
1265,Prince on the Rose,バラの上の王子,worker_toxin,uncertain,unique flavor text (joke value) but stat-dominated,store (toxin),,255,400,toxin,7500,126,135,40,1,1,1,1,50,30,30,480,3,-1,1,False,Sleeping_fairyA/Sleeping_fairyA,0,1,,,,,,,,,,,,,,,,
1266,Witch of the Woods,もりの魔女,worker_toxin,uncertain,unique flavor text (joke value) but stat-dominated,store (toxin),,255,400,toxin,10100,146,169,70,1,1,1,1,50,70,50,360,5,-1,1,True,Sleeping_witch/Sleeping_witch,0,1,,,,,,,,,,,,,,,,
1267,Armored Mail-Order,アーマード通販,worker_toxin,uncertain,unique flavor text (joke value) but stat-dominated,store (toxin),,255,400,toxin,8400,129,163,50,1,1,1,1,50,55,40,480,4,-1,1,False,robo_chefC/robo_chefC,0,1,,,,,,,,,,,,,,,,
1268,Cooking Robo Chef,料理ロボシェフ,worker_toxin,cut,"reskin: recycled text, recycled art, stat-dominated",store (toxin),,255,400,toxin,1100,40,40,70,1,1,1,1,50,80,60,480,4,-1,1,False,third_robo/third_robo,0,1,,,,,,,,,,,,,,,,
1269,Cooking Robo Staff 1,料理ロボ店員１,worker_toxin,cut,"reskin: recycled text, recycled art, stat-dominated",store (toxin),,255,400,toxin,650,40,40,70,1,1,1,1,50,80,60,480,4,-1,1,False,robo_chefA/robo_chefA,0,1,,,,,,,,,,,,,,,,
1270,Cooking Robo Staff 2,料理ロボ店員２,worker_toxin,cut,"reskin: recycled text, recycled art, stat-dominated",store (toxin),,255,400,toxin,650,40,30,50,1,1,1,1,50,50,50,480,4,-1,1,False,robo_chefB/robo_chefB,0,1,,,,,,,,,,,,,,,,
1271,Air Force Chef,空軍シェフ,worker_toxin,cut,"reskin: recycled text, recycled art, stat-dominated",store (toxin),,255,400,toxin,1100,40,40,70,1,1,1,1,50,80,60,480,4,-1,1,False,MilitaryWomanL/MilitaryWomanL,0,1,,,,,,,,,,,,,,,,
1272,Air Force Staff 1,空軍店員１,worker_toxin,cut,"reskin: recycled text, recycled art, stat-dominated",store (toxin),,255,400,toxin,650,40,40,70,1,1,1,1,50,80,60,480,4,-1,1,True,MilitaryWomanJ/MilitaryWomanJ,0,1,,,,,,,,,,,,,,,,
1273,Air Force Clerk 2,空軍店員２,worker_toxin,keep,"EN-matched, already named in English (pass 3)",store (toxin),,255,400,toxin,650,40,30,50,1,1,1,1,50,50,50,480,4,-1,1,True,MilitaryWomanK/MilitaryWomanK,0,1,,,,,,,,,,,,,,,,
1274,Rekka (Gold),レッカ（ゴールド）,worker_toxin,uncertain,unique flavor text (joke value) but stat-dominated,store (toxin),,255,400,toxin,14300,158,225,90,1,1,1,1,50,75,80,90,6,-1,1,False,gaist_D/gaist_D,0,1,,,,,,,,,,,,,,,,
1275,Mikuma,マイクマ,worker_toxin,uncertain,unique flavor text (joke value) but stat-dominated,store (toxin),,255,400,toxin,9800,182,138,70,1,1,1,1,50,50,60,480,5,-1,1,False,gaist_E/gaist_E,0,1,,,,,,,,,,,,,,,,
1276,Kohaku,コハク,worker_toxin,uncertain,unique flavor text (joke value) but stat-dominated,store (toxin),,255,400,toxin,8800,138,166,55,1,1,1,1,50,60,50,480,5,-1,1,True,gaist_F/gaist_F,0,1,,,,,,,,,,,,,,,,
1277,Hisui,ヒスイ,worker_toxin,uncertain,unique flavor text (joke value) but stat-dominated,store (toxin),,255,400,toxin,8600,150,157,50,1,1,1,1,50,60,50,480,5,-1,1,True,gaist_G/gaist_G,0,1,,,,,,,,,,,,,,,,
1278,Captain Bana (Armed),バナ隊長（銃所持ver）,worker_toxin,uncertain,unique flavor text (joke value) but stat-dominated,store (toxin),,255,400,toxin,9500,108,138,50,1,1,1,1,50,50,30,480,4,-1,1,False,gaist_H/gaist_H,0,1,,,,,,,,,,,,,,,,
1279,8-Bit Arthur,ドット・アーサー,worker_toxin,uncertain,unique art but recycled text and dominated stats — art-only value,store (toxin),,255,400,toxin,9600,171,162,60,1,1,1.1,1,50,55,55,360,5,-1,1,False,makaiA/makaiA,0,1,,,,,,,,,,,,,,,,
1280,Zombie Arthur,ゾンビ・アーサー,worker_toxin,uncertain,unique flavor text (joke value) but stat-dominated,store (toxin),,255,400,toxin,14600,190,190,70,1,1,1,1,50,70,70,40,6,-1,1,False,makaiB/makaiB,0,1,,,,,,,,,,,,,,,,
1281,Zombie Knight Arthur,ゾンビナイト・アーサー,worker_toxin,uncertain,unique flavor text (joke value) but stat-dominated,store (toxin),,255,400,toxin,10000,160,165,45,1,1,1,1,50,45,60,240,5,-1,1,False,makaiC/makaiC,0,1,,,,,,,,,,,,,,,,
1282,Arthur,アーサー,worker_toxin,uncertain,unique flavor text (joke value) but stat-dominated,store (toxin),,255,400,toxin,14600,190,190,70,1,1,1.1,1,50,70,70,180,6,-1,1,False,makaiF/makaiF,0,1,,,,,,,,,,,,,,,,
1283,Knight Arthur,ナイト・アーサー,worker_toxin,uncertain,unique flavor text (joke value) but stat-dominated,store (toxin),,255,400,toxin,10000,160,165,45,1,1,1.1,1,50,45,60,480,5,-1,1,False,makaiG/makaiG,0,1,,,,,,,,,,,,,,,,
1284,Red Arremer,レッドアリーマー,worker_toxin,uncertain,unique flavor text (joke value) but stat-dominated,store (toxin),,255,400,toxin,7600,141,130,30,1,1,1,1,50,45,10,480,4,-1,1,False,makaiD/makaiD,0,1,,,,,,,,,,,,,,,,
1285,Demon Lord Astaroth,魔王アスタロト,worker_toxin,uncertain,unique flavor text (joke value) but stat-dominated,store (toxin),,255,400,toxin,11100,122,172,30,1,1,1,1,50,62,20,480,5,-1,1,False,makaiE/makaiE,0,1,,,,,,,,,,,,,,,,
1286,Kintaro,金タロー,worker_toxin,uncertain,unique flavor text (joke value) but stat-dominated,store (toxin),,255,400,toxin,17000,155,205,85,1,1,1,1,50,80,80,90,6,-1,1,False,kintaroA/kintaroA,0,1,,,,,,,,,,,,,,,,
1287,Dutiful Bear,クマ孝行,worker_toxin,uncertain,unique flavor text (joke value) but stat-dominated,store (toxin),,255,400,toxin,10300,172,144,68,1,1,1,1,50,72,60,480,5,-1,1,False,kintaroB/kintaroB,0,1,,,,,,,,,,,,,,,,
1288,Grandpa Kin,金じいさん,worker_toxin,uncertain,unique flavor text (joke value) but stat-dominated,store (toxin),,255,400,toxin,9300,116,166,40,1,1,1,1,50,33,35,480,4,-1,1,False,kintaroC/kintaroC,0,1,,,,,,,,,,,,,,,,
1289,Wyvern,ワイバーン,worker_toxin,uncertain,unique flavor text (joke value) but stat-dominated,store (toxin),,255,400,toxin,12600,221,175,60,1,1,1,1,50,70,80,90,6,-1,1,False,dragon2A/dragon2A,0,1,,,,,,,,,,,,,,,,
1290,Red Dragon,レッドどらごん,worker_toxin,uncertain,unique flavor text (joke value) but stat-dominated,store (toxin),,255,400,toxin,8300,133,157,50,1,1,1,1,50,60,90,480,4,-1,1,False,dragon2B/dragon2B,0,1,,,,,,,,,,,,,,,,
1291,Bone Dragon,骨どらごん,worker_toxin,keep,unique flavor text + competitive stats,store (toxin),,18,100,toxin,9900,153,160,84,1,1,1,1,50,80,35,480,5,-1,1,False,dragon2C/dragon2C,0,1,,,,,,,,,,,,,,,,
1292,Sonic Strategist,音速参謀,worker_toxin,keep,unique flavor text + competitive stats,store (toxin),,255,400,toxin,14100,248,160,92,1,1,1,1,50,88,80,90,6,-1,1,False,TFVA/TFVA,0,1,,,,,,,,,,,,,,,,
1293,Mighty Strategist,怪力参謀,worker_toxin,uncertain,unique flavor text (joke value) but stat-dominated,store (toxin),,255,400,toxin,9800,103,245,68,1,1,1,1,50,72,60,480,5,-1,1,False,TFVB/TFVB,0,1,,,,,,,,,,,,,,,,
1294,Speedy Secretary,快速秘書,worker_toxin,uncertain,unique flavor text (joke value) but stat-dominated,store (toxin),,255,400,toxin,7900,168,112,50,1,1,1,1,50,43,35,480,4,-1,1,True,TFVC/TFVC,0,1,,,,,,,,,,,,,,,,
1295,Knight of La Mancha,騎士マンチャ,worker_toxin,uncertain,unique flavor text (joke value) but stat-dominated,store (toxin),,255,400,toxin,13800,204,182,85,1,1,1,1,50,90,80,90,6,-1,1,True,donkiA/donkiA,0,1,,,,,,,,,,,,,,,,
1296,Farmer Sancho,農夫サンチョ,worker_toxin,uncertain,unique flavor text (joke value) but stat-dominated,store (toxin),,255,400,toxin,9800,103,245,60,1,1,1,1,50,77,60,480,5,-1,1,False,donkiB/donkiB,0,1,,,,,,,,,,,,,,,,
1297,Knight Windmill,騎士ウインドミル,worker_toxin,uncertain,unique flavor text (joke value) but stat-dominated,store (toxin),,255,400,toxin,8200,144,144,30,1,1,1,1,50,43,20,480,4,-1,1,False,donkiC/donkiC,0,1,,,,,,,,,,,,,,,,
1298,Shiva,シヴァ,worker_toxin,uncertain,unique flavor text (joke value) but stat-dominated,store (toxin),,255,400,toxin,14500,165,216,80,1,1,1,1,50,78,90,90,6,-1,1,False,sivaA/sivaA,0,1,,,,,,,,,,,,,,,,
1299,Parvati,パールヴァティー,worker_toxin,uncertain,unique flavor text (joke value) but stat-dominated,store (toxin),,255,400,toxin,12800,140,255,95,1,1,1,1,50,89,90,90,6,-1,1,True,sivaB/sivaB,0,1,,,,,,,,,,,,,,,,
1300,Hanuman,ハヌマーン,worker_toxin,uncertain,unique flavor text (joke value) but stat-dominated,store (toxin),,255,400,toxin,9400,162,170,76,1,1,1,1,50,80,70,480,5,-1,1,False,sivaC/sivaC,0,1,,,,,,,,,,,,,,,,
1301,Durga,どぅるがー,worker_toxin,uncertain,unique flavor text (joke value) but stat-dominated,store (toxin),,255,400,toxin,10000,135,175,68,1,1,1,1,50,65,40,220,6,-1,1,True,sivaD/sivaD,0,1,,,,,,,,,,,,,,,,
1302,Gorillappa,ゴリラッパ,worker_toxin,uncertain,unique flavor text (joke value) but stat-dominated,store (toxin),,255,400,toxin,4400,83,100,20,1,1,1,1,50,33,10,480,3,-1,1,False,sivaE/sivaE,0,1,,,,,,,,,,,,,,,,
1303,Attack on Panda,進撃のパンダ,worker_toxin,uncertain,unique flavor text (joke value) but stat-dominated,store (toxin),,255,400,toxin,11100,111,111,40,1,1,1,1,50,45,20,480,4,-1,1,False,sivaF/sivaF,0,1,,,,,,,,,,,,,,,,
1304,Ganesha,ガネーシャ,worker_toxin,uncertain,unique flavor text (joke value) but stat-dominated,store (toxin),,255,400,toxin,10500,140,176,80,1,1,1,1,50,80,40,480,5,-1,1,False,sivaG/sivaG,0,1,,,,,,,,,,,,,,,,
1305,Gingerbread Man,ジンジャーブレッドマン,worker_toxin,uncertain,unique flavor text (joke value) but stat-dominated,store (toxin),,255,400,toxin,13200,200,191,90,1,1,1,1,50,88,90,90,6,-1,1,False,xmas2014A/xmas2014A,0,1,,,,,,,,,,,,,,,,
1306,Santaro,三太朗,worker_toxin,keep,unique flavor text + competitive stats,store (toxin),,255,400,toxin,16100,193,175,100,1,1,1,1,50,70,90,90,6,-1,1,False,xmas2014B/xmas2014B,0,1,,,,,,,,,,,,,,,,
1307,Void Santa,虚無サンタ,worker_toxin,uncertain,unique flavor text (joke value) but stat-dominated,store (toxin),event_christmas,255,400,toxin,6800,120,189,42,1,1,1,1,50,38,10,480,4,-1,1,False,xmas2014C/xmas2014C,0,1,,,,,,,,,,,,,,,,
1308,Niece Detective Holmes,姪探偵ホームズ,worker_toxin,uncertain,unique flavor text (joke value) but stat-dominated,store (toxin),,255,400,toxin,11800,218,185,90,1,1,1,1,50,77,90,90,6,-1,1,True,sherlockholmsA/sherlockholmsA,0,1,,,,,,,,,,,,,,,,
1309,Wat Son,ワト・ソン,worker_toxin,uncertain,unique flavor text (joke value) but stat-dominated,store (toxin),,255,400,toxin,10700,155,160,45,1,1,1,1,50,85,50,480,5,-1,1,False,sherlockholmsB/sherlockholmsB,0,1,,,,,,,,,,,,,,,,
1310,Professor Moriarty,森アーティ教授,worker_toxin,uncertain,unique flavor text (joke value) but stat-dominated,store (toxin),,255,400,toxin,7800,166,120,35,1,1,1,1,50,40,10,480,4,-1,1,False,sherlockholmsC/sherlockholmsC,0,1,,,,,,,,,,,,,,,,
1311,Mega Man,ロックマン,worker_toxin,keep,collab set kept whole (capcom_rockman; keep-faithful policy),store (toxin),capcom_rockman,255,400,toxin,13500,170,220,90,1,1,1,1,50,95,90,90,6,-1,1,False,RockA/RockA,0,1,,,,,,,,,,,,,,,,
1312,Proto Man,ブルース,worker_toxin,uncertain,unique art but recycled text and dominated stats — art-only value,store (toxin),,255,400,toxin,15800,139,231,95,1,1,1,1,50,90,90,90,6,-1,1,False,RockB/RockB,0,1,,,,,,,,,,,,,,,,
1313,Roll,ロール,worker_toxin,uncertain,"recycled text, competitive stats — needs review",store (toxin),,255,400,toxin,9800,146,190,100,1,1,1,1,50,100,90,480,5,-1,1,True,RockC/RockC,0,1,,,,,,,,,,,,,,,,
1314,Dr. Light,ライト博士,worker_toxin,uncertain,unique art but recycled text and dominated stats — art-only value,store (toxin),,255,400,toxin,11800,112,205,70,1,1,1,1,50,85,90,480,5,-1,1,False,RockD/RockD,0,1,,,,,,,,,,,,,,,,
1315,Met,メットール,worker_toxin,uncertain,unique flavor text (joke value) but stat-dominated,store (toxin),,255,400,toxin,10,10,10,10,1,1,1,1,50,10,10,480,6,-1,1,False,RockE/RockE,0,1,,,,,,,,,,,,,,,,
1316,Sniper Joe,スナイパージョー,worker_toxin,uncertain,unique flavor text (joke value) but stat-dominated,store (toxin),,255,400,toxin,5100,77,99,12,1,1,1,1,50,25,20,480,4,-1,1,False,RockF/RockF,0,1,,,,,,,,,,,,,,,,
1317,Cut Man,カットマン,worker_toxin,uncertain,unique flavor text (joke value) but stat-dominated,store (toxin),,255,400,toxin,9300,110,137,44,1,1,1,1,50,44,30,480,4,-1,1,False,RockG/RockG,0,1,,,,,,,,,,,,,,,,
1318,Air Man,エアーマン,worker_toxin,uncertain,unique flavor text (joke value) but stat-dominated,store (toxin),,255,400,toxin,10000,151,170,88,1,1,1,1,50,44,40,480,5,-1,1,False,RockH/RockH,0,1,,,,,,,,,,,,,,,,
1319,Dr. Wily,Dr.ワイリー,worker_toxin,uncertain,unique flavor text (joke value) but stat-dominated,store (toxin),,255,400,toxin,9800,143,171,77,1,1,1,1,50,77,90,220,6,-1,1,False,RockI/RockI,0,1,,,,,,,,,,,,,,,,
1320,Mega Man,ロックマン,worker_toxin,keep,collab set kept whole (capcom_rockman; keep-faithful policy),store (toxin),capcom_rockman,255,400,toxin,13500,170,220,90,1,1,1,1,50,95,90,90,6,-1,1,False,RockJ/RockJ,0,1,,,,,,,,,,,,,,,,
1321,Proto Man,ブルース,worker_toxin,uncertain,unique art but recycled text and dominated stats — art-only value,store (toxin),,255,400,toxin,15800,139,231,95,1,1,1,1,50,90,90,90,6,-1,1,False,RockK/RockK,0,1,,,,,,,,,,,,,,,,
1322,Roll,ロール,worker_toxin,uncertain,"recycled text, competitive stats — needs review",store (toxin),,255,400,toxin,9800,146,190,100,1,1,1,1,50,100,90,480,5,-1,1,True,RockL/RockL,0,1,,,,,,,,,,,,,,,,
1323,Dr. Light,ライト博士,worker_toxin,uncertain,unique art but recycled text and dominated stats — art-only value,store (toxin),,255,400,toxin,11800,112,205,70,1,1,1,1,50,85,90,480,5,-1,1,False,RockM/RockM,0,1,,,,,,,,,,,,,,,,
1324,Thousand-Arms,千手さん,worker_toxin,uncertain,unique flavor text (joke value) but stat-dominated,store (toxin),,255,400,toxin,12500,150,248,70,1,1,1,1,50,90,90,90,6,-1,1,True,buddhaA/buddhaA,0,1,,,,,,,,,,,,,,,,
1325,Kannon,かんのん,worker_toxin,uncertain,unique flavor text (joke value) but stat-dominated,store (toxin),,255,400,toxin,13200,182,210,80,1,1,1,1,50,80,90,90,6,-1,1,True,buddhaB/buddhaB,0,1,,,,,,,,,,,,,,,,
1326,Great Buddha,大仏さん,worker_toxin,uncertain,unique flavor text (joke value) but stat-dominated,store (toxin),,255,400,toxin,11500,125,191,53,1,1,1,1,50,68,70,480,5,-1,1,False,buddhaC/buddhaC,0,1,,,,,,,,,,,,,,,,
1327,Lady Liberty,リバティーさん,worker_toxin,uncertain,unique flavor text (joke value) but stat-dominated,store (toxin),,255,400,toxin,9400,150,155,62,1,1,1,1,50,68,60,180,6,-1,1,True,buddhaD/buddhaD,0,1,,,,,,,,,,,,,,,,
1328,Sculpture,彫刻作品,worker_toxin,uncertain,unique flavor text (joke value) but stat-dominated,store (toxin),,255,400,toxin,8100,128,143,35,1,1,1,1,50,50,40,480,5,-1,1,False,buddhaE/buddhaE,0,1,,,,,,,,,,,,,,,,
1329,Sphinx,スフィンクス,worker_toxin,cut,"reskin: recycled text, recycled art, stat-dominated",store (toxin),,255,400,toxin,100,100,100,100,1,1,1,1,50,100,60,180,4,-1,1,False,hatoA/hatoA,0,1,,,,,,,,,,,,,,,,
1330,Morrigan,モリガン,worker_toxin,uncertain,unique flavor text (joke value) but stat-dominated,store (toxin),,255,400,toxin,12600,202,195,95,1,1,1,1,50,66,80,90,6,-1,1,True,VHA/VHA,0,1,,,,,,,,,,,,,,,,
1331,Demitri,デミトリ,worker_toxin,uncertain,unique flavor text (joke value) but stat-dominated,store (toxin),,255,400,toxin,15100,167,210,75,1,1,1,1,50,84,70,90,6,-1,1,False,VHB/VHB,0,1,,,,,,,,,,,,,,,,
1332,Hsien-Ko,レイレイ,worker_toxin,keep,unique flavor text + competitive stats,store (toxin),,255,400,toxin,13300,213,178,100,1,1,1,1,50,72,90,90,6,-1,1,True,VHC/VHC,0,1,,,,,,,,,,,,,,,,
1333,Donovan,ドノヴァン,worker_toxin,uncertain,unique flavor text (joke value) but stat-dominated,store (toxin),,255,400,toxin,14900,130,248,68,1,1,1,1,50,100,90,90,6,-1,1,False,VHD/VHD,0,1,,,,,,,,,,,,,,,,
1334,Lord Raptor,ザベル,worker_toxin,uncertain,unique flavor text (joke value) but stat-dominated,store (toxin),,255,400,toxin,7700,125,150,20,1,1,1,1,50,40,20,480,4,-1,1,False,VHE/VHE,0,1,,,,,,,,,,,,,,,,
1335,Lord Raptor (Guitar),ザベル（ギター所持）,worker_toxin,uncertain,unique flavor text (joke value) but stat-dominated,store (toxin),,255,400,toxin,9300,135,175,30,1,1,1,1,50,50,30,480,5,-1,1,False,VHF/VHF,0,1,,,,,,,,,,,,,,,,
1336,Jon Talbain,ガロン,worker_toxin,uncertain,unique flavor text (joke value) but stat-dominated,store (toxin),,255,400,toxin,7900,140,143,30,1,1,1,1,50,40,30,480,4,-1,1,False,VHG/VHG,0,1,,,,,,,,,,,,,,,,
1337,Pyron,パイロン,worker_toxin,uncertain,unique flavor text (joke value) but stat-dominated,store (toxin),,255,400,toxin,10400,127,198,50,1,1,1,1,50,60,50,480,5,-1,1,False,VHH/VHH,0,1,,,,,,,,,,,,,,,,
1338,Felicia,フェリシア,worker_toxin,uncertain,unique flavor text (joke value) but stat-dominated,store (toxin),,255,400,toxin,10000,152,162,65,1,1,1,1,50,80,70,180,6,-1,1,True,VHI/VHI,0,1,,,,,,,,,,,,,,,,
1339,Wooden Puppet,木の人形,worker_toxin,uncertain,unique flavor text (joke value) but stat-dominated,store (toxin),,255,400,toxin,13100,222,178,85,1,1,1,1,50,50,90,90,6,-1,1,False,PinokioA/PinokioA,0,1,,,,,,,,,,,,,,,,
1340,Deathly Puppeteer,死の人形職人,worker_toxin,uncertain,unique flavor text (joke value) but stat-dominated,store (toxin),,255,400,toxin,9800,179,140,50,1,1,1,1,50,50,70,300,5,-1,1,False,PinokioB/PinokioB,0,1,,,,,,,,,,,,,,,,
1341,Fox Gentleman,キツネ紳士,worker_toxin,uncertain,unique flavor text (joke value) but stat-dominated,store (toxin),,255,400,toxin,8700,142,138,32,1,1,1,1,50,28,50,480,4,-1,1,False,PinokioC/PinokioC,0,1,,,,,,,,,,,,,,,,
1342,Psycho Sheep,サイコシープ,worker_toxin,uncertain,unique flavor text (joke value) but stat-dominated,store (toxin),,255,400,toxin,14400,144,238,88,1,1,1,1,50,75,90,90,6,-1,1,False,SheepA/SheepA,0,1,,,,,,,,,,,,,,,,
1343,Wool,ウール,worker_toxin,uncertain,unique flavor text (joke value) but stat-dominated,store (toxin),,255,400,toxin,10400,140,184,64,1,1,1,1,50,80,90,300,5,-1,1,True,SheepB/SheepB,0,1,,,,,,,,,,,,,,,,
1344,Butler Sheep,シツジ,worker_toxin,uncertain,unique flavor text (joke value) but stat-dominated,store (toxin),,255,400,toxin,9900,120,152,35,1,1,1,1,50,35,90,480,4,-1,1,False,SheepC/SheepC,0,1,,,,,,,,,,,,,,,,
1345,Bahamut,バハムート,worker_toxin,uncertain,unique flavor text (joke value) but stat-dominated,store (toxin),,255,400,toxin,10000,127,180,95,1,1,1,1,50,66,80,180,6,-1,1,False,syoukanA/syoukanA,0,1,,,,,,,,,,,,,,,,
1346,Leviathan,リバイアサン,worker_toxin,uncertain,unique flavor text (joke value) but stat-dominated,store (toxin),,255,400,toxin,14900,130,248,88,1,1,1,1,50,100,90,90,6,-1,1,False,syoukanB/syoukanB,0,1,,,,,,,,,,,,,,,,
1347,Ifreet,ゐフリート,worker_toxin,uncertain,unique flavor text (joke value) but stat-dominated,store (toxin),,255,400,toxin,8200,135,138,55,1,1,1,1,50,50,40,480,5,-1,1,False,syoukanC/syoukanC,0,1,,,,,,,,,,,,,,,,
1348,Whoenix,ホエニクス,worker_toxin,uncertain,unique flavor text (joke value) but stat-dominated,store (toxin),,255,400,toxin,10200,168,158,65,1,1,1,1,50,80,70,360,5,-1,1,False,syoukanD/syoukanD,0,1,,,,,,,,,,,,,,,,
1349,Sylph,シルフ,worker_toxin,uncertain,unique flavor text (joke value) but stat-dominated,store (toxin),,255,400,toxin,16200,188,180,90,1,1,1,1,50,85,80,90,6,-1,1,True,syoukanE/syoukanE,0,1,,,,,,,,,,,,,,,,
1350,Kobit,コビット,worker_toxin,uncertain,unique flavor text (joke value) but stat-dominated,store (toxin),,255,400,toxin,9200,115,170,40,1,1,1,1,50,40,20,480,4,-1,1,False,dwarfA/dwarfA,0,1,,,,,,,,,,,,,,,,
1351,Dwarf,ドワーフ,worker_toxin,keep,unique flavor text + competitive stats,store (toxin),,255,400,toxin,18100,97,255,85,1,1,1,1,50,50,90,90,6,-1,1,False,dwarfB/dwarfB,0,1,,,,,,,,,,,,,,,,
1352,Nino-kin,にのきん,worker_toxin,uncertain,unique flavor text (joke value) but stat-dominated,store (toxin),,255,400,toxin,11000,125,130,40,1,1,1,1,50,40,20,480,4,-1,1,False,ninomiyaA/ninomiyaA,0,1,,,,,,,,,,,,,,,,
1353,College Graduate,卒業女子大生,worker_toxin,uncertain,unique flavor text (joke value) but stat-dominated,store (toxin),,255,400,toxin,15500,162,211,88,1,1,1,1,50,75,90,90,6,-1,1,True,ninomiyaB/ninomiyaB,0,1,,,,,,,,,,,,,,,,
1354,First Student Council Pres.,初代生徒会長,worker_toxin,uncertain,unique flavor text (joke value) but stat-dominated,store (toxin),,255,400,toxin,8800,137,145,50,1,1,1,1,50,50,30,480,4,-1,1,False,seitokaiA/seitokaiA,0,1,,,,,,,,,,,,,,,,
1355,Student Council President,生徒会長,worker_toxin,uncertain,unique flavor text (joke value) but stat-dominated,store (toxin),,255,400,toxin,13300,152,239,85,1,1,1,1,50,50,90,90,6,-1,1,True,seitokaiB/seitokaiB,0,1,,,,,,,,,,,,,,,,
1356,Chef Arthur,シェフ・アーサー,playable_chef,keep,playable chef (owner-approved set; do not edit),store (toxin),,255,30,toxin,8400,140,140,80,1,3,1,1,50,70,80,360,0,-1,1,False,makai2A/makai2A,1,1,,,,,,,,,,,,,,,,
1357,8-Bit Knight Arthur,ドットナイト・アーサー,worker_toxin,uncertain,unique art but recycled text and dominated stats — art-only value,store (toxin),,255,400,toxin,9800,142,164,60,1,1,1,1,50,50,50,480,6,-1,1,False,makai2B/makai2B,0,1,,,,,,,,,,,,,,,,
1358,Arthur (Golden Armor),アーサー（黄金の鎧）,worker_toxin,uncertain,unique flavor text (joke value) but stat-dominated,store (toxin),,255,400,toxin,14800,151,228,90,1,1,1,1,50,70,70,90,6,-1,1,False,makai2C/makai2C,0,1,,,,,,,,,,,,,,,,
1359,Princess,プリンセス,worker_toxin,uncertain,unique flavor text (joke value) but stat-dominated,store (toxin),,255,400,toxin,12000,135,175,72,1,1,1,1,50,60,90,180,5,-1,1,True,makai2D/makai2D,0,1,,,,,,,,,,,,,,,,
1360,Transfer Student,転校生,worker_toxin,keep,unique flavor text + competitive stats,store (toxin),,14,50,toxin,7200,107,132,84,1,1,1,1,50,80,60,420,5,-1,1,True,CustomerA/MikoB,0,1,,,,,,,,,,,,,,,,
1361,Pigeon Samurai,ハトザムライ,worker_toxin,uncertain,unique flavor text (joke value) but stat-dominated,store (toxin),,255,400,toxin,13000,170,210,85,1,1,2,1,50,75,90,10,6,-1,1,False,hatoH/hatoH,0,1,,,,,,,,,,,,,,,,
1362,Pigeon High Student,はと高生,worker_toxin,uncertain,unique flavor text (joke value) but stat-dominated,store (toxin),,255,400,toxin,10700,155,165,90,1,1,2,1,50,80,40,360,5,-1,1,True,hatoI/hatoI,0,1,,,,,,,,,,,,,,,,
1363,Pigeon Kid,鳩小僧,worker_toxin,uncertain,unique flavor text (joke value) but stat-dominated,store (toxin),,255,400,toxin,9900,185,150,70,1,1,1.5,1,50,50,40,90,5,-1,1,False,hatoJ/hatoJ,0,1,,,,,,,,,,,,,,,,
1364,Princess Kaguya,かぐや姫,worker_toxin,uncertain,unique flavor text (joke value) but stat-dominated,store (toxin),,255,400,toxin,11111,128,192,70,1,1,1,1,50,70,70,360,5,-1,1,True,bambooG/bambooG,0,1,,,,,,,,,,,,,,,,
1365,Dark Girl,ダークガール,worker_toxin,keep,unique flavor text + competitive stats,store (toxin),,255,400,toxin,17200,121,238,88,1,1,1,1,50,85,90,90,6,-1,1,True,heroH/heroH,0,1,,,,,,,,,,,,,,,,
1366,Legendary Creature,伝説の生物,worker_toxin,keep,unique flavor text + competitive stats,store (toxin),,9,20,toxin,4300,70,105,65,1,1,1,1,50,66,60,360,4,-1,1,False,YoukaiM/YoukaiM,0,1,,,,,,,,,,,,,,,,
1367,Kurokuro,クロクロ,worker_toxin,uncertain,unique flavor text (joke value) but stat-dominated,store (toxin),,255,400,toxin,10800,140,140,80,1,1,1.1,1,50,66,60,300,6,-1,1,False,blackB/blackB,0,1,,,,,,,,,,,,,,,,
1368,Mama Kuro,オフクロ,playable_chef,keep,playable chef (owner-approved set; do not edit),store (toxin),,255,30,toxin,8800,105,180,75,1,1,1,1.1,50,60,80,360,1,-1,1,False,blackC/blackC,1,1,,,,,,,,,,,,,,,,
1369,dummy,dummy,worker_toxin,cut,placeholder record (dummy/empty name),store (toxin),,255,400,toxin,100,100,100,10,1,1,1,1,50,10,10,480,4,-1,1,False,wolfman/wolfman,0,1,Werewolf,135,20,50,250,790,8,11,5,14,10,8,1,1,1,1
1370,Grunt: Bones,ざこ　骨,worker_toxin,uncertain,unique art but recycled text and dominated stats — art-only value,store (toxin),,255,400,toxin,100,100,100,10,1,1,1,1,50,10,10,480,4,-1,1,False,FFEG/FFEG,0,1,,,,,,,,,,,,,,,,
1371,Wizard of the West,西の魔法使い,worker_toxin,uncertain,unique flavor text (joke value) but stat-dominated,store (toxin),,255,400,toxin,11900,143,188,77,1,1,1,1,50,72,90,240,5,-1,1,True,FFA/FFA,0,1,,,,,,,,,,,,,,,,
1372,Legendary Swordswoman,伝説の女剣士,worker_toxin,keep,unique flavor text + competitive stats,store (toxin),,255,400,toxin,19100,138,205,81,1,1,1,1,50,85,60,90,6,-1,1,True,FFB/FFB,0,1,,,,,,,,,,,,,,,,
1373,Jeanne,ジャンヌ,worker_toxin,uncertain,unique flavor text (joke value) but stat-dominated,store (toxin),,255,400,toxin,11000,142,163,88,1,1,1.1,1,50,71,90,180,6,-1,1,True,FFC/FFC,0,1,,,,,,,,,,,,,,,,
1374,Halloween Witch,ハロウィンウィッチ,worker_toxin,keep,unique flavor text + competitive stats,store (toxin),event_halloween,255,400,toxin,13000,151,270,77,1,1,1,1,50,72,90,240,5,-1,1,True,FF2A/FF2A,0,1,,,,,,,,,,,,,,,,
1375,Halloween Knight,ハロウィンナイト,worker_toxin,keep,unique flavor text + competitive stats,store (toxin),event_halloween,255,400,toxin,20000,125,210,81,1,1,1,1,50,85,60,90,6,-1,1,True,FF2B/FF2B,0,1,,,,,,,,,,,,,,,,
1376,Pumpkin-chan,かぼちゃん,worker_toxin,uncertain,unique flavor text (joke value) but stat-dominated,store (toxin),,255,400,toxin,9300,168,126,79,1,1,1,1,50,48,60,360,5,-1,1,True,FFEK/FFEK,0,1,,,,,,,,,,,,,,,,
1377,Pumpkin Boss,かぼちゃの大将,worker_toxin,uncertain,unique flavor text (joke value) but stat-dominated,store (toxin),,255,400,toxin,12300,142,152,62,1,1,1,1,50,88,85,180,6,-1,1,False,FFEH/FFEH,0,1,,,,,,,,,,,,,,,,
1378,Mr. Boarpig,イノブタさん,worker_toxin,uncertain,unique flavor text (joke value) but stat-dominated,store (toxin),,255,400,toxin,8300,125,158,10,1,1,1,1,50,16,90,320,5,-1,1,False,FFEE/FFEE,0,1,,,,,,,,,,,,,,,,
1379,dummy,dummy,worker_toxin,cut,placeholder record (dummy/empty name),store (toxin),,255,400,toxin,100,10,10,10,1,1,1,1,50,50,5,600,1,-1,1,False,wolfman/wolfman,0,1,Werewolf,135,20,50,250,790,8,11,5,14,10,8,1,1,1,1
1380,Edible Frog,食用ガエル,worker_toxin,uncertain,unique flavor text (joke value) but stat-dominated,store (toxin),,255,400,toxin,3000,50,30,50,1,1,1,1,50,50,90,100,4,-1,1,False,frog2A/frog2A,0,1,,,,,,,,,,,,,,,,
1381,Edible Silver Frog,食用銀ガエル,worker_toxin,uncertain,unique flavor text (joke value) but stat-dominated,store (toxin),,255,400,toxin,3000,50,40,70,1,1,1,1,50,70,90,100,5,-1,1,False,frog2B/frog2B,0,1,,,,,,,,,,,,,,,,
1382,Edible Gold Frog,食用金ガエル,worker_toxin,uncertain,unique flavor text (joke value) but stat-dominated,store (toxin),,255,400,toxin,3000,50,50,90,1,1,1,1,50,90,90,100,6,-1,1,False,frog2C/frog2C,0,1,,,,,,,,,,,,,,,,
1383,Snow White,しらゆき姫,worker_toxin,uncertain,unique flavor text (joke value) but stat-dominated,store (toxin),,255,400,toxin,13200,212,182,98,1,1,1,1,50,94,90,90,6,-1,1,True,shimeA/shimeA,0,1,,,,,,,,,,,,,,,,
1384,Coal Black,黑雪姫,worker_toxin,uncertain,unique flavor text (joke value) but stat-dominated,store (toxin),,255,400,toxin,10000,162,150,85,1,1,1.1,1,50,82,70,180,6,-1,1,True,shimeB/shimeB,0,1,,,,,,,,,,,,,,,,
1385,Apple Wielder,りんご使い,worker_toxin,uncertain,unique flavor text (joke value) but stat-dominated,store (toxin),,255,400,toxin,7800,140,151,49,1,1,1,1,50,50,90,480,5,-1,1,True,shimeC/shimeC,0,1,,,,,,,,,,,,,,,,
1386,dummy,dummy,worker_toxin,cut,placeholder record (dummy/empty name),store (toxin),,255,400,toxin,100,10,10,10,1,1,1,1,50,50,5,600,1,-1,1,False,wolfman/wolfman,0,1,Werewolf,135,20,50,250,790,8,11,5,14,10,8,1,1,1,1
1387,dummy,dummy,worker_toxin,cut,placeholder record (dummy/empty name),store (toxin),,255,400,toxin,100,10,10,10,1,1,1,1,50,50,5,600,1,-1,1,False,wolfman/wolfman,0,1,Werewolf,135,20,50,250,790,8,11,5,14,10,8,1,1,1,1
1388,dummy,dummy,worker_toxin,cut,placeholder record (dummy/empty name),store (toxin),,255,400,toxin,100,10,10,10,1,1,1,1,50,50,5,600,1,-1,1,False,wolfman/wolfman,0,1,Werewolf,135,20,50,250,790,8,11,5,14,10,8,1,1,1,1
1389,Ex-Sumo Wrestler,元力士,worker_cash,keep,unique flavor text + competitive stats,store (cash),,10,35000,cash,4400,45,25,34,1,1,1,1,50,35,5,480,2,-1,1,False,MermanC/sumowrestlerC,0,0,,,,,,,,,,,,,,,,
1390,Starving Ogre,死餓羅鬼,worker_toxin,uncertain,unique flavor text (joke value) but stat-dominated,store (toxin),,255,400,toxin,15500,175,198,92,1,1,1,1,50,88,90,90,6,-1,1,False,tanukiA/tanukiA,0,1,,,,,,,,,,,,,,,,
1391,Armored Tanuki,アーマードタヌキ,worker_toxin,uncertain,unique flavor text (joke value) but stat-dominated,store (toxin),,255,400,toxin,12300,161,157,80,1,1,1,1,50,76,60,240,5,-1,1,True,tanukiB/tanukiB,0,1,,,,,,,,,,,,,,,,
1392,Tonchibo,とんちぼ,worker_toxin,uncertain,unique flavor text (joke value) but stat-dominated,store (toxin),,255,400,toxin,9000,140,142,70,1,1,1,1,50,65,35,480,4,-1,1,False,tanukiC/tanukiC,0,1,,,,,,,,,,,,,,,,
1393,Lightning-Fast Moving Castle,神速の動く城,worker_toxin,uncertain,unique flavor text (joke value) but stat-dominated,store (toxin),,255,400,toxin,14000,230,157,85,1,1,1,1,50,89,90,90,6,-1,1,False,movecatleA/movecatleA,0,1,,,,,,,,,,,,,,,,
1394,Weekly Auto Japanese Castle,週間全自動日本の城,worker_toxin,uncertain,unique flavor text (joke value) but stat-dominated,store (toxin),,255,400,toxin,12800,148,168,90,1,1,1,1,50,90,70,240,5,-1,1,False,movecatleB/movecatleB,0,1,,,,,,,,,,,,,,,,
1395,Walking Tent,走行テント,worker_toxin,uncertain,unique flavor text (joke value) but stat-dominated,store (toxin),,255,400,toxin,9500,86,178,32,1,1,1,1,50,40,50,480,4,-1,1,False,movecatleC/movecatleC,0,1,,,,,,,,,,,,,,,,
1396,Lilith,リリス,worker_toxin,uncertain,unique flavor text (joke value) but stat-dominated,store (toxin),,255,400,toxin,13300,181,211,92,1,1,1,1,50,90,80,90,6,-1,1,True,VHJ/VHJ,0,1,,,,,,,,,,,,,,,,
1397,Q-Bee,キュービィ,worker_toxin,uncertain,unique flavor text (joke value) but stat-dominated,store (toxin),,255,400,toxin,12600,217,181,88,1,1,1,1,50,96,70,90,6,-1,1,True,VHK/VHK,0,1,,,,,,,,,,,,,,,,
1398,Sasquatch,サスカッチ,worker_toxin,uncertain,unique flavor text (joke value) but stat-dominated,store (toxin),,255,400,toxin,10000,120,175,63,1,1,1,1,50,55,90,480,5,-1,1,False,VHL/VHL,0,1,,,,,,,,,,,,,,,,
1399,Recolor Sasquatch,色違いサスカッチ,worker_toxin,uncertain,unique flavor text (joke value) but stat-dominated,store (toxin),,255,400,toxin,8900,120,135,48,1,1,1,1,50,42,90,480,4,-1,1,False,VHM/VHM,0,1,,,,,,,,,,,,,,,,
1400,Bishamon,ビシャモン,worker_toxin,uncertain,unique flavor text (joke value) but stat-dominated,store (toxin),,255,400,toxin,11000,150,175,66,1,1,1,1,50,77,20,360,5,-1,1,False,VHN/VHN,0,1,,,,,,,,,,,,,,,,
1401,Oboro Bishamon,朧ビシャモン,worker_toxin,uncertain,unique flavor text (joke value) but stat-dominated,store (toxin),,255,400,toxin,9500,136,184,66,1,1,1,1,50,88,30,240,5,-1,1,False,VHO/VHO,0,1,,,,,,,,,,,,,,,,
1402,Sweet-Act B.B. Hood,猫かぶりバレッタ,worker_toxin,uncertain,unique flavor text (joke value) but stat-dominated,store (toxin),,255,400,toxin,9800,162,165,80,1,1,1,1,50,90,30,360,5,-1,1,True,VHP/VHP,0,1,,,,,,,,,,,,,,,,
1403,B.B. Hood,バレッタ,worker_toxin,uncertain,unique flavor text (joke value) but stat-dominated,store (toxin),,255,400,toxin,14200,195,190,72,1,1,1,1,50,90,30,90,6,-1,1,True,VHQ/VHQ,0,1,,,,,,,,,,,,,,,,
1404,Jedah,ジェダ,worker_toxin,uncertain,unique flavor text (joke value) but stat-dominated,store (toxin),,255,400,toxin,15300,154,221,95,1,1,1,1,50,92,30,90,6,-1,1,False,VHR/VHR,0,1,,,,,,,,,,,,,,,,
1405,Victor,ビクトル,worker_toxin,uncertain,unique flavor text (joke value) but stat-dominated,store (toxin),,255,400,toxin,9000,119,158,46,1,1,1,1,50,50,50,480,4,-1,1,False,VHS/VHS,0,1,,,,,,,,,,,,,,,,
1406,Anita,アニタ,worker_toxin,uncertain,unique flavor text (joke value) but stat-dominated,store (toxin),,255,400,toxin,10000,160,154,82,1,1,1,1,50,74,70,180,6,-1,1,True,VHT/VHT,0,1,,,,,,,,,,,,,,,,
1407,Drum Major,ドラムメジャー,worker_toxin,uncertain,unique flavor text (joke value) but stat-dominated,store (toxin),,255,400,toxin,12500,214,185,86,1,1,1,1,50,90,90,90,6,-1,1,True,MbandA/MbandA,0,1,,,,,,,,,,,,,,,,
1408,Bass Drummer,バスドラム奏者,worker_toxin,uncertain,unique flavor text (joke value) but stat-dominated,store (toxin),,255,400,toxin,9900,154,142,75,1,1,1,1,50,72,70,300,6,-1,1,True,MbandB/MbandB,0,1,,,,,,,,,,,,,,,,
1409,Trumpet Dude,トランペット野郎,worker_toxin,uncertain,unique flavor text (joke value) but stat-dominated,store (toxin),,255,400,toxin,7800,134,138,48,1,1,1,1,50,60,50,480,5,-1,1,False,MbandC/MbandC,0,1,,,,,,,,,,,,,,,,
1410,Akabeko,あかべこ,worker_toxin,uncertain,unique flavor text (joke value) but stat-dominated,store (toxin),,255,400,toxin,15200,175,202,90,1,1,1,1,50,88,90,90,6,-1,1,False,mingeiA/mingeiA,0,1,,,,,,,,,,,,,,,,
1411,Papier-Mache Dog,張子のいぬ,worker_toxin,uncertain,unique flavor text (joke value) but stat-dominated,store (toxin),,255,400,toxin,9600,109,160,62,1,1,1,1,50,55,90,480,4,-1,1,False,mingeiB/mingeiB,0,1,,,,,,,,,,,,,,,,
1412,Robo Bear,ロボ―・クマ,worker_toxin,keep,unique flavor text + competitive stats,store (toxin),,255,400,toxin,17800,123,235,94,1,1,1,1,50,99,80,90,6,-1,1,False,robo_kuma/robo_kuma,0,1,,,,,,,,,,,,,,,,
1413,Doll Cat,ドルキャット,worker_toxin,uncertain,unique flavor text (joke value) but stat-dominated,store (toxin),,255,400,toxin,14400,171,222,99,1,1,1,1,50,64,90,90,6,-1,1,False,mingeiC/mingeiC,0,1,,,,,,,,,,,,,,,,
1414,Lucky Beckoning Cat,ねこまねき,worker_toxin,uncertain,unique flavor text (joke value) but stat-dominated,store (toxin),,255,400,toxin,9300,141,125,77,1,1,1,1,50,75,30,360,4,-1,1,False,mingeiD/mingeiD,0,1,,,,,,,,,,,,,,,,
1415,Acrobat Monkey,曲芸のサル,worker_toxin,uncertain,unique flavor text (joke value) but stat-dominated,store (toxin),,255,400,toxin,8900,112,149,26,1,1,1,1,50,30,25,480,4,-1,1,False,momoA/momoA,0,1,,,,,,,,,,,,,,,,
1416,Temp Dog Worker,派犬社員,worker_toxin,uncertain,unique flavor text (joke value) but stat-dominated,store (toxin),,255,400,toxin,9400,129,169,42,1,1,1,1,50,30,40,480,5,-1,1,False,momoB/momoB,0,1,,,,,,,,,,,,,,,,
1417,Bullet Pheasant,超特急キジ,worker_toxin,uncertain,unique flavor text (joke value) but stat-dominated,store (toxin),,255,400,toxin,7200,230,41,85,1,1,1,1,50,80,75,300,5,-1,1,False,momoC/momoC,0,1,,,,,,,,,,,,,,,,
1418,Momotaro,ももタロー,worker_toxin,uncertain,unique flavor text (joke value) but stat-dominated,store (toxin),,255,400,toxin,15400,161,215,96,1,1,1,1,50,75,90,90,6,-1,1,False,momoD/momoD,0,1,,,,,,,,,,,,,,,,
1419,Chimera,キメラ,worker_toxin,uncertain,unique flavor text (joke value) but stat-dominated,store (toxin),,255,400,toxin,16100,121,248,90,1,1,1,1,50,88,90,90,6,-1,1,False,momoE/momoE,0,1,,,,,,,,,,,,,,,,
1420,Peach Girl,ピーチガール,worker_toxin,uncertain,unique flavor text (joke value) but stat-dominated,store (toxin),,255,400,toxin,13600,210,188,88,1,1,1,1,50,92,90,90,6,-1,1,True,momoF/momoF,0,1,,,,,,,,,,,,,,,,
1421,Ogre Salaryman,おにリーマン,worker_toxin,uncertain,unique flavor text (joke value) but stat-dominated,store (toxin),,255,400,toxin,8900,105,146,50,1,1,1,1,50,65,30,480,5,-1,1,False,businessman/momoG,0,1,,,,,,,,,,,,,,,,
1422,Ogre Kid,おにっこ,worker_toxin,uncertain,unique flavor text (joke value) but stat-dominated,store (toxin),,255,400,toxin,9200,147,182,74,1,1,1,1,50,65,70,200,6,-1,1,True,momoH/momoH,0,1,,,,,,,,,,,,,,,,
1423,Plain Schoolgirl,地味女子高生,worker_toxin,keep,unique flavor text + competitive stats,store (toxin),,11,15,toxin,4000,55,90,55,1,1,1,1,50,85,10,420,4,-1,1,True,CustomerA/kimonoB,0,1,,,,,,,,,,,,,,,,
1424,Schoolgirl Heading Home,帰宅女子高生,worker_toxin,keep,unique flavor text + competitive stats,store (toxin),,16,15,toxin,5800,55,83,65,1,1,1,1,50,80,10,420,4,-1,1,True,CustomerA/kimonoC,0,1,,,,,,,,,,,,,,,,
1425,Neighborhood Spirit,近場の霊,worker_toxin,keep,unique flavor text + competitive stats,store (toxin),,17,10,toxin,7500,54,35,80,1,1,1,1,50,50,10,240,3,-1,1,False,ghostRiderB/ghostRiderB,0,1,,,,,,,,,,,,,,,,
1426,Kendo 1st Dan,剣道初段,worker_cash,uncertain,unique flavor text (joke value) but stat-dominated,store (cash),,9,20000,cash,3500,38,55,15,1,1,1,1,50,25,10,480,2,-1,1,False,ECA6/omar,0,0,,,,,,,,,,,,,,,,
1427,Nero,ネロ,worker_toxin,uncertain,unique flavor text (joke value) but stat-dominated,store (toxin),,255,400,toxin,15100,164,222,80,1,1,1,1,50,80,90,90,6,-1,1,False,DMCA/DMCA,0,1,,,,,,,,,,,,,,,,
1428,Lady,レディ,worker_toxin,uncertain,unique flavor text (joke value) but stat-dominated,store (toxin),,255,400,toxin,11700,205,200,89,1,1,1,1,50,88,90,90,6,-1,1,True,DMCB/DMCB,0,1,,,,,,,,,,,,,,,,
1429,Dante,ダンテ,worker_toxin,keep,unique flavor text + competitive stats,store (toxin),,255,400,toxin,16000,146,231,85,1,1,1,1,50,75,90,90,6,-1,1,False,DMCC/DMCC,0,1,,,,,,,,,,,,,,,,
1430,Trish,トリッシュ,worker_toxin,uncertain,unique flavor text (joke value) but stat-dominated,store (toxin),,255,400,toxin,13200,222,172,90,1,1,1,1,50,94,90,90,6,-1,1,True,DMCD/DMCD,0,1,,,,,,,,,,,,,,,,
1431,Berial,べリアル,worker_toxin,uncertain,unique flavor text (joke value) but stat-dominated,store (toxin),,255,400,toxin,7500,135,135,22,1,1,1,1,50,35,50,480,4,-1,1,False,DMCE/DMCE,0,1,,,,,,,,,,,,,,,,
1432,Inferno Berial,炎獄のべリアル,worker_toxin,uncertain,unique flavor text (joke value) but stat-dominated,store (toxin),,255,400,toxin,8500,140,165,44,1,1,1,1,50,45,60,480,5,-1,1,False,DMCF/DMCF,0,1,,,,,,,,,,,,,,,,
1433,Gloria,グロリア,worker_toxin,uncertain,unique flavor text (joke value) but stat-dominated,store (toxin),,255,400,toxin,8500,144,131,77,1,1,1,1,50,62,70,480,5,-1,1,True,DMCG/DMCG,0,1,,,,,,,,,,,,,,,,
1434,Vergil,バージル,worker_toxin,uncertain,unique flavor text (joke value) but stat-dominated,store (toxin),,255,400,toxin,11800,140,161,56,1,1,1,1,50,88,80,200,6,-1,1,False,DMCH/DMCH,0,1,,,,,,,,,,,,,,,,
1435,Devil Trigger Vergil,魔人バージル,worker_toxin,uncertain,unique flavor text (joke value) but stat-dominated,store (toxin),,255,400,toxin,11000,143,177,60,1,1,1,1,50,80,60,180,6,-1,1,False,DMCI/DMCI,0,1,,,,,,,,,,,,,,,,
1436,Master of Death,死の匠,worker_toxin,uncertain,unique flavor text (joke value) but stat-dominated,store (toxin),,255,400,toxin,14400,213,170,88,1,1,1,1,50,88,90,30,6,-1,1,False,reaper2A/reaper2A,0,1,,,,,,,,,,,,,,,,
1437,Hades Maid,冥途さん,worker_toxin,uncertain,unique flavor text (joke value) but stat-dominated,store (toxin),,255,400,toxin,13600,193,196,99,1,1,1,1,50,99,90,90,6,-1,1,True,reaper2B/reaper2B,0,1,,,,,,,,,,,,,,,,
1438,Death's Part-Timer,死のフリーター,worker_toxin,uncertain,unique flavor text (joke value) but stat-dominated,store (toxin),,255,400,toxin,14400,73,94,39,1,1,1,1,50,29,20,480,4,-1,1,False,reaper2C/reaper2C,0,1,,,,,,,,,,,,,,,,
1439,King Penguin,きんぐペンギン,worker_toxin,uncertain,unique flavor text (joke value) but stat-dominated,store (toxin),,255,400,toxin,7800,150,130,100,1,1,1,1,50,26,10,400,5,-1,1,True,seaG/seaG,0,1,,,,,,,,,,,,,,,,
1440,Swim Ring Lionmaru,浮き輪らいおん丸,worker_toxin,uncertain,unique flavor text (joke value) but stat-dominated,store (toxin),,255,400,toxin,10700,135,159,60,1,1,1,1,50,46,50,300,6,-1,1,False,seaH/costume_g,0,1,,,,,,,,,,,,,,,,
1441,Surfing That Guy,なみのりあいつ,worker_toxin,uncertain,unique flavor text (joke value) but stat-dominated,store (toxin),,255,400,toxin,15900,158,220,90,1,1,1,1,50,85,90,90,6,-1,1,False,seaI/seaI,0,1,,,,,,,,,,,,,,,,
1442,Constable Robo,おかっぴきロボ,worker_toxin,uncertain,unique flavor text (joke value) but stat-dominated,store (toxin),,255,400,toxin,11000,95,140,40,1,1,1.1,1,50,28,28,400,4,-1,1,False,bugyouC/bugyouC,0,1,,,,,,,,,,,,,,,,
1443,Constable Robo G,おかっぴきロボG,worker_toxin,uncertain,unique flavor text (joke value) but stat-dominated,store (toxin),,255,400,toxin,11500,105,160,50,1,1,1.1,1,50,50,60,400,5,-1,1,False,bugyouD/bugyouD,0,1,,,,,,,,,,,,,,,,
1444,Bamboo Maiko,なよ竹の舞妓,worker_toxin,uncertain,unique flavor text (joke value) but stat-dominated,store (toxin),,255,400,toxin,15000,130,256,93,1,1,1,1,50,92,95,90,6,-1,1,True,bambooB/maikoA,0,1,,,,,,,,,,,,,,,,
1445,Master Geisha,芸者の達人,worker_toxin,keep,unique flavor text + competitive stats,store (toxin),,255,400,toxin,17700,150,213,95,1,1,1,1,50,96,95,90,6,-1,1,True,maikoB/maikoB,0,1,,,,,,,,,,,,,,,,
1446,New Inn Hostess,新入り仲居,worker_toxin,uncertain,unique flavor text (joke value) but stat-dominated,store (toxin),,255,400,toxin,8800,125,155,39,1,1,1,1,50,40,30,400,5,-1,1,True,maikoC/maikoC,0,1,,,,,,,,,,,,,,,,
1447,dummy,dummy,worker_toxin,cut,placeholder record (dummy/empty name),store (toxin),,255,400,toxin,100,10,10,10,1,1,1,1,50,10,10,600,1,-1,1,False,wolfman/wolfman,0,1,Werewolf,135,20,50,250,790,8,11,5,14,10,8,1,1,1,1
1448,French Innkeeper,フランス女将,worker_toxin,uncertain,unique flavor text (joke value) but stat-dominated,store (toxin),,255,400,toxin,11300,145,161,66,1,1,1.1,1,50,80,55,200,6,-1,1,True,maikoE/maikoE,0,1,,,,,,,,,,,,,,,,
1449,Ballerina,バレリーナ,worker_toxin,uncertain,unique flavor text (joke value) but stat-dominated,store (toxin),,255,400,toxin,13700,242,166,78,1,1,1,1,50,88,90,90,6,-1,1,True,balletA/balletA,0,1,,,,,,,,,,,,,,,,
1450,Swan Wrestler,白鳥レスラー,worker_toxin,uncertain,unique flavor text (joke value) but stat-dominated,store (toxin),,255,400,toxin,8800,119,158,39,1,1,1,1,50,33,20,400,4,-1,1,False,balletB/maskedA,0,1,,,,,,,,,,,,,,,,
1451,The Late Floaty Ghost Girl,故・浮遊霊子,worker_toxin,uncertain,unique flavor text (joke value) but stat-dominated,store (toxin),,255,400,toxin,10100,129,166,44,1,1,1.2,1,50,44,44,120,6,-1,1,True,ghostJ/ghostJ,0,1,,,,,,,,,,,,,,,,
1452,Floaty Chef,浮遊シェフ,playable_chef,keep,playable chef (owner-approved set; do not edit),store (toxin),,255,50,toxin,9800,170,100,50,1,1,1,1.1,50,60,50,400,4,-1,1,True,ghostK/ghostK,1,1,,,,,,,,,,,,,,,,
1453,Urameshi Yu,裏飯幽,worker_toxin,uncertain,unique flavor text (joke value) but stat-dominated,store (toxin),,255,400,toxin,14400,141,245,88,1,1,1,1,50,85,84,5,6,-1,1,True,ghostL/ghostL,0,1,,,,,,,,,,,,,,,,
1454,Urameshi Mio,裏飯澪,worker_toxin,uncertain,unique flavor text (joke value) but stat-dominated,store (toxin),,255,400,toxin,12000,141,170,65,1,1,1,1,50,60,65,240,5,-1,1,True,ghostM/ghostM,0,1,,,,,,,,,,,,,,,,
1455,Skeleton Pierrot,白骨ピエロ,worker_toxin,uncertain,unique flavor text (joke value) but stat-dominated,store (toxin),,255,400,toxin,8900,132,146,39,1,1,1,1,50,29,26,400,4,-1,1,False,pierrotA/pierrotA,0,1,,,,,,,,,,,,,,,,
1456,Rising Star Pierrot,新星のピエロ,worker_toxin,keep,unique flavor text + competitive stats,store (toxin),,255,400,toxin,18300,203,156,92,1,1,1,1,50,88,90,90,6,-1,1,True,pierrotB/pierrotB,0,1,,,,,,,,,,,,,,,,
1457,Survival Rare 3,サバイバルレア3,worker_toxin,uncertain,unique art but recycled text and dominated stats — art-only value,store (toxin),,255,200,toxin,7400,100,120,70,1,1,1,1,50,60,60,480,5,-1,1,False,rareC/rareC,0,1,,,,,,,,,,,,,,,,
1458,Stray Cat,すてねこ,worker_toxin,keep,unique flavor text + competitive stats,store (toxin),,4,25,toxin,5000,110,90,55,1,1,1.3,1,50,50,60,480,4,-1,1,False,alice_CheshireA/alice_CheshireA,0,1,,,,,,,,,,,,,,,,
1459,Petty Crook,小悪党,worker_cash,keep,unique flavor text + competitive stats,store (cash),,8,20000,cash,1500,105,60,10,1,1,1,1,50,10,10,480,2,-1,1,False,PrisonerA/clown,0,0,,,,,,,,,,,,,,,,
1460,Assistant Head Nurse,看護副師長,worker_toxin,keep,unique flavor text + competitive stats,store (toxin),,8,10,toxin,4500,70,30,100,1,1,1,1,50,20,20,480,3,-1,1,True,nurseA/FranceC,0,1,,,,,,,,,,,,,,,,
1461,Kurogo,黒衣,worker_cash,keep,unique flavor text + competitive stats,store (cash),,13,100000,cash,1800,180,18,20,1,1,1,1,50,20,20,480,2,-1,1,False,kuroko/kuroko,0,0,,,,,,,,,,,,,,,,
1462,Chinese Diner Third Sister,中華屋三女,worker_toxin,keep,unique flavor text + competitive stats,store (toxin),,14,10,toxin,4500,60,50,100,1,1,1,1,60,20,20,480,3,-1,1,True,BicycleE/maidB,0,1,,,,,,,,,,,,,,,,
1463,Yukata Second Sister,浴衣次女,worker_toxin,keep,unique flavor text + competitive stats,store (toxin),,16,10,toxin,5000,70,40,80,1,1,1,1,60,20,20,480,3,-1,1,True,kimonoB/maidC,0,1,,,,,,,,,,,,,,,,
1464,Science Patrol Eldest Sister,科学警備隊長女,worker_toxin,keep,unique flavor text + competitive stats,store (toxin),,17,10,toxin,5500,40,80,70,1,1,1,1,60,20,20,480,3,-1,1,True,EDFB/maidD,0,1,,,,,,,,,,,,,,,,
1465,Wolf Crook,狼悪党,worker_toxin,keep,unique flavor text + competitive stats,store (toxin),,5,5,toxin,2300,40,85,10,1,1,1,1,50,25,15,480,2,-1,1,False,PrisonerA/costume_d,0,1,,,,,,,,,,,,,,,,
1466,Masked Priest,覆面そうりょ,worker_cash,uncertain,unique flavor text (joke value) but stat-dominated,store (cash),,4,5000,cash,2000,50,50,30,1,1,1,1,50,40,40,480,2,-1,1,True,yuusyaB/maskedC,0,0,,,,,,,,,,,,,,,,
1467,Detective Invisibo,名探偵インビジボー,worker_toxin,uncertain,unique flavor text (joke value) but stat-dominated,store (toxin),,255,400,toxin,15100,151,234,95,1,1,1,1,50,90,50,90,6,-1,1,False,InvisibleA/InvisibleA,0,1,,,,,,,,,,,,,,,,
1468,Doctor WHO?,ドクター・WHO,worker_toxin,uncertain,unique flavor text (joke value) but stat-dominated,store (toxin),,255,400,toxin,7000,140,140,35,1,1,1,1,50,40,60,360,4,-1,1,False,InvisibleB/InvisibleB,0,1,,,,,,,,,,,,,,,,
1469,Phantom Thief Invisibo,怪盗インビジボー,worker_toxin,uncertain,unique flavor text (joke value) but stat-dominated,store (toxin),,255,400,toxin,9000,145,153,52,1,1,1,1,50,55,70,360,5,-1,1,False,InvisibleC/InvisibleC,0,1,,,,,,,,,,,,,,,,
1470,Hyottoko,ひよっとこ,worker_toxin,keep,unique flavor text + competitive stats,store (toxin),,255,400,toxin,17400,120,248,92,1,1,1,1,50,90,50,90,6,-1,1,False,chickA/chickA,0,1,,,,,,,,,,,,,,,,
1471,Chick,ひよっこ,worker_toxin,uncertain,unique flavor text (joke value) but stat-dominated,store (toxin),,255,400,toxin,11500,151,165,98,1,1,1,1,50,88,60,240,5,-1,1,True,chickB/chickB,0,1,,,,,,,,,,,,,,,,
1472,Void Bird,虚無鳥,worker_toxin,uncertain,unique flavor text (joke value) but stat-dominated,store (toxin),,255,400,toxin,8300,110,177,42,1,1,1,1,50,45,70,360,4,-1,1,False,chickC/chickC,0,1,,,,,,,,,,,,,,,,
1473,Kitty Boots,にゃんこブーツ,worker_toxin,uncertain,unique flavor text (joke value) but stat-dominated,store (toxin),,255,400,toxin,15100,184,203,22,1,1,1,1,50,35,50,90,6,-1,1,False,catbootsA/catbootsA,0,1,,,,,,,,,,,,,,,,
1474,Hippie Mouse,ヒッピーマウス,worker_toxin,uncertain,unique flavor text (joke value) but stat-dominated,store (toxin),,255,400,toxin,11000,129,122,64,1,1,1,1,50,65,60,300,5,-1,1,False,catbootsB/catbootsB,0,1,,,,,,,,,,,,,,,,
1475,Old-School Hippie,先代のヒッピー,worker_toxin,uncertain,unique flavor text (joke value) but stat-dominated,store (toxin),,255,400,toxin,6800,152,210,88,1,1,1,1,50,66,70,180,6,-1,1,False,catbootsC/catbootsC,0,1,,,,,,,,,,,,,,,,
1476,Apocalypse Schoolgirl,世紀末女学院生,worker_toxin,keep,unique flavor text + competitive stats,store (toxin),,255,400,toxin,14200,244,192,92,1,1,1,1,50,90,50,90,6,-1,1,True,fourthA/fourthA,0,1,,,,,,,,,,,,,,,,
1477,Mo-Hawk 200X,モーホック200X,worker_toxin,uncertain,unique flavor text (joke value) but stat-dominated,store (toxin),,255,400,toxin,6100,88,175,11,1,1,1,1,50,11,50,360,4,-1,1,False,fourthD/PrisonerA,0,1,,,,,,,,,,,,,,,,
1478,Hockey Mask 200X,ホッケーマスク200X,worker_toxin,uncertain,unique flavor text (joke value) but stat-dominated,store (toxin),,255,400,toxin,12900,155,118,33,1,1,1,1,50,33,60,360,5,-1,1,False,fourthD/jasonA,0,1,,,,,,,,,,,,,,,,
1479,That Guy 200X,あいつ200X,worker_toxin,uncertain,unique flavor text (joke value) but stat-dominated,store (toxin),,255,400,toxin,9400,130,172,44,1,1,1,1,50,45,60,180,6,-1,1,False,fourthB/fourthB,0,1,,,,,,,,,,,,,,,,
1480,Those Guys,あいつら,worker_toxin,uncertain,unique flavor text (joke value) but stat-dominated,store (toxin),,255,400,toxin,14700,128,262,99,1,1,1,1,50,99,70,90,6,-1,1,False,fourthC/fourthC,0,1,,,,,,,,,,,,,,,,
1481,Magic Granny,マジックばあさん,worker_toxin,cut,"reskin: recycled text, recycled art, stat-dominated",store (toxin),,255,400,toxin,100,10,10,65,1,1,1,1,50,89,50,360,5,-1,1,True,hatoA/hatoA,0,1,,,,,,,,,,,,,,,,
1482,Stepsister A,義理姉A,worker_toxin,cut,"reskin: recycled text, recycled art, stat-dominated",store (toxin),,255,400,toxin,100,10,10,35,1,1,1,1,50,33,30,360,5,-1,1,True,hatoA/hatoA,0,1,,,,,,,,,,,,,,,,
1483,Stepsister B,義理姉B,worker_toxin,cut,"reskin: recycled text, recycled art, stat-dominated",store (toxin),,255,400,toxin,100,10,10,65,1,1,1,1,50,89,50,360,5,-1,1,True,hatoA/hatoA,0,1,,,,,,,,,,,,,,,,
1484,Stepmother,義母,worker_toxin,cut,"reskin: recycled text, recycled art, stat-dominated",store (toxin),,255,400,toxin,100,10,10,35,1,1,1,1,50,33,30,360,5,-1,1,True,hatoA/hatoA,0,1,,,,,,,,,,,,,,,,
1485,Grunt 5,ざこ5,worker_toxin,cut,"reskin: recycled text, recycled art, stat-dominated",store (toxin),,255,400,toxin,100,100,100,10,1,1,1,1,50,10,10,480,1,-1,1,False,hatoA/hatoA,0,1,,,,,,,,,,,,,,,,
1486,Grunt 6,ざこ6,worker_toxin,cut,"reskin: recycled text, recycled art, stat-dominated",store (toxin),,255,400,toxin,100,100,100,10,1,1,1,1,50,10,10,480,1,-1,1,False,hatoA/hatoA,0,1,,,,,,,,,,,,,,,,
1487,Grunt 7,ざこ7,worker_toxin,cut,"reskin: recycled text, recycled art, stat-dominated",store (toxin),,255,400,toxin,100,100,100,10,1,1,1,1,50,10,10,480,1,-1,1,True,hatoA/hatoA,0,1,,,,,,,,,,,,,,,,
1488,Grunt 1,ざこ1,worker_toxin,cut,"reskin: recycled text, recycled art, stat-dominated",store (toxin),,255,400,toxin,100,100,100,10,1,1,1,1,50,10,10,480,1,-1,1,False,hatoA/hatoA,0,1,,,,,,,,,,,,,,,,
1489,Grunt 2,ざこ2,worker_toxin,cut,"reskin: recycled text, recycled art, stat-dominated",store (toxin),,255,400,toxin,100,100,100,10,1,1,1,1,50,10,10,480,1,-1,1,False,hatoA/hatoA,0,1,,,,,,,,,,,,,,,,
1490,Grunt: Otaku A,ざこ　おたくA,worker_toxin,uncertain,unique art but recycled text and dominated stats — art-only value,store (toxin),,255,400,toxin,10,10,10,10,1,1,1,1,10,10,10,360,6,-1,1,False,otakuB/otakuB,0,1,,,,,,,,,,,,,,,,
1491,Grunt: Otaku B,ざこ　おたくB,worker_toxin,uncertain,unique art but recycled text and dominated stats — art-only value,store (toxin),,255,400,toxin,10,10,10,10,1,1,1,1,10,10,10,360,6,-1,1,False,otakuC/otakuC,0,1,,,,,,,,,,,,,,,,
1492,Grunt: Otaku C,ざこ　おたくC,worker_toxin,uncertain,unique art but recycled text and dominated stats — art-only value,store (toxin),,255,400,toxin,10,10,10,10,1,1,1,1,10,10,10,360,6,-1,1,False,otakuE/otakuE,0,1,,,,,,,,,,,,,,,,
1493,Grunt: Otaku D,ざこ　おたくD,worker_toxin,uncertain,unique art but recycled text and dominated stats — art-only value,store (toxin),,255,400,toxin,10,10,10,10,1,1,1,1,10,10,10,360,5,-1,1,False,otakuB/omar,0,1,,,,,,,,,,,,,,,,
1494,Grunt: Otaku E,ざこ　おたくE,worker_toxin,uncertain,unique art but recycled text and dominated stats — art-only value,store (toxin),,255,400,toxin,10,10,10,10,1,1,1,1,10,10,10,360,6,-1,1,False,otakuE/oldman,0,1,,,,,,,,,,,,,,,,
1495,Grunt: Groupie A,ざこ　おっかけA,worker_toxin,uncertain,unique art but recycled text and dominated stats — art-only value,store (toxin),,255,400,toxin,10,10,10,10,1,1,1,1,10,10,10,360,6,-1,1,False,otakuF/otakuC,0,1,,,,,,,,,,,,,,,,
1496,Grunt: Groupie B,ざこ　おっかけB,worker_toxin,uncertain,unique art but recycled text and dominated stats — art-only value,store (toxin),,255,400,toxin,10,10,10,10,1,1,1,1,10,10,10,360,5,-1,1,False,otakuF/otakuD,0,1,,,,,,,,,,,,,,,,
1497,Grunt: Groupie C,ざこ　おっかけC,worker_toxin,uncertain,unique art but recycled text and dominated stats — art-only value,store (toxin),,255,400,toxin,10,10,10,10,1,1,1,1,10,10,10,360,5,-1,1,False,otakuF/teen,0,1,,,,,,,,,,,,,,,,
1498,Grunt: Groupie D,ざこ　おっかけD,worker_toxin,cut,"reskin: recycled text, recycled art, stat-dominated",store (toxin),,255,400,toxin,10,10,10,10,1,1,1,1,10,10,10,360,5,-1,1,False,otakuF/teen,0,1,,,,,,,,,,,,,,,,
1499,Grunt: Groupie E,ざこ　おっかけE,worker_toxin,cut,"reskin: recycled text, recycled art, stat-dominated",store (toxin),,255,400,toxin,10,10,10,10,1,1,1,1,10,10,10,360,0,-1,1,False,otakuF/teen,0,1,,,,,,,,,,,,,,,,
1500,Wild West Pigeon,西部のハト,worker_toxin,uncertain,unique flavor text (joke value) but stat-dominated,store (toxin),,255,400,toxin,12600,152,152,60,1,1,1.5,1,50,60,50,180,5,-1,1,False,hatoK/hatoK,0,1,,,,,,,,,,,,,,,,
1501,White Devil of the Plains,荒野の白い悪魔,worker_toxin,uncertain,unique flavor text (joke value) but stat-dominated,store (toxin),,255,400,toxin,16200,160,199,40,1,1,1.8,1,50,40,50,60,6,-1,1,False,hatoL/hatoL,0,1,,,,,,,,,,,,,,,,
1502,Gold Hatorush,ゴールドハトラッシュ,worker_toxin,keep,unique flavor text + competitive stats,store (toxin),,255,400,toxin,19000,121,215,90,1,1,1.5,1,50,90,50,90,6,-1,1,False,hatoM/hatoM,0,1,,,,,,,,,,,,,,,,
1503,Silver-Haired Explorer,銀髪の探検家,worker_toxin,keep,unique flavor text + competitive stats,store (toxin),,255,400,toxin,16300,202,182,95,1,1,1,1,50,94,50,90,6,-1,1,True,Explorer/Explorer,0,1,,,,,,,,,,,,,,,,
1504,Pigeon Prisoner,ハト・プリズナー,worker_toxin,uncertain,unique flavor text (joke value) but stat-dominated,store (toxin),,255,400,toxin,10500,145,170,70,1,1,1.1,1,50,75,50,180,6,-1,1,False,hatoN/hatoN,0,1,,,,,,,,,,,,,,,,
1505,Pigeon Knockoff,ハトもどき,worker_toxin,uncertain,unique flavor text (joke value) but stat-dominated,store (toxin),,255,400,toxin,9100,160,136,48,1,1,1,1,50,32,50,360,4,-1,1,False,hatoP/hatoP,0,1,,,,,,,,,,,,,,,,
1506,Pigeon Knockoff G,ハトもどきG,worker_toxin,uncertain,unique flavor text (joke value) but stat-dominated,store (toxin),,255,400,toxin,15000,120,124,65,1,1,1,1,50,54,10,240,5,-1,1,False,hatoS/hatoS,0,1,,,,,,,,,,,,,,,,
1507,Grunt: President,ざこ　大統領,worker_toxin,cut,"reskin: recycled text, recycled art, stat-dominated",store (toxin),,255,400,toxin,100,100,100,10,1,1,1,1,50,10,10,480,0,-1,1,False,hatoA/hatoA,0,1,,,,,,,,,,,,,,,,
1508,Grunt: Bronze,ざこ　どう,worker_toxin,cut,"reskin: recycled text, recycled art, stat-dominated",store (toxin),,255,400,toxin,100,100,100,10,1,1,1,1,50,10,10,480,0,-1,1,False,hatoA/hatoA,0,1,,,,,,,,,,,,,,,,
1509,Grunt: Silver,ざこ　ぎん,worker_toxin,cut,"reskin: recycled text, recycled art, stat-dominated",store (toxin),,255,400,toxin,100,100,100,10,1,1,1,1,50,10,10,480,0,-1,1,False,hatoA/hatoA,0,1,,,,,,,,,,,,,,,,
1510,Big Four,四天王,worker_toxin,keep,unique flavor text + competitive stats,store (toxin),,255,400,toxin,17100,141,225,90,1,1,1,1,50,90,50,90,6,-1,1,False,sarukaniA/sarukaniA,0,1,,,,,,,,,,,,,,,,
1511,Crab Girl,かにがーる,worker_toxin,uncertain,unique flavor text (joke value) but stat-dominated,store (toxin),,255,400,toxin,7500,131,160,35,1,1,1,1,50,20,50,360,4,-1,1,True,sarukaniB/sarukaniB,0,1,,,,,,,,,,,,,,,,
1512,Yokai Rokuro,妖怪ろくろさん,worker_toxin,keep,unique flavor text + competitive stats,store (toxin),,255,400,toxin,16100,155,222,85,1,1,1,1,50,45,50,90,6,-1,1,True,YoukaiG/YoukaiG,0,1,,,,,,,,,,,,,,,,
1513,Yokai Warashi,妖怪わらし,worker_toxin,uncertain,unique flavor text (joke value) but stat-dominated,store (toxin),,255,400,toxin,10300,140,163,90,1,1,1,1,50,90,50,180,6,-1,1,True,YoukaiH/YoukaiH,0,1,,,,,,,,,,,,,,,,
1514,Yokai Wheel,妖怪しゃりん,worker_toxin,uncertain,unique flavor text (joke value) but stat-dominated,store (toxin),,255,400,toxin,13400,128,190,74,1,1,1,1,50,20,50,240,5,-1,1,False,YoukaiN/YoukaiN,0,1,,,,,,,,,,,,,,,,
1515,Yokai Lantern,妖怪ちょうちん,worker_toxin,uncertain,unique flavor text (joke value) but stat-dominated,store (toxin),,255,400,toxin,7700,148,141,36,1,1,1,1,50,44,50,360,4,-1,1,False,YoukaiO/YoukaiO,0,1,,,,,,,,,,,,,,,,
1516,Grunt: Dracula,ざこ　ドラキュラ,worker_toxin,uncertain,unique art but recycled text and dominated stats — art-only value,store (toxin),,255,400,toxin,5000,200,100,10,1,1,1,1,50,10,10,480,0,-1,1,True,FFEI/FFEI,0,1,,,,,,,,,,,,,,,,
1517,Grunt: Wolfman,ざこ　オオカミ男,worker_toxin,uncertain,unique art but recycled text and dominated stats — art-only value,store (toxin),,255,400,toxin,100,100,100,10,1,1,1,1,50,10,10,480,0,-1,1,False,FFEJ/FFEJ,0,1,,,,,,,,,,,,,,,,
1518,Grunt: Tree,ざこ　木,worker_toxin,uncertain,unique art but recycled text and dominated stats — art-only value,store (toxin),,255,400,toxin,100,100,100,10,1,1,1,1,50,10,10,480,0,-1,1,False,FFEF/FFEF,0,1,,,,,,,,,,,,,,,,
1519,Grunt: Boarpig,ざこ　いのぶた,worker_toxin,cut,"reskin: recycled text, recycled art, stat-dominated",store (toxin),,255,400,toxin,100,100,100,10,1,1,1,1,50,10,10,480,0,-1,1,False,FFEE/FFEE,0,1,,,,,,,,,,,,,,,,
1520,Grunt: Kappa,ざこ　カッパ,worker_toxin,cut,"reskin: recycled text, recycled art, stat-dominated",store (toxin),,255,400,toxin,100,100,100,10,1,1,1,1,50,10,10,480,0,-1,1,False,hatoA/hatoA,0,1,,,,,,,,,,,,,,,,
1521,Grunt: Lantern,ざこ　提灯,worker_toxin,cut,"reskin: recycled text, recycled art, stat-dominated",store (toxin),,255,400,toxin,100,100,100,10,1,1,1,1,50,10,10,480,0,-1,1,False,hatoA/hatoA,0,1,,,,,,,,,,,,,,,,
1522,Grunt: Lantern,ざこ　提灯,worker_toxin,cut,"reskin: recycled text, recycled art, stat-dominated",store (toxin),,255,400,toxin,100,100,100,10,1,1,1,1,50,10,10,480,0,-1,1,False,hatoA/hatoA,0,1,,,,,,,,,,,,,,,,
1523,Masked Magistrate,覆面奉行,worker_toxin,keep,unique flavor text + competitive stats,store (toxin),,255,400,toxin,11500,236,244,95,1,1,1,1,50,89,40,90,6,-1,1,False,bugyouB/bugyouB,0,1,,,,,,,,,,,,,,,,
1524,Clumsy Constable,うっかり同心,worker_toxin,uncertain,unique flavor text (joke value) but stat-dominated,store (toxin),,255,400,toxin,14800,188,199,72,1,1,1,1,50,38,40,180,5,-1,1,False,bugyouA/bugyouA,0,1,,,,,,,,,,,,,,,,
1525,Errand Boy,でっちぼうや,worker_toxin,uncertain,unique flavor text (joke value) but stat-dominated,store (toxin),,255,400,toxin,10400,121,128,77,1,1,1,1,50,22,40,360,4,-1,1,False,bugyouE/bugyouE,0,1,,,,,,,,,,,,,,,,
1526,Dreaming Cat Girl,夢見る猫娘,worker_toxin,keep,unique flavor text + competitive stats,store (toxin),,255,400,toxin,15100,188,215,91,1,1,1,1,50,92,50,90,6,-1,1,True,VHI/VH2A,0,1,,,,,,,,,,,,,,,,
1527,Anakaris,アナカリス,worker_toxin,uncertain,unique flavor text (joke value) but stat-dominated,store (toxin),,255,400,toxin,16600,138,229,88,1,1,1,1,50,80,50,90,6,-1,1,False,VH2B/VH2B,0,1,,,,,,,,,,,,,,,,
1528,Spirit Girl,霊幻少女,worker_toxin,uncertain,unique flavor text (joke value) but stat-dominated,store (toxin),,255,400,toxin,14400,179,231,94,1,1,1,1,50,85,50,90,6,-1,1,True,VH2C/VH2C,0,1,,,,,,,,,,,,,,,,
1529,Huitzil,フォボス,worker_toxin,keep,unique flavor text + competitive stats,store (toxin),,255,400,toxin,21100,115,200,78,1,1,1,1,50,99,50,90,6,-1,1,False,VH2D/VH2D,0,1,,,,,,,,,,,,,,,,
1530,Rikuo,オルバス,worker_toxin,uncertain,unique flavor text (joke value) but stat-dominated,store (toxin),,255,400,toxin,9700,152,151,72,1,1,1,1,50,60,50,360,5,-1,1,False,VH2E/VH2E,0,1,,,,,,,,,,,,,,,,
1531,Dark Talbain,ダークガロン,worker_toxin,uncertain,unique flavor text (joke value) but stat-dominated,store (toxin),,255,400,toxin,13500,199,215,92,1,1,1,1,50,80,50,90,6,-1,1,False,VH2F/VH2F,0,1,,,,,,,,,,,,,,,,
1532,Pyron Zombie,パイロンゾンビ,worker_toxin,uncertain,unique flavor text (joke value) but stat-dominated,store (toxin),,255,400,toxin,9800,115,182,68,1,1,1,1,50,62,50,180,5,-1,1,False,VH2G/VH2G,0,1,,,,,,,,,,,,,,,,
1533,Jedah Zombie,ジェダゾンビ,worker_toxin,uncertain,unique flavor text (joke value) but stat-dominated,store (toxin),,255,400,toxin,14000,115,200,75,1,1,1,1,50,72,50,180,5,-1,1,False,VH2H/VH2H,0,1,,,,,,,,,,,,,,,,
1534,Morrigan Zombie,モリガンゾンビ,worker_toxin,uncertain,unique flavor text (joke value) but stat-dominated,store (toxin),,255,400,toxin,12600,170,180,82,1,1,1,1,50,77,50,180,5,-1,1,True,VH2I/VH2I,0,1,,,,,,,,,,,,,,,,
1535,Felicia Zombie,フェリシアゾンビ,worker_toxin,uncertain,unique flavor text (joke value) but stat-dominated,store (toxin),,255,400,toxin,10500,133,170,88,1,1,1,1,50,74,50,180,6,-1,1,True,VH2J/VH2J,0,1,,,,,,,,,,,,,,,,
1536,Lilith Chef,リリスシェフ,playable_chef,keep,playable chef (owner-approved set; do not edit),store (toxin),,255,100,toxin,9800,160,160,95,1,2,1,1,50,50,50,240,0,-1,1,True,VH2K/VH2K,1,1,,,,,,,,,,,,,,,,
1537,Idol Meister,アイドルマイスター,worker_toxin,keep,unique flavor text + competitive stats,store (toxin),,255,400,toxin,12600,248,230,90,1,1,1,1,50,85,50,90,6,-1,1,True,idolA/idolA,0,1,,,,,,,,,,,,,,,,
1538,Veteran-ish Idol,ベテラン風アイドル,worker_toxin,uncertain,unique flavor text (joke value) but stat-dominated,store (toxin),,255,400,toxin,11500,183,189,84,1,1,1,1,50,85,50,180,5,-1,1,True,idolB/idolB,0,1,,,,,,,,,,,,,,,,
1539,Idol Voice Actress,アイドル声優,worker_toxin,uncertain,unique flavor text (joke value) but stat-dominated,store (toxin),,255,400,toxin,8800,182,183,92,1,1,1,1,50,66,70,180,6,-1,1,True,idolC/idolC,0,1,,,,,,,,,,,,,,,,
1540,Big-City Idol,上京アイドル,worker_toxin,uncertain,unique flavor text (joke value) but stat-dominated,store (toxin),,255,400,toxin,8700,138,149,64,1,1,1,1,50,65,60,360,4,-1,1,True,CustomerA/idolD,0,1,,,,,,,,,,,,,,,,
1541,Electric Town Guy,電気街の男,worker_toxin,keep,unique flavor text + competitive stats,store (toxin),,18,80,toxin,11200,124,151,45,1,1,1.2,1,50,60,50,180,5,-1,1,False,otakuA/otakuA,0,1,,,,,,,,,,,,,,,,
1542,Idol Hopeful,アイドル志望,worker_toxin,keep,unique flavor text + competitive stats,store (toxin),,14,25,toxin,5100,85,80,77,1,1,1,1,50,66,60,300,4,-1,1,True,CustomerA/idolE,0,1,,,,,,,,,,,,,,,,
1543,Poseidon,ぽせいどん,worker_toxin,keep,unique flavor text + competitive stats,store (toxin),,255,400,toxin,20000,120,215,92,1,1,2,1,50,68,10,90,6,-1,1,False,PoseidonA/PoseidonA,0,1,,,,,,,,,,,,,,,,
1544,Undine,ウンディーネ,worker_toxin,keep,unique flavor text + competitive stats,store (toxin),,255,400,toxin,16200,151,225,99,1,1,1,1,50,89,50,90,6,-1,1,True,PoseidonB/PoseidonB,0,1,,,,,,,,,,,,,,,,
1545,Maverick of the Sea,海の異端児,worker_toxin,uncertain,unique flavor text (joke value) but stat-dominated,store (toxin),,255,400,toxin,7600,184,130,24,1,1,1,1,50,33,50,360,4,-1,1,False,seaD/fishmanE,0,1,,,,,,,,,,,,,,,,
1546,Uriel,ウリエル,worker_toxin,keep,unique flavor text + competitive stats,store (toxin),,255,400,toxin,15800,172,223,97,1,1,1,1,50,90,50,90,6,-1,1,True,angelM/angelM,0,1,,,,,,,,,,,,,,,,
1547,King of Trees,キングオブツリー,worker_toxin,uncertain,unique flavor text (joke value) but stat-dominated,store (toxin),,255,400,toxin,10000,103,182,28,1,1,1,1,50,45,50,180,6,-1,1,False,FFEL/FFEL,0,1,,,,,,,,,,,,,,,,
1548,Santa Invisibo,サンタインビジボー,worker_toxin,uncertain,unique flavor text (joke value) but stat-dominated,store (toxin),event_christmas,255,400,toxin,11000,130,160,77,1,1,1,1,50,68,60,180,6,-1,1,False,InvisibleD/InvisibleD,0,1,,,,,,,,,,,,,,,,
1549,Sleepy Santa,いねむりサンタ,worker_toxin,uncertain,unique flavor text (joke value) but stat-dominated,store (toxin),event_christmas,255,400,toxin,10500,185,224,90,1,1,1,1,50,85,50,180,5,-1,1,True,Sleeping_princessC/Sleeping_princessC,0,1,,,,,,,,,,,,,,,,
1550,Furufuru,フルフル,worker_toxin,keep,unique flavor text + competitive stats,store (toxin),,255,400,toxin,16600,182,201,84,1,1,1,1,50,85,60,90,6,-1,1,True,animal2_A/animal2_A,0,1,,,,,,,,,,,,,,,,
1551,Psycho Deer,サイコディア―,worker_toxin,uncertain,unique flavor text (joke value) but stat-dominated,store (toxin),,255,400,toxin,11300,138,142,92,1,1,1,1,50,66,30,360,5,-1,1,False,clown/costume_I,0,1,,,,,,,,,,,,,,,,
1552,Susanoo,すさのお,worker_toxin,keep,unique flavor text + competitive stats,store (toxin),,255,400,toxin,14500,143,277,89,1,1,1.2,1,50,80,70,90,6,-1,1,False,japanC/japanC,0,1,,,,,,,,,,,,,,,,
1553,Uzume,うずめ,worker_toxin,uncertain,unique flavor text (joke value) but stat-dominated,store (toxin),,255,400,toxin,11200,158,165,88,1,1,1,1,50,60,60,180,6,-1,1,True,japanB/japanB,0,1,,,,,,,,,,,,,,,,
1554,Amaterasu,あまてらす,worker_toxin,uncertain,unique flavor text (joke value) but stat-dominated,store (toxin),,255,400,toxin,12800,205,205,99,1,1,1,1,50,99,70,180,5,-1,1,True,japanA/japanA,0,1,,,,,,,,,,,,,,,,
1555,Yamata no Orochi,やまたのおろち,worker_toxin,uncertain,unique flavor text (joke value) but stat-dominated,store (toxin),,255,400,toxin,7900,133,202,58,1,1,1,1,50,11,50,360,5,-1,1,False,japanD/japanD,0,1,,,,,,,,,,,,,,,,
1556,Mr. Orochi,おろちさん,worker_toxin,uncertain,unique flavor text (joke value) but stat-dominated,store (toxin),,255,400,toxin,13700,122,142,79,1,1,1,1,50,89,50,180,6,-1,1,False,japanE/japanE,0,1,,,,,,,,,,,,,,,,
1557,Acrobat,曲芸師,worker_toxin,keep,unique flavor text + competitive stats,store (toxin),,255,400,toxin,17500,212,172,92,1,1,1,1,50,89,60,90,6,-1,1,False,animal2_B/animal2_B,0,1,,,,,,,,,,,,,,,,
1558,Psycho Monkey,サイコモンキー,worker_toxin,uncertain,unique flavor text (joke value) but stat-dominated,store (toxin),,255,400,toxin,12300,160,122,62,1,1,1,1,50,55,30,360,5,-1,1,False,clown/costume_J,0,1,,,,,,,,,,,,,,,,
1559,Instant Old Man,インスタント老人,worker_toxin,uncertain,unique flavor text (joke value) but stat-dominated,store (toxin),,255,400,toxin,8200,125,150,28,1,1,1,1,50,28,30,360,4,-1,1,False,urasimaC/urasimaC,0,1,,,,,,,,,,,,,,,,
1560,Seafood Platter,海鮮盛,worker_toxin,uncertain,unique flavor text (joke value) but stat-dominated,store (toxin),,255,400,toxin,13800,165,168,82,1,1,1,1,50,50,50,180,5,-1,1,False,urasimaB/urasimaB,0,1,,,,,,,,,,,,,,,,
1561,Deep-Sea Princess,深海の乙姫,worker_toxin,uncertain,unique flavor text (joke value) but stat-dominated,store (toxin),,255,400,toxin,9900,163,154,78,1,1,1,1,50,60,50,180,6,-1,1,True,urasimaD/urasimaD,0,1,,,,,,,,,,,,,,,,
1562,Old-Time Fisherman,昔の漁師,worker_toxin,keep,unique flavor text + competitive stats,store (toxin),,255,400,toxin,18200,165,195,99,1,1,1,1,50,68,70,90,6,-1,1,False,urasimaA/urasimaA,0,1,,,,,,,,,,,,,,,,
1563,Ninja Academia Girl,忍者アカデミア女子,worker_toxin,uncertain,unique flavor text (joke value) but stat-dominated,store (toxin),,255,400,toxin,12600,231,235,91,1,1,1,1,50,20,60,90,6,-1,1,True,NinjaB/NinjaB,0,1,,,,,,,,,,,,,,,,
1564,Teacher Suppa,すっぱ先生,worker_toxin,uncertain,unique flavor text (joke value) but stat-dominated,store (toxin),,255,400,toxin,8800,205,120,65,1,1,1,1,50,89,50,360,5,-1,1,False,NinjamanB/NinjaA,0,1,,,,,,,,,,,,,,,,
1565,Kunoichi Clerk,くノ一事務員,worker_toxin,uncertain,unique flavor text (joke value) but stat-dominated,store (toxin),,255,400,toxin,6700,200,105,35,1,1,1,1,50,33,30,360,4,-1,1,True,Ninjawoman/Ninjawoman,0,1,,,,,,,,,,,,,,,,
1566,Expendable Scout,すてごま先兵,worker_toxin,keep,unique flavor text + competitive stats,store (toxin),,16,25,toxin,5800,88,100,65,1,1,1,1,50,50,50,300,4,-1,1,False,militaryD/heroC,0,1,,,,,,,,,,,,,,,,
1567,Veteran Mercenary,ベテラン傭兵,worker_toxin,keep,unique flavor text + competitive stats,store (toxin),,16,80,toxin,9900,142,160,82,1,1,1,1,50,60,50,180,5,-1,1,False,militaryD/militaryH,0,1,,,,,,,,,,,,,,,,
1568,Ninja School Girl,忍者学院女子,worker_toxin,uncertain,unique flavor text (joke value) but stat-dominated,store (toxin),,255,400,toxin,12800,210,175,91,1,1,1,1,50,81,60,180,5,-1,1,True,NinjaC/NinjaC,0,1,,,,,,,,,,,,,,,,
1569,Injured Ninja,けが忍,worker_toxin,uncertain,unique flavor text (joke value) but stat-dominated,store (toxin),,255,400,toxin,10000,115,212,65,1,1,1,1,50,89,50,120,6,-1,1,True,NinjaD/NinjaD,0,1,,,,,,,,,,,,,,,,
1570,Mr. Sasuke Sensei,Mr.サスケ先生,worker_toxin,uncertain,unique flavor text (joke value) but stat-dominated,store (toxin),,255,400,toxin,12500,185,123,35,1,1,1,1,50,33,30,180,6,-1,1,False,NinjaE/NinjaE,0,1,,,,,,,,,,,,,,,,
1571,Bather,入浴者,worker_toxin,uncertain,unique flavor text (joke value) but stat-dominated,store (toxin),,255,400,toxin,8900,162,160,35,1,1,1,1,50,33,30,360,5,-1,1,False,bath/bath,0,1,,,,,,,,,,,,,,,,
1572,God of Poverty,貧乏神,worker_toxin,uncertain,unique flavor text (joke value) but stat-dominated,store (toxin),,255,400,toxin,13100,174,255,91,1,1,1,1,50,81,60,90,6,-1,1,True,binbou/binbou,0,1,,,,,,,,,,,,,,,,
1573,God of Plague,厄病神,worker_toxin,uncertain,unique flavor text (joke value) but stat-dominated,store (toxin),,255,400,toxin,11400,130,145,65,1,1,1,1,50,89,50,360,5,-1,1,False,reaper2D/reaper2D,0,1,,,,,,,,,,,,,,,,
1574,Lilin,リリン,worker_toxin,keep,unique flavor text + competitive stats,store (toxin),,255,400,toxin,17200,144,221,35,1,1,1,1,50,33,30,90,6,-1,1,True,SummonsA/SummonsA,0,1,,,,,,,,,,,,,,,,
1575,Demon Summoner,悪魔召喚,worker_toxin,uncertain,unique flavor text (joke value) but stat-dominated,store (toxin),,255,400,toxin,9500,138,165,35,1,1,1,1,50,33,30,360,5,-1,1,False,SummonsB/SummonsB,0,1,,,,,,,,,,,,,,,,
1576,Cinderella,シンデレラ,worker_toxin,keep,unique flavor text + competitive stats,store (toxin),,255,400,toxin,15200,162,233,99,1,1,1,1,50,99,60,90,6,-1,1,True,CinderellaA/CinderellaA,0,1,,,,,,,,,,,,,,,,
1577,Cinder Princess,灰かぶり姫,worker_toxin,uncertain,unique flavor text (joke value) but stat-dominated,store (toxin),,255,400,toxin,10400,149,158,65,1,1,1,1,50,89,50,360,6,-1,1,True,CinderellaB/CinderellaB,0,1,,,,,,,,,,,,,,,,
1578,Shoe Prince,くつ王子,worker_toxin,uncertain,unique flavor text (joke value) but stat-dominated,store (toxin),,255,400,toxin,13300,172,190,35,1,1,1,1,50,33,30,360,5,-1,1,False,CinderellaG/CinderellaG,0,1,,,,,,,,,,,,,,,,
1579,Mouse Carriage,ネズミ車,worker_toxin,uncertain,unique flavor text (joke value) but stat-dominated,store (toxin),,255,400,toxin,7900,155,148,91,1,1,1,1,50,81,60,90,5,-1,1,False,CinderellaH/CinderellaH,0,1,,,,,,,,,,,,,,,,
1580,Pigeon Wrestler,ハトレスラー,worker_toxin,uncertain,unique flavor text (joke value) but stat-dominated,store (toxin),,255,400,toxin,14400,142,198,72,1,1,1.5,1,50,60,50,180,5,-1,1,False,hatoT/hatoT,0,1,,,,,,,,,,,,,,,,
1581,Masked Chicken,マスク・ド・チキン,worker_toxin,keep,unique flavor text + competitive stats,store (toxin),,255,400,toxin,19300,140,202,88,1,1,1.5,1,50,90,50,90,6,-1,1,False,hatoU/hatoU,0,1,,,,,,,,,,,,,,,,
1582,Cinder Chef,灰かぶりシェフ,playable_chef,keep,playable chef (owner-approved set; do not edit),store (toxin),,255,100,toxin,10400,149,158,87,1,1,1,1.1,50,50,50,360,0,-1,1,True,CinderellaI/CinderellaI,1,1,,,,,,,,,,,,,,,,
1583,Seaweed,シーウィード,worker_toxin,keep,unique flavor text + competitive stats,store (toxin),,255,400,toxin,16800,168,207,99,1,1,1.3,1,50,90,50,60,6,-1,1,True,PlantH/PlantH,0,1,,,,,,,,,,,,,,,,
1584,NEET Fairy,妖精ニート,worker_toxin,uncertain,unique flavor text (joke value) but stat-dominated,store (toxin),,255,400,toxin,9600,148,124,35,1,1,1,1,50,35,30,360,4,-1,1,False,PlantI/PlantI,0,1,,,,,,,,,,,,,,,,
1585,Goth Girl,ゴスッ娘,worker_toxin,uncertain,unique flavor text (joke value) but stat-dominated,store (toxin),,255,400,toxin,14100,212,212,99,1,1,1,1,50,81,60,90,6,-1,1,True,gosuA/gosuA,0,1,,,,,,,,,,,,,,,,
1586,Goth Dog,ゴスッ犬,worker_toxin,uncertain,unique flavor text (joke value) but stat-dominated,store (toxin),,255,400,toxin,13300,115,136,75,1,1,1,1,50,32,50,300,5,-1,1,False,gosuB/gosuB,0,1,,,,,,,,,,,,,,,,
1587,ZEUS,ZEUS,worker_toxin,keep,unique flavor text + competitive stats,store (toxin),,255,400,toxin,15000,127,285,95,1,1,1,1,50,90,70,90,6,-1,1,False,God2A/God2A,0,1,,,,,,,,,,,,,,,,
1588,Heracles,ヘーラクレース,worker_toxin,uncertain,unique flavor text (joke value) but stat-dominated,store (toxin),,255,400,toxin,12300,145,164,82,1,1,1,1,50,85,70,120,6,-1,1,False,God2B/God2B,0,1,,,,,,,,,,,,,,,,
1589,Heraklechu,ヘラクレチュ,worker_toxin,uncertain,unique flavor text (joke value) but stat-dominated,store (toxin),,255,400,toxin,10700,130,152,72,1,1,1,1,50,80,70,180,6,-1,1,False,God2C/God2C,0,1,,,,,,,,,,,,,,,,
1590,Apollo,あぽろん,worker_toxin,uncertain,unique flavor text (joke value) but stat-dominated,store (toxin),,255,400,toxin,15300,128,215,78,1,1,1,1,50,62,50,360,5,-1,1,False,God2D/God2D,0,1,,,,,,,,,,,,,,,,
1591,Hera,ヘラ,worker_toxin,uncertain,unique flavor text (joke value) but stat-dominated,store (toxin),,255,400,toxin,11400,125,160,92,1,1,1,1,50,99,50,180,6,-1,1,True,God2E/God2E,0,1,,,,,,,,,,,,,,,,
1592,Necromancer,ネクロマンサー,worker_toxin,keep,unique flavor text + competitive stats,store (toxin),,255,400,toxin,17300,118,244,94,1,1,1,1,50,94,60,90,6,-1,1,True,necromancer/necromancer,0,1,,,,,,,,,,,,,,,,
1593,Ressentiment,ルサンチマン,worker_toxin,uncertain,unique flavor text (joke value) but stat-dominated,store (toxin),,255,400,toxin,10100,130,168,88,1,1,1,1,50,45,50,300,5,-1,1,False,hatoV/hatoV,0,1,,,,,,,,,,,,,,,,
1594,White Tiger of the West,西の白虎,worker_toxin,uncertain,unique flavor text (joke value) but stat-dominated,store (toxin),,255,400,toxin,13400,202,188,65,1,1,1,1,50,77,70,180,5,-1,1,False,sisinA/sisinA,0,1,,,,,,,,,,,,,,,,
1595,Black Tortoise of the North,北の玄武,worker_toxin,uncertain,unique flavor text (joke value) but stat-dominated,store (toxin),,255,400,toxin,9800,92,169,85,1,1,1,1,50,60,60,360,5,-1,1,False,sisinB/sisinB,0,1,,,,,,,,,,,,,,,,
1596,Vermilion Bird of the South,南の朱雀,worker_toxin,keep,unique flavor text + competitive stats,store (toxin),,255,400,toxin,18500,168,191,97,1,1,1,1,50,99,70,90,6,-1,1,False,sisinC/sisinC,0,1,,,,,,,,,,,,,,,,
1597,Azure Dragon of the East,東の青龍,worker_toxin,uncertain,unique flavor text (joke value) but stat-dominated,store (toxin),,255,400,toxin,11100,135,172,66,1,1,1,1,50,11,50,180,6,-1,1,False,sisinD/sisinD,0,1,,,,,,,,,,,,,,,,
1598,Yellow Dragon,黄竜,worker_toxin,uncertain,unique flavor text (joke value) but stat-dominated,store (toxin),,255,400,toxin,14400,131,157,81,1,1,1,1,50,75,50,120,6,-1,1,False,sisinE/sisinE,0,1,,,,,,,,,,,,,,,,
1599,Automaton,オートマトン,worker_toxin,uncertain,unique flavor text (joke value) but stat-dominated,store (toxin),,255,400,toxin,18800,105,121,85,1,1,1,1,50,70,50,120,6,-1,1,False,robo2A/robo2A,0,1,,,,,,,,,,,,,,,,
1600,Gynoid,ガイノイド,worker_toxin,keep,unique flavor text + competitive stats,store (toxin),,255,400,toxin,16100,133,250,99,1,1,1,1,50,90,50,90,6,-1,1,True,robo2B/robo2B,0,1,,,,,,,,,,,,,,,,
1601,Boxroid,箱ロイド,worker_toxin,uncertain,unique flavor text (joke value) but stat-dominated,store (toxin),,255,400,toxin,9300,118,160,46,1,1,1,1,50,10,50,360,4,-1,1,False,robo2C/robo2C,0,1,,,,,,,,,,,,,,,,
1602,Captain Boxroid,キャプテン箱ロイド,worker_toxin,uncertain,unique flavor text (joke value) but stat-dominated,store (toxin),,255,400,toxin,10600,158,165,76,1,1,1,1,50,45,50,180,6,-1,1,False,robo2D/robo2D,0,1,,,,,,,,,,,,,,,,
1603,Roboto,ロボト,worker_toxin,uncertain,unique flavor text (joke value) but stat-dominated,store (toxin),,255,400,toxin,12100,225,193,88,1,1,1,1,50,75,50,180,5,-1,1,False,robo2E/robo2E,0,1,,,,,,,,,,,,,,,,
1604,Mr. Yukimura,幸村さん,worker_toxin,keep,unique flavor text + competitive stats,store (toxin),,255,400,toxin,17700,190,190,99,1,1,1,1,50,81,60,90,6,-1,1,False,BushiA/BushiA,0,1,,,,,,,,,,,,,,,,
1605,Mr. Masayuki,昌幸さん,worker_toxin,uncertain,unique flavor text (joke value) but stat-dominated,store (toxin),,255,400,toxin,11000,108,173,75,1,1,1,1,50,32,50,180,5,-1,1,False,BushiB/BushiB,0,1,,,,,,,,,,,,,,,,
1606,The Great Fool,大うつけ,worker_toxin,keep,unique flavor text + competitive stats,store (toxin),,255,400,toxin,16600,140,241,91,1,1,1,1,50,90,50,90,6,-1,1,False,BushiD/BushiD,0,1,,,,,,,,,,,,,,,,
1607,Young Yukimura,幸村くん,worker_toxin,uncertain,unique flavor text (joke value) but stat-dominated,store (toxin),,255,400,toxin,17500,142,168,78,1,1,1,1,50,75,50,360,5,-1,1,False,BushiC/BushiC,0,1,,,,,,,,,,,,,,,,
1608,Best Archer of the Coast,海道一の弓取り,worker_toxin,uncertain,unique flavor text (joke value) but stat-dominated,store (toxin),,255,400,toxin,13000,103,160,72,1,1,1,1,50,60,50,180,6,-1,1,False,BushiF/BushiF,0,1,,,,,,,,,,,,,,,,
1609,Regular Foot Soldier,ふつうの足軽,worker_toxin,uncertain,unique flavor text (joke value) but stat-dominated,store (toxin),,255,400,toxin,7200,99,155,40,1,1,1,1,50,20,50,360,4,-1,1,False,BushiG/BushiG,0,1,,,,,,,,,,,,,,,,
1610,Oichi,お市,worker_toxin,uncertain,unique flavor text (joke value) but stat-dominated,store (toxin),,255,400,toxin,10800,105,170,89,1,1,1,1,50,75,50,120,6,-1,1,True,BushiH/BushiH,0,1,,,,,,,,,,,,,,,,
1611,Monkey,サル,worker_toxin,uncertain,unique flavor text (joke value) but stat-dominated,store (toxin),,255,400,toxin,100,20,20,88,1,1,1,1,50,75,50,180,6,-1,1,False,hatoA/hatoA,0,1,,,,,,,,,,,,,,,,
1612,Foot Soldier 2,足軽2,worker_toxin,cut,"reskin: recycled text, recycled art, stat-dominated",store (toxin),,255,400,toxin,100,20,20,10,1,1,1,1,50,75,50,360,1,-1,1,False,hatoA/hatoA,0,1,,,,,,,,,,,,,,,,
1613,Jaguar,ジャガー,worker_toxin,uncertain,unique flavor text (joke value) but stat-dominated,store (toxin),,255,400,toxin,11200,230,202,68,1,1,1,1,50,60,50,180,5,-1,1,True,animal2_C/animal2_C,0,1,,,,,,,,,,,,,,,,
1614,Inari,いなり,worker_toxin,keep,unique flavor text + competitive stats,store (toxin),,255,400,toxin,15500,204,202,97,1,1,1,1,50,90,50,60,6,-1,1,True,animal2_D/animal2_D,0,1,,,,,,,,,,,,,,,,
1615,Girls & Panda,ガールズ＆パンダ,worker_toxin,uncertain,unique flavor text (joke value) but stat-dominated,store (toxin),,255,400,toxin,11200,154,158,85,1,1,1,1,50,75,50,180,6,-1,1,True,animal2_E/animal2_E,0,1,,,,,,,,,,,,,,,,
1616,Garupanda,ガルパンダ,worker_toxin,uncertain,unique flavor text (joke value) but stat-dominated,store (toxin),,255,400,toxin,16000,111,145,89,1,1,1,1,50,75,50,120,6,-1,1,True,animal2_G/animal2_G,0,1,,,,,,,,,,,,,,,,
1617,Giant Panda,大熊猫,worker_toxin,uncertain,unique flavor text (joke value) but stat-dominated,store (toxin),,255,400,toxin,9900,110,166,78,1,1,1,1,50,75,50,240,5,-1,1,False,animal2_F/animal2_F,0,1,,,,,,,,,,,,,,,,
1618,8-Bit Mega Man,ドットロックマン,playable_chef,keep,playable chef (owner-approved set; do not edit),store (toxin),capcom_rockman,255,100,toxin,11000,115,172,92,1,1,1,1.1,50,50,50,360,0,-1,1,False,XA/XA,1,1,,,,,,,,,,,,,,,,
1619,8-Bit Mega Man,ドットロックマン,worker_toxin,keep,collab set kept whole (capcom_rockman; keep-faithful policy),store (toxin),capcom_rockman,255,400,toxin,11000,115,172,78,1,1,1,1,50,75,50,180,6,-1,1,False,XB/XB,0,1,,,,,,,,,,,,,,,,
1620,X,エックス,worker_toxin,keep,unique flavor text + competitive stats,store (toxin),,255,400,toxin,16100,177,218,90,1,1,1,1,50,75,50,90,6,-1,1,False,XD/XD,0,1,,,,,,,,,,,,,,,,
1621,Zombie X,ゾンビエックス,worker_toxin,uncertain,unique flavor text (joke value) but stat-dominated,store (toxin),,255,400,toxin,15400,115,224,68,1,1,1,1,50,75,50,120,5,-1,1,False,XC/XC,0,1,,,,,,,,,,,,,,,,
1622,X (Full Armor),エックス(フルアーマー),worker_toxin,keep,unique flavor text + competitive stats,store (toxin),,255,400,toxin,16500,145,244,91,1,1,1,1,50,75,50,90,6,-1,1,False,XE/XE,0,1,,,,,,,,,,,,,,,,
1623,Zero,ゼロ,worker_toxin,keep,unique flavor text + competitive stats,store (toxin),,255,400,toxin,18900,158,200,89,1,1,1,1,50,75,50,90,6,-1,1,False,XF/XF,0,1,,,,,,,,,,,,,,,,
1624,Black Zero,ブラックゼロ,worker_toxin,uncertain,unique flavor text (joke value) but stat-dominated,store (toxin),,255,400,toxin,13700,124,170,77,1,1,1,1,50,75,50,180,6,-1,1,False,XG/XG,0,1,,,,,,,,,,,,,,,,
1625,Iris,アイリス,worker_toxin,uncertain,unique flavor text (joke value) but stat-dominated,store (toxin),,255,400,toxin,12000,111,164,84,1,1,1,1,50,75,50,180,6,-1,1,True,XH/XH,0,1,,,,,,,,,,,,,,,,
1626,Mac,マック,worker_toxin,uncertain,unique flavor text (joke value) but stat-dominated,store (toxin),,255,400,toxin,11300,107,158,48,1,1,1,1,50,18,50,360,5,-1,1,False,XJ/XJ,0,1,,,,,,,,,,,,,,,,
1627,VAVA,VAVA,worker_toxin,uncertain,unique flavor text (joke value) but stat-dominated,store (toxin),,255,400,toxin,10500,135,139,62,1,1,1,1,50,25,50,300,5,-1,1,False,XI/XI,0,1,,,,,,,,,,,,,,,,
1628,Sigma,シグマ,worker_toxin,uncertain,unique flavor text (joke value) but stat-dominated,store (toxin),,255,400,toxin,14400,103,154,77,1,1,1,1,50,60,50,180,6,-1,1,False,XK/XK,0,1,,,,,,,,,,,,,,,,
1629,Chill Penguin,アイシー・ペンギーゴ,worker_toxin,cut,"reskin: recycled text, recycled art, stat-dominated",store (toxin),,255,400,toxin,100,20,20,10,1,1,1,1,50,75,50,600,1,-1,1,False,hatoA/hatoA,0,1,,,,,,,,,,,,,,,,
1630,Launch Octopus,ランチャー・オクトパス,worker_toxin,cut,"reskin: recycled text, recycled art, stat-dominated",store (toxin),,255,400,toxin,100,20,20,10,1,1,1,1,50,75,50,600,1,-1,1,False,hatoA/hatoA,0,1,,,,,,,,,,,,,,,,
1631,Spark Mandrill,スパーク・マンドリラー,worker_toxin,cut,"reskin: recycled text, recycled art, stat-dominated",store (toxin),,255,400,toxin,100,20,20,10,1,1,1,1,50,75,50,600,1,-1,1,False,hatoA/hatoA,0,1,,,,,,,,,,,,,,,,
1632,Met C-15,メットールC15,worker_toxin,cut,"reskin: recycled text, recycled art, stat-dominated",store (toxin),,255,400,toxin,100,20,20,10,1,1,1,1,50,75,50,600,1,-1,1,False,hatoA/hatoA,0,1,,,,,,,,,,,,,,,,
1633,Oichi,お市,playable_chef,keep,playable chef (owner-approved set; do not edit),store (toxin),,255,100,toxin,9500,132,188,91,1,3,1,1,50,50,50,240,0,-1,1,True,BushiJ/BushiJ,1,1,,,,,,,,,,,,,,,,
1634,Twin Blade Girl,双剣女子,worker_toxin,keep,unique flavor text + competitive stats,store (toxin),,255,400,toxin,12800,180,274,99,1,1,1,1,50,90,88,90,6,-1,1,True,FFD/FFD,0,1,,,,,,,,,,,,,,,,
1635,Cafe Goblin,カフェゴブリン,worker_toxin,uncertain,unique flavor text (joke value) but stat-dominated,store (toxin),,255,400,toxin,12900,85,152,35,1,1,1,1,50,20,50,360,5,-1,1,False,FFE/FFE,0,1,,,,,,,,,,,,,,,,
1636,Daikoku,大黒,worker_toxin,keep,unique flavor text + competitive stats,store (toxin),,255,400,toxin,18700,131,223,85,1,1,1,1,50,80,80,90,6,-1,1,False,God2H/God2H,0,1,,,,,,,,,,,,,,,,
1637,Bishamon,びしゃもん,worker_toxin,uncertain,unique flavor text (joke value) but stat-dominated,store (toxin),,255,400,toxin,13400,162,235,99,1,1,1,1,50,90,65,120,5,-1,1,False,God2J/God2J,0,1,,,,,,,,,,,,,,,,
1638,Ebisu,ゑびす,worker_toxin,uncertain,unique flavor text (joke value) but stat-dominated,store (toxin),,255,400,toxin,11800,106,172,46,1,1,1,1,50,38,40,360,5,-1,1,False,God2K/God2K,0,1,,,,,,,,,,,,,,,,
1639,Benten,べんてん,worker_toxin,keep,unique flavor text + competitive stats,store (toxin),,255,400,toxin,15100,177,234,95,1,1,1,1,50,90,80,90,6,-1,1,True,God2F/God2F,0,1,,,,,,,,,,,,,,,,
1640,Grandpa Fuku,福じい,worker_toxin,uncertain,unique flavor text (joke value) but stat-dominated,store (toxin),,255,400,toxin,12800,192,218,72,1,1,1,1,50,70,65,120,5,-1,1,False,God2G/God2G,0,1,,,,,,,,,,,,,,,,
1641,Mr. Kotobuki,寿さん,worker_toxin,uncertain,unique flavor text (joke value) but stat-dominated,store (toxin),,255,400,toxin,11700,102,171,78,1,1,1,1,50,60,50,180,6,-1,1,False,God2L/God2L,0,1,,,,,,,,,,,,,,,,
1642,Hotei,ほてゐ,worker_toxin,uncertain,unique flavor text (joke value) but stat-dominated,store (toxin),,255,400,toxin,13200,85,168,92,1,1,1,1,50,50,50,220,6,-1,1,False,God2I/God2I,0,1,,,,,,,,,,,,,,,,
1643,Dine-and-Dasher,無銭飲食,worker_toxin,keep,unique flavor text + competitive stats,store (toxin),,255,400,toxin,19400,99,245,99,1,1,1,1,50,90,80,90,6,-1,1,False,criminalA/criminalA,0,1,,,,,,,,,,,,,,,,
1644,Robber,強盗犯,worker_toxin,uncertain,unique flavor text (joke value) but stat-dominated,store (toxin),,255,400,toxin,12200,199,87,35,1,1,1,1,50,45,50,360,5,-1,1,False,criminalB/criminalB,0,1,,,,,,,,,,,,,,,,
1645,ULTRA Z7,ULTRA・Z7,worker_toxin,keep,unique flavor text + competitive stats,store (toxin),,255,400,toxin,22200,105,211,65,1,1,1,1,50,80,80,90,6,-1,1,False,ultraC/ultraC,0,1,,,,,,,,,,,,,,,,
1646,Partial Defense Force,一部防衛隊,worker_toxin,uncertain,unique flavor text (joke value) but stat-dominated,store (toxin),,255,400,toxin,14400,167,210,85,1,1,1,1,50,60,65,120,5,-1,1,False,ultraA/ultraA,0,1,,,,,,,,,,,,,,,,
1647,Shrimp Mogera,えびもげら,worker_toxin,uncertain,unique flavor text (joke value) but stat-dominated,store (toxin),,255,400,toxin,10400,126,140,97,1,1,1.3,1,50,55,50,360,5,-1,1,False,ultraE/ultraE,0,1,,,,,,,,,,,,,,,,
1648,Cicada Mogera,せみもげら,worker_toxin,uncertain,unique flavor text (joke value) but stat-dominated,store (toxin),,255,400,toxin,14200,112,162,66,1,1,1.3,1,50,40,50,180,6,-1,1,False,ultraD/ultraD,0,1,,,,,,,,,,,,,,,,
1649,Defense Force Strategist,一部防衛隊参謀,worker_toxin,uncertain,unique flavor text (joke value) but stat-dominated,store (toxin),,255,400,toxin,13200,135,168,81,1,1,1,1,50,60,60,180,6,-1,1,True,ultraB/ultraB,0,1,,,,,,,,,,,,,,,,
1650,Warrior Bird,ムシャ・バード,worker_toxin,keep,unique flavor text + competitive stats,store (toxin),,255,400,toxin,18600,125,228,77,1,1,1.2,1,50,60,60,30,6,-1,1,False,hatoW/hatoW,0,1,,,,,,,,,,,,,,,,
1651,White-Sleeved Maiden,白袖の乙女,worker_toxin,keep,unique flavor text + competitive stats,store (toxin),,255,400,toxin,16000,190,210,92,1,1,1,1,50,80,50,60,6,-1,1,True,kokesiE/kokesiE,0,1,,,,,,,,,,,,,,,,
1652,Kokeshi Doll,こけしどーる,worker_toxin,uncertain,unique flavor text (joke value) but stat-dominated,store (toxin),,255,400,toxin,13000,195,198,77,1,1,1,1,50,60,50,120,5,-1,1,True,kokesiD/kokesiD,0,1,,,,,,,,,,,,,,,,
1653,The Kokeshi,ザ・こけし,worker_toxin,uncertain,unique flavor text (joke value) but stat-dominated,store (toxin),,255,400,toxin,11100,122,132,45,1,1,1,1,50,30,50,360,5,-1,1,True,kokesiA/kokesiA,0,1,,,,,,,,,,,,,,,,
1654,Souvenir from Japan,日本のおみやげ,worker_toxin,uncertain,unique flavor text (joke value) but stat-dominated,store (toxin),,255,400,toxin,10900,128,181,71,1,1,1,1,50,40,50,180,6,-1,1,True,kokesiB/kokesiB,0,1,,,,,,,,,,,,,,,,
1655,Souvenir from Russia,ロシアのおみやげ,worker_toxin,uncertain,unique flavor text (joke value) but stat-dominated,store (toxin),,255,400,toxin,12600,146,169,78,1,1,1,1,50,60,50,120,6,-1,1,True,kokesiC/kokesiC,0,1,,,,,,,,,,,,,,,,
1656,Pegasus,ペガサス,worker_toxin,keep,unique flavor text + competitive stats,store (toxin),,255,400,toxin,16300,211,193,88,1,1,1,1,50,90,50,90,6,-1,1,False,PegasusA/PegasusA,0,1,,,,,,,,,,,,,,,,
1657,Kenta,けんた,worker_toxin,uncertain,unique flavor text (joke value) but stat-dominated,store (toxin),,255,400,toxin,12200,94,154,28,1,1,1,1,50,45,50,360,5,-1,1,False,PegasusB/sumowrestlerC,0,1,,,,,,,,,,,,,,,,
1658,Chimaira,キマイラ,worker_toxin,keep,unique flavor text + competitive stats,store (toxin),,255,400,toxin,19100,162,196,85,1,1,1,1,50,90,50,100,6,-1,1,False,kimairaA/kimairaA,0,1,,,,,,,,,,,,,,,,
1659,Probably a Shepherd,たぶん羊使い,worker_toxin,uncertain,unique flavor text (joke value) but stat-dominated,store (toxin),,255,400,toxin,12700,150,238,82,1,1,1,1,50,60,50,120,5,-1,1,True,kimairaB/kimairaB,0,1,,,,,,,,,,,,,,,,
1660,Cerberus,ケルベロス,worker_toxin,uncertain,unique flavor text (joke value) but stat-dominated,store (toxin),,255,400,toxin,11500,126,156,65,1,1,1,1,50,35,50,180,6,-1,1,False,kimairaC/kimairaC,0,1,,,,,,,,,,,,,,,,
1661,Groberus,グロべロス,worker_toxin,uncertain,unique flavor text (joke value) but stat-dominated,store (toxin),,255,400,toxin,12100,110,166,15,1,1,1,1,50,50,50,140,6,-1,1,False,kimairaD/kimairaD,0,1,,,,,,,,,,,,,,,,
1662,Rampage King Serikuma,暴走王せりくま,worker_toxin,uncertain,unique flavor text (joke value) but stat-dominated,store (toxin),,255,400,toxin,16400,145,241,91,1,1,1,1,50,90,50,90,6,-1,1,False,serikumaA/serikumaA,0,1,,,,,,,,,,,,,,,,
1663,Serikuma,せりくま,worker_toxin,uncertain,unique flavor text (joke value) but stat-dominated,store (toxin),,255,400,toxin,13000,102,138,24,1,1,1,1,50,60,50,360,5,-1,1,False,serikumaB/serikumaB,0,1,,,,,,,,,,,,,,,,
1664,Drone Girl,ドローン型女子,worker_toxin,keep,unique flavor text + competitive stats,store (toxin),,255,400,toxin,15100,184,228,99,1,1,1,1,50,90,50,90,6,-1,1,True,drone/drone,0,1,,,,,,,,,,,,,,,,
1665,VR That Guy,VRあいつ,worker_toxin,uncertain,unique flavor text (joke value) but stat-dominated,store (toxin),,255,400,toxin,10300,119,185,78,1,1,1,1,50,55,50,180,6,-1,1,False,third_chef2/third_chef2,0,1,,,,,,,,,,,,,,,,
1666,Rain Sister (Younger),レインシスター妹,worker_toxin,keep,unique flavor text + competitive stats,store (toxin),,255,400,toxin,13400,230,230,95,1,1,1,1,50,90,50,90,6,-1,1,True,rainA/rainA,0,1,,,,,,,,,,,,,,,,
1667,Rain Sister (Older),レインシスター姉,worker_toxin,uncertain,unique flavor text (joke value) but stat-dominated,store (toxin),,255,400,toxin,12800,178,235,88,1,1,1,1,50,60,50,180,5,-1,1,True,rainB/rainB,0,1,,,,,,,,,,,,,,,,
1668,Iris the Rainbow,イーリス,worker_toxin,keep,unique flavor text + competitive stats,store (toxin),,255,400,toxin,14400,216,218,97,1,1,1,1,50,90,50,90,6,-1,1,True,God2M/God2M,0,1,,,,,,,,,,,,,,,,
1669,Cleaning Cat,おそうじネコ,worker_toxin,uncertain,unique flavor text (joke value) but stat-dominated,store (toxin),,255,400,toxin,11600,230,210,82,1,1,1,1,50,90,50,160,5,-1,1,True,Cat/Cat,0,1,,,,,,,,,,,,,,,,
1670,Harpuia,ハルピュイア,worker_toxin,uncertain,unique flavor text (joke value) but stat-dominated,store (toxin),,255,400,toxin,15000,187,180,42,1,1,1,1,50,60,50,120,5,-1,1,True,God2N/God2N,0,1,,,,,,,,,,,,,,,,
1671,Hephaestus,ヘパイストス,worker_toxin,uncertain,unique flavor text (joke value) but stat-dominated,store (toxin),,255,400,toxin,14400,85,167,38,1,1,1,1,50,35,50,180,6,-1,1,False,God2O/God2O,0,1,,,,,,,,,,,,,,,,
1672,Blacksmith's Daughter,鍛冶屋の娘,worker_toxin,uncertain,unique flavor text (joke value) but stat-dominated,store (toxin),,255,400,toxin,13300,132,170,78,1,1,1,1,50,35,50,220,6,-1,1,True,God2P/God2P,0,1,,,,,,,,,,,,,,,,
1673,Prince Birdton,鳥とん王子,worker_toxin,keep,unique flavor text + competitive stats,store (toxin),,255,400,toxin,17700,168,206,91,1,1,1,1,50,90,50,90,6,-1,1,False,hatoX/hatoX,0,1,,,,,,,,,,,,,,,,
1674,Pigeon Ghost,ハトゴースト,worker_toxin,uncertain,unique flavor text (joke value) but stat-dominated,store (toxin),,255,400,toxin,11500,105,165,44,1,1,1,1,50,20,50,180,5,-1,1,False,hatoY/hatoY,0,1,,,,,,,,,,,,,,,,
1675,Beach Hut,海の家,worker_toxin,keep,unique flavor text + competitive stats,store (toxin),,255,400,toxin,14300,235,212,99,1,1,1,1,50,69,50,90,6,-1,1,True,seahorseA/seahorseA,0,1,,,,,,,,,,,,,,,,
1676,Football Part-Timer,アメフトバイト,worker_toxin,uncertain,unique flavor text (joke value) but stat-dominated,store (toxin),,255,400,toxin,14500,72,144,52,1,1,1,1,50,25,50,480,5,-1,1,False,seahorseB/seahorseB,0,1,,,,,,,,,,,,,,,,
1677,Boar-Deer Little Sister,猪鹿リトルシスター,worker_toxin,uncertain,unique flavor text (joke value) but stat-dominated,store (toxin),,255,400,toxin,11000,102,193,67,1,1,1,1,50,45,50,180,6,-1,1,True,inoshikaA/inoshikaA,0,1,,,,,,,,,,,,,,,,
1678,Boar-Deer Sister,猪鹿シスター,worker_toxin,keep,unique flavor text + competitive stats,store (toxin),,255,400,toxin,13900,168,263,92,1,1,1,1,50,90,50,90,6,-1,1,True,inoshikaB/inoshikaB,0,1,,,,,,,,,,,,,,,,
1679,Boar-Deer Butterfly Bro,猪鹿チョウ助,worker_toxin,uncertain,unique flavor text (joke value) but stat-dominated,store (toxin),,255,400,toxin,13200,238,185,77,1,1,1,1,50,80,50,100,5,-1,1,False,inoshikaC/inoshikaC,0,1,,,,,,,,,,,,,,,,
1680,Dante (DMC1),ダンテ（DMC1）,worker_toxin,keep,unique flavor text + competitive stats,store (toxin),,255,400,toxin,15900,165,235,95,1,1,1,1,50,80,50,90,6,-1,1,False,DMCJ/DMCJ,0,1,,,,,,,,,,,,,,,,
1681,Devil Alastor,魔人アラストル,worker_toxin,uncertain,unique flavor text (joke value) but stat-dominated,store (toxin),,255,400,toxin,11800,95,190,42,1,1,1,1,50,35,50,180,6,-1,1,False,DMCK/DMCK,0,1,,,,,,,,,,,,,,,,
1682,Axl,アクセル,worker_toxin,keep,unique flavor text + competitive stats,store (toxin),,255,400,toxin,14200,172,256,99,1,1,1,1,50,80,50,90,6,-1,1,False,XL/XL,0,1,,,,,,,,,,,,,,,,
1683,Over-1,Over-1,worker_toxin,uncertain,unique flavor text (joke value) but stat-dominated,store (toxin),,255,400,toxin,13000,125,182,72,1,1,1,1,50,50,50,180,6,-1,1,False,XM/XM,0,1,,,,,,,,,,,,,,,,
1684,Net Idol,ネットアイドル,worker_toxin,uncertain,unique flavor text (joke value) but stat-dominated,store (toxin),,255,400,toxin,14100,195,190,82,1,1,1,1,50,60,50,160,6,-1,1,True,headphone/headphone,0,1,,,,,,,,,,,,,,,,
1685,Great Composer,偉大な作曲家,worker_toxin,uncertain,unique flavor text (joke value) but stat-dominated,store (toxin),,255,400,toxin,12600,100,188,48,1,1,1,1,50,35,50,180,6,-1,1,False,Beethoven/Beethoven,0,1,,,,,,,,,,,,,,,,
1686,Anatomy Model,人体模型,worker_toxin,uncertain,unique flavor text (joke value) but stat-dominated,store (toxin),,255,400,toxin,15800,124,145,32,1,1,1,1,50,35,50,100,6,-1,1,False,mokei/mokei,0,1,,,,,,,,,,,,,,,,
1687,Captain Hook,ふっく船長,worker_toxin,uncertain,unique flavor text (joke value) but stat-dominated,store (toxin),,255,400,toxin,13800,65,200,18,1,1,1,1,50,35,50,200,6,-1,1,False,PiratesmanE/PiratesmanE,0,1,,,,,,,,,,,,,,,,
1688,Invisi-Patissier,インビジパティシエ,worker_toxin,uncertain,unique flavor text (joke value) but stat-dominated,store (toxin),,255,400,toxin,12800,90,148,65,1,1,1,1,50,65,50,480,5,-1,1,False,chefA/chefA,0,1,,,,,,,,,,,,,,,,
1689,Invisi-Cook,インビジクック,worker_toxin,uncertain,unique flavor text (joke value) but stat-dominated,store (toxin),,255,400,toxin,11500,137,150,72,1,1,1,1,50,50,50,360,5,-1,1,True,chefB/chefB,0,1,,,,,,,,,,,,,,,,
1690,Kishimojin,鬼子母神,worker_toxin,keep,unique flavor text + competitive stats,store (toxin),,255,400,toxin,12700,236,240,92,1,1,1,1,50,80,50,90,6,-1,1,True,God2Q/God2Q,0,1,,,,,,,,,,,,,,,,
1691,Maid,メイドシスター妹,worker_toxin,keep,"EN-matched, already named in English (pass 3)",store (toxin),,255,400,toxin,12900,200,200,84,1,1,1,1,50,80,50,180,5,-1,1,True,maidSA/maidSA,0,1,Maid,216,,18,,110,,12,,3,,16,,1,,1
1692,Maid,メイドシスター姉,worker_toxin,keep,"EN-matched, already named in English (pass 3)",store (toxin),,255,400,toxin,14500,182,242,99,1,1,1,1,50,90,50,90,6,-1,1,True,maidSB/maidSB,0,1,Maid,217,,18,,110,,12,,3,,16,,1,,1
1693,Rental Butler,レンタル執事,worker_toxin,uncertain,unique flavor text (joke value) but stat-dominated,store (toxin),,255,400,toxin,12800,145,145,85,1,1,1,1,50,40,50,180,6,-1,1,False,situjiA/situjiA,0,1,,,,,,,,,,,,,,,,
1694,Shadow Butler,裏執事,worker_toxin,uncertain,unique flavor text (joke value) but stat-dominated,store (toxin),,255,400,toxin,13300,155,155,88,1,1,1,1,50,55,50,220,6,-1,1,False,situjiB/situjiB,0,1,,,,,,,,,,,,,,,,
1695,King Arremer,キングアリーマー,worker_toxin,uncertain,unique flavor text (joke value) but stat-dominated,store (toxin),,255,400,toxin,13300,155,155,88,1,1,1,1,50,55,50,220,6,-1,1,False,hatoD/hatoD,0,1,,,,,,,,,,,,,,,,
1696,DIY Foreman,ＤＩＹ親方,worker_toxin,keep,unique flavor text + competitive stats,store (toxin),,255,400,toxin,15000,177,236,45,1,1,1,1,50,80,50,600,6,-1,1,False,hatoZ/hatoZ,0,1,,,,,,,,,,,,,,,,
1697,Moon Rabbit Tsukuyomi,月兎つくよみ,worker_toxin,keep,unique flavor text + competitive stats,store (toxin),,255,400,toxin,14200,210,225,90,1,1,1,1,50,80,50,80,6,-1,1,True,japanG/japanG,0,1,,,,,,,,,,,,,,,,
1698,White Rabbit,ホワイトラビット,worker_toxin,uncertain,unique flavor text (joke value) but stat-dominated,store (toxin),,255,400,toxin,13000,222,190,77,1,1,1,1,50,70,50,100,5,-1,1,True,animal2_H/animal2_H,0,1,,,,,,,,,,,,,,,,
1699,Bunny Girl,バニーガール,worker_toxin,uncertain,unique flavor text (joke value) but stat-dominated,store (toxin),,255,400,toxin,11200,120,146,27,1,1,1.1,1,50,10,50,360,5,-1,1,True,bunny/costume_a,0,1,,,,,,,,,,,,,,,,
1700,Dakko-chan,ダッコチャン,worker_toxin,uncertain,unique flavor text (joke value) but stat-dominated,store (toxin),,255,400,toxin,11800,125,160,69,1,1,1,1,50,69,50,240,6,-1,1,False,third_chef3/third_chef3,0,1,,,,,,,,,,,,,,,,
1701,Cookin' Idol,クッキンアイドル,worker_toxin,uncertain,unique flavor text (joke value) but stat-dominated,store (toxin),,255,400,toxin,12300,133,162,81,1,1,1.5,1,50,25,50,55,6,-1,1,False,third_chef4/third_chef4,0,1,,,,,,,,,,,,,,,,
1702,Urameshi Sisters,裏飯姉妹,worker_toxin,uncertain,unique flavor text (joke value) but stat-dominated,store (toxin),,255,400,toxin,14444,144,219,77,1,1,1,1,50,69,50,180,5,-1,1,True,ghostN/ghostN,0,1,,,,,,,,,,,,,,,,
1703,Three Sacred Treasures,三種の神器,worker_toxin,keep,unique flavor text + competitive stats,store (toxin),,255,400,toxin,15800,135,270,99,1,1,1,1,50,69,50,90,6,-1,1,False,japanF/japanF,0,1,,,,,,,,,,,,,,,,
1704,Entry No. Five,エントリーNo.ファイブ,worker_toxin,uncertain,unique flavor text (joke value) but stat-dominated,store (toxin),,255,400,toxin,13700,170,170,55,1,1,1,1,50,55,50,555,6,-1,1,True,God2R/God2R,0,1,,,,,,,,,,,,,,,,
1705,Iron Man Tetsuo,鉄男,worker_toxin,uncertain,unique flavor text (joke value) but stat-dominated,store (toxin),,255,400,toxin,15000,98,152,45,1,1,1,1,50,42,50,250,6,-1,1,False,robo3A/robo3A,0,1,,,,,,,,,,,,,,,,
1706,Chaotic Gear,カオティックギア,worker_toxin,uncertain,unique flavor text (joke value) but stat-dominated,store (toxin),,255,400,toxin,14000,104,182,57,1,1,1,1,50,20,50,150,6,-1,1,False,robo3B/robo3B,0,1,,,,,,,,,,,,,,,,
1707,Speed King,スピードキング,worker_toxin,keep,unique flavor text + competitive stats,store (toxin),,255,400,toxin,13000,262,227,92,1,1,1,1,50,80,50,60,6,-1,1,True,teen2/teen2,0,1,,,,,,,,,,,,,,,,
1708,Teens,ティーンズ,worker_toxin,uncertain,unique flavor text (joke value) but stat-dominated,store (toxin),,255,400,toxin,11800,185,228,88,1,1,1,1,50,72,50,120,5,-1,1,True,teen3/teen3,0,1,,,,,,,,,,,,,,,,
1709,Ramiel,ラミエル,worker_toxin,keep,unique flavor text + competitive stats,store (toxin),,255,400,toxin,13300,188,258,99,1,1,1,1,50,88,50,90,6,-1,1,True,God2S/God2S,0,1,,,,,,,,,,,,,,,,
1710,Cupid,キューピット,worker_toxin,uncertain,unique flavor text (joke value) but stat-dominated,store (toxin),,255,400,toxin,12222,187,220,68,1,1,1,1,50,15,50,120,5,-1,1,False,angel2A/angel2A,0,1,,,,,,,,,,,,,,,,
1711,Fallen Angel,堕天使,worker_toxin,uncertain,unique flavor text (joke value) but stat-dominated,store (toxin),,255,400,toxin,12300,125,164,38,1,1,1,1,50,25,50,280,6,-1,1,True,God2T/God2T,0,1,,,,,,,,,,,,,,,,
1712,Gyupid,ギュービッド,worker_toxin,uncertain,unique flavor text (joke value) but stat-dominated,store (toxin),,255,400,toxin,13333,218,185,48,1,1,1,1,50,15,50,180,5,-1,1,False,angel2B/angel2B,0,1,,,,,,,,,,,,,,,,
1713,Grey Alien,グレー,worker_toxin,keep,unique flavor text + competitive stats,store (toxin),,255,400,toxin,14400,220,218,87,1,1,1,1,50,88,50,90,6,-1,1,False,alienA/alienA,0,1,,,,,,,,,,,,,,,,
1714,Mr. Brain,Mr.ブレイン,worker_toxin,uncertain,unique flavor text (joke value) but stat-dominated,store (toxin),,255,400,toxin,10300,134,152,35,1,1,1,1,50,15,50,360,5,-1,1,False,alienB/alienB,0,1,,,,,,,,,,,,,,,,
1715,Halloween Schoolgirl,ハロウィンJK,worker_toxin,keep,unique flavor text + competitive stats,store (toxin),event_halloween,255,400,toxin,13800,180,255,92,1,1,1,1,50,80,50,90,6,-1,1,True,HWA/HWA,0,1,,,,,,,,,,,,,,,,
1716,Critical Patient,重症患者,worker_toxin,uncertain,unique flavor text (joke value) but stat-dominated,store (toxin),,255,400,toxin,7500,110,202,44,1,1,1,1,50,20,50,300,5,-1,1,False,FFED/FFED,0,1,,,,,,,,,,,,,,,,
1717,Franken Girl,フランケン女子,worker_toxin,keep,unique flavor text + competitive stats,store (toxin),,255,400,toxin,18900,144,213,99,1,1,1,1,50,88,50,100,6,-1,1,True,HWC/HWC,0,1,,,,,,,,,,,,,,,,
1718,Fortune-Telling Cat,占いネコ,worker_toxin,uncertain,unique flavor text (joke value) but stat-dominated,store (toxin),,255,400,toxin,12800,195,199,77,1,1,1,1,50,60,50,120,5,-1,1,True,HWD/HWD,0,1,,,,,,,,,,,,,,,,
1719,Trick-or-Tweet,トリトリート,worker_toxin,uncertain,unique flavor text (joke value) but stat-dominated,store (toxin),,255,400,toxin,11000,129,180,55,1,1,1,1,50,42,50,280,6,-1,1,True,HWE/HWE,0,1,,,,,,,,,,,,,,,,
1720,Mr. Monkey,さるさん,worker_toxin,keep,unique flavor text + competitive stats,store (toxin),,255,400,toxin,15100,242,201,88,1,1,1,1,50,66,50,30,6,-1,1,False,animal2_I/animal2_I,0,1,,,,,,,,,,,,,,,,
1721,Silent Moai,寡黙なモアイ,worker_toxin,uncertain,unique flavor text (joke value) but stat-dominated,store (toxin),,255,400,toxin,15300,55,160,77,1,1,1,1,50,19,50,360,6,-1,1,False,moai/moai,0,1,,,,,,,,,,,,,,,,
1722,Cheerful Neighbor,陽気な隣人,worker_toxin,uncertain,unique flavor text (joke value) but stat-dominated,store (toxin),,255,400,toxin,6000,90,90,28,1,1,1,1,50,25,50,120,4,-1,1,False,otakuB/Venusian,0,1,,,,,,,,,,,,,,,,
1723,Ex-Biker Gang,元珍走団,worker_toxin,uncertain,unique flavor text (joke value) but stat-dominated,store (toxin),,255,400,toxin,11000,111,158,22,1,1,1,1,50,20,50,360,5,-1,1,False,HWB/HWB,0,1,,,,,,,,,,,,,,,,
